Comment,Sentiment,Toxicity,ambiguity_flag
Thật tuyệt vời...!!!,,,
Coi dịch là giặc. Đã mang tên đó mà xâm nhập VN thì phải đầu hàng hoặc cút xéo. VN luôn tự hào!,,,
Angelina Jolie có đôi bàn tay nổi gân guốc quá!,,,
Không trung sẽ không còn yên tĩnh,,,
"Mình học đại học bên Mỹ mà nhiều khi giáo sư còn dặn chỉ được lôi điện thoại hay laptop để ghi chép thôi đó. Suốt mấy năm mình chỉ dùng điện thoại để chụp hình bài giảng nếu ghi không kịp hay thu âm cái gì quan trọng. Sau giờ học thì dĩ nhiên là phải dùng máy móc các thứ để làm bài, nhưng trong giờ giảng thì vẫn học theo cách truyền thống thôi. Cho học sinh dùng máy vi tính với những môn đặc biệt hay để thuyết trình thì nghe còn có lí. Chưa kể học sinh mà dùng điện thoại thì chuyện quay/chụp lén sẽ rất khó kiểm soát.",,,
Messi vẫn chơi hay nhất trận.,,,
Kia - Soluto thì thiếu tí tẹo.,,,
Thích vụ ko tạo scandal!,,,
Rất hay,,,
"Nhập một két nước 24 chai có 60 ngàn tính ra có 2.500 đ/chai. Trong khi bao nhiêu lượt vận chuyển, bôc vác và lưu kho, thật sự không biết nước đó bổ béo gì không mà thanh niên uống ngày mấy chai",,,
"Bàn tay nhanh nhẹn quá, chúc mừng chú, gia đình là quan trọng nhất",,,
Sĩ quan này rất thẳng thắn và mạnh mẽ. Tôi hy vọng Biden sẽ trở thành tân tổng thống của Hoa Kỳ,,,
Lần đầu tiên quê hương Ninh Bình của mình có thí sinh vào chung kết. Chúc cháu thành công mang vinh quang về,,,
Vậy mà ở London thì người dân lại biểu tình đòi tháo khẩu trang ra.,,,
"Quê hương đất Quảng rất tự hào và kiên cường trong mọi thời kỳ, sinh ra những anh kiệt làm rạng rỡ đất Việt. Cảm ơn các tác giả.",,,
"ngoại ngữ như tiếng mẹ đẻ thôi,",,,
Mấy kiểu này ở Việt Nam bán lâu rồi,,,
"Không phải nặng,chỉ đơn giản các bé không học trước lớp 1 thì sẽ không học kịp nổi chương trình mà thôi",,,
"Khả năng bên trong lõi mặt trời có sự sống cấp cao? ngược lại với trái đất, trong lõi của mặt trời lại rất át mẻ",,,
Lành bệnh cố gắng kiếp việc an toàn làm kiếm tiền nhé anh chị. Hãy nhớ con cái thà chịu gd thiếu thốn vật chất chứ các con không chịu cảnh thiếu thốn cha - mẹ đâu.,,,
Đề nghị các bác trả lại tên cho em là Trái Nước nhá.......,,,
"Em cũng đang phân vân kona bản đặc biệt và seltos 1.4 pre. So vớii kona e thấy seltos thiếu phanh BA, hệ thống chống trượt thân xe, hỗ trợ xuống dốc, cảnh báo điểm mù và cảm biến áp xuất lốp. Toàn công nghệ an toàn mà Thaco lại cắt đi.",,,
Cá to quá nên thả nó về tự nhiên đi anh.,,,
Chuyện ly kỳ..!,,,
"accent cụ nhé. Nhìn xe kiểu Châu âu, dáng đẹp, công nghệ tốt",,,
Cứ VIOS mà múc bác. Toyota number one. Rất đẳng cấp. ,,,
"Khi bạn là cá sấu nước mặn nhưng sống chung và chơi chung hội với cá heo quá lâu thành ra thế, hết biết, điều này cho thấy bạn bè ảnh hưởng đến bạn ra sao ?!",,,
Định nghĩa diện tích là một nửa tích của chiều cao và chiều dài cạnh đáy.,,,
Cảm ơn vì 1 bài viết quá chất lượng,,,
"Tôi cũng đã từng chỉ nặng 45 46kg triền miên gần 10 năm, sau hơn 2 năm tập gym giờ đã đc 60kg. Tự tin hơn rất nhiều, đây là 1 môm thể thao cải thiện vẻ ngoài rất tốt.",,,
Ngoài clb HN thấy chuyên nghiệp. Phần còn lại thấy như giải bóng đá phố huyện.,,,
"1. Mới tiêm 7/9 đến 16 lại tiêm, có gần quá không?2. Vaccin có bị gì không ?3. Bỏ một ngày tiêm phòng mà lo cho con sao lại đem gởi sớm thế, cơ sở này thế nào ?4. Phản ứng của tiêm phòng không nhất thiết phải 30 phút, vì tùy theo thể trạng của các bé có thể cả ngày mới phản ứng thuốc...5. Buồn !!!!!",,,
Không bán vàng chị ơi. Vàng tăng trong 3 năm tới sẽ gấp đôi tài sản. Sau 3 năm nữa bán là ok.,,,
"Trận hôm quá hay thật, tiến lên Barca.",,,
Làm sao các cô phản ứng kịp.,,,
"Cám ơn các anh, cám ơn sự hỗ trợ của người dân! Xem clip thấy hồi hộp quá chỉ lo bên trong xe nó bắn trả.",,,
Mình tập vầy:- Đi bộ 2p- chạy 5p- đi bộ 2pxong là hết xí quách!,,,
Cầu mong ông sớm khỏe mạnh,,,
Con ruột mình sinh ra mà vẫn chưa đc vầy...thật ngưỡng mộ anh Cường,,,
"Ráng đợi thêm 1 năm tích góp thêm mua con Mazda 2 sedan mà chạy bạn. Chứ lấy mấy con i10, fadi thì giải pháp tức thời mua con m2 bạn còn đi xa đc, thậm chí sau này có bạn gái hoặc vợ con thì gq ra sao.... ở Việt Nam! Mua chiếc xe hơi đã khó mà sự lựa chọn chiếc xe hợp lý còn khó hơn.",,,
"Là cha mẹ, ai cũng muốn cho con mình học giỏi, thành công trên con đường học vấn, để có việc làm tốt. Mình cũng vậy, mình thừa nhận mình không phải là thánh để nói rằng mình không bao giờ ép con học giỏi. Lúc trước, khi con học lớp 1, lớp 2 mình cũng muốn con học giỏi, bắt con học đủ thứ. Nhưng sau đó sang định cư ở Châu Âu rồi, tư tưởng mình đã thay đổi, không còn ép con học giỏi, không bắt buộc con học gì nữa. Giờ đây, con đã từng bước trưởng thành, tự chọn hướng đi mà con yêu thích. Mình thấy con vui vẻ với sự lựa chọn đó. Nếu còn ở VN, chắc mình vẫn bị rơi vào vòng xoáy ép con học và làm theo ý mình muốn rồi. Vì môi trường sống mỗi nơi mỗi khác.",,,
Một cách giải quyết vấn đề rất hay. Vừa làm được việc nhà vừa thỏa đam mê và học được bài học kiếm tiền.,,,
"Đề nghị cơ quan chúc năng phải xử lý rất nặng ng này với hành vi ngang nhiên bạo hành trẻ em ,dư luận xã hội rất phẫn nộ về hành vi này ngay trong trường học ,trước mặt các cháu trẻ thơ .Cũng cần xử lý ba cô giáo ở trường này.",,,
nghe có vẻ căng nhỉ,,,
"500 full lăn bánh thì có các sự lựa chọn: Nissan Sunny 2020 XV or XT, Attrange 2020 CVT, Ciaz thì chưa về. Ngoài ra thì xe hạng A, còn xe lướt thì mua đc hạng C khoảng 2- 3 năm tuổi, Vios CVT/G or City 2 năm tuổi.Theo mình cứ mới đét mà mua, đỡ đau đầu. Mình đang đi Sunny thấy hài lòng với số tiền bỏ ra, còn ko bỏ ra 600tr là có Vios/City bản số tự động đi.",,,
"BHNT nên mua càng trẻ càng tốt em nhé. Nên chia ngân sách ra, 1 phần mua BHNT, 1 phần đầu tư tích luỹ thông qua các quỹ của cty BHNT thọ đó quản lý và tích luỹ lại. 10 năm sau em sẽ thấy 1 con số không ngờ.",,,
"Soluto tiện nghi đầy đủ, khóa thông minh, camera, cảm biến lùi.. thêm nữa đợt này soluto có giảm 50% phí trước bạ nên sẽ rẻ hơn các dòng xe nhập đó bác",,,
Tầm tiền này Vios là số 1.,,,
"""Con cá sống sót và bơi đi xa"" - Đọc tới đây mà thở phào nhẹ nhõm. Mong em cá sống sót sau những thương tích đợt này. Còn cuộc sống sinh tồn sau này thì khó nói lắm.",,,
Nhìn số ca chấn thương của Bale. Tui khâm phục đội ngũ bác sĩ thể thao mà Real dùng để chữa trị cho Bale. Tui thật ngạc nhiên khi Bale vẫn chạy được. Vẫn đá hay với số lượng chấn thương như thế.,,,
"Pha đột phá phút 50 quá đẹp, đúng chuẩn thương hiệu M10!",,,
Cứ nhìn các cuộc tập họp người và không đeo khẩu trang trong mùa bầu cử thì cũng hiểu vì sao Mĩ đứng nhất thế giới về dịch bệnh Covid 19,,,
"Con mình đang học cấp 3, lại là bé trai, tính thì ham chơi, khi nào có bài kiểm tra thì cháu mới học. BGD thay đổi như này, cháu nào có ý thức học thì tốt, cháu nào còn lười biếng, ỷ y thì thầy cô và cha mẹ phải lo lắng nhiều. Điểm mạnh của việc thay đổi này là tạo điều kiện cho các cháu học được tính tự lập, tự học, khả năng thuyết trình, tin học, giúp cho việc học lên đại học, cao đẳng đỡ bỡ ngỡ. Khuyết điểm là khổ cho các thầy cô, kiểm tra thường xuyên thì mới biết học sinh mình nắm vững phần nào, cần bổ sung kiến thức phần nào, còn kịp thời sửa kịp, chứ chỉ thông qua vài bài kiểm tra thế này, tôi sợ thầy cô sẽ khó sát sao khả năng học của từng học sinh.",,,
800 thì chọn santafe máy dầu 2015-2016,,,
Quá rẻ cho 2 mạng người,,,
Nghe bọ biển thì ko dám ăn nhưng nghe cùng họ tôm thì có dịp thử cũng đc đấy nhỉ,,,
"Châu Âu làm ra Airbus, những chiếc máy bay tuyệt vời. Trình độ công nghệ thực sự vượt xa Nhật. Tất nhiên oto Đức/Âu cũng ăn đứt Nhật rồi.",,,
"Các bác đọc kỹ đề chưa mà quăng ra nhiều vậy, có 400tr thui, Attrage lăn bánh là đủ, con Soluto thì thiếu. Còn hãy chạy thử để biết, ngồi phán khó lắm...",,,
Ôi tiền nhiều quá! Chia nhau rung đùi ngồi đếm còn gì sướng hơn :D,,,
"Em nghĩ bác có thể vay thêm ngân hàng hoặc nhận trả góp mua xe mới luôn. Vì đây là dòng xe cỏ, đi đã không được chuẩn chỉ rồi mà còn là xe cũ nữa thực sự không đáng.Còn vẫn muốn thì nên lấy i10 ạ, dòng 2015 đổ về.",,,
"Trời ơi! Đọc mà căm phẫn đến trào nước mắt, sao lại có thể loại người ác đức đến vậy!!! Thương các con vô cùng, mang nỗi đau về cả thể xác và tinh thần, càng xót xa cho 2 bé gái bị tên cặn bã kia xâm hại. Thật đúng là thua cả loài thú, không còn từ nào để diễn tả...",,,
"Ghét nhất suốt ngày nhận những cuộc gọi mời đi hội thảo, rồi mua bảo hiểm này nọ. Ghét kinh khủng khiếp!!!",,,
"Tước quyền nuôi con Vĩnh viễn, cấm không được lại gần trong khoảng cách 50m.để tránh khơi dậy nỗi ám ảnh",,,
Đây hoàn toàn là lỗi từ phía các công ty tài chính khi không phân biệt được những hồ sơ vay vốn kia là giả.,,,
"Các bộ sách lớp 1 giống như dạy cho những trẻ siêu nhân, các bé vào lớp một chỉ mới có 6 tuổi mà chương trình dạy chẳng khác nào như lớp 3,4 hồi xưa. Thật tội cho các bé học theo kiểu cải cách như bây giờ",,,
2 con ăn khỏe nhanh nhớn nhé.,,,
bác sỹ việt nam tuyệt vời quá,,,
Chúc 2 cháu mạnh khoẻ.,,,
Ngòi không phải lúc nào cũng nổ. Ngòi khủng chỉ cần để đe dọa cũng đủ tê liệt đối phương!!!,,,
Các doanh nghiệp Nhật về nước sản xuất thì việc làm cho những nước xuất khẩu lao động nhiều hơn,,,
"Trong tầm giá này chỉ có xe Nhật tiêu biểu là: nissan sunny, honda city, suzuki Ciaz và huyền thoại Vios, lấy về chỉ có đi, đến kì bảo dưỡng thì bảo dưỡng bình thường, giá rẻ. Tuyệt đối ko chơi congnong Hàn. THân !",,,
"Cá nhân mình vẫn sẽ chọn i10, con xe quốc dân và phù hợp với mọi tiêu chí bài viết đưa ra. Kiểu dáng cũng như nội thất vừa đủ, tiện nghi đối với một con xe dịch vụ và gia đình cỡ nhỏ.",,,
Ước mơ của mình là được ngắm cực quang một lần trong đời.,,,
Nghe câu có cơ hội đòi lại món nợ nghe vẻ hư câu thế ko biết. ko biết có nợ thêm nợ ko nữa. tội à mà thôi :),,,
"Sao cứ làm khó làm gì, lấy thước đo 1 cạnh hình vuông là xong!",,,
Căn nhà nhìn đẹp quá.,,,
Cảm giác bơi cùng 1 chú cá mập chắc cool lắm.,,,
"Ấn Độ nổi tiếng là đất nước có nền pháp luật hết sức nghiêm khắc và người thừa hành cũng rất liêm chính, tuy nhiên với dân số quá đông và lực lượng hành pháp lại ít ỏi nên vẫn xảy ra nhiều hành vi vi phạm pháp luật rất kinh khủng.",,,
"Dân Hàn ghê thật, cứ y hệt như điện thoại sam sung vậy.",,,
"Một thời để nhớ, bao kỷ niệm gắn liền với những ca khúc của anh.",,,
"Đan Trường hồi hát làn sóng xanh rât cảm xúc, có nhiều MV rất đẹpChúc mừng thành công của anh!",,,
"Nhà mình rất nhiều vỏ mỳ tôm trước có một bạn xin mà giờ không lấy, mình muốn gửi các bạn thì ntn ạ",,,
vô tiền khoáng hậu,,,
"Chỉ số đổi mới sáng tạo của Việt Nam liên tục tăng, nên giảm bớt các chuyên gia nước ngoài, ưu tiên đội ngũ lao động kỹ thuật trong nước.",,,
Loài cua này cũng biết cách sắp xếp thứ tự gớm nhỉ,,,
Thể dục ság giãn gân giãn cốt xD,,,
Nên xử lý triệt để hành vi chăn dắt trẻ em,,,
"đau lòng quá, cầu mong linh hồn 2 chú được an nghỉ, cầu mong em sớm hồi phục và vượt qua nạn này,",,,
Cứ giao hữu lã bàn thắng phải xuất phát từ Mecxit là sao?,,,
Thấy thốn thiệt,,,
Khó khăn bủa vậy Huawei,,,
"Thứ nhất là phải xử lý theo luật, thứ hai Công ty nên chủ động chi trả toàn bộ chi phí chữa trị cho những người trúng độc Pate Minh Chay. Sau đó chờ pháp luật xử lý",,,
"Tội ARS, vừa loại Liv, lại đụng tiếp MC",,,
"Tôi thích đoạn kết :""Cảnh sát ban đầu tưởng sự việc rất nghiêm trọng, nhưng họ sau đó đã hiểu và chỉ cười"",",,,
"nhiều người mua mà ít có ai chịu đọc hơp đồng , chì nghe nhân viên hót rồi xuống tiền mua, đến lúc khó khăn muốn hủy rút tiền lại là mất trắng",,,
Việt Nam rất khó tránh khỏi dịch bệnh COVID-19 tái phát khi dịch vẫn tăng cao trên thế giới và nhiều nước đã trả giá khi nới lỏng phòng chống dịch?,,,
"Giờ năng lực và điểm số không như xưa rồi. Tôi vẫn thích cách tính điểm đại học ngày xưa, đúng người đúng điểm.",,,
"Mình vẫn thích bánh trung thu truyền thống hơn, vì ăn ngon khi uống với trà. Đặc biệt là khi ăn phải cắt 4 cắt 5 ra chia sẻ tạo nên sự ấm áp và ý nghĩa sẻ chia trong gia đình :)",,,
"Tâm linh luôn là vấn đề nhạy cảm, hy vọng đây cũng sẽ là kinh nghiệm cho tất cả mọi người !",,,
"Ai cũng có thể mắc Covid 19, không riêng gì Trump. Mọi người không cần phải hoảng loạn thái quá như vậy, hy vọng Covid sớm bị dập.",,,
Ghê quá,,,
Mình sẽ lựa mua 1 trong 2 con như trên đời 2015 hoặc 2016 vẫn còn dư 200 tr nuôi con ăn học mà vẫn thoả mãn. Năm nay làm ăn khó khăn quá.,,,
10 năm công nghệ thay đổi sẽ xử lý hết pin năng lượng mặt trời,,,
"Xe không đâm đụng, không ngập nước, không chạy dịch vụ thì không bao giờ có giá đó đâu.",,,
Em rất chân trọng kiến thức uyên bác về y học của anh và ngành y tế Việt Nam. chúc các anh và đồng nghiệp chân cứng đá mềm.,,,
"Tôi đang đi Attrage2015 CVT, người ta bảo máy 1.2 yếu nhưng thuật toán hộp số tốt bù lại nên lái vẫn ổn. Tôi chở gia đình đông người đi đồi núi rừng quốc gia Ba Vì chẳng có vấn đề gì. Nội thất rộng như Vios, bền chả thua Vios, cốp bé, điều hòa mát sâu, tiết kiệm xăng cực tốt nếu lái nhẹ nhàng. Tôi đi HN-Vinh chở cả nhà chỉ 4.2l. Tôi dán lớp cao su non quanh xe họ hàng bảo đi đầm, chống ồn như Camry. Attrage 2020 CVT hơn xe tôi đang đi rất nhiều ""óp sần"", quá đáng mua.",,,
"Có câu ""bình cũ rượu mới"", nên thay đổi cách quảng bá hình ảnh. Thay đổi tư duy cách tiếp cận khách hàng bằng các sản phẩm họ sẽ cần thay vì muốn khách hàng giữ mãi sản phẩm họ đang có. Yếu tố then chốt là chiến lược hành động.",,,
"Sức mạnh ghê gớm, chỉ là cái đuôi mà quất một phát, con mồi hải cẩu bay cao hàng chục mét.",,,
"Loài cá sấu này sinh sống ở vùng đất ngập nước thường xuyên chồng lấn với khu vực con người định cư. Cá sấu di chuyển rất nhanh trong nước và khi chúng đang di chuyển chậm về bờ đất, chúng có thể lao tới trong khoảng cách ngắn rất nhanh chóng. Chúng có năm móng vuốt trên mỗi chân trước và trên mỗi bàn chân phía sau.",,,
"Thấy người ta bán nước cũ dền,Tôi hay uống ,bây giờ đọc báo thì thấy mình may mắn !  ",,,
Mô phật. Cầu cho các cháu được siêu thoát. Xin chia buồn cùng gia đình.,,,
"Giỏi quá, học ngoại ngữ cũng giống thể thao, âm nhạc, nên học từ bé, lớn rồi học rất khó vào.",,,
tôi nói thật chứ... nhìn thì trông lạ mắt đấy... nhưng bẩn sạch chả còn thấy rõ được nữa,,,
Tập thể thao nhiều và bớt học một xíu Đăng nhé. Mới 17 tuổi đâu cần học căng như vậy.,,,
Cháu ở nhà rất ngoan,,,
lại vô Quảng Trị quê tôi à :(((((((,,,
"Tàn phá rừng phòng hộ phải chịu hậu quả thôi, chứ đừng đổ cho biến đổi khí hậu?",,,
Sao vẫn được hoạt động bình thường thế nhỉ???,,,
Bão cấp mấy mà bị gãy 200 cột điện?,,,
Jollibee thì dễ ăn và chất lượng nhất.,,,
"Thành quả, công sức của mấy chục triệu người nhất là các y bác sỹ, và các lực lượng chống dịch tuyến đầu, chỉ cần đoàn kết thì đại dịch VN cũng ko sợ nhé.",,,
"Trẻ em và người già cần được chăm sóc bảo vệ, lại nhẫn tâm như vậy.",,,
Hay chấn thương và không chuyên nghiệp,,,
"Có cô công nhân ở giây thứ 6 dễ thương và thân thiện quá , y như cô công nhân Việt Nam .",,,
Hình như phạt roi phải quất vào mông chứ. Lưng nào chịu nổi.,,,
"Tik Tok thật khôn ngoan khi chọn Oracle đây sẽ là partnership thay vì là ""sell-out"" .Oracle là công ty về khai thác dữ liệu nên Tik Tok hợp tác vs Oracle sẽ giúp họ có nhiều thông tin về khách hàng trong khi thuật toán For you vẫn ko bị bán.",,,
Đã cướp giật thành công 6 vụ rồi mới sa lưới à?,,,
"Các thánh Toy cứ lấy doanh số ra để khè thiên hạ làm chi vậy? Các thánh giả khờ hay khờ thiệt vậy? Đại đa số dân chúng là ít tiền, ít tiền thì chọn Toy cho kinh tế. Khi họ giàu rồi thì họ chắc chắn sẽ chuyển sang hàng hạnh sang (bmw, mer, audi, rr,...). Xe hãng nào cũng có phân khúc khách hàng riêng của họ. Các bạn lo thay họ để làm gì?",,,
"Có sự khởi đầu rất tốt, hi vọng em sẽ còn tiến xa trong tương lai.",,,
"Nên thêm phần tên đúng trong ngoặc đơn. Các thủ tục ,giấy tờ có liên quan làm mới sau này sửa lại theo tên đúng. Chứ đổi lun thì bao nhiêu thứ phải đổi theo gây phiền hà, lãng phí, đặc biệt bằng cấp thì rất khó đổi.",,,
"airbus-boeing, cặp đôi sinh ra để cạnh tranh trên mọi phân khúc máy bay, khách hàng là người được lợi nhất từ sự cạnh tranh này",,,
Khủng khiếp!,,,
"Việc này làm mình nhớ lại lúc cháu mình học lớp 6....cãi vã nhau với bạn trong lớp và khi ra về ba của bạn đó nhào vô đánh cháu mình đến gãy răng và bầm mặt. Cha Mẹ nào mà không muốn bênh vực con nhưng chuyện của con nít cãi nhau là bình thường. Huống chi bé này chỉ mới 2 tuổi. Một hành động quá xấu xí, tồi và vô học thức như vậy thì không có quyền giáo dục con mình.",,,
Xót ruột Mong mọi người mọi nhà bình yên vững chải vượt qua bão dữ,,,
"Đánh con đến thương tật thì không chấp nhận được. Nhưng đáng con để răn đe cũng không phải là điều không đúng. Hồi nhỏ tôi hư bị Bố bắt nằm xuống đánh, đau nền sợ, không dám hư nữa. Năm 16 tuổi bị Bố bắt gặp tập học thuốc với bạn, bị 1 trận nhớ đời, không bao giờ hút nữa. Chiều con quá coi chừng hư; cứng rắn đúng vừa phải là tốt; đánh con thương tật là hoàn toàn sai!",,,
"Đấy mở cửa rồi cách ly ít ngày là dính ngay, giờ toàn mười mấy ngày mới dương tính mà đòi về cách ly 6 ngày xong thả ra tự cách ly mấy ai thực hiện tốt. ",,,
"Kể cả người đứng đầu quốc gia giàu có nhất, tổng thống Trump, cũng bị nhiễm.",,,
Em đi hơn nửa năm nay thấy hài lòng với ẻm kona 2.0 chạy rất bốc mà vẫn tiếp kiệm xăng,,,
Bạn Moon có nhiều bài ngắn nhưng rất bổ ích. Tôi thấy bạn ấy phát âm rất chuẩn. Trong bài này thì tôi có nhận xét 1 chút.Tôi nghe đi nghe lại bạn ấy nói từ edge để đảm bảo mình nghe rõ các âm. Bạn ấy hình như phát âm thiếu âm d trong từ edge. Tuy nghe trong ngữ cảnh này sẽ hiểu được. nhưng nếu nghe kỹ âm người bản xứ nói bạn sẽ nghe được âm d trong đó. Thường âm d đó sẽ rất nhẹ như 1 khoảng ngừng giữa e ʒ. Phiên âm của edge là edʒ nhưng có nhiều nguồn là ej. Mặc dù vậy nếu bạn nghe kỹ sẽ nghe ra âm d gần như câm ở giữa. Phụ âm kép và phụ âm cuối âm trong tiếng Anh và tiếng châu Âu thường rất quan trọng tạo ra sự khác biệt giữa các từ giống như dấu trong tiếng Việt vậy.,,,
Vậy là Barca vẫn khá hơn Schalke 1 chút,,,
Tết đến bà con sẽ phải vất vả hơn vì phải ra bến sớm hơn trước kia,,,
phạt đền... hết thời thật r,,,
Mình thì hy vọng Barca sẽ gặp Juve để fan M10 và CR7 rần rần mới vui.,,,
Hãy giữ nguyên môi trường tự nhiên mà ngày nào Côn Đảo đã có.,,,
Quanh quẩn đã thấy hết năm.,,,
Hình như ông Bartoumeu này chưa bao giờ nhắc đến những gì Messi đã nói với Goal nhỉ? Ông ta không muốn làm to chuyện thêm hay đơn giản chỉ vì những gì Messi nói là sự thực? Với những gì mà ông ta nói trước đây thì tôi nghĩ vế sau có lý hơn rồi :),,,
Ông là TT ngay thẳng.,,,
Phân khúc A thôi. Có hơn nhau 1 lít là cùng. Bạn đi ngày vài chục km mà phân vân xăng cộ. Đi xe máy là tiết kiệm nhất.,,,
"Ko lây nhiễm, nhưng sao nhiều người sang nước ngoài lại có xét nghiệm dương tính, thế cái dương tính ấy là từ đâu ra, và có nguy cơ thế nào, rất cần cơ quan y tế giải đáp.",,,
tôi thích Juve cung bảng Barca hơn vì CR7 có dịp tái ngộ M10,,,
"Thành thật cá nhân mình thấy bài Hoa nở không màu hay hơn cả phần lời và phần nhạc, nó chạm vào đáy trái tim mình....Chúc Lâm sức khỏe và thành công! <3",,,
"Thương tâm quá, thương cho mấy bé, thương cho cả gia đình phụ huynh, nuôi con khôn lớn đến ngày đầu tiên đi học lại xảy ra sự việc như thế này.......",,,
"Mình thì không khoái đồ ăn nhanh vì k thích món rán, nhiều dầu, đặc biệt các món này ít nh sẽ kèm khoai tây - sợ cái củ này ý, tiếp đến là giá, tính ra 1 suất gà kfc đắt gấp đôi đến ba lần 1 suất cơm văn phòng hoặc phở, bún... trong khi nếu nói chỉ để no bụng thì tương đương nhau, chưa nói về mặt dĩnh dưỡng sức khoẻ thì k bằng. chỉ có các bạn trẻ, thanh niên, ưa mới lạ thì hứng thú chứ để tính ra thì đồ việt vẫn ngon hơn, dinh dưỡng vs tốt hơn",,,
xử nghiêm thói côn đồ,,,
"Mình đã sử dụng Attrage 2019 và rất hài lòng về sự lựa chọn của mình. Xe đời 2020 đẹp hơn rất nhiều, options đầy đủ, an toàn đủ dùng, tiết kiệm nhiên liệu, xe 3 máy nhưng không hề yếu do khung xe dùng công nghệ RISE nhẹ hơn khoảng 100kg so xe cùng phân khúc, nên cảm giác lái vẫn mượt. Không có xe tốt nhất, chỉ có xe phù hợp nhất thôi. Chúc bạn có sự lựa chọn đúng đắn nhất!",,,
Xem bậc lương bác sĩ trên thế giới rồi hãy so sánh chuyên môn.,,,
Đau xót quá! Thành kính chia buồn cùng gia đình các bé! Mong hương hồn các con được siêu thoát!,,,
Tôi rất tự hào mình là người Việt nam và đang sống trên đất nước Việt nam,,,
"mua bảo hiểm nt thì càng mua sớm càng tốt, tuổi càng trẻ, sức khoẻ càng tốt phí càng ít, lợi ích mai sau càng nhiều. Mua bhnt thì ko nên đắn đo vì chỉ trích 1 phần nhỏ thu nhập để bảo vệ tài chính theo đúng nghĩa là bảo hiểm.",,,
"Chà, bên Tây cái gì cũng to!",,,
Sao không bắt cá mới ngộp làm cá khô để thu hồi được ít vốn?,,,
Cụ bà thật tuyệt vời. Chúc bà sống thật khỏe,,,
Khoảnh khắc sung sướng trước khi yên giấc ngàn thu.,,,
Chúc Ngài sớm bình phục và tiếp tục đi tiếp đoạn đường 4 năm nữa,,,
Tôi năm nay 40 tuổi mà chưa thấy trường hợp nào như thế này,,,
Chúc mừng chiến binh gánh tạ thế hệ cuối đã gia nhập CLB. Nếu chú may mắn thì chỉ cần gánh thêm 2-3 năm nữa là thời kỳ hoàng kim đến rồi,,,
rất giỏi và nhạy bén,,,
Thích kịch bản này.,,,
Mấy người này ko đọc báo hay coi thời sự hả ta,,,
"Đã ăn chay thì cứ ăn thực vật, rau củ quả hạt ... Mắc gì cứ chả lụa, pate ...",,,
"Minh đã đọc rất nhiều các bình luận của các bạn ở đây. Mình thấy những người bình luận chương trình nhẹ, các con nắm bắt được bài thì đều là những bạn không có con đang học lớp 1 hoặc đã cho con đi học thêm từ hồi con 3-4-5 tuổi. Do đó các bình luận của những bạn đó không đóng góp gì cho chương trình học mới của các con. ",,,
"Thông thường bây giờ bán xe họ đều có giảm giá, khuyến mại. Ngoài một số trừ tiền mặt ra thì sẽ có gói lắp thêm phụ kiện bắt buộc. Giá cả thường được để mức cao hơn thị trường từ 3 đến 5 lần.",,,
Người dân Miền Trung lại vất vả rồi ! Thiên nhiên năm nay thật tàn khốc,,,
Thật tuyệt vời TT Trump sẽ tái đắt cử ️,,,
"Bài hát Buồn làm chi em ơi có giai điệu nghe như Hồ Quảng trong các bài hát tuồng, hát bội của Nam bộ vậy, nó dễ nghe, quen tai... và nghe thấy thấm với các bài hát buồn...",,,
"Nhớ đeo khẩu trang khi ra đường và khi tiếp xúc người lạ, luôn rửa tay bằng nước rửa tay sát khuẩn nhé mọi người.Chủ động chứ không chủ quan !.",,,
Cầu mong mọi người bình an! Việt Nam cố lên! Đất nước chiến thắng!,,,
Ở quê thì đáng trách. Tôi ở thành phố HCM khổ sở vì người nuôi chó. Toàn đợi mọi ngươi đi ngủ chủ nuôi chó mới thả ra để chó phóng uế vào cửa nhà người khác. Hôi kinh khủng ,,,
Tin vui nhất Quý 3 năm 2020.,,,
"La Liga thì không biết sao, chứ hàng thủ như này ra C1 mấy ông lớn khác rất khoái, lại toang thôi.",,,
"Nếu ai cũng chịu sống đạm bạc, không chạy theo những giá trị vật chất, thì chưa cần giao thương với bên ngoài. Nếu thay đổi được cách suy nghĩ, thì cuộc sống sẽ hạnh phúc, hơn là chỉ lấy kinh tế làm mục đích",,,
"Sao lần đầu giành C1,không ghi đá trận tượng trưng nào nhỉ",,,
"Với điều kiện của bạn tôi tư vấn như sau:Đầu tiên đem 500 triệu gửi vào ngân hàng ngay và luôn. Kỳ hạn 12 tháng lấy lãi trước, hiện tại được khoản 30 triệu.Sau đó tham gia 1 hđ bhnt phí chừng 25 đến 30 triệu.Với độ tuổi và nghề nghiệp của bạn,phí 30 triệu sẽ bảo vệ sinh mạng 1,5 tỷ,đến năm 80 tuổi. Nếu đến 80 tuổi bạn vẫn khỏe mạnh, được nhận thêm quà tặng 20% trên số tiền 1,5 tỷ.Bệnh hiểm nghèo được bảo vệ đến năm 70 tuổi, danh mục 80 bệnh hiểm nghèo bao quáthết.Thẻ chăm sóc sức khỏe nằm viện trong mọi trường hợp, hầu như không phải trả tiền và không cần làm thủ tục thanh toán. Bệnh viện và cty bh liên kết tự thanh toán với nhau.Ung thư là căn bệnh đang gia tăng chóng mặt ở VN. Nếu khách hàng rủi ro mắc phải, ngay lập tức được chi trả 10 lần phí là 300 triệu để chữa bệnh.Bạn không còn phải lo lắng vì tất cả những rủi ro bạn đã chuyển giao. Tiền vốn gốc của bạn vẫn còn nguyên. Nếu bạn đóng phí đều đặn 20,30 năm sau tất cả khoản phí bạn đã đóng sẽ quay về. Như vậy trong bất kỳ trường hợp nào bạn cũng không mất tiền .Nếu đợi đến 40 tuổi mới tham gia, quyền lợi chỉ còn một nửa và không chắc điều kiện sức khỏe còn được tham gia với phí chuẩn không?Điều kiện tiên quyết để tham gia bh là sức khỏe, không phải tiền.",,,
"Công trình rất có ý nghĩa và cần thiết, tạo thêm động lực lớn để mở rộng phát triển thành phố Long Xuyên vừa được công nhận là đô thị loại 1.",,,
Ôi thật là tàn nhẫn! :(,,,
Quá manh động,,,
"Bayern Munich đã trở lại, để bảo toàn lực lượng cho các trận qt BM chấp nhận thua một trận và đã hoàn thành cú ăn 5. Dortmund k còn nguy hiểm như dưới thời Jürgen Klopp nhg với sức trẻ vẫn là một đối thủ nặng ký. Chúc mừng Bayern Munich.",,,
Sáng sớm nay ở Quảng ngãi đã có mưa rồi.mong mọi người được an toàn,,,
Nhiều khi không hiểu nổi khi một nước giầu có mà thiếu cả kinh phí bảo tồn một cái cây...!?,,,
"Ôi tuổi thơ. Có ai quê Thăng Bình, QN ko",,,
30 tháng tù mà tông chết 2 người án quá nhẹ,,,
Vậy thì chỉ cần 1 con thôi là đủ ăn cả đời nhỉ xD,,,
Các huấn luyện viên của HAGL đang vận hành kiểu Thua ra - được vào .,,,
Mọi thứ ngày càng đầy. Chỉ có thanh xuân ngày càng vơi bớt...,,,
"Chạy bộ là một bộ môn đặc biệt lợi lạc cho sức khỏe. Vượt qua lười biếng mình chạy bộ một ngày 4km. 1 tháng sau thấy lợi lạc vô cùng: tinh thần thoải mái, phấn chấn hp hơn, giảm kg, bụng nhỏ lại, cơ bớp săn chắc hơn, da dẻ hồng hào khỏe khoắn, giảm hẳn bệnh thoái hóa cột sống nhức mỏi tay chân... nói vậy để khuyến khích ai đó duy trì chạy bộ hàng ngày.",,,
"Sao minh thấy nhà trường gì mà thiếu trách nhiệm kinh khủng, trước khi mở lớp phải xem thủ tục pháp lý cho đủ rồi mới mở lớp liên thông, còn bây giờ dang làm khổ cho 125 người khác nè",,,
"Người ta chơi thể thao để rèn luyện sức khỏe bản thân, còn những người này thì ngược lại mang rủi ro cho chính bản thân mình và những người khác.",,,
Bài viết rất hay cảm ơn tác giả.,,,
"Nếu bị đội quân Hồi giáo người Turk phá hủy, tu viện Phật giáo Nalanda đc xem là đại học đầu tiên của nhân loại",,,
Trộm chó bị đánh nói sao xui. ,,,
"Con trai mình năm nay 16 tuổi đạt IELTS 8.5 ( thi lần 1 lớp 7 được 6.5, lớp 8 đạt 9 đạt 8.0 và lớp 10 đạt 8.5- Bạn ko qua bất kì lớp luyện nào hay là tự luyện và ko có áp lực gì khi đi thi....Đọc bài này mình thấy khâm phục bạn Tùng ở sự kiên trì, một đức tính tốt mà người thầy nên có.",,,
"Tuyệt đại đa số hầu hết người nước ngoài chúc may mắn bằng Good luck.Nay người Việt chuyển sang cụm từ khác cho ""thú vị hơn"". Ổn không?",,,
"Sao ngày xưa cái gì cũng đẹp và nhớ mãi vậy, cuộc sống bây giờ sao xô bồ quá vậy, nhiều lúc sống mà không cảm nhận được cuộc sống. Thỉnh thoảng nghe mấy bài hát xưa mà rơi nước mắt mà cũng không hiểu vì sao.",,,
Vô bổ. Cam lùi là đủ.,,,
nên thành lập một tổ chức để những người có bỏ con có chỗ mà cho chứ như vầy quài đau lòng chết,,,
"Hãy quan sát, đặt mình ở vị trí của cả 2 bên để không có cái nhìn phiến diện. Tôi không thích bạo lực, nhưng 1 cậu bé 14 tuổi - khai man tuổi, buôn bán thuốc cũng không phải 1 đứa bé ngoan. Chống cự cảnh sát thì cần có các biện pháp để khống chế. Cứ là trẻ con thì được ra đường làm điều sai trái à??? Trong Clip và câu chuyện này tôi thấy ủng hộ A cảnh sát hơn.",,,
Chỉ có sale nhật thôi. Chứ xe Hàn thì khách hàng tiền đâu mà mua ( xe trang bị ọp sừn ngập răng rồi) kkkk,,,
"Trước khi có quy định cho phép sử dụng đ.thoại thì h.sinh vẫn sử dụng nó tại nhà đấy thôi, để lấy tài liệu cô thầy gửi trên mạng, để tìm thông tin, nhưng chủ yếu vẫn là để giải trí. Giờ cho phép mang lên trường nhưng tôi vẫn không hiểu dùng để học cái gì, môn gì nhưng chỉ toàn nghe nói thời buổi công nghệ phải học qua điện thoại mới hay ho.",,,
90% bạo hành con là do bố mẹ dùng ma túy. Không dùng ma tuý chả ai nỡ đánh con quá tay cả. Nghiện thì đừng đẻ con làm gì,,,
"Tôi ko muốn con tôi phải học trường này trường kia, tôi mong nó tư duy được học để trở thành nghiên cứu sinh nhà khoa học hay học để trở thành nhà đầu tư, chuyên gia phân tích kinh tế. Nói tóm lại tôi ko đặt nặng thành tích cho con mình. Tôi chỉ mong nó 1 đời an yên là tôi vui rồi.",,,
"To thế mà ăn thịt con cá trê bé tẹo, nhục!",,,
Căn nhà là một di tích lịch sử chú có thể quảng bá qua kênh du lịch :),,,
"Biết đâu biden nhiều tuổi hơn, yếu hơn, lại bị nhiễm, do là f1 từ buổi tranh luận ... Bỗng nhiên trump tái cử ^_^",,,
mới đầu mình cũng định mua santafe sau khi lái thử rất nhiều dòng xe foturner everet crv và cuối cùng mình chọn sa 2.0 đơn giản là em nó hợp với mình chạy ngon hơn tất cả mấy loại xe ke trên cách âm tốt nhược điểm nội thất chưa đẹp lắm màn hình hơi mờ còn độ bền chưa biết cho dù có dở cũng ngang với xe hàn nói chung ai tùy bác cứ lái thử mọi loại xe rồi quyết định,,,
55tr/m2 hấp dẫn thật,,,
"Mình không hiểu tại sao lại ko nhận ra được, khi tro cốt được bỏ vào chậu thì sẽ có hình+ tên tuổi quê quán chưa?????",,,
"Năm đó tôi đóng thuế nhiều hơn tỷ phú Mỹ. Mà giá bán nhãn dán cũng thật hay, bán 100 nhãn là bằng tiền thuế của Trump.",,,
Cô bé chịu xách mới yêu chứ. Đúng là điệu không đợi tuổi. Cưng quá hà,,,
Một sản phẩm được nhiều người tin dùng nếu ko thường xuyên kiểm tra đảm bảo ATVS TP gây hại cho sức khỏe tính mạng con người thì hậu quả đem lại ko những phá sản mà còn chị trách nhiệm hình sự.,,,
"Đệ cứng vây cánh hà lan đổ bộ, khi thế lực của ông cứng rồi mới dám bật lại si",,,
"Tôi là giáo viên dạy bơi và kỹ năng an toàn dưới nước!Từng làm việc với các giáo viên Úc, canada. Tôi có thể dạy cho các em bơi và các kỹ năng, tôi biết cách làm nhưng tôi nhỏ bé quá..Mỗi lần đọc được 1 tin như thế này thì ruột gan cứ thắt lại. Con em của ai thì cũng xót xa..",,,
Tội nghiệp các con quá. Bơi lội là kỹ năng sống không thể thiếu được.Bạn có cho con bạn bao nhiêu đi nữa mà quên cho con mình học bơi là 1 sai lầm không hề nhỏ. Con mình 2 đứa biết bơi lúc 2 tuổi. Thời gian đầu mình phải xuống hố cùng cháu. Tuy bơi không giỏi như các cháu tự tin khi đi biển. Và các huấn luyện viên sẽ chỉ cho các cháu các tư thế cơ bản nếu muốn cứu người khác,,,
và nước mắt cứ tự nhiên không khóc mà rơi!!!,,,
"luật của mình còn quá nhẹ cho tội trôm gà và trộm chó, người dân bức xúc lắm nhưng không biết làm gì, mong pháp luật sửa đổi lại luật, phật thật nặng và cho đi tù thật lâu cho chừa cái tội trôm. cắp .",,,
"Một bước nữa thôi là hoàn tất cú ăn 6 thần thánh của Barca , cố lên tình yêu <3 .P/s : Anti Barca nói gì thì nói chứ cá nhân mình thấy cú ăn 6 của Barca không hề đơn giản , vậy nên hãy tôn trọng thay vì cạnh khóe họ , thân .",,,
Chưa thấy chế tài đối với người sử dụng. Bởi là vì có cầu mới có cung. Sự thật nó phũ phàng là vậy,,,
"Mulan không đạt được độ chín và kì vọng của người xem. Vì đa phần người xem, đều biết Mulan sau trở thành huyền thoại có lẽ là tướng nữ lừng danh ở TQ cổ xưa, vì vậy hành động võ thuật ở phim chưa đủ sự thu hút. Phim bị ngấp nghé giữa hư cấu và lịch sử, nếu hư cấu nên hư cấu hẳn, còn lịch sử thì đã có nhiều nhà phim TQ làm rồi.",,,
Hi vọng k có thiệt hại về người và tài sản. Chỉ cần 1 cơn mưa đủ lớn là được.,,,
"Nhớ tuổi thơ dữ dội quá, Quảng Nam thân yêu.",,,
không phù hợp. Học sinh sẽ khôg biết hệ thốg kiến thức,,,
Đề nghị công khai danh sách các cơ sở y tế vi phạm quy định phòng dịch.,,,
Gặp ngoài đời là tui chạy á,,,
"Xác định đi trong thành phố hoặc đi tỉnh gần thì với 500 triệu bạn có thể chọn các xe hạng A và B của Nhật đảm bảo các tiêu chí của mình về giá, tiết kiệm xăng, ít hỏng vặt. Đổi lại, độ tiện nghi, cảm giác lái không nhạy. Liệt kê ra thì thấy có Attrage của Mitsu thì xăng tiết kiệm nhất, xe nhẹ, dễ lái tuy nhiên trông hơi cổ điển. Theo tên thì chắc bạn là con gái nên cũng có thể cân nhắc Brio, trong tầm tiền, thương hiệu mạnh, khá bắt mắt tuy giá hơi cao trong phân khúc.",,,
Thật sự là khó đoán và mơ hồ! Nhưng có khi lại có lợi cho ông Trump khi mạnh khỏe trở lại.,,,
"Ngày xưa quê em nam định cũng nhiều lắm, bây giờ dùng thuốc trừ sâu nhiều chả còn con cua con cá nào ngoài đồng nữa, có chăng mỗi con rô phi là sống được.",,,
Đang tìm mãi chỗ nào bán xe kèm phụ kiện là một em gái xinh đẹp hay thường thấy đứng cạnh trông xe tại các triển lãm oto mà chưa thấy...,,,
Khâu nguyên liệu và thị trường là giá trị cốt lõi và là tài sản đảm bảo của bất cứ công ty sản xuất nào,,,
PHÁT TRIỂN RẤT HỮU ÍCH TIỆN LỢI,,,
"một thời thích anh Bo quá trời quá đất luôn, giờ vẫn thích nhưng đỡ hơn nhiều hahahaha",,,
"Do đã lường trước kịch bản này , nên Messi đã cho triệu hồi Coutinho . Dự là tổng tỉ số 2 vòng 10-4 ( bỏ đi 1 kiến tạo và 2 bàn thắng mỗi lượt của Cu tí )",,,
"Thánh lỗi Fadil thì khỏi nói rồi, sửa chữa bảo dưỡng tốn phết chứ chả chơi",,,
Tiền nhiều để làm gì?,,,
Chúc mừng 100 triệu đã có chủ.,,,
"Đau lòng quá, mong các con siêu thoát. Mong các trường xây bể bơi cho môn bơi lội vào học ngay từ lớp 1. Quê tôi thuộc vùng 3 ở tây nguyên nhưng các trường cấp 1,2 cũng đã có môn bơi lội rồi đó.",,,
Đã thông báo ngưng sử và nếu lỡ có mua thì đem giao nộp cho cơ quan y tế gần nhất.,,,
Tôi tin trong tương lai Fe sẽ là công ty mạnh nhất. Rất nhiều người có thể vay. Tôi cũng đang dùng fe.,,,
"Cảm ơn anh, cảm ơn các bác sĩ và tất cả.",,,
Đừng bao giờ mua Vios,,,
"đi soluto mới là đẳng cấp, tinh tế, thông minh bạn nhé!",,,
"Một cơ cảnh thật oái oăm, mẹ vướng vòng lao lý, cha trở thành ""bố láo"" luôn bạo hành, bà ngoại là người che chở. Mong em có cuộc sống yên ổn, học hành chăm ngoan.",,,
"kiến thức ngoại ngữ là ko giới hạn, DÙ đạt được IELTS nhưng gặp phải những lĩnh vực chuyên nghành như xây dựng, y khoa này nọ thì chắc gì đã lưu loát và dùng từ đúng",,,
"Xem video mới thấy các nữ nhân đi giày cao gót hơn chục cm và chỉ đứng bằng mấy ngón chân. Thế này chẳng trách nhiều vị kêu giời lên vì đau chân, ngón chân trông xấu và biến dạng.",,,
"các ông lớn nước giải khát đa quốc gia hoạt động kinh doanh suốt gần hai chục năm ,doanh thu hàng tỷ usd /năm nhưng cứ báo lỗ ...",,,
Bắt nhằm Sam chắc chết,,,
"Theo tôi, chưa rõ ràng giữa 02 loại biển, cụ thể:- Biển R412 và R415: quy định về làn đường, ví dụ: làn cho xe máy, làn cho xe tải ...- Biển R411: quy định hướng đi trên mỗi làn đường, tức là muốn đi thẳng phải đi vào làn đi thẳng, muốn rẽ trái phải đi vào làn rẽ trái ... Nếu muốn rẽ trái mà đi vào làn đi thẳng là sai làn.",,,
"nếu tư duy ngược lại thì: Biến đổi khí hậu trên trái đất có lẽ đang chuyển sang 'ủng hộ' các loài động vật gây hại, hoặc là chúng 'giỏi' thích ứng với biến đổi?!... Bọn chuột nhà, chuột cống chuột đồng đã và đang 'thích nghi và quậy' ở khắp nơi, từ đô thị đến nông thôn, ngoài đồng ruộng. Nghe đâu có nới còn rục rịch xuất hiện lại bệnh dịch hạch... Thế mà bây giờ lại thêm thông tin họ hàng nhà chuột sắp sửa chào đón đồng nghiệp 'super chuột' được trang bị tổng hợp kỹ năng của : chuột đồng, chuột, chù, chuột núi... nếu hắn đổ bộ vào thành phố và học thêm kỹ năng 'đột biến' của chuột cống và bọ chét của chuột nhà nữa thì... hic",,,
"Remdesivir, cho đến thời điểm này là thuốc duy nhất được chứng minh có hiệu quả khoa học trong việc ngăn covid-19 phát triển (replicate) trong cơ thể. Thế mới biết, một người từng tuyên bố mọi thứ phản khoa học, khi mắc bệnh, lại được chữa trị bằng những phương tiện khoa học tối tân nhất! Cho nên, 'Đừng nghe những gì ta nói, hãy nhìn những gì ta làm'!",,,
"Trump đặt tiêu chí. Người Mỹ dùng hàng Mỹ. Các doanh nghiệp cứ yên tâm chuyển hết về nước. Có chuyển sang nước khác, dân Mỹ cũng không thích mua nha. Mọi tổn thất và các khoản lỗ cứ để Trump lo nha. Nhân công thì yên tâm. Dân lao động Mỹ đang cần việc, không yêu cầu lương cao đâu. Dân Mỹ lớn lên ở đất nước vĩ đại và văn minh nhất thế giới thì tay nghề chuyên môn khỏi phải bàn. Cứ ráng kéo hết về cho Trump kiếm phiếu bầu cái đã nha. Mọi chuyện còn lại để Trump lo nha. Em trình bày ý kiến cá nhân theo đường lối Trump nha mọi người. Fan cuồng đừng ném đá em nha.",,,
cup này mặc định Manchester City r,,,
Rất thích Cara.,,,
"Còn có đội thua nát hơn cả Barcelona nữa cơ à, ít ra người ta còn có bàn danh dự. Chẹp",,,
Trời mà mưa nguyên tháng thì tính làm sao nhỉ ?,,,
"Mặc dù ko thích chất lượng trung quốc lắm, nhưng phải công nhận mấy món này họ giỏi thật",,,
Trump vẫn là số 1 trong mắt các Fan.,,,
Một mặt khác của Sài Gòn hoa lệ.,,,
Tôi bận lắm! Thỉnh thoảng ngoi lên cho mọi người biết tôi vẫn ổn,,,
Cá mập mà gặp cá voi sát thủ giống như mình làm thịt con gà vậy á. Dưới biển thì ko có con nào là đối thủ xứng tầm với nó cả.,,,
mua cả 2 về ăn từng con một xem khác nhau gì,,,
Cách ly sân bay xa xa thành phố dùm,,,
Hèn gì trông chị ấy xinh hơn mọi ngày!,,,
"Dựa vào các comment trước, ta suy ra cạnh hình vuông bằng 5 cm",,,
Hay quá Biden tự tin lên!,,,
Nhất định phải ghé nơi này một lần,,,
Không biết làm sao như thế nào mà hệ thống thoát nước của bệnh viện lại tệ hại như thế này?,,,
"Ngoài 2 ca khúc đó ra Anh còn lấn sang qua dòng nhạc âm hưởng dân ca như Nội tôi, Nhớ mẹ...nghe đến nao cả lòng...",,,
Cầu quá nhỏ so với lượng phương tiện lưu thông ngày càng tăng. Cần làm 8 làn đường,,,
Thôi hn đá chỉ cần dự đoán bao trái thôi,,,
"Bản thân tôi thấy Trump rất nhiệt huyết và rất tận tâm vì nước Mỹ, vì người Mỹ hơn những ông tổng thống Mỹ mà tôi biết như Obama hay Bill Clinton. So về độ tuổi của ông ta so với 2 người tiền nhiệm thì ông Trump làm việc quá tốt rồi.",,,
Rồi rốt cuộc thì mục đích của người đàn ông này là gì? Muốn được ngồi tù? Loại giết hại động vật ko có khả năng phản kháng là hèn hạ nhất!,,,
"Đề nghị xây nhà trên lòng bè bằng ống tre, vừa hợp sinh thái, vừa mát mẽ và khô ráo khi nước dâng cao.",,,
"Về lý thuyết ông nói rất đúng,nhưng thực hiện ông lại làm rất tồi.",,,
"Ví dụ giờ cứ cho việc Bắc Cực xanh lên là việc tốt đi. Thì sau khi nó xanh lên nhiều, nhiều người sẽ đến khai thác, xây dựng nhà máy, thế là cũng tiêu tiếp.",,,
"Phim hợp thời với phong trào chống phân biệt người da đen, nhưng lại phóng đại quá mức chỉ làm cho hận thù giữa hai màu da sâu sắc thêm, không giúp ích gì cả.",,,
"Mấy thực phẩm này toàn chất bảo quản ko tốt cho sức khỏe, tôi học bên công nghệ sinh học chuyên ngành thực phẩm nên rất rõ vấn đề này.",,,
Tôi thích Trump không phải vì ông hoàn hảo hay không mà thích vì một điều duy nhất.,,,
có thể là bể bơi của đại gia thích tránh xa nơi ồn ào phố thị :)),,,
"không sợ kẻ địch mạnh, chỉ sợ đồng đội .....",,,
"Đề nghị TPHCM triển khai nhanh và kiểm tra việc thực hiện bộ tiêu chí cho các quán ăn, nhà hàng nhằm ngăn chặn tình trạng ăn nhậu , không tuân thủ quy định giữ khoảng cách 2m; tập trung người tại nơi công cộng quá số lượng người quy định... là nguy cơ lây lan dịch bệnh Covid 19.",,,
"Ai đẹp không biết, nhìn kỹ vẫn thua vợ mình",,,
Làm ơn để tên đường trước ngã 4. Chứ đi qua rồi mới thấy tên đường làm mất công quay lại...,,,
Ars đang trong giai đoạn tái thiết nên không phải khi nào cũng đá tốt như với trận gặp fullham được. Hơn nữa các đội bóng lớn dù ở đỉnh cao cũng đôi lúc có những trận đấu trầy trật khó hiểu. Vì vậy người hâm mộ không nên quá khắt khe với clb lúc này. Quan trọng là Ars phải biết cách giành lấy chiến thắng ở những thời điểm khó khăn nhất và chúng ta đã làm được ở trận đấu này.,,,
Với Ars thì hôm qua là 1 Liverpool hoàn toàn khác với LV mà gặp cách đây ít lâu.,,,
"""Không thể trực tiếp ghi bàn, nhưng M10 còn nhiều lần làm khổ hàng thủ Celta Vigo bằng những pha di chuyển hoặc dứt điểm. Phút 59, anh đá bồi tung lưới đội chủ nhà, sau khi Coutinho sút dội cột. Nhưng bàn thắng không được công nhận vì lỗi việt vị."" >> Kiểu gì cũng cố tung hô cho bằng được...",,,
Tôi có 2 cháu trai. Hiện đang mong có 1 bé gái nữa thế mà cái tên khốn này...ko nuôi được để tôi nuôi.,,,
Ý trời rồi. Biden không cần 2 cuộc tranh luận kia nữa rồi.,,,
Thật tiếc tuổi xuân và sắc đẹp của em,,,
Xin đừng xát muối vào lòng cules,,,
Mỗi ngày như mọi ngày tôi đã đi bộ tối thiểu 40 phút lúc sáng sớm.,,,
"Hoa cúc vàng là biểu tượng của Hoàng gia Nhật Bản. Có lẽ vì vậy họ cũng yêu tác phẩm Đi qua hoa cúc của tác giả Nguyễn Nhật Ánh. Mà cái tên tác phẩm Cho tôi xin một vé đi tuổi thơ cũng rất ấn tượng, có lẽ mình sẽ tìm đọc, biết đâu có thể tìm lại được một phần của tuổi thơ.",,,
Huế gió đang mạnh dần rồi. :-/,,,
"Mình rất THÍCH Cô Moon Nguyễn đưa ra những idioms cho các và rất hữu dụng, Cám ơn cô nhiều!Get itchy feet: Ngứa chân (sẽ thực hiện được, nhưng trong tương lai)Have itchy feet: Ngứa chân (sẽ thực hiện được, mà càng sớm càng tốt)Có 2 ý nghĩa rất quan trọng cho người thích du lich đây đó. Hay không ngồi yên được.- Muốn đi du lịch đến những nơi khác nhau để khám phá điều gì đó, mà ƯỚC MUỐN từ quá lâu rồi.- Muốn rời đi một nơi khác,và bắt đầu một cái gì đó mới lạ, mà mình ƯỚC MUỐN từ quá lâu rồi.",,,
"cảm ơn thầy giáo, video rất hữu ích ạ",,,
"Theo ý kiến cá nhân, tôi nghĩ bạn chỉ nên đầu tư đất Q9 thời điểm nhạy cảm này khi miếng đất đáp ứng được các yếu tố sau:1. Đất thổ cư, có sổ đỏ và không vướng quy hoạch.2. Mảnh đất nằm trong hoặc sát các khu dân cư đông đúc, có SẴN cơ sở hạ tầng thuận tiện cho sinh hoạt như: Chợ dân sinh, trường, ủy ban nhân dân, công viên, và các nhà chung cư cao tầng tọa lạc gần đó...3. Đường trước nhà rộng, ô tô đi qua hoặc ô tô có thể tránh nhau (chiều rộng đường tối thiểu 4m trở lên. Đường càng rộng càng tốt). Mặt tiền rộng (từ 5m trở lên), nếu mua được lô căn góc thì càng tốt vì sau có thể chia nhỏ phân lô hoặc rất dễ bán.4. Giá càng rẻ càng tốt, diện tích không cần quá rộng. Nên thương lượng đàm phán quyết liệt và khéo léo để có giá tốt nhất. Hãy nghĩ mảnh đất như 1 mặt hàng vậy, thuận mua vừa bán. Không nên bất chấp tất cả để mua được mà không tham khảo kỹ về giá....Còn nhiều yếu tố khác nhưng 4 yếu tố trên sẽ đảm bảo tính THANH KHOẢN CAO và khả năng sinh lời tốt cho lô đất của bạn. Bạn không cần chia nhỏ số tiền 3 tỷ ra nhiều hạng mục làm gì vì với số tiền đó, may ra bạn mới có thể mua được 1 mảnh đất đạt đủ 4 tiêu chí trên. Khi có mảnh đất rồi, nếu bạn cần tiền gấp bạn cũng rất dễ bán vì nó có tính thanh khoản cao (tức cần là bán được luôn). Đã đầu tư thì nên đầu tư vào vị trí lô đất bạn nhé.",,,
Rối loạn phân ly ? Có 1 lớp bị. Rồi cô giáo lớp bên chạy sang xem cũng thấy choáng. Là như thế nào ? Khó hiểu quá.,,,
"Quá tốt, vùng đất an lành. Cầu mong đại dịch qua mau.",,,
"Có lẽ mọi người đang mong chờ thông tin chiều về Việt Nam nhiều hơn, vì chúng tôi đã mắc kẹt 6 tháng rồi. Còn chuyến bay từ VN đi thì từ tháng 6 đã có một số hãng cho bay rồi",,,
"Đã ai thuần , nhốt con bò rừng vào chuồng được chưa ! ",,,
chắc hồi nhỏ có học võ . cân 2 luôn,,,
"XEM MIẾNG ĐẤT ƯNG Ý THÌ MUA THÔI, BẠN ĐẦU TƯ DÀI HẠN THÌ LO GÌ, HÃY MUA VÀ ĐI CHƠI KHÔNG CẦN SUY NGHỈ, CỨ XEM NHƯ TIỀN VẪN ĐANG NẰM TRONG NGÂN HÀNG, SAU NAY BẠN CHỈ VIỆC HƯỞNG THÔI.",,,
"Tình cha con tuyệt vời. Chúc vợ chồng anh Quốc Tuấn và cu Bôm luôn mạnh khỏe, tràn đầy nghị lực để đạt được những thành tựu mới trong cuộc sống.",,,
"Tôi muốn mang khí chất Real đến Tottenham' - KHÔNG ĐƯỢC! Cậu phải bỏ ngay cái ""khí chất"" của cậu ở lại Real và tới đây hãy đá đấm cho cẩn thận mới được, chứ vẫn ngày ngày chơi Golf thay vì bóng là căng lắm.",,,
"Cô Jolia này quá thể đáng. Yêu thì yêu cho bằng được, chia tay thì cạn tình hết nghĩa. Con là là của cả 2 người, không còn tình thì phải còn nghĩa., cư xử như thế này không sợ người đời cười chê hay sao? Bình thường khi chia tay mà được đối phương giang tay đón trách nhiệm thì phải mừng chứ nhỉ? Đằng này ghê gớm quá. Trong cuộc sống thực, cô này vô cùng tham vọng",,,
Thế nó khác gì nhựa nhỉ? Quan trọng là độ trong suốt của nó chứ không người ta cũng có thể sử dụng nhựa làm cửa sổ rồi.,,,
Thật là cảm phục một con người kiên nhẫn và cầu toàn,,,
Thôi thì thọ mạng đã hết . Có sinh ắt có tử . Vô bờ VN thì mồ yên mã đẹp cũng được an ủi ! ,,,
Kh i nào áp dụng - vì hiện tại thử nhìn con đường cộng hòa là biết. Xe hơi chạy vào làn của xe gắn máy. không thấy ai phạt,,,
Các nước phát triển như Mỹ vẫn cấm sử dụng đt trong giờ học....,,,
"Ta có tam giác 3 điểm ABC với:a = chiều dài cạnh BCb = chiều dài cạnh ACc = chiều dài cạnh ABha= chiều cao từ A tới a (cạnh BC)hb= chiều cao từ B tới b (cạnh AC)hc= chiều cao từ C tới c (cạnh AB)S = diện tích của tam giác ABC.Thông tin trên bài viết ta có:S > diện tích Trái Đất=> S = 510 100 001 km2ha+hb+hc < 0, 000 001 km (1mm)=> ha = hb = hc = 0, 000 000 1 km (Cho như vậy để dễ tính, vậy nên khôngnhất thiết cả 3 phải bằng nhau hoặc tổng = 1mm, miễn sao nhỏ hơn 1mm làđược như đề bài cho)Cách tính diện tích tam giác : S=1/2a.ha = 1/2b.hb = 1/2c.hcMà ha=hb=hc và đã có S nên công thức tính chiều dài 3 cạnh tam giác sẽ là a =b = c = 2S/ha=> a = b = c = 2 x 510100001 / 0,0000001 = 1020200002000000 ~ 1e+16 (km)Vậy đáp án là ""có"" NẾU ""có"" 1 tam giác mà mỗi cạnh của nó lớn hơn 1e+16km.",,,
"Bale 7 năm:251 trận | 105 bàn thắng | 57 kiến tạoRonaldo 9 năm:438 trận | 450 bàn thắng | 133 kiến tạoriêng C1 của Rô:101 trận | 105 bàn thắng | 32 kiến tạoSố bàn thắng của Rô ở C1 không thôi bằng của 7 năm của Bale ở mọi đấu trường !!!Bale rất hay nhưng cái tôi của anh cũng lớn (a là cầu thủ duy nhất ở Madrid ở lâu như thế mà không học và không chịu nói tiếng TBN dù đó là 1 phần văn hóa ở đó. Tiếng TBN là tiếng mẹ đẻ của nhiều nước nước nhất trên TG (về số lượng người nói thì thua tiếng Anh), họ không dễ gì nói tiếng Anh ở xứ của mình, họ ăn tối cũng trễ (tầm nửa đêm), Bale thì không, nên CĐV & nhiều đồng đội của anh không hài lòng vì chuyện này)Bale xuất sắc và đã từng thần tượng Rô nhưng lại thiếu chuyên nghiệp hơn Rô nhiều!Chúc Bale về với Mourinho sẽ bay cao trở lại.",,,
Đã xinh lại còn diễn hay,,,
Tội con!,,,
"nghe câu Có Cơ Hội Đòi Lại Món Nợ mà có vẻ Hư Cấu Quá , Cả Liverpool và Bayern hiện tại đều cửa trên so với Barcelona , họ ko những mạnh mà còn Bản Lĩnh",,,
"Burberry quả là khéo kiếm tiền qua việc tận dụng vải thừa làm khẩu trang bán, đồng thời lại còn được danh tiếng là hỗ trợ cộng đồng, hỗ trợ các nhân viên y tế.",,,
"Theo tôi hiện nay hơi sớm để đầu tư đất, bạn nên chờ vào cuối năm nay.",,,
Và con tim đã vui trở lại. Phải nói là năng lực Mec vượt trội,,,
"thứ quan trọng nhất là chuỗi cung ứng và cơ sở hạ tầng, nhìn lại chúng ta mà thấy nản",,,
"Chị em nhà này là loại cầm thú bất nhân, yêu cầu cơ quan chức năng xử lý thật mạnh tay để làm gương cho những ai có ý định xấu xa giống vậy.",,,
"Mỗi lần nhìn mấy em họ côn trùng là nhớ tới truyện "" dế mèn phiêu lưu ký"". Cứ tưởng tượng các ẻm đang nói chuyện giống trong truyện :))",,,
"Bạn này nói TA như người bản xứ luôn,rất có năng khiếu,đặc biệt bạn ấy lại được gia đình đầu tư cho việc học tại Mỹ, Ngoài sự thông minh vốn có bạn lại thêm chăm chỉ nữa,nên con số 9.0 hẳn rất xứng đáng.",,,
Nhạc của anh nghe rất nhẹ nhàng. Vào những ngày nghỉ nghe rất thư giãn nha.,,,
tiểu Vy điểm 10,,,
"Thật sự rất tự hào luôn,chứ không chắc mình đói tiếp,cảm ơn tất cả!",,,
Lại một vòng luẩn quẩn. Tội cho lứa cầu thủ tài năng. HAGL theo đuổi mô hình câu lạc bộ gia đình. Các huấn luyên viên không có trình độ loay hoay thay nhau làm. Làm tốt ít thưởng mà làm không tốt không bị phạt.,,,
"""Đời quá đen"" cũng ngày một phổ biến.",,,
"Mình rất thích Châu Bùi, Nhạc Binz thi thoảng cũng nghe tí, suýt quên hết V-pop r :((",,,
Thật tuyệt vời ! Cảm ơn mọi người đã đóng góp trong công việc bảo tồn sự sống !,,,
"may là tôi cũng tốt nghiệp kĩ sư Hóa nên có thể trả lời bạn, nôm na là .....thành phần chính nước biển là H2O và NaCl ... con hàu hút O2 để thở rồi thải ra H2 ..cái H2 này kết hợp với Cl trở thành HCl, một acid rất mạnh...ăn mòn sắt thép cùng đá ...",,,
"Đã bay từ LAX. Hạng thương gia ngồi tầng trên, hạng economy ngồi tầng dưới. Buồn cho số phận :)Nói chứ rộng rãi, bay êm. Chỉ có điều tiếp viên Mỹ vừa già vừa xấu vừa khó ưa.",,,
Hit : Hoa nở không màu và Buồn làm chi em ơi đeo tai phone nghe cả tháng nay vẫn không chán,,,
"Ghét nhất tình trạng đỗ đèn đỏ ở vị trí lề phải, ko cho các xe khách rẽ phải. Tình hình chung làm tắc đường thêm",,,
 Cần 1 án phạt thích đáng cho ác quỷ đội lốt người cha này .,,,
Tôi không nghĩ đây là một phim hay. Nếu lấy thang điểm là 10 thì: ý tưởng phim:7 điểm; kịch bản: 5 điểm; biên kịch: 3điểm; diễn viên ( vai chính): 3 điểm; các nội dung khác đều dưới 5. Thông điệp phim không rõ ràng và thống nhất. Quá chú trọng ý muốn nói của đạo diễn.,,,
Rèn luyện sức khoẻ tự vệ 25 năm,,,
"Như tôi đi làm ăn kinh doanh lãi suất rất thấp từ bán bằng giá đến 10%, mà chủ yếu lãi 3 đến 5% , chưa kể công nợ tồn đọng, xét tính lãi huy động như bây giờ khoảng 9%/năm cũng là khó khăn lắm rồi. Việc doanh nghiệp vay tới 18% thì tỷ lệ nợ xấu cũng đến 90% đấy, tại sao ngân hàng không cho họ vay? Thiết nghĩ nước mình nghèo lên hạ lãi suất xuống từ 3-5% để hỗ trợ, thúc đẩy sản xuất kinh doanh cho doanh nghiệp.",,,
Vì bánh ngày càng đắt thôi,,,
Và tôi cũng vậy. Trời! Dấu hiệu gì đây? Hổng lẽ...,,,
"Hàng VN chất lượng cao, chuẩn châu Âu Fadil nên lựa chọn",,,
Xin công bố ở VN hết dịch..Chúc mừng VN,,,
"Lớn mau, khỏe mạnh con nhé",,,
"Túi nilong mà xử lý đúng quy trình còn tạo ra điện, nhưng đáng tiếc là nó lại được vứt lung tung là chính và gây ô nhiễm môi trường.",,,
"Bình quân một tối chộm cướp được 30tr, vị chi là tháng khoảng 900tr, wao!!!!! Việc nhẹ lương cao, xử phạt nhẹ nhàng",,,
Xem xong bài viết cách đấy 25 năm tôi cung như vậy,,,
"Con tôi mới học được 3 ngày thì vội vàng cho con đi học thêm vì ngày nào cô cũng nhắc ""con lười viết"". Tôi nói hết học kỳ 1 mà con chưa biết viết mới cần lo, vì con tôi không đi học chữ trước nên chậm là đương nhiên. Tôi tự tin bởi con tôi đã biết đọc từ năm 3 tuổi (con học qua bài hát trên Youtube và bảng chữ), tuy nhiên rõ ràng cô giáo lớp 1 thì cần phải uốn nắn từ những nét chữ đầu tiên, chứ sao lại bắt học sinh phải biết viết từ trước đó? Và một điều nữa tôi thấy học sinh giờ phải học quá nhiều (con không thể đeo cặp quá lâu vì người lớn xách còn nặng đến mỏi tay)",,,
"Còn gì thương tâm hơn nửa không biết,ở tuổi này các bé ít ra đã nhận biết được sự nguy hiểm sao mà không biết bơi lại đi tắm ao,tội nhất là trong đó có 2 chị em ruột,đau lòng khi đọc tin về tai nạn đuối nước,mong rằng các con sớm siêu thoát cũng như chia buồn với người thân ở lại!",,,
"Từ nhỏ khi mới xem bóng đá mình đã được cậu mình kể về CLB Bayern nổi tiếng nhờ lối đá tổng lực, tấn công đẹp mắt, và giờ 20 năm sau Bayern vẫn như xưa, vẫn chơi tấn công mãn nhãn và CLB Bayern ko bao giờ phụ thuộc vào bất kỳ cá nhân hay ngôi sao nào, họ chỉ có bán cầu thủ cho CLB khác với số tiền trên trời chứ ko bao giờ họ bỏ nhiều tiền ra mà mua cầu thủ; hãy xem Lewansdowki mà xem,cả thế giới tranh nhau mua anh ấy từ Dortmund nhưng ko mua được vậy mà bayern lại mua được anh với giá rẻ bèo và sử dụng anh hiệu quả mấy năm nay, thậm chí nhiều CLB bỏ ra 2,3 trăm triệu bảng anh mua biết bao nhiêu tiền đạo cũng ko bằng số bàn thắng 1 mình Lewansdowki cống hiến cho bayern, ko có CLB nào mua sắp hiệu quả hơn Bayern ở 5 giải hàng đầu châu âu(ko tính Porto và Benfica vì 2 CLB này ko phải CLB mạnh bậc nhất châu âu,họ mua rẻ bán đắc chỉ để kiếm tiền chứ k phải để xây dựng CLB thành đội mạnh ở châu âu)",,,
Giờ anh chỉ dành năm cuối để chỉ bảo đàn em thơ chứ ngòi gì nữa. 20 gắng nặng Barca đè lên vai anh rồi chưa đủ sao? Không hài lòng thì sao không tống cổ anh đi như Real tống cổ Rô?,,,
Chắc lại đi spa tắm trắng để câu bạn trai đây mà!,,,
Cửu âm trân kinh đây ư,,,
Tưởng anh rủ thầy đi chơi golf chứ,,,
Cưới em i10 về làm vk 2. Trình bầy nhiều không cần thiết !!!,,,
"""Xứng đáng"" 2 từ thôi nhưng nói lên tất cả.",,,
tôi thì thấy ông Trump vẫn tốt và giỏi hơn các đời Tổng thống trước. Trump xứng đáng làm tiếp nhiệm kỳ 2,,,
"Khuyên bạn đừng mua i10 hay Morning, tầm tiền đó mua ngay Cam 3.5Q của chú em trên này, chú ấy rao bán cả năm nay không ai rước kìa, bạn mua xong còn dư tầm 50-70tr để phòng đang đi chết máy thuê cứu hộ cứu nạn và chi phí nằm gara tầm 1-2 năm, bao phê",,,
Sao mình thấy bây giờ Diễm Hương đẹp hơn lúc đoạt Hoa hậu 10 năm trước nhỉ? Không biết có nhờ đến dao kéo không nữa?,,,
"Thương bé quá, mong bé được trao cho 1 gia đình nào hiếm muộn nuôi dưỡng.",,,
Nên trùng tu lại để du khách và con cháu đời sau tham quan,,,
Mãi vẫn chỉ là dự đoán trong phòng thí nghiệm mà thôi.Bao giờ thấy thật thì mới là thật .,,,
"Kịch tính hơn phim hành động, kinh thiệt, buôn bán ma tuý bất chấp tất cả. Chúc các chiến sĩ cảnh sát mạnh khỏe bình an!",,,
Ở nhà mấy người lớn trông 1 đứa trẻ còn vật vã. Chả hiểu sao lại bắt 1 cô trông tầm 27 cháu bé khoảng 2 tuổi trong cả ngày?Hoàn thành được nhiệm vụ thì đúng là thiên tài,,,
"để cơ quan chức năng xem xét vấn đề an toàn thực phẩm của cở sở này, không nên nói cảm tính là họ đã nhận trách nhiệm ... B)",,,
"Thôi rồi nhiễm covid thì làm sao đủ sức ""tranh luân "" tiếp với Binden ",,,
Về quê mà tiếc tiền thì thay vì tháng ve 4 lần thì ve 1 lần thôi. Đi bus 1 đoạn rồi đi xe ôm ra tới là vừa. Đồ đạc thì nên kí gửi ở các bưu điện hay chuyển phát nhanh đi. Khỏi mang đồ lỉnh kỉnh nhìn chán. Tôi đi lúc nào cũng 1 cái túi đeo chéo đựng những thứ cần thiết. Đồ đạc gửi hết ra chuyển phát nhanh nó chuyển tới nhà cho luôn khỏi loằng ngoằng tiếc chi 100 ngàn,,,
"Dịch bệnh đã khiến cho ""chủ nghĩa tiêu dùng"" bị suy yếu nghiêm trọng. Nhưng luôn bị thổi phồng lên quá mức như là tận thế vậy, thực ra lúc này mới đúng là thời điểm người tiêu dùng xem lại cách chi tiêu của mình để nhận ra những thứ nào là cần thiết nhất.",,,
Xe i10 có cốp sau để đồ và có thương hiệu ở Thị trường Việt Nam lâu rồi,,,
Bản án thế này mới đủ sức răng đe,,,
real là clb vĩ đại chứ đâu có yếu đuối và nhu nhược như Mu đâu mà để cho các cầu thủ dắt mũi vòi tăng lương ký hợp đồng mới,,,
"Các bạn của chó đâu rồi nhỉ? Chó vẫn mãi chỉ là chó, đừng tôn nó lên ngang hàng với người.",,,
"Đoạn đầu Vios vàng bên trái lúc xinhan cũng liều quá, tạt đầu xe bồn. Thật may mắn không có thương vong. Xe bồn thì tội nặng rồi",,,
Sao ko thu âm tiếng chó sủa rồi cho phát ra loa ở khu vực voọc hay ra,,,
"Còn trẻ làm lại từ đầu vẫn kịp em trai, cố lên !",,,
Đọc mà buồn quá trời :(,,,
"ôi mấy con ngan nhìn ngon quá, tiết canh thì bá cháy luôn.....",,,
"Nếu mở rộng môn ngoại ngữ cho hs để được công nhận hs giỏi tương xứng với môn toán, văn và để đáp ứng nhu cầu cuộc sống sau này cho các em .Thì bộ giáo dục nên đưa thêm những tiết giao tiếp với người nước ngoài thay cho một vài tiết chỉ để ngồi chép bài",,,
Nước giàu chỉ có số tiền không lớn mà không giữ di sản của quốc gia ! Lạ !,,,
thấy vô đóng tiền điện là nhiều,,,
Nếu không có điều kiện đến phòng GYM. Tập theo mây bài này cũng đủ khỏe đẹp,,,
Làm ăn thất đức quá,,,
Tuổi thơ của tôi cũng 1 phần giống với nhân vật Ròm này! Tôi đã rất xúc động khi xem tới đoạn Ròm quay về mảnh tường (được xem là nhà) với đầy vết tích trên tường như những vết tích và vết sẹo trong tâm khảm của thời gian tuổi thơ của Ròm!,,,
Số 1 tầm giá này : attrage,,,
"Nếu so sánh với lãi xuất vay ngân hàng thì cũng có tăng gì đâu. Người ôm BĐS ngấm đòn rồi, ai cũng gặp khó khăn về tài chính tiền đâu mà mua.",,,
"Cá nhân tôi thấy Kona không đẹp, tham nhiều chi tiết ngoại thất, cùng là xe Hàn bạn chạy thử nhiều lần rồi quyết.",,,
bây giờ vẫn còn mê,,,
Tỷ số khiến người khác không khỏi nghĩ tới một diễn biến tương tự :O,,,
"Rốt cuộc, ai là con mồi? :')",,,
Bên Đức thì trước khi gọi cảnh sát tới còn phải đắn đo vì người gọi cho cảnh sát phải trả lệ phí 60 ( tuỳ thuộc vào tình huống ).,,,
Đương nhiên nhiều đồng minh giờ cũng trở thành đối thủ thôi.,,,
"Nêu chạy dịch vụ nên mua xl7 đơn giản, vì nó là xe nhật đơn giản và thực dụng, thực dụng đến nỗi ko có gì để hỏng.",,,
Đá cho vui thôi mà tính toán ghê vậy .,,,
"tại sao trung quốc cấm nước ngoài vào thị trường lâu rồi mà giờ mới rời đi nhỉ , quá muộn.",,,
Về phố đi bộ Bùi viện và phố đi bộ nguyễn huệ sẽ thấy nhiều cha mẹ chăn dắt con đi xin tiền...,,,
bà con được lộc tích trữ cho đợt mưa bão số 5 này,,,
Xã hội cứ thay đổi tốt dần lên . Tuyệt vời,,,
Sinh nghề tử nghiệp...xin chia buồn,,,
Việc đô thị hóa làm nước mưa ko có nhiều không gian ngấm nước mưa xuống đất. Hệ thống thoát nước có thể chưa đồng bộ tuy nhiên ý thức của người dân mới quan trọng. Việc vứt rác bừa bãi làm giảm tiết diện và dòng chảy của nước trong đường ống thoát làm nghiêm trọng vấn đề lên. Chung quy mình khổ cũng vì mình thôi.,,,
Không nên động vào giấc ngủ của họ.,,,
"Bale chạy tốt 100m, ông thần khiêm tốn thôi. Chạy lại nào Bale !",,,
"Gia đình, nhà trường và xã hội cần đồng bộ để giáo dục và quan tâm con trẻ chặt chẽ hơn.",,,
Đan Trường cái tên gắn liền với 8X.,,,
"MV hay,toàn là sao hài mà tôi yêu quý,đức phúc đỉnh thật./",,,
"Vụ án quá ly kỳ. Cho xin hỏi, bằng cách nào mà bọn bắt cóc có thể biết cô gái ấy có một tinh thần vững chắc? Cho xin chút ý kiến ah. Cảm ơn.!",,,
Vái trời ông đừng chấn thương. NHA khốc liệt hơn nhiều và Bale ko còn trẻ khỏe như xưa,,,
Cá rô đồng nhìn nhớ quê quá.,,,
Quá khốn nạn và nguy hiểm. ,,,
"mấy người lao động nặng bê vác nặng sau này đều có vấn đê xương khớp, ko có cái sự đẹp nào ko phải trả giá.",,,
"Mô hình Điện máy xanh mini này rồi sẽ ko hiệu quả nữa thôi.vì tâm lý người mua thích đến nơi rộng lớn nhiều mẫu mã để lựa chọn,rộng rãi mát mẻ cả nhà có thể đi dạo chung để xem như đi siêu thị.vv...",,,
Mẹc xịt chỉ đc cái dựa hơi vào bác sa. Chứ Trình như vậy mà sang ngoại hạng chắc gọi là Mẹc Tịt thôi. Hí hí,,,
"Phức tạp nhỉ, giờ còn phát sinh một loạt thủ tục đổi hộ khẩu, sở đỏ, CMND theo tên đường thay đổi :( :(",,,
Bình thường nó cũng có báo lời đâu. Toàn báo lỗ ngàn tỷ đấy thôi.,,,
Hoa hậu yêu thích nhất,,,
Hưng Hát sao thấy tội cho bài hát quá,,,
Tôi biết rất nhiều người Mỹ gốc Việt từng bầu cho Hillary năm 2016 nhưng sẽ bầu cho Trump năm 2020 này,,,
"Rất nhiều bác tài tham gia giao thông bị báo lỗi sai làn nhưng thực tế chỉ là không tuân theo biển báo, vạch kẻ đường.",,,
"Ở nhiều quốc gia, trẻ em được học bơi rất sớm. Hồ bơi cũng khá đơn giản, chỉ là những hồ bơi bằng vải bạt được bơm căng lên. Hồi tôi còn ở Úc năm 2001, tôi thấy hầu hết trẻ ở các lớp mẫu giáo đều có thể bơi lội được.",,,
"với 25.85 điểm, con gái mình đậu vào Quản trị luật rồi !",,,
"May mắn quá,ra đường giờ hông biết hung thần từ đâu xuất hiện luôn,chờ đèn đỏ cũng hông tha,mong ai cũng được bình an khi tham gia giao thông!",,,
"Mình thấy Binz chất giọng rất hay và ấm áp nên Rap Melody sẽ hay hơn. Đặc biệt thích mấy bài Sao cũng được, OK, So Close, So Far.",,,
Lại bão nữa sao ....,,,
"Theo mình nghĩ, vì là pate chay làm từ các loại nấm và không dùng các chất phụ gia, chất bảo quản nên khi để lâu thì chính các loại nấm sản sinh độc tố, khuẩn, mốc dù đã qua chế biến. Chủ cơ sở sẵn sàng nhận trách nhiệm và đang làm hết sức mình để khắc phục hậu quả là một điều cần động viên vì mình tin họ cũng không thể ngờ nặng dữ vậy chứ không phải biết hậu quả mà vẫn sản xuất gian dối. Thôi thì chúc các bệnh nhân mau khỏe, cơ sở mau vượt qua khó khăn khủng khiếp này.",,,
Mong ông sớm khỏe mạnh ️,,,
Cái chỗ này mà trót lọt thì lại không biết bao nhiêu gia đình tan nát. Nhà mình cũng có người nghiện ma tuý nên mình hiểu rõ nỗi khổ nó như thế nào.,,,
đọc như truyện thám tử sherlock homes,,,
"Hóc môn và Gò Vấp ngày xưa không biết ngập vì nền đất cao, giờ mọi chuyện đã khác xưa...Bà con không nên có thói quen bỏ rác xuống cống nữa nhé.",,,
Sao họ kg làm giả giấy tờ để đi vay tín dụng đen nhỉ?,,,
hy vọng những người còn lại thông qua báo chí và các tin tức trên mạng cũng đã biết.nếu ko hậu quả sẽ nặng thêm nữa,,,
"Thi gần 20 lần. Nhận được điểm 8.5 vẫn còn có cảm giác thất bại.Cậu ấy như thể là CR7 của môn ""thể thao"" tiếng Anh vậy",,,
"Kể cả nhà tù cũng nên áp dụng hình thức này chứ không chỉ cai nghiện, nhà tù không phải nơi vào nghỉ ngơi, xả hơi, làm quần quật sáng đến tối, như vậy thì người ta mới sợ vào tù, sau khi ra tù thì không thứ lao động nào còn ngán nữa :-)",,,
Tôi chả thiện cảm cô Megan này. ,,,
Pháp luật cần trừng trị nghiêm những kẻ như thế này! Rất tội cho các bé!!!,,,
Dần về sau trẻ em sẽ không biết được bánh trung thu truyền thống có vị như thế nào,,,
Em trai Nên từ bỏ ý định bắt rắn nghe.. trong suốt cuộc đời này,,,
Thời này mà còn có nhiều người khổ vậy ta!,,,
"Kết cục cho cuộc tình tay 3, đường ai nấy đi",,,
Tôi mà đi mua những món có pate như bánh mì và xôi thì câu cửa miệng luôn là không bơ pate.,,,
Vậy em này có thi được olympia không?,,,
"Chẳng nhẽ những người này không đọc báo, nghe đài, xem tivi?????",,,
Hậu quả của các công ty tài chính cho vay 1 cách dễ dàng. Chỉ cần CMND và Giấy phép lái xe,,,
Cameron Diaz nụ cười chết người.,,,
Chúc mừng ông không bị lây bệnh từ Trump. Nhiều sức khoẻ dẫn dắt nước Mỹ trong 4 năm tới.,,,
H henie của mình đâu rùi???,,,
Nắng mưa là chuyện của Trời. ,,,
"Bốn bộ ngành giám sát , trách nhiệm chia đều cho 4 bộ?",,,
"Xe Trung Quốc bây giờ vượt trội xe Đức/Âu/Hàn về trang bị công nghệ. TQ lại làm chủ chuỗi cung ứng và là thị trường oto lớn của Đức/Âu. Các hãng xe TQ còn là chủ của các hãng xe Đức/Âu.Xe TQ bây giờ hơn xe Đức/Âu/Hàn. Giá trị cốt lõi thì cũng ngang xe Đức/Âu/Hàn ở mức kém, kém xe Mỹ ở mức trung bình và thua xa xe Nhật ở mức cao. Thân!",,,
"Con mình 2 năm nữa mới vô lớp 1 nhưng mình đang chuẩn bị tinh thần là ngày nào cũng sẽ bị cô mắng vốn viết chậm, đọc chậm, học dở,...kệ hết chứ biết sao giờ. Sao giáo viên lớp 1 lại gấp gáp thế nhỉ? Mới lớp 1 mà đã bắt học cắm đầu cắm cổ rồi còn thời gian đâu mà vui chơi sáng tạo.",,,
"Nói thật mấy bác đạp xe tập thể dục thì tốt thôi, sức khỏe, bền bỉ, nhưng làm ơn đừng vượt đèn đỏ nữa, chưa thấy mấy bác đạp xe nào dừng đèn đỏ khu tôi cả, cứ thế là lách lên đi thẳng. không hiểu các ông ấy tự cho quyền mình được vượt từ bao giờ. Chán mấy ông đấy luôn.",,,
"Alibaba tính làm hệ sinh thái: vừa bán hàng, cho Grab đảm nhiệm đi giao",,,
Trump dương tính covid chỉ làm cuộc đua thú vị hơn thôi!,,,
"Thương tâm quá các con ơi, cha mẹ các bé ở đâu mà để bé 2 tuổi đi tắm ao.",,,
Lần tránh cử trước với bà Hillary ông cũng bị dồn vào đường cùng và ít người nghĩ ông ấy lật ngược được thế cờ vậy mà ông lại thắng áp đảo. Lần này mong ông chóng bình phục và có thể lật ngược tình thế trong những ngày cuối,,,
"Từ Nga nhập cảnh về và chuyên gia Ấn Độ vào nước, hầu hết đều nhiễm Covid. May là có cách ly tập trung. Mong sao VN áp dụng cách ly tập trung tối thiểu 14 ngày để nâng cao độ an toàn khi dần dần mở cửa lại.",,,
Văn minh quá cũng là một cái hại,,,
"Mình có cách giải thích sau giống với mọi người đã nói, tuy không chặt chẽ nhưng hi vọng sẽ trực quan nếu mọi người chịu khó vẽ hình.Nếu chúng ta có một tam giác ABC cân tại A, và cố định đường cao từ A có chiều dài x. Thì khi kéo 2 cạnh bên ra xa (làm cho góc A gần 180 độ) thì mỗi đường cao còn lại sẽ có độ dài xấp xỉ 2x. Tức là tổng cả 3 đường cao xấp xỉ 5x, và chúng ta chỉ cần chọn x sao cho 5x nhỏ hơn 0,001. Trong khi đó nếu kéo 2 cạnh bên ra xa thì diện tích sẽ lớn tuỳ ý, vì cạnh đáy càng lớn mà đường cao từ A cố định.Thực tế những con số đề bài đưa ra không quan trọng. Bạn có thể bắt đường cao nhỏ hơn độ dài cố định nào đó mà vẫn đạt được diện tích lớn tuỳ ý.",,,
"Fadil chạy rất êm, rất chắc, cách âm tốt, trang bị an toàn cao hơn i10. Bạn mua cho gia đình thì Fadil là phù hợp. Chúc bạn mua được chiếc xe như ý.",,,
"Chuẩn lắm luôn.Thay vì ép con hoàn hảo, trở thành người giỏi nhất trường, phụ huynh nên tôn trọng tính cách của chúng, mở rộng ý tưởng về sự thành công để nuôi dạy đúng hướng.",,,
"Đau lòng quá,2 chị e.khóc ròng thương 2 e.Mình thực sự k cầm đc nước mắt.Mỗi lần đọc bài thấy tai nạn các e đuối nước...vvv tất cả những điều này trong tầm kiểm soát của người lớn chúng ta mà để xảy ra hoài.",,,
Tiềm năng não bộ của trẻ phải được sử dụng và khai thác ở mức vừa đủ với khả năng của trẻ. Việc khai thác quả mức sẽ ảnh hưởng tiêu cực đến tư duy và sức sáng tạo về sau.,,,
Con này là Dingo!,,,
gớm thật không chữ nghĩa nào có thể diễn tả được loại ác nhân này .,,,
Trận cầu 8 - 2 đã làm thay đổi cả Barca.,,,
Lại là ma tuý dẫn lối,,,
Đánh 1 cháu bé thì thật xấu hổ truy tố hình sự đi tôi ủng hộ,,,
Không thể để đi vì ông không thấy đội nào chịu bỏ tiền ra mua thôi.,,,
Thời gian không chừa 1 ai,,,
"Tài năng nở sớm nếu không kế hoạch chăm sóc ,nuôi dưỡng và sử dụng cho khoa học thì rất lãng phí cho đất nước .Thế giới đã từng để thui chột những con người như vậy",,,
"soluto vẫn ổn hơn chứ, máy móc tất nhiên bốc hơn CVT rồi",,,
"Phải đợi phân hủy rồi mới làm phân cá, các thanh niên a.",,,
Chắc bà cũng có võ nên mới biết thế mà oánh,,,
"Quá khổ, sao chính quyền lại có thể dễ dàng để cháu bị người không đủ hành vi dân sự tiếp tục bạo hành vậy? Lẽ ra cháu phải được chính quyền can thiệp triệt để ngay khi được thông báo lần đầu thì cháu bớt khổ lâu rồi, tội nghiệp cháu quá",,,
"Cái bóng của CR7 quá lớn ở Real. Mùa vừa rồi có thể vô địch LaLiga là do Barca suy yếu và Si không muốn cống hiến, nội bộ lục đục. Mùa này nếu vẫn chủ quan không tăng cường, làm mới lực lượng thì dự đoán Real trầy trật ở top 3 La Liga và tứ kết C1 giống Barca và Si mấy năm vừa qua.",,,
"I10 gần như ko có đối thủ trong cùng phân khúc, đẹp phết",,,
Vấn đề muôn thuở: ý thức,,,
"Phạt 11 tỷ USD, giờ BMW lại 18 triệu...nào là gian lận khí thải, nào là khai khống doanh số...các fan cuồng Đức vẫn hâm mộ lắm.",,,
Bale không cần phải bứt tốc như cách đây 7 năm vì đã có Son làm thay.Việc của cậu này là dùng kinh nghiệm để mang đến đột biến trong trận đấu.,,,
"săn bắn sống chan hoà với thiên nhiên lạnh giá, nghe chừng có vẻ buồn nhưng thật là tuyệt vời",,,
Ai lại tới đội là khách mời Euro pa ??? Người ta đang ở C1 danh tiếng đó,,,
Xin cho hỏi nếu không có biển phân làn và dưới đuòng không có muổi tên thì oto xe máy đi thế nào cho đúng? Cám ơn.,,,
Tôi ăn chay và tự làm món chay. Bởi thấy các món chay mà làm hình thù giống món mặn nên k khoái,,,
"Rõ ràng là Trump làm cho Biden cứng họng nhiều lần, và bây giờ Biden đang tìm mọi cách hướng dư luận ra khỏi những giây phút hổ thẹn đó.",,,
Chúc mừng bạn . Bạn thật giỏi,,,
Mua sớm 5 năm còn hơn mua muộn 5 phút.,,,
Thương Lắm khúc ruột Miền Trung!,,,
"Thực ra dù bạn đạt 9.0 Thì bạn vẫn không thể bằng một người Mỹ bình thường về khả năng ngôn ngữ được, vì đó là tiếng Mẹ đẻ của họ. Mình rất khâm phục bạn vì sự đam mê ngôn ngữ. Tuy nhiên mình muốn nói với mọi người là Tiếng Anh không phải là một thước đo đúng và phù hợp cho giáo dục. Nó chỉ là một kỹ năng rất nhỏ trong tổng thể để thành công. Đừng ép con mình nếu chúng chưa thích ngoại ngữ",,,
"Lại 1 lần nữa cảnh tỉnh về tình trạng các cơ sở sản xuất nằm len lỏi trong các điểm dân cư đô thị. Quy định về PCCC đối với các cơ sở này và trách nhiệm trong Quản lý trật tự của Chúng ta. Rất may không có thiệt hại về người, nhưng là bài học lớn. Hi vọng tương lai tươi sáng!",,,
"Nên áp dụng hình phạt cao nhất và sửa lại độ tuổi chịu trách nhiệm hình sự, chứ với hành vi côn đồ và dã man thế này, ra ngoài lại sẽ là 1 mối nguy hiểm rất lớn cho xã hội và cộng đồng !",,,
"Đúng là ""MA"" túy khiến con người trở thành MA",,,
"Thà làm phim còn hơn bởi vợ chồng cô này chẳng bao giờ thật lòng, toàn diễn.",,,
@ - @ nhìn bánh của ông hấp dẫn hơn mấy loại bán tràn lan ngoài đường,,,
"Không biết nước ngoài ntn chứ mình ủng hộ nhà trường. Các em còn trong độ tuổi thiếu niên nên tập trung vào việc học, nếu cứ để cho các em tự do thể hiện cái tôi bằng vẻ bề ngoài như vậy thì đối với trường học là nơi tập trung rất đông các thiếu niên ở độ tuổi thích thể hiện thì nhà trường sẽ rất khó quản lý & hướng các em vào mục tiêu chính là học tập.",,,
"Cũ mới rồi chi phí cũng lại đổ lên đầu khách hết. Xăng tăng thì giá vé cũng lên, bến xa thì vé cũng sẽ cao hơn. Tóm lại thiệt thòi vẫn là người dân. Dù đi bằng gì thì cũng thiệt.",,,
nhìn như cầm chiếc giày nói chuyện,,,
"Khi mỗi tối gia đình tôi học như đánh vật, cả ngày ở lớp k nhớ nổi học những cái gì, vì quá nhiều bài vở, cô lại phát những sách học thêm để tập tô, tập viết, mỗi buổi cả nhà stress. Tôi k hiểu cải cách giáo dục kiểu gì nữa.",,,
Này ác quỷ chứ không phải con người.,,,
Hãy bán vàng và gởi tiền vào ngân hàng. Tầm 6 tháng nữa hãy mua đất bạn nhé.,,,
Thương các em quá. Mong rằng các bạn trẻ hãy cân nhắc thật kỹ trước những hành động của mình. Càng ngày có nhìu trẻ e bị bỏ rơi nghe mà xót xa.,,,
"Ngày nào cũng thế, đã có quy định rõ ràng phương tiện thô sơ chỉ đc chạy làn trong cùng, xe máy chạy 2 làn trong, xe hơi làn giữa và làn ngoài cùng. Cứ 1 ông lách ra làn ngoài là cả đoàn tách theo. Đã chứng kiến 3 người đi xe đạp bị húc văng khi vượt đèn, khi hỏi thì lại bảo tại sao không biết nhường đoàn đua?",,,
"Thật sự không hiểu nổi sao còn tồn tại những người mẹ, người cha đánh đập, hành hạ chính con ruột của mình như vậy. Thời gian sẽ xoá vết thương trên thân thể, nhưng vết thương trong tâm hồn thì không.",,,
"Mua xe để đi làm đương nhiên là chọn Fadil rồi, xe tốt, hậu mãi tốt, dịch vụ chính hãng chuyên nghiệp và giá rẻ. Mặc dù đang chạy i10 nhưng vẫn phải dành lời khen cho Fadil.",,,
"Cháu xin chúc chú và em Bôm luôn vui sống, an yên và gặp nhiều may mắn. Mỗi lần cháu đọc tin về em Bôm là thấy cuộc đời thêm tươi sáng!!!",,,
Sao ko thả lại tự nhiên?,,,
"Tội nghiệp mấy bé quá. Người lớn lúc ốm đau, nằm viện còn rất cần người thân bên cạnh,còn các em đã mồ côi lại còn thế này nữa, thật là thiệt thòi cho các e quá! Hãy cố gắng sống tốt nha các e.",,,
"Ở đâu cũng có những kẻ vô ý thức, tội nghiệp con cua bé",,,
Nếu lúc vàng đạt 6tr bán đi rồi giờ mua lại cũng được 1 khoản rồi. Giờ mới suy nghĩ bán thì hơi thiệt,,,
"Ông phải xét nghiệm tới chủ nhật, nếu vẫn âm tính mới yên tâm. Ông Trump bữa thứ ba chắc đã nhiễm rồi, lây cho ông thì thứ sáu âm tính cũng chưa chắc.",,,
Ấn Độ vẫn còn quá cổ hủ và phân biệt giai cấp quá lớn không xứng với vị thế một cường quốc.,,,
Ngày mới hy vọng mới và niềm tin mới. Chúc thế giới an lành.,,,
"Chúc bé hồi phục sức khoẻ, sớm trở lại trường thực hiện ước mơ cuộc đời . Chúc cháu khỏe, thành công trong cuộc sống",,,
Các bạn Cuba thật Xứng đáng với sự cống hiến của họ. ,,,
Vợ chồng tôi có gần 80m mặt tiền đường 32m ở một thành nhỏ đang xây dần kiot cho thuê. Tự nhiên gần đây đòi mua đất Đà Nẵng để đó.,,,
"Đứa 2 tuổi có biết gì đâu cơ chứ, gia đình không có người lớn trông lại để trẻ con trông nhau rồi",,,
"Bây giờ các đội bóng Italia đều tăng cường từ huấn luyện viên cho đến các cầu thủ cả rồi, nên tính cạnh tranh sẽ cực kỳ cao, không như laliga quanh đi quẩn lại chỉ vài đội có thực lực tranh chấp chức vô địch thôi,",,,
"Chúc mừng ""cây hài RAP VIỆT"" Wowy B)",,,
Đoạn cuối nhìn Jen già quá xá.,,,
"""UEFA cho phép 15.000 khán giả vào sân Puskas, Budapest, trong đó có 1.000 người đến từ Đức, 500 người từ Tây Ban Nha. "" :D",,,
A di đà phật.,,,
Thương quá! Hết cây rồi đến tường đổ chết học sinh.,,,
"mình thì ấn tượng với Ngôi Nhà Bên Hồ, mối tình xuyên không.",,,
Chuyện thường trên thương trường. Hơn nhau ở chỗ giấu kín bao lâu và mức độ nghiêm trọng.,,,
"Bán không ai mua- Không có tiền- Đã có nhà- Mua cho thuê, nhưng không ai thuêSao giá vẫn tăng, chủ đầu tư vẫn ôm, ôm đến khi nào ko đủ tiền trả lãi ngân hàng thì bể. Không tin cứ chờ mà xem nhé. hehe",,,
bạn nên đầu tư vàng là ổn nhất!,,,
Bọn dã man! người ta đã bỏ chạy rồi còn truy cùng giết tận! A di đà phật,,,
Mỗi lần thấy nhà vua là trong lòng lại thấy buồn rượi :'( Wakanda Forever,,,
"Đã mặc trên người áo sơmi và quần jean của Brioni... cảm giác thực sự rất khác biệt, xứng đáng với số tiền bỏ ra",,,
"Ba mẹ sanh mình ra cơ thể lành lặn, đầu óc bình thường thấy may mắn quá đi. Thôi con chẳng bao giờ dám than thở, trách cha mẹ chuyện chi nữa :(",,,
"Nên xử lý nghiêm để răn đe kẻ khác, còn rất nhiều kẻ muốn ăn sẵn mà không cần đầu tư.",,,
"Con vật nó cũng có cảm tính , đôi khi còn nhạy bén hơn con người , do vậy nó tấn công cũng là có nguyên nhân sâu xa của nó , mà con người chưa hiểu đc để khắc phục , hoặc có hiểu nhưng cố tình ko muốn sửa . Căng lưới chỉ là biện pháp tạm thời , chữa phần ngọn , chưa phải gốc .",,,
đánh bùm bùm là như cái mềm luôn kkkk xin chúc sức khỏe hai cụ ạ .,,,
"Nói chung là đừng có kiểu nhân viên gọi tư vấn lẽo nhẽo cả ngày. Ai là tài xế đường dài chắc biết lái xe tập trung cao độ như thế nào? Hết đưa này đến đưa khác gọi tư vấn bla bla, mà vay rồi chưa kịp đóng lãi thì nói không ra gì cả. Ở đâu có kiểu làm ăn như vậy. Sđt tôi còn khách hàng gọi mà cứ suốt ngày goi đến làm phiền. Nói ít nhát cũng nửa tiếng. Tìm cách từ chối khéo rồi lát lại thấy gọi. Cúp ngang thì gọi lại nói là bất lịch sự.",,,
"Bạn vào trang csgt dot vn, góc trên bên phải có ô tra cứu phương tiện vi phạm. Điền theo hướng dẫn nếu ra ""Không tìm thấy kết quả"" thì xin chúc mừng bạn",,,
M có nhiều giải giao hữu quá nhỉ,,,
"Người thì mong muốn có con mà không được, kẻ thì chỉ mong vứt được con đi tội nghiệp các bé vào nhầm nhà(nam mô a di đà phật).",,,
Tôi nghĩ 1 năm sau là đáy nhưng mua giờ giá cũng tốt rồi.,,,
Trận Juve Ronaldo cũng hôi pen do CR7 kiếm được mà thôi.,,,
"Vầy mà fan cuồng Pep còn u mê lắm, kkkk",,,
Vui không trọn ngày,,,
Chưa có bằng lái và sử dụng ma túy. Đâm chết 2 người.Mà chỉ 30 tháng tù ?,,,
Cố lên Việt Nam! Đất nước chiến thắng!,,,
"Nữ diển viên nước ngoài mà tôi yêu thích nhất, cả về tài năng, tính cách, lòng nhân ái của cô ấy thật tuyệt vời",,,
"Ở Mỹ ko có CMND và Hộ khẩu . Người sống ở Mỹ chỉ có cái ID và Social là quan trọng . Để mất 2 thứ này người dân sẽ gặp rất nhiều rắc rối . Việt Nam mình cái hộ khẩu thì ko nói , còn CMND hầu như ko quan trọng lắm , mất thì làm lại rất dễ và thậm chí có người không mất cũng báo mất để làm thêm 1 cái nữa . Hiện tại Việt Nam ko ít người sở hữu 2 CMND trở lên . Vậy nên kẻ xấu lợi dụng CMND của 1 ai đó để trục lợi cho bản thân ở Việt Nam là điều dễ như trở bàn tay . Đừng trách ai khi sự quản lý về giấy tờ quá lỏng lẻo .",,,
Tổng thống Trump không chỉ có tinh thần tốt mà ông còn tràn đầy năng lượng. Tôi lạc quan rằng ngài ấy sẽ hồi phục rất nhanh và nhanh chóng quay lại cuộc đua với ông Biden...,,,
Fadil nha bạn . Xe cứng cáp và nhiều trang bị an toàn,,,
"Thường thì đồ chay phải từ tâm, vì món chay làm chủ yếu bán cho người ăn chay, tu tâm dưỡng tính. Tuy nhiên, chủ nhân làm món này không có tâm ắt sẽ gặp quả.Xin chia buồn cùng thương hiệu này.",,,
Chúc mừng M82 sau bao sóng gió anh cũng đã đứng ra nhận cup =)),,,
Món này ngon hơn thỏ vày cầy tơ,,,
Bay mà có 130 km/h thì liệu có hơi chậm?,,,
"bình thường không sập, lúc mới khai giảng lại sập",,,
Bố mẹ Hàn đừng cho con cái đi theo con đường nghệ sĩ nữa. Biết bao nhiêu tấm gương rồi. Còn ai đi theo con đường này thì phải cứng rắn lên mới được.,,,
Em bé 2 tuổi rưỡi đi học với chiếc ba lô bằng giá 1 chiếc ô tô con. Nhà không có gì ngoài điều kiện nó khác thật!,,,
Ảnh năm 2020 thật là ý nghĩa :),,,
"Không nên mua xe trung quốc, muốn mua xe giá rẻ thì có thể mua xe Hàn Quốc cũng tạm được. Ôm con xe này vào mệt người.",,,
Tội hiếp dâm là phải xử thật nặng...,,,
"- Cảm ơn! Nhưng đừng lo, phượt thủ chuyên nghiệp mà. ))",,,
"Xử lý rất hay,chúc các chiến sỹ mạnh khoẻ",,,
đau đớn quá con ơi.,,,
"Các em không có sốt,ăn canh nấu chín, thịt kho mặn thì vi khuẩn từ 2 món đó không phải nguyên nhân tiêu chảy. Phải tìm lý do khác. Ngộ độc từ bầu, bí không hiếm nhất là những trái mềm và có vị đắng (cucurbitacin). Khác với tiêu chảy vì vi khuẩn thì có chứng buồn ói, không tiêu hóa.",,,
"Sinh ra và lớn nên ở miền bắc nhưng không hiểu sao nghe những ca khúc về xứ quảng, xứ nghệ thấy rất tình, cảm như người con ở đó vậy!",,,
"Quá ok, nhiều ông tham quá nên đau. Quê tôi có cô em đi lấy chồng khi ly hôn về xin người anh cất căn nhà nhỏ ở mé vườn. Do cha mẹ đã mất nên người anh kg cho lý do là con gái lây chồng theo chồng nên kg có phần. Tham quá. Cực chẳng đã. Cô em phải đưa ra Tòa. Kết quả là chia đôi hết. Và tình nghĩa anh em cũng hết.",,,
"Không có ý thức gì cả, lợi dụng đi cả đoàn không ai dám làm gì mà vô tư chạy hết cả đường.",,,
"Tôi thích những chiếc bánh trung thu truyền thống, nhìn vào tôi biết ngay là bánh trung thu còn những chiếc bánh ở trên nhìn vào tôi tưởng là bánh bao hay bánh gì đó. Tôi muốn con cháu tôi sau này được ăn những chiếc bánh truyền thống mà tuổi thơ tôi được ăn chứ những chiếc bánh trên nhìn thì đẹp nhưng gọi là bánh trung thu thì quá kém sang.",,,
Chẳng khác gì ba lô 10 usd cả.,,,
Bài phân tích hay!Cảm ơn Tác Giả!,,,
chứng minh:1. Tổng chiều cao=1km. S=51km2 tồn tại ko?2. Tổng chiều cao =1km s=510km2 có tồn tại ko?3... nếu các trường hợp trên có tồn tại thì lời giải bài toán là có.,,,
Những người có trách nhiệm và những cơ quan có khả năng can thiệp đâu hết rồi nhỉ?,,,
"Vooc là loài leo trèo, lưới cao 10 m có thể ngăn được nó không trèo qua không?",,,
"Morning nhập 2012 chạy cũng ổn đó bác, thích sedan thì xem thử Cruze.",,,
Nguy hiểm quá. Chúng mà chống trả thì sao?,,,
Miền Tây mà xong các cao tốc này thì tha hồ phát triển du lịch. Em rất thích cuối tuần về miền Tây nghỉ ngơi nhưng quá ngán khoản đi lại.,,,
"Rất thực tế. Bây h trẻ, già đâu có mấy ai ăn bánh.",,,
Rất có thể gặp lại và chuẩn bị được ăn hành,,,
Rất thiết thực,,,
"Quá tuyệt vời, cố lên làm cú ăn 6 đi.",,,
"Hậu quả của việc khai thác nước ngầm gây sụt lún và bê tông, đô thị hóa.",,,
"Chỉ có thể nói, can đảm, quyết đoán và giàu lòng tương trợ. Ngã mũ khâm phục ""đại hiệp lảo bà bà""",,,
"Lần nào đọc bài về 2 người này, mình cũng xúc động ! Mối tình đẹp quá, dù có thế nào cũng không thể cách xa !",,,
rồi không chừng lại như Gary Neville =)),,,
"Chỉ khi nhà chức trách cấm kinh doanh thịt chó , thì chắc giảm đi nhiều!",,,
chúc anh và gia đình luôn khỏe mạnh. Nhất là cháu Bom sớm ra được album nhé,,,
"Lại nghĩ đến cảnh hạn hán, thấy xót xa. Rừng đầu nguồn, hồ điều hòa, kênh mương thủy lợi ơi.",,,
Các bà vợ chớ có tiêu hoang nhé,,,
"Bán arthur là sai bài rồi. Bán Su thỏ giá rẻ lại càng sai. Quản lý quá yếu kém. Giờ lại theo con đường đồng hương Hà Lan, tin tôi đi chỉ nửa mùa ông hlv này lên đường.",,,
đại học bây giờ vào rất rất dễ. 80-90% các em đậu tốt nghiệp đều có thể học đại học dc nếu muốn.,,,
"Cay nhỉ, tiền của mình lại toàn phải đưa vợ giữ. Mà xài như quỷ thì ai mà chịu nổi. Phận làm trai khổ lắm",,,
"Tới giai đoạn robot chiến đấu thay con người rồi , hồi xem chiến tranh giữa các vì sao , cảm giác robot còn là 1 khái niệm xa vời , đến nay đã có robot hút bụi chạy quanh nhà .. Con người không nên phát triển các loại vũ khí hủy diệt , có lượng lớn khoáng sản tài nguyên ngoài không gian , sao ko hợp tác khai thác, nhìn chằm chằm vào điểm tài nguyên trên trái đất làm gì ...",,,
"Với tầm tiền đó thì Fadil là chuẩn, nhưng khi chạy cao tốc đôi khi sẽ cảm thấy ""ngộp"" bởi xe khác, nên cố thêm chút nữa chọn Eco Sport thì đảm bảo thỏa mãn.",,,
"Lớp 1 mà học như thế này thì cận hết. Khổ thân các con, học mà không có thời gian chơi.",,,
Đồng phục mà như trang phục cho phim kinh dị thế!,,,
Hạnh phúc mà !,,,
Rất nhiều lái xe hay bị lơ mơ về lỗi này . Cứ thấy CSGT tuýt 1 cái rồi thông báo lỗi sai làn là y như rằng . .......,,,
"Một cơn bão Trời cho các miền khô hạn nặng Miền Trung Việt Nam, nước cạn sông Mê Công tăng lũ về Biển Hồ , thêm lũ về Miền Tây Nam Bộ, qua đến cả Thái Lan cấp cứu khô hạn nặng . Nam môi A Di Đà Phật .",,,
Đừng đi theo vết xe đổ của si lùn rồi lại đến lúc đẩy đi không CLB nào muốn lấy về,,,
"Nhờ đeo khẩu trang đó, cẩn tắc vô ưu là vậy.",,,
Bệnh tiến triển nặng từ ngày 7 -14 cho nên hiện giờ chưa có gì gọi là lạc quan nhưng dấu hiệu khó thở là virut đã tấn công phổi nên nguy hiểm vẫn còn rất cao.,,,
Nhân cách tuyệt đẹp. Diễn đỉnh cao. Nói chung cực kỳ ngưỡng mộ và mê mẩn Keanu cùng với DiCaprio!!!,,,
Chúc ĐMX phát đạt và nhập nhiều hàng Ferroli,,,
Tiếng chuông cảnh tỉnh cho người thích ăn hoa.,,,
"300 ở đâu đấy đúng đời xe đi như thế tôi mua mấy cái ,xin lỗi các bác ko phải chê đâu ,đi dòng này sướng hơn cả atits ,chứ đừng nói gì mấy loại vios , city acen",,,
Hy vong lần này chúng ta sẽ khống chế hoàn toàn được Covid 19,,,
Một ngày không ca nhiễm mới .Vui mừng Chúc mừng Việt nam,,,
"Cơ sở hạ tầng vượt trội.Hệ thống thông tin đứng hàng đầu thế giới.Mạng lưới công nghiệp phụ trợ đáp ứng đủ yêu cầu từ đơn giản đến cao cấp.Nói đâu xa, bạn thử tính phí ship hàng xem. Chuyển hàng từ Đại Lục về Việt Nam thì nhiều khi chỉ mất 10k, trong khi cũng hàng đó mà chuyển trong nước thì có thể lên tới 50k.",,,
"Cảm ơn Trời Phật đã đem phước lành đến cho Con.Chào mừng con đến với thế giới này.Nguyện cho con luôn mạnh khỏe, một đời Bình An như tên của con.Chúc nhóm thiện nguyện luôn mạnh khỏe.A Di Đà Phật! A Di Đà Phật! A Di Đà Phật!",,,
"Làm tiết canh thay tiết bằng củ dền đỏ và bột sương sáo cũng ngon mà an toàn, độ ngon cũng đạt 70-80%.",,,
Ô zui quá xá là zui...,,,
"Em sinh ra là thần đồng rồi, em giỏi quá, thật ngưỡng mộ",,,
"Mình để ý ở nước ngoài dường như người ta tập cho bé trai mặc quần lót từ lúc có thể tự mặc quần áo, nó cũng giúp bảo vệ những rủi ro dạng này.",,,
moon Nguyen day rat hay,,,
Đáng yêu <3,,,
"thực ra, khi tranh luận, một bên ngắt lời bên kia cũng có lý do, nếu đúng, ko ai ngắt lời cả, hay nói cách khác, nếu đúng mà bị ngắt lời thì cái 'đúng' càng có cơ hội để mở rộng ra, lý giải chi tiết thêm. nhưng quả tình, ông Joe Biden ko hề dừng lại để trả lời chi tiết cho ông Donald Trump. với nghiệp vụ tình báo, phân tích tâm lý tới những nội dung cụ thể, tôi tin CIA có đầy đủ kết luận về cả 2 phía. Hy vọng, lần sau, mỗi khi ông Donald Trump ngắt lời, ông Joe Biden có trách nhiệm trả lời luôn và ngay tại điểm mà ông Trump can thiệp vào. Lảng tránh là điều thường thấy ở các khuôn mặt đạo mạo. Mong rằng, điều tôi nói là sai và cuộc bẩu cử tại Mỹ sẽ diễn ra tốt đẹp. Thanks",,,
"Chết thương hiệu là một khả năng, nhưng rồi họ khai phá sản rồi tạo một thương hiệu khác để tiếp tục kinh doanh sẽ càng là khả năng hơn. Haizzz",,,
"Theo ý kiến cá nhân tôi thì cho học sinh sử dụng điện thoại trong trường học thì cần phải có biện pháp quản lý chặt chẽ vì nếu không sẽ lợi bất cập hại:- Học sinh sử dụng điện thoại cho mục đích ngoài học tập nhiều hơn, dẫn đến mất tập trung trong giờ học;- Học sinh sẽ ỷ lại và không còn tính tự giác tư duy, ghi nhớ bài giảng bởi thông tin trên mạng sẽ giải quyết tất cả khó khăn trong học tập, kiểm tra bài của học sinh.",,,
"Ngày xưa em xem các anh chị thi thố kiến thức với nhau thật ngưỡng mộ, giờ xem các cháu thi thố thì chú vẫn ngưỡng mộ như xưa.",,,
Cơ quan công an nên vào cuộc sớm,,,
"Fati 2 bàn, Messi 1 bàn 1 kiến tạo, trận mở màn như ý cơ mà sao dạo này tc dành cho Barca giảm mạnh, chẳng thấy vui mấy cũng chẳng thức xem nữa.",,,
Máy nổ tàu thuyền làm nhức đầu cá nên cá giận húc tàu là đúng! Phép nhân quả mà.,,,
Đau buồn quá.,,,
Bình an con nhé.,,,
"Với bất cứ kịch bản nào thì tầm quan trọng cũng như giá trị của giải bị giảm đi rất nhiều khi khán giả hai đội vẫn chưa thể vào sân.Mùa giải cũ đã qua, thất bại hay chiến thắng đã là quá khứ. Nếu như Barca chung bảng với Bayern cũng không có gì ghê gớm, thậm chí là may mắn nữa. Giả sử có thua Bayern mà đoạt vé đi tiếp thì cơ hội tiến sâu lớn hơn là gặp ở vòng loại trực tiếp. Mà bóng đá hay các môn thể thao đối kháng mang tính chất tập thể thì không bao giờ tồn tại tính chất bắc cầu, tính tiếp diễn cũng khó tồn tại lâu qua hai mùa giải.Điều mong chờ nhất lúc này ở các môn thể thao nói chung và bóng đá nói riêng là được thấy các cđv được sống trong ngày hội trên khán đài, chừng nào điều này chưa xảy ra thì cho dù giải đấu hấp dẫn nhất cấp CLB vẫn nhạt nhòa lắm. Hy vọng điều đó sớm diễn ra và mong cho đại dịch quái ác này biến nhanh càng sớm càng tốt!A, năm nay xuất hiện vài đại điện lạ hoắc; Ferencvaros (Hungary) và Krasnoda (Nga), hai đội bóng có thể nói là như tờ giấy trắng tại C1. Nga năm nay có tận 3 đại diện (Zenit, Lokimotiv và Krasnoda), rất khá.",,,
"Cô giáo xữ lý như vậy cũng đúng với thời điểm hiện này vi côn đồ nhiều. Ông đó đang nóng tính nếu cô căn ngăn thì ông đó sẽ tát vào mặt cô, hoặc đá vào cô hết sức mình. Cô sẽ xĩu bất tĩnh. Cô chỉ biết vổ về 2 cháu mà lực bất tòng tâm. Vì cô biết sau việc này ông đó sẽ bị công an xử lý trích đáng. Các cô trong trường hợp này cũng khổ sở lắm. Mong được xem xét lại nhiều khía cạnh với cô giáo.",,,
Trí tuệ mỗi người một khác. Muốn đất nước phát triển phải tạo ĐK cho những hạt giống tốt có môi trường phát huy hết khả năng. Trường chuyên là môi trường tốt để làm việc đó. Chứ đổ đồng với nhau thì thui chột nhân tài à???,,,
"Con tôi ở nhà rất ngoan, lâu lâu chỉ tụ tập bạn bè nhậu sáng đêm thôi, đây là lần đầu nó Lỡ tay giết người khi có cơ hội",,,
"cần tuyên truyền, khuyến khích người dân đọc báo, xem tin tức trên tivi nhiều hơn nữa, đặc biệt ở vùng quê, vùng cao, vùng xa..",,,
Ác quá ác,,,
"Từ hàng thập kỷ nay, các nước phát triển đã dần chuyển giao việc gia công, chế tạo ra nước ngoài để giảm chi phí, họ giữ lại những khâu then chốt, sử dụng trí tuệ cao ở nội địa. Bây giờ cần là có thể chuyển sản xuất ra nước khác, chứ ôm về mẫu quốc mấy cái nhà máy này làm gì, vừa ô nhiễm, phức tạp, lại đẩy giá thành sản xuất lên quá cao, tương lai có khi cũng loại bớt nhân công nhiều khâu thay bằng máy, mang về nước, thuế má cao, lại có khi việc làm tạo ra không tương xứng.",,,
"Đại Gia đình tôi đang ở Mỹ , chắc chắn sẽ có 28 phiếu bầu cho Trump!",,,
"bé gái trên rất giỏi...coi phóng sự chảy nước mắt luôn, dù rất mệt nhưng vẫn ráng để cứu các em dù mới 10 tuổi",,,
Có nhà dù nhà lủng dột 1 xíu cũng đỡ hơn không có nhà.,,,
Âm tính r nhé bạn.,,,
Tôi băn khoăn là có chứng minh thư có thể mở được thẻ tín dụng mà không cần chữ kí của người mở thẻ hay sao ạ? Rồi còn phải đối chiếu ảnh trên chứng minh thư với người mở tài khoản nữa ạ?,,,
"Nếu bạn thích cảm giác mới mẻ, opition nhiều, trẻ trung không sợ bán mất giá thì chọn Attrage.Nếu thích cổ điển không cần opition tâm lý giữ giá khi bán lại thì chọn Vios.Còn nếu bạn lăn tăn không biết chọn nữa thì lấy tiền mua xe đó gọi xe dịch vụ để đi đây đi đó, khỏi lo suy nghĩ đau đầu.",,,
không bằng cầm thú!,,,
"Ông này không nghe nói Trời đánh tránh bữa ăn hả. Tụi tui đang ăn mà, cá mập nói",,,
"Thôi trao cúp Bạc ""ao làng"" cho Bayern Munich luôn đi :))).",,,
NHẬT BẢN CÓ NHIỀU CÔNG TY TẬP ĐOÀN LỚN NHƯNG CHƯA BAO GIỜ THẤY CÓ XẾP HẠNG TỶ PHÚ GÌ HẾT VẬY ?,,,
Nếu thu bằng như vậy. Ai sẽ là người chịu trách nhiệm. Và nếu như 125 học viên này học lại. Ai sẽ là người chịu kinh phí cho họ đây.,,,
Nhông nhông nhông cha làm con ngựa đưa con ra ngưỡng cửa cuộc đời !,,,
"Khi giá nhà và tiền lương tiến gần nhau hơn dân mới hết khổ, nên ban hành quy chế mua BĐS giữa việc kinh doanh hay để ở rõ ràng mới gọi được giá trị đích thực, không thì toà chung cư 500 hộ thì 50 hộ ở 450 hộ để kinh doanh, chẳng khác gì nhà trống vườn hoe, 50 hộ chẳng giám ở rồi đi luôn",,,
"Xin kể 1 câu chuyện lớp bên cạnh lớp cậu út nhà mình. Tiết đầu tiên là học toán, hết tiết toán ko có giờ giải lao mà vào học ngay tiết tiếng việt. Có 1 bạn nói với cô giáo là sao học nhiều thế cô, con ko học nữa đâu, học vừa mệt vừa chán. Vậy là cô giáo phải bắt nhịp cho cả lớp hát hò 1 hồi, cả trường đang im phăng phắc thế là cũng dần dần những tiếng vỗ tay và hát. Nói thật gia đình tôi cũng có truyền thống nhà giáo nhưng trong thâm tâm, tôi ước con tôi ko phải học lớp 1 và 2 ở trường. Vừa mới bỡ ngỡ với những nét bút đầu tiên, bỡ ngỡ với thầy cô các bạn mới, bỡ ngỡ với nào bàn ghế phấn bảng mà bắt bọn nhỏ học liền 90p 2 tiết học mới đc ra chơi 10p, rồi lại học tiếp 90p 2 tiết còn lại xong ko nghỉ ngơi vội vàng ăn trưa đi ngủ. Đến tôi cũng ko muốn trải nghiệm 1 ngày đi học như vậy đấy quý vị ạ.",,,
Rút ngay mua đất ưu tiên chỗ đất nào vừa cho giá lên vừa làm được nhà trọ cho thuê .chúc bạn thành công,,,
"Trước mắt tước quyền nuôi dưỡng con vĩnh viễn của Long, Nên xử lý tù thật nặng với những kẻ đánh đập con cái như này, cần phải có luật bảo vệ người già phụ nữ và trẻ em nghiêm ngặt hơn nữa. ",,,
chậc tuổi trẻ giờ,,,
"Ông ấy đùa rõ ràng mà, thấy cười khẩy 1 cái. 1973 tới 2020 là bao nhiêu năm ng bình thường phải ngẫm một tí mới ra bao năm. Đây chỉ là đang ẩn dụ là đã làm chính trị từ rất lâu.",,,
"Ông cuối cùng khôn thật , đổi nhà thủng lấy nhà ngon .",,,
"Bảo tàng và thư viện là 2 nơi khó khăn nhất, nghèo nhất của ngành văn hóa. Đây là nhận xét của tôi sau nhiều năm đi công tác nhiều tỉnh thành. Thật tiếc. Được đi một số nước châu Âu và Mỹ, Úc, thấy bảo tàng, thư viện của họ khác hẳn, lần nào vào cũng thấy đông người đủ lứa tuổi tham quan, đọc sách, mượn sách. Ngẫm về ta lại thấy thật thật tiếc.",,,
"Tư duy rất nhân văn, mình cũng nuôi mèo, yêu mèo lắm. ^^",,,
Mình ở canada mỗi lần mua xe chỉ cần trả tiền xe và mua bảo hiểm gắn bản số vào là lái về luôn ko cần thêm một cái gì.nếu ko có cửa sổ trời với ghế da càng tốt.tiết kiệm được hơn 10.000cad.còn xe sang thì bó tay.vì xe sang 2 thứ đó ko bao giờ ko có,,,
"Bài hát không đặc sắc, chỉ vì có một Hoa nở không màu còn vương vấn mà thôi.",,,
"Tất cả các đời tổng thống trước đây. Riêng tôi rất thích ngài tổng thống Trump. Ông ngay thẳng, cương trực và rất tốt bụng, có tầm nhìn kinh tế vượt trội. Chúc ngài nhanh khỏi và chiến thắng bầu cử. ",,,
"Tưởng chuyển đi xa khu vực rừng, nhưng lại làm sát bìa rừng. Dân tái định cư sẻ tìm cách giết cây phá rừng mở rộng đất nông nghiệp giống các tỉnh Tây Nguyên. Tỉnh muốn bảo vệ rừng thì quy hoạch xa rừng, đừng làm một cách nửa vời.",,,
"Bạn là đại gia thì mua xe mec mới đi. Còn bạn ko phải là đại gia thì mua xe Nhật mới đi, 800 bạn có nhiều lựa chọn mới. Một chiếc nó nuôi mình, một chiếc mình nuôi nó. Quan trọng là bạn thấy mình ở đâu.",,,
"Chuyến phiêu lưu qua vùng nước ngọt hú hồn, may mà cuối cùng đã trở lại được biển bình an.",,,
Trước giờ mới biết được có vụ xếp hàng đổi nhà này luôn,,,
Nhìn hàm răng ghê gớm vậy mà ăn côn trùng không đủ nhét kẻ răng :)),,,
Chúc mừng anh.,,,
Thế này thì càng dễ có học bạ đẹp như mơ,,,
Khai thác giã cào thì mùa sau chả còn gì mà cào,,,
Đã chay lại còn pate ?Sản xuất không có trách nhiệm với xã hội. Đáng bị trừng trị.,,,
"Lô đất này có thật, đã dựng hàng rào hẳn hoi, địa chỉ cụ thể, ai dại mà tham thì dính cọc. Nhận cọc khoảng 1000 người là nhấn nút biến liền.",,,
Cứ thích là nhích thôi!,,,
Hơn cả một dãy Thái Sơn. Chúc Gia đình anh luôn vui vẻ Hạnh Phúc,,,
"Cứ nhìn vào bố con nhà Bôm thì trong suy nghĩ của mình luôn hừng hực tinh thần chiến đấu, không bao giờ cảm thấy chán nản...Chúc mừng Bôm ngày càng khỏe mạnh, rắn rỏi, và tự làm được nhiều thứ...Chúc mừng bố Quốc Tuấn khi hàng ngày nhìn thấy cậu con trai của mình càng ngày càng tiến bộ, tự tin, tự làm được nhiều thứ và đặc biệt là kỹ năng chơi đàn của Bôm ngày càng tốt hơn.Anh đúng là một người Bố yêu con vô bờ bến :)",,,
"Vâng trong đó không có tôi,có cho cũng không ăn. Chấm hết.",,,
Tận dụng triệt để quá,,,
"Vừa đẹp trai, vừa tài giỏi, giàu có! Nếu giờ mà còn thì nhiều em theo lắm đây!",,,
"Sau khi đọc bài của bạn thì tôi thấy cái cách mà bạn nhìn nhận về việc sử dụng điện thoại khá giản đơn, Tôi là một người cha có hai con,cả trai và gái. Trước đây tôi cũng có suy nghĩ như bạn là để cho các cháu sử dụng điện thoại smartphone như một công cụ để hỗ trợ cho các cháu trong việc học hành và tìm hiểu kiến thức trên mạng và có sự kiểm soát. Tuy nhiên, chỉ trong một thời gian đầu là vậy, thời gian sau thì hoàn toàn trái ngược lại các cháu học hành sa sút, có thể nói là kém, chỉ mải với mạng ảo, suy nghĩ cũng ảo, lối sống ảo, nói chung là tất cả là ảo. Vì vậy, việc cho trẻ dùng điện thoại trong giai đoạn từ lớp 1 đến lớp 12 với tôi là quá sớm, không cần thiết.",,,
Vậy các chuyến bay thương mại chở người cách ly có 5->7 ngày liệu có an toàn không?Lo lắng,,,
"Cấp 8-9 là bão yếu mà như vậy rồi, nếu cấp 12 không biết thế nào",,,
"Lực lượng Cảnh sát hay Biên phòng làm nhiệm vụ về phòng chống ma túy luôn đối mặt nguy hiểm, hi sinh bất cứ lúc nào vì bọn này rất manh động. Chúc các anh luôn mạnh khỏe.",,,
"Ủng hộ Bác Trump, chúc bác sớm bình phục. Trump sẽ làm được.",,,
Muốn thử cảm giác uống nước ngọt chút mà ;) To vậy thì cá sấu nào dám động vào,,,
"Ngay cả động vật, khi tìm được món ăn ngon Nó cũng để dành và nhường cho con. Nhìn gà mẹ và đám gà con, cá mẹ và đàn cá con...",,,
Cạn lời với loại yêu râu xanh này. Quả báo hiện tiền.,,,
Mừng rơi nước mắt. Cám ơn y bác sĩ. Chúc 2 con hoàn toàn khỏe mạnh,,,
"Bước ngoặt tháng 10 của kỳ bầu cử 4 năm trước là vụ mail của Clinton. Còn giờ đây Covid là bước ngoặt, cũng tháng 10.",,,
"Bộ não người có khả năng lưu giữ hình ảnh dễ hơn văn bản, vì vậy với các em học sinh THPT việc sử dụng điện thoại trong giờ học để tìm tài liệu cũng là điều nên làm, việc sợ các em sử dụng không đúng mục đích thì mỗi điện thoại của các em đêu có thể giám sát được thông qua điện thoại của cha mẹ!",,,
"Năm nay Barca thật sự nguy hiểm rồi, đáng để các đội khác phải lo lắng rồi đây. Đúng là sau khi giải quyết xong thế lực ngầm thì Barca đã hồi sinh.",,,
"Nhóm dễ thương và phong cách lắm. Mình theo đuổi văn hóa pop đủ mọi lĩnh vực, thể loại, phong cách, nhóm này có có sức hút không nhẹ.",,,
Như vậy các bác nhớ thương yêu thầy cô nhiều hơn. Vì họ có nguy cơ nhồi máu nhiều hơn khi dạy mấy chục đứa ^^,,,
Nhà tôi ở q.7 đã ở 2 năm mà giờ vẫn là hợp đồng góp vốn chưa có hợp đồng mua bán. Chứ chưa dám nghĩ đến sổ hồng,,,
Không hiểu sao chỉ nhắc nhở thôi đấy? bạo hành đâu phải một cái nhắc nhở là được.Thứ 1: Tại sao một người vừa ra khỏi trại cai nghiện lại được nuôi con vậy. Không hề có quá trình giám sát và kiểm tra tình hình gia đình.Thứ 2: là chỉ nhắc nhở và chính quyền không giải quyết triệt để. một đứa trẻ 9 tuổi mà để báo cáo đến tận 3 lần mới giải quyết. ,,,
"Nguy hiểm quá, chắc nhà kinh doanh này tới số",,,
Mình cũng ở Đồng Nai 21.9 này bé mình tiêm mũi viêm não lần 3. Đọc tin này sợ quá. ,,,
con cá sấu đi trên cạn nhanh giữ!,,,
Khâm phục tấm lòng của các bác sỹ CuBa,,,
"Cứ dính đến mà túy thì đem đi tử hình hết đi. Làm nghiêm trong vòng 3 năm, đảm bảo sẽ dẹp được tệ nạn này.",,,
nợ công của Mỹ đã trên 30 000 tỷ USD chưa nhỉ,,,
Nước Mỹ chưa đủ tan nát sao !,,,
"Hoài Lâm đã từng có danh tiếng tiền bạc. Nhưng những cám dỗ đã là Hoài Lâm rời bỏ Gia đình, Sự nghiệp. Mong là tỉnh ngộ để quay đầu.",,,
"Bóng đá thời nay là sức mạnh của kim tiền (như PSG, Chelsea, MC...) tuy không phải là tất cả. Có đội ra sân với 11 cầu thủ đi mua, có đội ra sân với 11 cầu thủ đào tạo",,,
"Ertiga Sport lăn bánh biển tỉnh có 520tr tội gì đi 2 con này.Mà ai chê vios thùng tôn thì con attrage cũng là cái thùng tôn nhưng bé hơn thôi nha,đừng anti toy quá đáng như thế",,,
"Không có lý do nào hợp lý. Theo tôi chỉ ở cấp cao đẳng đại học mới được sử dụng. Cấp 1 đến cấp 3 nên cấm, để học sinh có tư duy học bài tốt hơn.",,,
A này ko sợ cá mập sao,,,
Ở Đà Nẵng hiện tại mưa rất to và gió lớn từ 12h đêm hôm qua đến giờ.,,,
"Giá tăng chủ yếu là do chi phí lãi vay, chi phí mô giới, hoa hồng bán hàng quá cao, giá bán càng cao thì thời gian tiêu thụ càng chậm, thậm chí có những dự án chỉ lấp đầy 30-40% như vậy chủ đầu tư phải gánh chi phí lãi vay kéo dài.Việc đẩy giá lên quá cao còn tạo ra bong bóng giá khiến có người có nhu cầu nhà ở trong phân khúc tầm trung bị chùng tay do không đủ tài chính. Trong khi đó, nếu chủ đầu tư đưa ra mức giá hợp lý tương xứng với chất lượng sản phẩm thì sẽ tiêu thụ nhanh vì lượng người có nhu cầu nhà ở tầm trung và nhà giá rẻ rất lớn. Hàng tiêu thụ nhanh sẽ không bị tồn kho, không làm đội chi phí, nhà đầu tư nhanh thu hồi vốn để tái đầu tư vào các dự án khác.Thực trạng hiện nay là người có nhu cầu nhà ở thì rất cao nhưng ngược lại lượng căn hộ tồn kho không bán được cũng rất lớn.",,,
Đây là những con người xứng đáng nhất với giải thưởng này!,,,
Đau lòng thật!,,,
Bà con cứ yên tâm. TRUMP vẫn là TRUMP chiến thắng mọi thứ,,,
"Mình đang hóng cơn bão này, chứ khô hạn quá rồi",,,
Mong con luôn được bình an,,,
"Quê tui đó, lam lũ với ruộng đồng nhưng mộc mạc, bình yên! nhớ tuổi thơ những trưa hè đi bắt cá",,,
"Bài này ko ấn tượng lắm,chúc Hoài Lâm mau lấy lại phong độ,cố gắng vươn lên,giờ là lúc đúng độ chín của e đó,ngã đâu đứng lên tại đó e nhé.khó khăn ko làm vơi ý chí.",,,
Rất nhiều I10 đời 14-15 đang giao bán với số tiền bạn đang có.,,,
Lợi nhuận quá cao so với nghề phụ hồ như mình,,,
TQ ngày càng có những ứng dụng kỹ thuật khoa học cao nhất hành tinh...,,,
di dời ra xa quá....có lẽ số lượng xe cá nhân trong tương lai sẽ tăng vọt hơn là xe khách và xe công cộng..,,,
Lên mua bảo hiểm Nhân Thọ càng sớm càng tốt.còn trẻ còn làm Ra tiền.phí tham gia thấp bảo vệ mệnh giá cao.trong cuộc sống không biết trước ngày mai.nếu rủi RO lớn xảy ra thì bố mẹ đỡ phải lo gánh nặng tài chính cho mình.lớn hơn nữa thì là báo hiếu cho bố mẹ.bhnt thay minh chăm sóc cho bố mẹ.người thừa kế sau này có thể thay đổi được.lên bạn đừng lo.bây giờ tham gia một gói họ bảo vệ cả cuộc đời.,,,
"Mạ ơi, đẹp troai quá",,,
"các fan Rô nên thành thật với bản thân mình, giai đoạn từ lúc Bale qua Real chính là giai đoạn thành công nhất của Real, còn Rô qua từ 2009 đến 2013 thì thành tích tốt nhất của Real là vào bán kết CL, còn loại từ tứ kết như cơm bữa. Rô cũng góp công lớn vào thành công Real nhưng Bale về Real mới hoàn hảo !",,,
"Chả có gì đặc biệt cả, chỉ có Văn, Toán, TA là giảm đi một số bài KT, còn những môn khác thì vẫn thế, chỉ có thay tên gọi là kiểm tra 1 tiết thành kiểm tra giữa kì, cách tính điểm thì vẫn thế. ",,,
Có vẻ lú lẫn thật rồi.,,,
Chỉ tiếc là không ai biết tiếng nói của gấu để ghi lại tác phẩm tự truyện của Papillon Gấu này. Chắc cũng rất thú vị. )),,,
Trump mà thắng bầu cử nước Mỹ sẽ đi xuống,,,
"Tuyệt vời, cảm giác thật yên tâm.",,,
Vậy là ca mập cũng có kẻ để so rồi đấy,,,
"Quan trọng nhất vẫn là các cơ quan chức năng phải thực hiện đúng, ngiêm túc tất cả các quy trình phòng chống dịch đã được đề ra, có kiểm tra giám sát, quán triệt tinh thần phòng dịch thường xuyên, phân công quy trách nhiệm rõ ràng. lãnh đạo nào chủ quan nơi lỏng quy trình để xảy ra dịch bệnh phải có chế tài sử phạt thì mới hiệu quả được, chứ cứ hô hào xuông mà không có chế tài thưởng phạt rõ ràng thì chắc chắn là sẽ có nhiều sai sót, chủ quan, buông lỏng quy trình, dẫn đến hậu quả phải khắc phục sẽ rất lớn, ảnh hưởng kinh tế lúc đó còn lớn hơn nữa",,,
"Có lẽ là có. Nhưng vấn đề là phải định dạng lại 1 số thuật ngữ. Người không học toán như tôi nghĩ thực tế là dùng một miếng giấy hình tam giác gói kín một quả bóng. Khi các góc tam giác tiệm cận vuông góc với cạnh đối diện (gần bằng không, nhưng vẫn phải là ""đoạn"") thì rõ ràng tổng các đường cao rất nhỏ!",,,
"Càng tiến gần kỉ lục của Pele, số phận càng thử thách Messi khắc nghiệt hơn như thể muốn làm chùn bước Messi vậy. Tôi tin rằng một khi Messi đã đạt được và vượt qua kỉ lục của vua bóng đá Pele, vinh quang sẽ đến với Messi, những điều tuyệt vời nhất sẽ đến với Messi.",,,
Nếu dự định mua xe vài năm rồi thay thì chọn Seltos !!!,,,
"Quá đổi tuyệt vời mỗi ngày một tin vui, Cảm ơn VNEXPRESS.",,,
"Thật sự mà nói tối qua cùng bạn gái đi xem, xem được nửa phim mình kêu về thôi em. Phí thời gian ra rạp xem một bộ phim với nội dung và tính tiết thiếu thuyết phục. Nội dung ko có j. Tốn 190k + 70k bỏng ngô là 2 li nước.",,,
Cũng lỳ nhưng vẫn thua lửng mật.,,,
"Đúng như BS Định nói: "" Đó là một sự diệu kỳ!"". Xin cúi đầu cảm ơn tất cả đội ngủ các y bác sĩ. Chúc mọi người nhiều sức khỏe",,,
Nhưng nếu liều REGN-COV2 phát huy tác dụng; tôi nghĩ Trump sẽ có lợi thế rất lớn trong một trận chiến khác. Chúc ngài và phu nhân chóng khỏe.,,,
Chỉ vì con hoẵng mà tang thương,,,
Chuyện thật như đùa ấy,,,
"dịch vụ sữa chữa uy tín mới mong phát triển và canh tranh dc với các trang thương mai điện tử, giờ mọi người đã dần thay đổi thói quen đi mua tiệm và chỉ khi nào hỏng thì họ mới ra tiệm.",,,
mở đường bay quốc tế cũng ok. nhưng phải có giấy xét nghiệm mới của người nhập cảnh và chịu cách ly 2 tuần nhu vậy mới đủ đảm bảo an toàn cho vn.,,,
"200 cửa hàng mà doanh thu hơn 200 tỷ,nghĩa là mỗi tháng thu chi chỉ loanh quanh 100 triệu thì ko đủ lãi trả mặt bằng chứ nói gì đến trả lương nhân viên với lợi nhuận.hơi lạ",,,
Tốt rồi. Tiến lên barca!!!,,,
Không biết nên vui hay buồn. Chắc có lẽ buồn nhiều hơn :'(,,,
"Sống mà ích kỉ, gây phiền toái cho người xung quanh mà cũng sống được. ",,,
Người Hàn họ mang cả nước uống để uống hoặc tìm mua Sản phẩm từ Hàn khi họ công tác ở bất cứ đâu trên thế giới.,,,
"Ai xem buổi tranh luận cũng thấy rõ ràng Trump bị người dẫn chương trình Chris Wallace xử ép và thiên vị như thế nào đến mức Trump còn phải thét lên tôi đang tranh luận với anh hay với Biden đây?. Wallace cũng liên tục cho Biden thêm thời gian ngoài 2 quy định. Thêm vào đó, Biden cũng liên tục đưa ra thông tin sai lệch về chính quyền của Trump. Với cả 2 việc trên, nếu Trump không nhảy vào cắt lời ngay thì sẽ không bao giờ có cơ hội để sửa và có một lượng thời gian công bằng với Biden.",,,
"Coi lâu nay chăm sóc cha mẹ được gì rồi đòi hỏi , ít thì đòi ít, chứ ko làm mà đòi có ăn rồi giành nhau,",,,
Thật sự ngưỡng mộ tình yêu của hai bạn. Tình yêu chân thành luôn vượt qua mọi chông gai.Chúc gia đình luôn hạnh phúc.,,,
"Câu 1, đáp án B và C có gì khác nhau?",,,
giá vàng chuẩn bị lên phi mã,,,
"Cá trắm đen thuộc chi Mylopharyngodon, được nuôi làm thực phẩm và dược phẩm. Chúng ăn ốc sên, ốc nhồi. Cùng với cá trắm cỏ và cá mè, đây là một trong những giống cá được nuôi phổ biến ở châu Á.",,,
"Với bất kỳ tổng thống Mỹ nào khác thì đây là bê bối đáng xấu hổ, có thể gây tổn hại rất lớn đến hình ảnh cũng như sự nghiệp chính trị, nhưng với Trump thì... bình thường như cân đường hộp sữa!",,,
"Đặt tên thay đổi ở trên, tên cũ ở dưới trong ngoặc. Ai mà làm giấy tờ gì mới thì áp dụng tên đường mới, khoảng dăm chục năm sau thì bỏ tên trong ngoạc đi.",,,
không bằng cầm thú,,,
"Đừng nhắc đến tỉ số 8-2 nữa được không. Tan nát 1 gia đình, tan nát 1 rạp xiếc rồi.",,,
"việc làm của các bạn thật ý nghĩa, chúc các bạn được nhiều sức khỏe và hạnh phúc! Xin cám ơn nhóm rất nhiều",,,
MONG CÁC CHÁU VUI KHỎE.KHỔ ẢI TRẦN GIAN,,,
Hoa hậu dành cho đại giaNgười mà chân ngắn mới là vợ em,,,
Vẫn còn phát thải khí nhà kính thì tương lai này sẽ không còn xa nữa.,,,
"a ấy thật tuyệt vời, chúc a luôn khoẻ mạnh.",,,
Quá tuyệt vì đẹp! kể cả đang sinh con sức tấn công vẫn kinh khủng,,,
Băng đang tan,,,
Sao ông này lại có bằng lái được vậy ! Lái xe 1 cách khó hiểu lấn làn không tuân thủ tín hiệu đèn .,,,
"Cũng đáng thôi. Gây tội được thì chịu tội được. Trong các loại tội ác, hiếp dâm trẻ em là một trong những tội đáng ghê tởm nhất và cần bị trừng phạt thích đáng.",,,
Chúc mừng BM và fan.,,,
"Với sự tôn trọng nhất, chúc cậu thành công, đối thủ của chúng tôi!",,,
"Gọi bằng "" Cụ cá Sấu "" mới đúng 100 năm rồi Cụ sống chưa "" phiền lòng "" ai ,năm ngoài bạn tình của Cụ đẻ 56 quả trứng, tất cả đều được thụ tinh.. Trước khi ra đi Cụ để giống lại cho đời .",,,
tháng này tổng đã có 3 người tuổi 36 chết rồi!,,,
"các chị em cần sắm cho mình một cái làn cói hay mây gì đó, gia đình cũng phân loại luôn, nhiều vấn đề giải quyết lắm",,,
"Bale về lại Tot, thì bộ 3 MBK thống lĩnh giải ngoại hạng là chắc luôn...",,,
Phương tiện cá nhân tương lai đây sao,,,
"I10 kết hợp chạy dịch vụ, tiết kiệm mà hiệu năng tốt. Bác chạy cũng không lo ngại sửa chữa đắt. Chứ Fadil tổng thế thôi toàn chắp vá từ xe khác, từ khung vỏ đến động cơ. Vins đã sản xuất được đâu, rồi hỏng lại ngồi nhìn",,,
Chúc mừng Ars !Năm nay Liv cố gắng giữ EPL và đi sâu ở CL là đủ rồi.Mãi yêu Liv.Si,,,
"COVID chẳng nể ai cả, kể cả tổng thống. Chỉ cần đeo khẩu trang thôi cũng thấy khó khăn thì dễ bị nhiễm. Nước Mỹ đang cần ông cùng bao người trên thế giới mong ông và gia đình chóng khỏi để điều hành đất nước...",,,
Bạn thân kiểu gì vậy? Hix,,,
"Muốn biết cảm giác sung sướng thì fadil, muốn mua cho có xe oto chọn i10. Mình đang đi camry LE mà sang láo fadil cũng thấy phê. Chắc Bác sẽ hiểu",,,
Chúc con mau chóng hồi phục sức khoẻ nha cậu bé Hulk,,,
"Ko có gì bất cập. Nếu 1 thí sinh đc 22đ, nguyện vọng vào 3 trường a,b,c chẳng hạn mà 3 trường này điểm đậu >22d, thì thí sinh này phải đợi để xét tuyển bổ sung vào các trường top dưới thôi",,,
"Bám đến Real trước 3 năm, Real sấp mặt, Bale đến bám hôi Cup này Cup nọ, Bám đỏ đến nỗi về tuyển hò hét ngoài đường biên rồi lại được Eder ném cup rơi vỡ đầu.",,,
Sao không công bố giá vé dự kiến vậy,,,
"Cây xanh là chắn bão, cưa đi lấy gì chắn bão Bạn.",,,
"Chỉ cần đánh 1 lần là ko cho nuôi nữa. Sao không bảo vệ trẻ em và người già sớm trong trường hợp này, để đánh đến 15% thương tật mới xử lý thì đã gây hậu quả  nặng nề rồi. Hic",,,
Hy vọng đây là cơn bão vàng giải khát cho miền trung trung bộ và bổ sung nước cho sông mekong có lũ tốt năm nay...khi hoàn lưu bão nằm trên khu vực bắc Lào và bắc Thái lan sẽ bổ sung nước cho sông mekong....,,,
"Một đi tích lịch sử rất quý giá gắn liền với cuộc chiến tranh du kích, nên tạo dựng các mô hình với tỉ lệ 1:1 để các thế hệ sau này dễ hình dung! Cảm ơn gia đình đã gìn giữ và tôn tạo di tích này!",,,
"Mèo nhà mình mà đánh nhau với nó khéo bị nó vả cho một cái là chết ngất mất. Cơ mà nhìn to to thế này lại thấy giống mấy con chồn, không đáng ghét lắm.",,,
"Xe mới thì i10 là ok nhất, nếu chấp nhận xe lướt có thể Accent hay Cerato, Elantra (hạng C rộng, êm, cách âm tốt). Tùy gia chủ thôi.",,,
Không có ảnh thực tế thì AI nó thích tưởng tượng ra hình nào mà chẳng được.,,,
"Trời, 4.0, 5G, AI ... cũng khóc!",,,
Ôi trời ơi! Tôi đang đọc cái gì thế này. Nổi da gà.,,,
"Angie ích kỷ quá không khi cứ giành nuôi hết 6 con. Thật không công bằng cho Brad, hy vọng anh thắng kiện và được nuôi con. Có 6 con thì chia đôi mỗi người nuôi 3 con là hợp lý.",,,
"Trong cuộc sống có rất nhiều sự kiện bất ngờ, đôi khi nó xuất hiện vào thời điểm mà con người ta không hề mong muốn. Chúc Ngài Tổng thống sớm bình phục!",,,
"có lẽ mua đông này sẽ rất khắc nghiệt trên toàn thế giới, mọi người hãy cùng nhau phòng bệnh.",,,
bắt gặp được con này thì đúng là thú vị rồi :') :'),,,
Ái mộ diễn viên này! <3,,,
"Ai rồi cũng nói cho nhà tôi nó hiền lắm ko cắn ai bao giờ, cứ nhiw kiểu trước khi cắn nó đều xin phép chủ hết ấy.",,,
70% cơ thể người là nước mà!,,,
"... hoặc đơn giản hơn, đem lại niềm vui bất ngờ cho cô bé Sarah.",,,
Pháp luật phải xử thẳng tay để làm gương,,,
Mua đất chưa bao giờ là muộn cả.,,,
"Sẽ có rất nhiều người bị lốc xoáy mắt vào cô ấy,khá lạ mắt!",,,
Mất mát lớn lao cho các gia đình với 1 lý do rất lãng xẹt,,,
những bộ phim khoa học viễn tưởng sẽ thành hiện thực trong tương lai gần,,,
Anh là một người bố vĩ đại.,,,
"Vậy giấy tờ tùy thân, hồ sơ các thứ đi theo phải xử lý ntn a?",,,
Nếu không được tái nhiệm thì đây sẽ là 1 nguyên cớ hợp lý cho lòng tự trọng của ngài Trump.,,,
Tuyệt vời! Việt Nam cố lên! Đất nước chiến thắng!,,,
"Bạn đã có 400tr và bạn muốn một chiếc xe cũ ít hỏng vặt thì mua xe mới luôn đi bạn, Nissan Sunny đang hạ giá kịch sàn đấy, em đó dáng không đẹp nhưng xe mới dù sao cũng ngon hơn vạn lần xe cũ. Mua xe cũ mà múc phải Vios taxi hoàn lương còn chết dở với nó",,,
Không biết cổ động viên xịn của nước ngoài có comment theo kiểu hâm mộ nửa mùa của mấy ông này không nhỉ?,,,
"Nên mở cửa và kiểm soát dịch, cách ly và trả tiền, chứ những người ko bị ảnh hưởng về kinh tế hay hô hào không mở cửa vì họ vẫn kiếm được tiền và công việc không bị ảnh hưởng, chúng ta phải sống chung với dịch để phát triển kinh tế thôii!",,,
Quá đau lòng:((,,,
Ng ta có điều kiện thì ng ta mua thôi,,,
"Nếu không đủ kỹ thuật và nhân lực thì đừng làm cái cổng cao làm gì. Các tập đoàn lớn cũng đâu có cần cái cổng cao đâu. Làm thấp đề biển tên ngay cạnh được rồi. Vừa an toàn, dễ thi công lại hiện đại và tiện check in.",,,
Thông minh và có kỷ luật ra phết,,,
"được 3 tấm thằn lằn, cua, vịt là đẹp. Mấy bức kia quá bình thường luôn",,,
Độc ác quá,,,
Fast food về Việt Nam thành slow food. Nhiều lúc chờ chiên gà lâu kinh khủng. ^_^,,,
Rùng mình,,,
Tâm người bố . Soi sáng con mình ! Một người cha vĩ đại !,,,
"Mua soluto sau này có hư hỏng, sửa chữa hay thay thế gì cũng rẻ, Mit thì hơi khó khoản này",,,
"Pha kiến tạo cho Roberto mới thấy dc điều mà các cules hay nói, kiến tạo 3 băng",,,
"Vè kiến: Kiến lửa tập đoàn, kiến vàng ở ổ / Cao đầu lớn cổ thiệt là kiến hùm ... /Động trời nó sôi: kiến cánh, kiến lửa / Bò ngang, bò ngửa: kiến riện đơn chai /Bò dông, bò dài, bò qua, bò lại / Kiến đực nói phải, kiến cái làm khôn ...",,,
Chúc mừng em và gia đình,,,
Họ bảo vệ loài vật nguy cấp này hiệu quả thật. Từ qui mô 20.000 lên 70.000 con,,,
"""Tuy nhiên chỉ vài ngày sau, anh ta lại tái diễn đánh đập con nên nhà chức trách xã nhận thấy vụ việc vượt quá thẩm quyền nên báo công an huyện để xử lý"" Haizz...",,,
"nghĩ cũng hài quá chứ, Sevilla năm nào cũng nhóm 1 CL mà cứ tới cuối mùa là lụm C2, đã hơn 40 tuổi mà tôi chưa thấy trường hợp nào như thế này cả, thế mới lạ không chứ lị!! ^_^",,,
"fadil máy GM hàn quốc,ko bằng i10",,,
"Mình rất quý trẻ con nhiều khi thấy nó rất ngay thơ hồn nhiên, nhiều lúc cũng rất bực mình với tui nhỏ , nhưng chưa bao giờ dám nặng tay với nó, mà nhiều ngừoi vẫn nhẫn tâm quá",,,
"Tại sao công an ko bắt khẩn cấp luôn mà phải triệu tập, tội này rất nghiêm trọng mà?",,,
Lâu nay thông tin Lan truyền vậy mà sao vẫn còn ăn trời ạ!,,,
"nơi thì lũ lụt nơi thì hạn hán,giá như có thể chia sẻ qua lại.",,,
Kia OK bạn. Phụ tùng cũng rẻ.,,,
"CÓ BA NƯỚC TIẾP GIÁP TRUNG QUỐC KHÔNG MẮC DỊCH : LÀO, MIANMA, TRIỀU TIÊN",,,
Cái này thì 100% xứng đáng luôn.,,,
"Yêu con người Việt Nam: đoàn kết, san sẻ, ý thức thì chúng ta sẽ vượt qua mọi khó khăn từ mùa dịch! Cố lên Việt Nam!",,,
"Cưới một ng biết rõ tông ti họ hàng vẫn hơn cưới 1 e mới quen sơ sơ, chưa rõ e có đẹp nết ko.Vs tôi cái ji rõ ràng vẫn hơn lơ mơ bác ah.Chúc 1 ngày tốt lành!",,,
"Bất cứ cái gì và điều gì quá mức cũng trở thành không tốt, và hơn nữa chúng ta tự đào nấm mộ của mình bằng chính hai hàm răng của chính mình...",,,
Ngày sinh nhật tệ nhất,,,
Mình lỡ lầm hôn nhân. Nhưng ko muốn cuộc hôn nhân khác. Nhưng ko vì thế phải buồn. Đúng như câu mở đầu buồn làm chi em ơi,,,
Xử khung hình nặng nhất ngay và luôn cho 2 kẻ khốn nạn này,,,
"Hyundai-Kia đúng là công ty đi tắt đón đầu, thuê nhà thiết kế nổi tiếng của Bently Audi Lamborhhini đưa hình dáng xe sang xe siêu thể thao lên xe bình dân phục vụ tầng lớp lớn nhất là trung lưu không bao giờ có cơ hội sở hữu siêu xe, luôn luôn lắng nghe và làm ra những chiếc ô tô hài lòng khách hàng, bằng chứng là tuy sinh sau đẻ muộn tổng doanh số chưa bằng các cường quốc xe lâu năm nhưng tỉ lệ tăng đều hàng năm ai cũng thấy. Thật vậy xe Hàn Quốc đúng là ngon bổ rẻ. Thân",,,
Cứ tưởng chỉ trong các phim viễn tưởng mới có .,,,
"Trời ơi, đau lòng quá.... Các con mới trở lại trường thôi mà. Xin chia buồn sâu sắc đến gđ các con.",,,
"Mừng là đất nước đã kiểm soát tốt dịch bệnh, nhưng lo vì nhiều qui định về phòng chống dịch đã không còn được một bộ phận người dân coi trọng. Ra đường không đeo khẩu trang, không thực hiện giãn cách, lực lượng chức năng cũng không còn thấy nhắc nhở. Đây thực sự là nguy cơ hiện hữu, mong các ngành chức năng lưu tâm !",,,
"Đây là sự cố ko do mong muốn của ai cả, công ty cũng đang đứng ra giải quyết sự cố hết sức có thể thì nên động viên họ thay vì tiếp tục chỉ trích.",,,
theo trào lưu sẽ có cơm đen,,,
"tôi nghĩ giáo án môn tiếng việt lớp 1 có vấn đề. theo giáo sư Thuyết, skg mới cũng bao nhiêu đó chữ cái và vần. quan trọng là phân bổ tiết dạy. Làm ơn đừng vì thành tích mà làm khổ các em nhỏ. Hãy xem lại tâm lý học lứa tuổi mà có cách dạy cho phù hợp.",,,
Thương con quá! Cảm kích tấm lòng của nhóm! Nếu có cơ hội tôi cũng muốn gia nhập nhóm.,,,
Giá cổ phiếu tăng vùn vụt...Không lẽ lại phản đối?,,,
"""Phe Cộng hòa đã khiến phe Dân chủ phẫn nộ bằng việc cố gắng chặn ngân sách cho Dịch vụ Bưu điện Mỹ, nhằm giảm số lượng người bỏ phiếu qua thư.""Chơi khăm đến như này luôn. Ôi lạy hồn.",,,
"Chúc mừng Anh nhé, chúc bố con anh những lời chúc tốt đẹp và nhiều may mắn...",,,
"Thiệt áp lực chứ, vì tạng hiến phải được ghép càng nhanh càng tốt, tạng hiến khó chờ lâu mà người cần ghép cũng mong mỏi từng ngày... thành ra 18 ngày 23 ca ghép tạng cũng kỷ lục thật...",,,
"May là mình đã có chứng chỉ hành nghề rồi.Ôi bác sỹ suốt ngày học, thi và lo bằng cấp từ khi bước chân vào ngành",,,
Mong Chúa sẽ giúp TT Donald Trump vượt qua bệnh và tái đắc cử,,,
"Tết Trung thu, bánh trung thu đâu có lạ gì với người phương Đông nhưng gọi là bánh trung thu thì phải khiến người ta nhìn sơ cũng biết đó là bánh trung thu chứ không phải nhìn vào rùi thấy lạ, rùi đặt câu hỏi: bánh này là bánh gì?",,,
300 mua fadil trả góp,,,
Nhục với thói tham lam.,,,
 cha khốn nạn,,,
Tình ái kinh đấy,,,
"Đây mới là lớp 1, mà đem áp dụng như kiểu cho sinh viên cao đẳng, đại học!!!""Chúng tôi đi kiểm tra nhiều trường học ở các địa phương và thấy các trường có kế hoạch triển khai rất khác nhau, tuỳ vào điều kiện, sở trường của giáo viên, nhưng đều hướng tới việc đảm bảo chuẩn đầu ra"" ===> lấy gì đảm bảo cách triển khai rất khác nhau này mang đến mức độ nặng nhẹ khác nhau và cho ra kết quả chuẩn đầu ra giống nhau???Ngay từ khâu triển khai đã bất cập thế này mà bảo là ""Chương trình đã được thẩm định bởi hội đồng quốc gia và được đưa vào trường học với quy định rất chặt chẽ"",Chán!",,,
Tôi thích giọng ca này,,,
"Ngã ba Cát Lái xây dựng hình như chưa hợp lý, lượng xe từ hướng Quận 9, Thủ Đức lên cầu vượt để vào Cát Lái phải chạy rất chậm, dường như do đường hẹp, khúc cua cong quá.",,,
Thực sự rất cảm kích trước những việc các bạn đã làm. Chúc nhóm thật nhiều sức khoẻ và may mắn.,,,
Gia đình tôi kinh doanh trong lĩnh vực nông nghiệp tài sản 28 công đất cũng không thấy tên trong danh sách,,,
Ủa ? Gia đình Phạm Nhật Vượng đâu ? Tài sản phải hơn 10 tỷ USD mà,,,
"Luật pháp không xử lý hình sự thật nặng những ai liên quan đến an toàn thực phẩm thì vấn đề ngộ độc và vận chuyển , phân phối những thực phẩm không rỏ nguồn gốc , hư thối sẽ vẫn còn tiếp diễn",,,
Cẩn thận ông ơi nêú bị thì sức khoẻ ông sẽ khó khăn đó. Đừng cố quá không tốt đâu.,,,
Bé siêu thật đấy,,,
Cầu mong cho nhóm các bạn luôn mạnh khỏe để luôn đem lại nhiều điều tốt đẹp cho xã hội.,,,
Cái gì cũng ăn,,,
"Nếu nhà bạn chỉ thỉnh thoảng mới xài tối đa 5 chỗ thì nên mua Mitsu Attrage bởi xe nhập giá rẻ, rộng rãi bởi xe phân khúc B, tiết kiệm nhiên liệu nhưng khuyết điểm duy nhất là máy yếu như phân khúc A. Ngoài ra bạn có thể chọn Vios là một lựa chọn an toàn khác. Còn nếu nhà bạn thường xuyên chở đầy 5 chỗ thì bạn nên mua 7 chỗ mà lựa chọn tốt nhất hiện nay trong tầm giá là Xpander, nên né Ertiga hay XL7 ra vì bảo dưỡng của Suzuki rất tệ nên cho dù xe có tốt, giá có phải chăng hơn Xpander đi nữa thì mua xe Suzuki cũng khá là phiêu lưu.",,,
đoán phim hay nhưng chưa thể xem!! tiếc,,,
Đọc mà tôi nghẹn lòng thương đứa trẻ.,,,
Nên hiểu hoàn cảnh của các cô trong tình hướng đó.,,,
"Tuyến giữa của Tot chưa đủ đăng cấp tranh chấp danh hiệu. Dềde khá là mong manh, có lẽ chỉ toả sáng được khi Đồng đội đang sáng. Cần một cầu thủ cầm chịch được tuyến giữa... mãi ko thấy Modric thứ hai!",,,
Yêu anh và con trai,,,
Xa quá nguoi dân se cân nhắc đi xe lửa .hay may bay,,,
"Mấy người này tập thể thao mà không có tinh thần thể thao để tuân thủ luật lệ: chạy không đúng làn đường, vượt đèn đỏ, lạng lách...",,,
Cứ theo pháp luật mà làm,,,
Đổi lại tên đường thì giấy tờ tùy thân và các loại giấy tờ nhà đất của người dân có phải đổi không ... có rất nhiều hệ lụy khác đi theo với cái tên đường,,,
Đá cho vui thôi màThay HLV trưởng mà bảo là thay đổi nhỏ trên băng ghế chỉ đạo thì đúng là đá chơi thôi thật. HLV cũng ngồi vào cho vui theo đúng tiêu chí,,,
Tuyệt vời ..!!,,,
Cảm ơn bạn. Chính xác có đi sai vạch kẻ đường bị báo lỗi đi sai Làn đường.,,,
"Đội ngũ bác sỹ của Tổng Thống là rất giỏi rồi, cho dùng thử thì chắc là ok thôi. Chúc bác Trump sớm khỏe!",,,
lại chết đuối.đau thiệt!,,,
"Nhờ sự hy sinh của những người như cha ông thế hệ đi trước nên thế hệ chúng ta ngày nay mới sống trong thời hòa bình, tự do, cuộc sống ấm no",,,
Trứng để qua đêm là ko tốt cho trẻ con đâu. Khổ thân các con quá,,,
"Thứ nhất bản thân họ cũng k giành được nhiều thiện cảm của số đông người dân Mĩ, thứ 2 bầu cử Mĩ ngày càng khó đoán nên họ không muốn...chọn nhầm phe =))",,,
"Đẹp quá, nhờ mấy anh nhiếp ảnh mà mình có cơ hội ngắm nhìn, Cám ơn nhiếp ảnh gia nhé!",,,
Khi làm phó của Obama ông này cũng nhầm lẫn nhiều lần.,,,
Đề nghị nên đánh thuế đất sao cho hiệu quả tránh tình trạng mua đất đầu cơ hoặc đẩy giá lên cao làm biết bao người thu nhập thấp muốn mua đất nhưng ko mua nổi vì toàn giá trên trời.,,,
"Điện mặt trời cũng như năng lượng tái tạo phải đi kèm với phát triển công nghệ sử dụng hydro, là kênh lưu trữ và phân phối năng lượng. Bây giờ và vài thập kỷ tới là thời của hydro. Năng lượng tái tạo, điện mặt trời cũng giống như sản phẩm thực phẩm ở một số so sánh. Nếu không có công nghệ lưu trữ bảo quản và phân phối thực phẩm (giữ lạnh, đóng gói, chất bảo quản, sấy khô, vận tải vv ..), thì việc sản xuất thực phẩm sẽ nhanh chóng thành kém hiệu quả và nhanh chóng đi vào ngõ cụt, vì sản xuất ra thực phẩm nhưng không biết lưu bảo quản và phân phối. Tương tự vậy, năng lượng tái tạo là nguồn thất thường, cần phải được lưu trữ trong nhiên liệu hydro (dùng năng lượng tái tạo để sản xuất hydro), và được phân phối thông qua bán nhiên liệu hydro. Vì vậy, sẽ không có ""năng lượng tái tạo"" hiệu quả, mà chỉ có ""NĂNG LƯỢNG TÁI TẠO VÀ HYDRO"". Nếu VN sản xuất các bình khí nén hydro nhỏ kích thước tiêu chuẩn (5-20lít) cho xe hai bánh, phân phối bình hydro qua hệ thống tạp hóa như kiểu đổi bình ga mini, thì thậm chí mức giá nhiên liệu hydro 8usd/kg hydro trong bình khí nén (mức giá rất hời cho ngành sản xuất hydro) cũng đảm bảo rằng, xe điện hydro hai bánh sẽ tiết kiệm hơn hay bằng chi phí di chuyển so với xe xăng. Bản thân giá xe hai bánh hydro cũng không cao hơn giá xe máy điệ̣n+pin lithium.",,,
"Mấy cái fastfood về việt nam chỉ để ăn thử độ sang thôi, vừa mắc vừa ko ngon thì tăng trưởng chậm là đúng rồi. Gà rán gà chiên kiểu việt quán ăn vặt thiếu gì, vừa rẻ vừa ngon cần gì phải ăn thương hiệu cho xa xỉ làm gì. Cũng giống cái hamburger quảng cáo tây ăn tưởng ngon lắm ai dè lại có 1001 sạp bánh mì lề đường ngon mà rẻ hơn nhiều, sáng sớm ngủ căng mắt dậy nghiên cứu sáng ăn món gì đây vì cơm, phở, bánh mì xôi bún bánh canh...... Cả đống lựa chọn. Nhà tôi nuôi gà lai 6 dòng máu thuần việt thịt siêu ngon giờ kêu ăn gà nuôi trại không muốn ăn chứ nói gì đến gà đông lạnh",,,
Chưa hết dịch mà sao mọi người không đeo khẩu trang nhỉ. Ngộ nhỡ có gì thì cách ly hết nguyên dàn BGK coi như hỏng cả cuộc thi,,,
"Vẽ 1 đường thẳng A đến B chiều dài tiến tới 1 vòng trái đất & điểm A và điểm B tiến sát chạm nhau, tương tự AC và BC như vậy ta có 3 đường cao với chiều dài nhỏ hơn 1 mm, diện tích tam giác ABC vừa đủ lớn hơn diện tích trái đất. Kiểu như tam giác này uốn cong bọc trái đất hình . Phải vậy không???",,,
"Y kiến thì nhiều nhưng hãy nhìn ra thế giới để biết Nhật, các nước châu Âu đều cấm sử dụng điện thoại trong giờ học",,,
Khẩu trang này ở Việt Nam có cách đây 10 năm rồi. Các bạn phương tây đi chậm xu hướng quá,,,
Theo tôi phương án 1 là tối ưu nhất vì đã có con đường hiện hữu chỉ cần làm nữa còn lại sẽ nhanh đưa vào sử dụng phát huy tối đa lợi ích,,,
cứ ra đến ngân hàng lại được tư vấn mua bảo hiểm,,,
"Về phần hình ảnh và âm nhạc thì không gì phải bàn cãi cả, rất ấn tượng. Tuy nhiên, về mặt nội dung thì thật sự khó hiểu cho một số người. Mình xem xong tối hôm qua, đến ngày hôm nay cả ngày làm việc nhưng vẫn bị ""ám ảnh"" bởi bộ phim, phải nhớ lại các chi tiết và xâu chuỗi lại cho phù hợp. Nhưng chắc có lẽ phải xem lại một lần nữa!",,,
Không lây nhiễm cộng đồng là mừng rồi...,,,
Hàng nhái sẽ ko cách nào tồn tại được. Sản xuất và kinh doanh hàng FAKE chẳng khác gì xem thường thượng đế và xem thường pháp luật.,,,
Bayren 2019/20 vĩ đại chỉ sau mỗi Barca 2008/09,,,
Ca khúc này gắn bó với thế hệ 8x và 9x đời đầu. ,,,
vâng. Với tôi chó thì mãi là vật nuôi. Chó không phải là bạn.,,,
Thì trước giờ bánh trung thu vẫn chả ăn bằng mắt và ăn bằng thương hiệu.,,,
"Mới đi học sau mấy tháng nghỉ dịch. Mới bắt đầu lớp 1, bặt đầu đi học mà.",,,
"Khủng khoảng 2008 thì đến 2012 BĐS mới bể. Giờ mới khởi đầu thôi, chưa nói đc gì về tương lai BĐS sắp tới đâu!",,,
"TTôi thấy nên cấm dùng ĐT từ cấp 1 đến cấp 3, hoặc ít nhất là đến cấp 2. Chẳng có gì cần thiết phải dùng đt trong giờ học cả.",,,
"Đầu tiên khả năng trường quyết định cho phụ huynh này gởi bé nơi khác ( vì nếu chỉ con té bầm nhẹ là vào đánh cả giáo viên).Việc thứ 2 là truy tố tội bạo hành trẻ em Xử lý cô giáo là hợp lý, vì cô phải quyết liệt bảo vệ bé chứ không thể bắt bé lại khoanh tay xin lỗi (bé mới 2 tuổi chứ đâu phải 12 hay 20 tuổi). Đáng lẽ đầu tiên là đề nghị dừng lại việc hành hung bé và đi ra ngoài.",,,
Con bọ biển là động vật thời tiền sử. Được gọi là hóa thạch sống.Khả năng trao đổi chất rất đặc biệt.Cả đời bọ biển chỉ bài tiết vài lần.,,,
Ôm 3 cái nhà gần 6 tháng ra ko được....bán lỗ vẫn ko ra được đây....Ôm chỉ có nước chết....ở ngoài thì đòi nhào vô...ở trong kiếm đường chạy ra...rõ khổ,,,
Mức án chưa hợp lý.,,,
"Bản tính trẻ con là ham chơi, không bao giờ có tính tự giác và sở thích học cả. Vì vậy song hành với tự do cần phải có khuôn khổ và phải chịu áp lực về học hành mới trưởng thành được.",,,
Luật VN mình cần nghiêm khắc hơn với những hành vi hành hạ trẻ em ! Để có thể bảo vệ dc những đứa trẻ ! Thương quá,,,
Còn lâu mới thành công đá gì mà chuyền về chuyền qua k khéo mất bóng k thì k lên bóng dc.mùa nầy top 6còn khó.tui thích Arsenal những thất vọng quá,,,
Cả 2 mẫu xe này chỉ thích hợp trong đô thị. Nếu đi đường dài và đi với tốc độ 90~100 km/h thì 2 chiếc xe này rất đuối.,,,
Các vật dụng nên để tại nơi này thì ý nghĩa hơn ở viện bảo tàng nhé.Cảm ơn gia đình đã góp phần vào chiến thắng giải phóng đất nước.Chúc an lành.,,,
"Rạng sáng mà đã nhậu nhẹt. Tuổi đời chỉ mới 19, sớm kết thúc một kiếp người.",,,
"Vào đời càng may mắn bao nhiêu thì khi vấp ngã lại càng bi quan bây nhiêu thế là nghĩ tiêu cực. Đúng là danh tiếng tiền tài đâu bằng cuộc sống bình thường không nổi tiếng, không nhiều kẻ đưa người đón thì lại thấy bình an hơn.",,,
"Nhà tôi cũng còn 1 lọ đây,hên cái là nhà chỉ ăn 1 muỗng pate thui..Mẹ không sao nhưng vợ tôi có triệu chứng đi ngoài mệt mỗi,chóng mặt ù tai... Nhưng cũng qua khỏi,sáng hôm sau đọc tin tức là đã không dùng tới,là biết được nguyên nhân.Nhưng thật sự bên bán hàng họ liên hệ chậm trễ và họ chỉ bảo là bảo quản cái lọ nơi thoáng để họ thu hồi..Cái này bên sức khỏe người tiêu dùng và bộ y tế phải làm mạnh tay,triệt để cho người dân chứ",,,
Để nó cho tôi. Giả cầy là hợp nhất.,,,
"Thật đau xót, xin gửi lời chia buồn tới gia đình.",,,
Hết HLV đến chủ tịch phải xuống nước vì M10. CR7 không làm được như thế nhỉ.,,,
"Khổ cho bà con hạ lưu, chuẩn bị chạy lũ.....?",,,
Mọi vấn đề khúc mắc trên đời đều có thể giải tỏa ( có thể không hoàn thiện 100 % ) vấn đề là lộ trình xử lý mà thôi ! Phương án nào thì cũng CẦN PHẢI CÓ SỰ TỈNH TÁO VÀ TRẦM TĨNH ( Dục tốc bất đạt ),,,
Sao ko mời hlv Nguyễn Đức Thắng về nhỉ. Mình thấy a Thắng làm rất tối lối đá cũng hiện đại. Chứ nhìn ông Ninh và ông Đàn ko có tướng HLv lắm . Nản với bầu Đức quá.,,,
"Thật tuyet voi va ý nghĩa, cảm ơn va biet on bác sĩ đã góp phần đem đến sự bình an cho mọi người.",,,
Cầu mong ông sớm bình phục,,,
Bé 5 tuổi nhào lộn 80 lần trong 1 phút. Mình lớn thế này cố lăn lộn cũng được có 70 thôi. Nể quá.,,,
Tam kỳ trời đã hững nắng. May quá,,,
Cái gì lợi cho người dân tôi xin ủng hộ hết mình. Hy vọng VN sớm phát triển AI để điều khiển đèn giao thông và phạt nguội phương tiện giao thông vi phạm,,,
"Đôi lúc ngông cuồng, dân chơi, đôi lúc lãng mạn, a không lạc đi đâu được :D, BINZ",,,
Các cánh tay ủng hộ Trump đâu rồi?,,,
"Báo về, gió cuốn nhà bayHằn in trong trí nhớ ngày ấu thơCha dặm mái, mẹ thẫn thờGió rong mưa đổ phất phơ lúa đồngQuê hương ngày đó thuần nôngTrông vào hạt thóc làm công nuôi người.Nặng tình ta nhớ khôn nguôiMỗi lần nghe bão lặng người xót xa.",,,
"Toàn là nhân vật lịch sử, vậy mà không ai biết sai từ khi đặt tên đường, rồi bao năm sử dụng cũng không biết. Giờ đã ăn sâu vào mỗi con người, đổi sẽ sinh ra lộn xộn trong giao tiếp, rồi bao nhiêu loại giấy tờ phải cải chính lại, phiền ghê...",,,
Đỉnh quá ! Hùm năm nay xơi tái dê 8-2 giờ lại tiếp tục xơi những món còn lại . Dự là sẽ có cơ hội ăn 6 cao lắm đây !,,,
"May cho bọn chuột này chỉ sống ở Anh, dân nhậu VN đang tiếc đây !",,,
Đối với nhạc trẻ VN tôi khẳng định ĐAN TRƯỜNG có nhiều bản Hit nhất chứ ko chỉ có hai bài.,,,
Việc nhẹ lương cao là đây,,,
"khả năng cao là có 1 lỗ hổng trong việc kiểm soát phòng dịch người ra vào Nhà Trắng rồi, TT Trump ngày nào cũng tổ chức họp báo với rất nhiều phóng viên ở đây, rất có thể ai đó đã nhiễm và lan cho mọi người",,,
mỗi lần nghe a hát là cảm xúc khó tả,,,
Bạn thân?,,,
tsao 2018-2019 số trận lại tăng lên là 72 đc ạ,,,
Làm ăn phi pháp thì mới giàu nhanh. Cái gì càng nhanh có được thì càng nguy hiểm và càng dễ mất thôi,,,
Một nền văn minh đến nay chưa có lời giải!,,,
Attrage thì sao bạn?,,,
Chúc con luôn bình an và trở thành người xuất chúng sau này con nha.,,,
"Oh, họ đang sửa chữa thiết bị đang hoạt động trong vũ trụ... có nhưng thiết bị đã 18 tuổi",,,
Trường hợp này ngay cả con người cũng không phải ngoại lệ!,,,
Đã có cầu Nhơn Trạch thì cầu Cát Lái sẽ chậm thêm nữa vì quá gần nhau...,,,
Lúc nhà bị mất chó khóc hết nước mắt tại sao lại có những người kiểu này nhỉ,,,
"Real hãy làm thế vs Cr7, Bale ...",,,
"Rất thích Pitt, đặc biệt khi là cặp đôi hạnh phúc cùng Jolie. Khi họ đến Việt Nam, nhìn gia đình họ thật tuyệt, tiếc là họ đã tan vỡ.",,,
Hiệu ứng đám đông nữa,,,
Tôi thì là fan của Toy nhưng trên quan điểm cá nhân tôi đánh giá xe i10(huyndai) hơn xe Vin,,,
Nên mua xe Ford. Focus 2.0 AT GhiA 2011,,,
Vậy là 2 mạng người chỉ đáng 30 tháng tù thôi mọi người ạ. Cảm thấy hơi sai sai. Haizz.,,,
Em rất mong đợi ngày ấy để em ra tay cứu thế giới.,,,
"Thêm một ngày không ca nhiễm mới, thật tuyệt. Chúc mừng đất nước",,,
Sướng thật nha các con.Ngày nào cũng có người lớn chơi đùa cùng.Không vui cười sao được.,,,
"Attrage là lựa chọn tốt nhất trong tầm giá, Đi tiết kiệm nhiên liệu chắc chắn rộng rãi.",,,
"M10 lại toả sáng rực rỡ rồi, ko có M10 hút toàn bộ hậu vệ thì Fati đã ko có bàn thắng. Trong khi rô múi lại như thường lệ, có hôi pen mới được cú đúp",,,
Hèn chi uống bia sàigon có vị bia hơi chua,,,
"Mình cũng còn sống nhờ các BS Chợ Rẫy cách đây 10 năm. Chuyên khoa xuất sắc - tận tâm tuyệt vời. Mình may mắn được lọt vào top 1% bệnh nhân sống sót & phục hồi 99% sau tai biến mặc dù đạt kỷ lục về thời gian nằm viện này (2,5 tháng)",,,
"Có 1 bài ca,..ca riết rồi chán. Muôn thuở. Mưa là ngập, ko mưa cũng ngập. Ngày càng trầm trọng hơn dù tốn hàng ngàn tỷ đồng...",,,
Mừng quá! Cứ đọc âm tính với không lây nhiễm là thấy vui trong lòng,,,
"Cho nên đâu phải cứ phương tây là văn minh. Vẫn có người này người kia. Hành vi này mà xảy ra ở VN thì sẽ có khối bạn lên mạng gào khóc, so sánh VN và ""văn minh"" phương Tây.",,,
Chúc ông mau chóng bình phục,,,
Chỉ kinh tế mới khiến mỹ trở thành bá chủ thế giới. Trum mới có thể làm được điều đó.,,,
Việt nam là nước xuất khẩu lai động có nhiều lao động tại nhật.tình trạng hiện tại rất nhiều người thất nghiệp suốt từ đầu năm đã tốn kém chi phí cả trăm triệu đồng là gánh nặng kinh tế rất lớn. Không có biện pháp kịp thời giải cứu công dân mắc kẹt sẽ khiến nhiều gia đình rơi vào cảnh tan hoang nợ nần bởi đa số người đi lao động đi vì kiếm tiền trả nợ,,,
Mời cho đông để dễ đá bóng trách nhiệm.,,,
Sao không vào Công an Phường mà vào bãi giữ xe làm gì cho bị chém,,,
Hy vọng Ansu Fati là Lionel messi mới chứ đừng là Bojan krkic mới.,,,
"Các chàng trai, cô gái cấp 3, hãy ngăn bố mẹ đọc dc tin này, nếu ko các bạn sẽ có những bữa cơm ngập trong câu chuyện con nhà người ta.",,,
"Barca vs juver đi, xem cho nó sướng nào.!",,,
messi chuyen bong qua tot,,,
"Do giá vàng tăng, giá nhà tăng theo, trung bình 30 cây vàng một căn.",,,
Mình cũng chúc ông Trump sớm bình phục !,,,
Cảm ơn các ấy Bác Sỹ đã chiến thắng trở về !Thành Phố Hoa Phượng Đỏ chào đón Anh Chị Chiến Thắng trở về !,,,
"Thật tuyệt vời,chúc mừng các chiến sỹ,",,,
"Thật là đau thương, xin chia buồn cùng gia đình các cháu, cầu mong siêu thoát",,,
Tài xế xe ô tô dừng trước đầu xe bồn xử lý siêu nhanh luôn! Vừa đạp ga tránh bị đâm vừa đánh lái tránh các xe cắt mặt. Phải tập thói quen nhìn gương chiếu hậu khi dừng đèn đỏ thôi!!!,,,
"Tin tốt đẹp như này cứ đến mỗi ngày,thì dân mình ai cũng yên tâm!",,,
"Mình cũng nghĩ là sẽ không có bất ngờ tháng 10 nữa đâu, mà chỉ có bất ngờ tháng 11 thôi các bạn !",,,
giờ bão hòa rồi.giờ thương mại điện tử phát triển thì phải nhường sân thôi.cùng hàng như vậy trên online bán rẻ hơn mấy trăm đến 1triệu thì là tất yếu thôi.vì phải chi phí mặt bằng nhân viên lên ăn mòn lợi nhuận,,,
A bo có lượng fan 8-9X hùng hậu nhất Việt Nam không ca sĩ nào qua được thề luôn !,,,
Có mang về Việt Nam cũng khó bay vì dây điện như màng nhện...,,,
tàn nhẫn ko còn chỗ nói,,,
Con cái Trump thật tuyệt!,,,
con cua nhỏ xui quá thể,,,
"Chim sa, cá nhảy là điềm xui, và vận xui gây chết người đã xảy ra. Chia buồn với gia đình nạn nhân.",,,
anh Bo mãi mãi 1 tình iu của tui kk,,,
Có 2 nghi vấn. Thời điểm phát nổ ô tô vẫn di chuyển về hướng phát nổ và không có đèn phanh. Thứ 2 sức ép từ vụ nổ không làm cho lá cây gần đó dao động.,,,
"Khổ, chắc nhiều người chưa xem báo đài, TV. Nên sử dụng hệ thống loa phường hoặc các hình thức khác nữa để báo cho toàn dân biết để phòng tránh, không còn những trường hợp đáng tiếc như vừa rồi nữa. May 3 người bị nhẹ chứ nếu nặng nguy hiểm đến tính mạng thì sao :(",,,
Bài viết hay và thú vị. Cảm ơn Vnexpress.,,,
"Sự việc Trump bị nhiễm covid giúp Trump nhìn lại chính mình, cử tri Mỹ và mọi người nhìn lại về nước Mỹ.",,,
Mĩ cũng lắm trò nhỉ.,,,
"Tin vui vì dịch đã được đẩy lùi, 10 ngày không có ca nhiễm cộng đồng.",,,
Ơ ... ! Sáng nào tôi cũng uống cafe đen từ hơn hai mươi năm nay rồi !,,,
"Chị Diễm My đẹp quá, à phải gọi là cô mới đúng :)",,,
"Cứ dùng các sản phẩm của những công ty có tên tuổi, sợ lắm các sản phẩm nhà làm không có cơ quan kiểm định",,,
"Giỏi quá, chúc mừng em",,,
"Brad vẫn còn phong độ, Jen thì xuống quá.",,,
Nghe anh hát nhạc Bolero mà thấy khổ thân bài hát quá.,,,
"Hy vọng nước nhà có thêm 1 kỹ sư hoặc chuyên gia giỏi. Tôi ko quan tâm lắm tới mấy giải vàng giải bạc này, chỉ mong em thành tài thôi",,,
Không hiểu sao có người lại anti Messi được nhỉ.Chúng ta còn được xem Messi thi đấu đỉnh cao bao lâu nữa đâu nên hãy trân trọng từng trận đấu khi còn Messi đi.Tương tự là Ronaldo.2 cầu thủ xuất chúng.,,,
Ông nói đúng. Ủng hộ Biden!,,,
Vẫn luôn ủng hộ và dõi theo Hoạ mi nước Anh. Cũng đã dần quen với diện mạo mới khi Adele cố gắng ép cân. Nhưng thành thực mà nói vẫn thích Adele mập mập của ngày xưa hơn. Mũm mĩm đáng yêu...,,,
"Nên mua đi bạn, hoàn cảnh mình giống bạn, mình mua lúc chưa có chồng, vừa cưới được 1 năm thì mình bị K ngực, mình thấy an tâm khi mua BHNT",,,
Đệ tử Pep mà không theo cách Pep vậy Arteta...nhưng học Kloop thì có vẻ sống lâu hơn trong nghề HLV ? Arteta có khả năng thành công hơn Solsa,,,
"Với mức độ giao thông tăng nhanh và chung cư cao tầng mọc trong nội đô như hiện nay thì tình trạng tắc đường và quá tải còn tăng.Cả về nhu cầu đi lại và tình trạng thiếu không gian sống trong nội thành, ngoài ra đặc biệt nhất là khi hỗ trợ cấp cứu và cứu hoả gặp rất nhiều khó khăn.Thiếp nghĩ hạn chế chung cư cao tầng và di chuyển nhà máy xí nghiệp cũng như một số trường đại học, cao đẳng ra ngoại thành lân cận.",,,
"Tôi lại lo ngại đối với những cốp liền thân xe. Trẻ em biết lại ra đó nghịch ngợm...trong trường hợp xe đang chạy, đôi khi chúng ta không để ý thì thật nguy hiểm.",,,
Sao không chọn toàn bộ tuyến đường dọc bờ sông Sài gòn hả trời!,,,
Mua xe i10 đi cho lành,,,
Chúc mừng PGS. Huỳnh Quyết Thắng! Đã có dịp gặp và trò chuyện với PGS trong một dịp PGS đi công tác ở Nhật. Chúc PGS nhiều thành công và thắng lợi trên cương vị mới! (Thiện),,,
"Nói thật, chả thấy anh này xấu ở điểm nào. Càng già càng gân thì phải",,,
Cột điện bằng betong cốt thép là sản phẩm vững chắc mà ko hiểu tại sao lại dễ gãy,,,
Cảm động con rắn bên dưới xả thân cứu con rắn bên trên khỏi cú táp đầu chí mạng của cá trê.,,,
Cám ơn bác. Cầu chúc bác có nhiều sức khỏe và an lạc.,,,
"Mỗi lần đọc những vụ án như thế này, thật phẫn nộ. Thiết nghĩ cần thay đổi luật tăng nặng hình phạt cho tội này.",,,
Nhìn ảnh các con nằm mà thương quá! Kiếp mồ côi không cha mẹ đã khổ lắm rồi. Mong các con mau bình phục,,,
"Thực sự cũng rất chịu khó ngồi học cùng con khi biết mình sai lầm khi không cho con học trước nhưng quả thật chương trình quá nặng với các con. Học được 3 tuần mà trong 1 trang phân biệt chữ in hoa in thường và viết thường. Phân biệt g đơn gh, gi, k, kh và nh trong khi bảng chữ cái đơn chưa học hết. Yêu cầu các con đọc được 1 đoạn văn hội thoại khá dài. Mẹ cũng cảm thấy khủng hoảng. Mong Bộ Giáo dục có 1 chỉ đạo kịp thời nếu không sẽ có 1 lứa các con sợ đọc tiếng mẹ đẻ của mình",,,
Chúc ông Trump mau khoẻNước Mỹ đúng là đang đứng trước nhiều ngã rẽ. Nhưng hy vọng họ vẫn đi đường thẳng,,,
"Nếu di chuyển nhẹ nhàng, đường tốt Attrage đáp ứng tốt. Cùng xe Nhật Vios mạnh mẽ, bền bỉ, opptions ngợp đáp ứng mọi cung đường , hạn chế là bản lắp ráp không như Attrage nhập . Độ ồn 2 xe như nhau . Mình vote cho Vios E .",,,
Hiện giờ còn rất nhiều đường số không có tên sẻ giãi quyết như thế nào,,,
Hoài Lâm là giọng hát trẻ mà khiến tôi phải dừng lại thưởng thức trọn vẹn bài hát của e ấy thể hiện (đúng hơn là đáng tuổi cháu tôi),,,
Lại tuyệt chủng là cái chắc.,,,
"Tiêu hoang thì mình không nói, ai cũng tiêu nhưng đấm thẳng mặt chồng thì thì thua.",,,
Hat sở trường của mình thôi. Càng thể hiện càng thấy tệ.,,,
Hàng việt nam tuy không canh tranh mạnh với mẫu mã với nhiều nước - nhưng mà chắc chắc làm ra chiếc khẩu trang có tâm có Đức hơn bất cứ nước nào - chỉ cần cho cái giá hợp lí.,,,
Giống rừng cây,,,
Tên kia côn đồ manh động quá mà chết cũng đáng. Nếu không chết thì cùng lắm ngồi tù rồi ra tù lại vác súng đi thanh toán nợ cũ ai mà chịu nổi.,,,
"Ko tưởng tượng nổi, giữa thời đại này mà có một gđ (cái gọi là gđ) sống mông muội, dã man như thời nguyên thủy.",,,
Dàn diễn viên nổi tiếng làm MV xem cũng được ...,,,
Phải chi con mèo nhà mình cũng bự như vầy!,,,
Không phải đối thủ của TRUMP,,,
"Việt nam ta tuyệt vời, cả thế giới thừa nhận",,,
Từ giờ đến cuối 2020 sẽ khởi công cầu Cát Lái. Tôi tin là vậy,,,
Có còn là con người ko,,,
Tuổi thơ của tôi,,,
Lần này thì hãy xem tot mạnh ntn nhé .tôi vẫn tin bác mou,,,
Nhìn vào thấy cầu nhơn trạch bố trí là chưa hợp lí rồi. Đề nghị xem lại,,,
"Cá trê gì kỳ vậy? Cá trê mà không có râu, không có gai ngạnh??? Còn cá đó nhìn giống cá lóc ( hay còn gọi là cá chuối, cá quả...) hơn.",,,
"Ông này giải nghệ đi là vừa, trình chỉ có thế, so vơi Big có khác việc chấn thương và trở lại sau chấn thương cũng ở đẳng cấp khác Big 3 rồi",,,
"Đã từng một thời sắc nước hương trời như Jennifer Aniston, rồi cũng có ngày nhan sắc phai tàn như hôm nay. Và sau một số năm nữa, mái đầu sẽ bạc, nếp hằn trên khuôn mặt sẽ nhiều lên. Hẳn là không người phụ nữ nào muốn thấy khuôn mặt già nua nhăn nheo của mình theo thời gian, như hai câu thơ đã miêu tả: Mỹ nhân tự cổ như danh tướng, bất hứa nhân gian kiến bạch đầu.",,,
Đúng là cặn bã ấu dâm!,,,
"ĐỌC MÀ ĐAU LÒNG HẾT SỨC, VÀO NĂM HỌC RỒI Ở CÁC TRƯỜNG CÓ CƠ SỞ VẬT CHẤT ĐÃ CŨ NÊN CÓ ĐOÀN THANH KIỂM TRA LÀ TỐT NHẤT.",,,
Mẹc Xì góp 1 bàn vào chiến thắng của Barca. => Penalty thì cules không có tính là Goal nhé!!! B),,,
"Tôi, 8x đời đầu, đã đọc hết 70 tập TKKG, vẫn rất mong đợi sách tái bản để tiếp tục sống lại một thời tuổi thơ hoa mộng của mình",,,
Ôi! Mua xe nên kiếm mấy em cerato đời 2009 hay kia caren ý. 300tr còn hơn chán i10 này. Xe hàn cũ là vô đối. Đi 20 năm nữa cũng chẳng hỏng.,,,
Chúc em cố găng vượt qua sao hơi giống bản sao của tôi hồi bé quá vậy.dù tôi có cha mẹ nhưng cũng thường xuyên ăn đòn của bố giống em.,,,
Kiếm căn nhà nào vừa túi tiền vị trí cho thuê ổn định được. Lấy tiền thuê nhà như lời ngân hàng và quên nó đi trong 5 10 năm. Chứ thời điểm kinh tế khó khăn này với lại bạn không chuyên không nên đầu tư lướt sóng . Chúc bạn thành công,,,
"Mong tất cả đều được nhận dạng, và rất mong nhận dạng được chính xác!",,,
có cái loa phương hữu ích tuyên truyền đến tận bà nội trợ đâu rồi,,,
Tự làm ăn là lành nhất,,,
"Thật lòng biết ơn & cảm ơn tất cả các y, bác sĩ trên tuyến đầu chống dịch.",,,
Thế mới thấy nhà ấy vĩ đại đến chừng nào ! Cùng bàn thua nhưng lại có đến 2 lần được hưởng niềm vui bàn thắng .,,,
"Biểu hiện của tuổi già, lẩm cẩm rồi.",,,
"Đã đầu tư thì phải chịu rủi ro bạn ạ, biết trước thì ai cũng mang tiền ra đầu tư cả, bạn đầu tư vào đất thì sự rủi ro ít hơn chứ ko có nghĩa là ko có.",,,
"Đã tìm được chủ nhân của giải Nobel rùi. Thế giới nên chung tay đoàn kết để phát triển, đề cao giá trị tình người, sự tiến bộ của khoa học kĩ thuật sẽ giúp giải phóng sức lao động của con người. Không nên vì sự ích kỉ, kìm hãm sự phát triển chung của nhân loại.",,,
"Trời ơi, thương các con quá",,,
Không hiểu sao ông này thay đổi tính cách nhanh chóng,,,
Tình cha ấm áp như vầng thái dương...,,,
26 năm nhu thuật nha ! Không phải ăn rùa đâu . Nhờ khổ luyện đấy,,,
Tôi là người tư vấn BHNT. Quyền lợi dành cho khách hàng cao nhất việt nam. Khuyên mọi người nên mua BHNT càng sớm càng tốt. Phí BH sẽ thấp. Tham gia BHNT vừa bảo vệ cao vừa tích lũy nhiều. Bên tôi tử vong do tai nạn có thể đền bù lên đến 500% số tiền BH. Bỏng từ 2% đã được bảo hiểm .... Xác đinh chơi BHNT là lâu dài. 20 năm gia đình bạn được bảo vệ. Khi nhận HĐ BHNT nên đọc thật kỹ các điều khoản xem có giống những gì tư vấn nói không. Ai cần tư vấn cụ thể hơn có thể inbox mình chạy thử bảng minh họa để so sánh với bất kỳ hãng nào.,,,
"Tôi có con học lớp 1, 1 tuần học 4 buổi cả ngày, 1 buổi nửa ngày. Tối về còn phải làm bài tập cô giao, xem trước bài ngày mai. Con không theo kịp được các bạn học trước, tôi buộc phải cho con học thêm tối 3 buổi/ tuần ở nhà cô. Trung thu cho con nghỉ 1 buổi tối đi chơi, mà hôm sau con về trách mẹ không cho con học trước bài để hôm nay cô gọi con không nói được. Chương trình học quá nặng đối với học sinh lớp 1. Học cả ngày và tối, khiến con thiếu ngủ, và không được vui chơi.",,,
Idol của mình đây rồi. Ngày xưa thích anh này lắm luôn. Giờ có gđ rồi nên không có thời gian mà lãng mạn như xưa toàn mua hình anh về treo khắp phòng. hihi,,,
K hiểu nổi luật của VN. Lẽ ra bất cứ hành động nào liên quan bạo hành trẻ em phải bị xử vào khung như ma tuý mới đúng. Trẻ em phải đc pháp luật bảo vệ lên trên hàng đầu.,,,
Thương quá! Đọc mà không cầm nước mắt.,,,
Trường ở đây cũng có quy định về tóc mà.,,,
"Si tới Liverpool còn ghi không nổi 1 bàn và thua tới 4-0 ở thời điểm đó Liverpool chỉ đá với đội hình 2, toàn dự bị vì những cầu thủ chính dính thương và thẻ trước đó mà. Lacazette trên Si 1 bậc còn đòi hỏi gì nữa!",,,
xinh quá cara,,,
"Giữa hai người lúc này thì những ji mà Trump đã làm thì đã hiện hữu, có cái thành công và có những cái không như ý nên công kích vào những thất bại của Trump dễ hơn, còn Biden chưa làm ji ngoài những lời hứa hẹn nên khó mà công kích hơn Trump",,,
"đau lòng quá đi, mong các con được siêu thoát.",,,
Tưởng con cá chết vì nọc độc của con rắn cắn vào đuôi chứ nhỉ,,,
"Anh Bale này bị chấn thương hoài nên cũng ko ham, vừa mới qua Tot mà đã bị chấn thương rồi, tưởng được xem bale tối nay đá, ai dè lại phải dưỡng thương, nghe mà phát ngán, nên Tottenham cũng ko nên hy vọng nhiều quá ở cầu thủ này để có khi phải thất vọng tràn trề.",,,
Tôi còn nhớ là tôi đi chăn trâu ở gần ủy ban có cái loa xa tu tầm 16-17h chiều gi đó. Có ca nhạc thư yêu của khán giả. Và tôi đa nghe dc ca khúc dòng sông băng. Va rất nhiều ca khúc khác nữa,,,
Cưỡng hiếp trẻ e ma chi có 6 tháng tù thôi à?,,,
"Dùng lồng chứa thức ăn, dụ bắt hết, đem thả sâu vào trong rừng.....3 nốt nhạc.....",,,
Tuổi thơ của tôi đã tưng như thế này . :),,,
Tuổi trẻ tài cao lại còn xinh.,,,
"Đường đi của bão số 5 ven biển từ Quảng Nam đến Hà Tĩnh do địa hình ở khu vực này núi sát biển lại có dãy Bạch Mã, đèo Hải Vân gây ma sát sẽ có khả năng giảm cấp khi vào gần đất liền!",,,
Chúc mừng các đồng hương.,,,
"ui, con mình đi xa tí mình thương nhớ không chịu nổi, sao nỡ",,,
Phải điều tra xem vì sao bé tử vong ???,,,
hổ dữ không ăn thịt con. chỉ bắt đi ăn xin thôi,,,
Các bộ váy rất đẹp trừ váy của Giáng My. Nhưng ba đôi guốc và những kiểu tóc búi làm mất thẩm mỹ của bộ ảnh.,,,
Mừng với tin vui này. Mong cầu bình yên mãi mãi.,,,
Em i10 này quá đẹp so với phần còn lại. Em ko có thành kiến gì về hãng.,,,
"Bài kiểm tra không chỉ để đánh giá năng lực mà còn là động lực để học sinh ôn lại bài nữa. Bỏ kiểm tra thì thay vì 1 -2 tháng ôn bài 1 lần, học sinh giờ sẽ để tới thi học kì mới lôi hết ra ôn 1 lượt, học vẹt để thi chứ không có thời gian để nhớ lại kiến thức một cách đúng đắn. Thật tế là ở tuổi này không nhiều em biết tự giác học tập đâu, nhiều em chỉ học khi có áp lực thôi. Người lớn muốn giảm bớt áp lực cho các em là rất tốt, nhưng tốt nhất là phải đặt áp lực một cách đúng đắn, vừa phải và phải tìm cách để các em biết (và chịu) chủ động việc học mới được. Riêng với vụ bỏ kiểm tra này, không phải giảm áp lực mà là dồn hết áp lực vào thi cuối kì thì đúng hơn. Lợi bất cập hại.",,,
Họ giỏi quá,,,
"Tôi cùng chờ mấy hn xem nhà trường xử lý mấy cô giáo này như nào, trách tên Hùng kia nhưng các cô giáo thật đáng trách và lên án, ko bảo vệ ngay cả các cháu còn nhỏ. Đề nghị CA vào xử lý gấp vụ việc này",,,
"Cái này làm túi ngủ cho những người làm việc đêm ngoài công trường hoặc những người đi picnic, đi rừng...hay nè",,,
Thương con quá . Chúc thiên thần nhỏ luôn vui vẻ khi về bên kia,,,
"Serie A mùa này có vẻ rộn ràng và quyết liệt hơn, hy vọng lấy lại vị thế của Serie A những năm 90.",,,
Sao không có gia đình mình nhĩ ?,,,
Dương đông kích tây cuối cùng cũng thành công . Mang chứng về chén thôi,,,
"Mong bão sẽ tan sớm, không ảnh hưởng nặng cho miền trung đang chịu nhiều kho khăn vì covid",,,
"Messi là một siêu sao bóng đá, không phải bàn cãi! Nhưng không phải người duy nhất là siêu sao, chắc chắn rồi! Khác biệt của cậu ta là giữ phong độ cao trong một thời gian dài, bởi vậy cậu ta có nhiều danh hiệu cá nhân hơn những ngôi sao khác! Còn theo tôi, mỗi cầu thủ đều có cái hay riêng, và tất cả những người đoạt quả bóng vàng đều là những siêu sao tấn công, tôi thấy bất công cho các thủ môn và cầu thủ phòng ngự, dường như họ chẳng bao giờ có cơ hội sở hữu giày vàng hoặc bóng vàng! Messi chơi ở vị trí số 10 , chắc chắn đó là vị trí dễ săn bàn nhất, cùng với chính sách nuôi dưỡng ngôi sao của Barcelona thì Messi thường không phải mất nhiều sức vì không cần tham gia phòng ngự quá sâu, dành sức cho những tình huống tấn công! Tôi phải công nhận Barcelona rất biết giữ gìn sức khỏe cho trung phong của mình, giúp cậu ấy giành nhiều danh hiệu cá nhân, qua đó nâng cao danh tiếng clb, và tất nhiên, họ sẽ kiếm nhiều tiền hơn! Messi cũng hưởng lợi từ chính sách này, cậu ấy dường như không bao giờ bị đuối sức hoặc chấn thương, và có thể giữ phong độ cao ổn định! Một phần lý do khiến cậu giành nhiều danh hiệu cá nhân hơn những người khác.Còn về trình độ, không có một thước đo chính xác, lúc Luka Modric giành quả bóng vàng thì cậu ấy là đỉnh của thế giới, và Messi và Ronaldo cũng ở dưới gót chân của cậu ấy thôi,nói chung là đẳng cấp bằng nhau, tùy vào hoàn cảnh, đồng đội, chấn thương các kiểu mà một siêu sao có thể có thành tích tốt hoặc không tốt!",,,
"Cụ về bên kia yên tâm nhé, bên này bả và các con vẫn được chăm sóc tốt cụ ạ",,,
Tuyệt vời!Chúc mừng các anh chị,,,
Còn chỗ gởi bé sau khi tiêm cũng phải ktra xem có bất thường gì kg,,,
mấy con hổ đi ngang rất thích điều này,,,
K có giấy xét nghiệm 3 ngày âm tính hử?,,,
"Không tin trên đời này lại có những người mẹ nhẫn tâm thế này. Nhìn bản mặt hai người này chắc không còn khả năng cải tạo, có thể hòa nhập với cộng đồng được nữa. Pháp luật nên xử thật nặng để không còn phải đọc những bài tương tự nữa",,,
Nên! Vì giá đất 10 năm sẽ tăng gấp đôi!,,,
Có cả ruột xe nữa hả @@,,,
tất cả gói trong từ nếu .kể cả nếu thua một mạch 8 trận,,,
"Nhìn thương thế, biết là bé tài năng, nhưng không biết bé có bị bố mẹ ép quá sức không, bé mới 5 tuổi thôi mà :^*. Có nhiều gia đình vì mục tiêu ""ích kỷ"" đã vắt kiệt sức của những đứa trẻ",,,
Em giỏi quá,,,
Nhìn mà ớn gáy quá !,,,
Có nhiêu đó mà giết người.,,,
Bài viết quá hay,,,
"2020 rồi mà một cơn bão không lớn, quét qua 1h đồng hồ mà mất điện 1 ngày, cuộc sống đảo lộn vì mất điện chứ không phải bão",,,
"Tôi chọn họ, người anh em.",,,
"giống như cảnh trong phim vậy, có người ngoài hành tinh đang xâm nhập trái đất ",,,
Lần nào đọc tin về 2 bố con chú cũng đều rưng rưng nước mắt. Cố gắng lên chú nhé! Ông trời sẽ không phụ công chú đâu!,,,
Sao đến bây giờ vẫn có ca nhiễm pate này vậy,,,
Trời ơi! 58 tuổi mà còn bén ngót,,,
Soluto rẻ hơn thì cứ mua soluto thôi. Thời buổi dịch bệnh tiết kiệm được khoản nào hay khoản đó,,,
Thấy thích quá một vùng quê miền Trung.Tôi cũng thường ra vùng này.,,,
Hoan hô các chiến sĩ cảnh sát ! Án tử cho toàn bộ bọn này,,,
"tại sao lại làm như vậy? trách nhiệm thuộc về ai? 125 học viên đang gánh chịu hậu quả, thật không thể hiểu nổi",,,
Quy hoạch kém. Ao hồ đầm là nơi chứa thì giờ bị lấp để xấy cao ốc cả rồi,,,
"Chúc gia đình ông luôn được bình an,, mạnh khỏe.",,,
"Không phải con ruột mà nhìn bé nào cũng có nét của bố Cường, đáng yêu quá!",,,
Chú quả thật là người bố tuyệt vời!,,,
Khổ cho học sinh VN quá,,,
một trang mới đầy tươi sáng cho các bé!,,,
"300 triệu mua tốt luôn, xe này đi đầm chắc và rất lành,bản số sàn ăn khoảng 7 -8 lít cho 100km là chấp nhận được",,,
"đúng là kì tích, cá đớp rắn,rắn đớp cá và cái kết bất ngờ. cá đã chiến thắng hai con rắn. thật ngoạn muc!",,,
"Trẻ con nó cắn cấu nhau là bình thường , thế mới là trẻ con . Ngày xưa mình còn bị bạn ném chảy máu đầu , và bố chỉ dắt đến nhà bạn nói với gia đình tự chỉ bảo con thôi . Hành động bạo hành trẻ ngang nhiên như vậy phải phạt hình sự khung cao nhất",,,
Việc làm nhân đạo và ý nghĩa.,,,
"Có lẽ chất nhạc của NS Nguyễn Văn Chung đã đạt đến đỉnh vơi những bài hit trước đây và bài Nhật ký của mẹ nên tôi thấy ca từ và giai điệu không đặc sắc lắm như những bài trước đây của anh. Qua giọng Hoài Lâm, bài hát đã được nâng lên về cảm xúc. Chúc 2 chàng trai tài hoa luôn thành công!",,,
Lò nổ với đẳng cấp triệu đô dạo này như cái chợ vậy. Không HLV nào đủ đẳng cấp để dẫn dắt dàn cầu thủ triệu đô.,,,
Tưởng giải nghệ ko hát nữa rồi hoá ra chỉ tạo scandal thôi ah,,,
Thế giới động vật và cuộc chống sinh tồn cũng thật phong phú và thú vị!,,,
Cái quan trọng là người cực giàu ở mỹ chỉ được chưa tới 100 người thì số phiếu của họ chả ảnh hưởng gì.,,,
Thành công trọn vẹn,,,
"tuyệt vời quá, cảm ơn những người con Quảng Nam đã luôn nhớ nguồn cội !",,,
"Thằng bé ôm yếu thế kia, ông cảnh sát thì như con gấu. ",,,
"Nếu nhìn về góc độ thiết kế thì khác nhau rất nhiều, nếu các bạn làm bên đồ họa nhìn cái chắc khó kiếm được điểm chung. kể cả về phần mầu sắc. Chỉ có cái form bia là nó giống nhau thôi.",,,
"10 năm nữa thì việc truy cứu xử tác động môi trường sẽ như thế nào? Các tấm pin thải loại sẽ đi về đâu, xử lí tái chế ra sao?",,,
"Liv năm nay tập trung C1 và Ngoại hạng. Vì không muốn làm clb 1 mùa nữa, hehe",,,
"giống như coi phim hành động, các anh thật dũng cảm. Rất biết ơn các chiến sỹ và người dân bất chấp nguy hiểm để mang lại sự bình yên cho đất nước !",,,
Trình độ ngoại ngữ và kỹ năng nghề của lao động của Việt Nam là một khâu yếu nhất. Cần thu hút mạnh mẽ các nhà đầu tư nước ngoài về giáo dục nghề nghiệp.,,,
"Ai cũng như mình thì các ông lớn này lỗ nặng . 40 tuổi rồi chả bao giờ biết uống các loại nước có phẩm mầu , chỉ nước suối khoáng và nước đun sôi ở nhà. Có lẽ vì thế mà chưa biết đến bệnh viện và đẻ luôn 4 thằng cu !",,,
Đau lòng quá. Mong bậc cha mẹ cố găng hiểu và quan tâm các cháu hơn trong lứa tuổi này!,,,
Hồi xưa nếu đan trường phát hành từng bài như ca sĩ bây giờ chắc cả trăm bài hit.ra nguyên album hơn 10 bài nên khán giả nghe bài hay nhất.,,,
"còn nhỏ mà manh động thật nguy hiểm cho xã hội ,vì cuộc sống của người dân mong công an chăm sóc tụi nó đặc biệt.",,,
"30 chưa phải là Tết, lần trước 100 ngày Covid còn quay lại, cẩn thận hơn lần này",,,
Phản đối giam cầm động vật hoang dã!,,,
hoan hô cảnh sát Ấn Độ đã làm một việc rất có ý nghĩa ,,,
đẹp quá,,,
"Quá ngông cuồng, coi thường pháp luật",,,
Chứng tỏ nước Mỹ là cường quốc số 1 Thế giới. Cả Thế giới đều quan tâm,,,
"Thế mới thấy được cái tài và tầm nhìn của TT Trump. Ông đang thay đổi nước Mỹ và thế giới. Các chính sách từ TT Trump ko phải tác động một sớm một chiều mà nó sẽ diễn tiến từ từ vì các chuỗi cung ứng cần thời gian để thay đổi. Mà hệ quả là nhiều nước nhỏ trong đó có Việt Nam sẽ được hưởng lợi từ việc giảm bớt lệ thuộc vào Trung Quốc và nâng cao năng lực sản xuất. Ông đã thức tỉnh nước Mỹ và vẽ ra con đường để Mỹ giữ vững vị trí siêu cường số một. Nước Mỹ lùi 1 bước nhưng sẽ tiến 3 bước và vươn lên mạnh mẽ. Thành quả Trump đem lại sẽ đến trong vòng 8-10 năm nữa, tuy nhiên lúc đó ông đã ko còn là TT và nhiều anti Trump sẽ bảo là ông đã ko làm gì cho nước Mỹ.",,,
Trường hợp 2 cô bé này được gọi là giàu từ trong trứng .,,,
Hai chị em nhà này còn hơn cầm thú nữa,,,
"Vấn nạn trẻ em ăn xin, bán vé số, lao động này thường gặp mà các cơ quan chức năng ko quản lý được.",,,
"Khâm phục em vì sự cầu toàn và không rời bỏ mục tiêu của em. Với đại đa số người trẻ, đạt 8.5/9 đã là thành công, nhưng em vẫn chưa hài lòng và kiên trì với mục tiêu của mình. Chúc em thành công và nhiều niềm vui.",,,
"Có hiếu là một từ đã được xác định,, không thể hiểu rằng phải có tiền để phụng dưỡng cha mẹ mới gọi là có Hiếu? đó là những ý nghĩ hạn hẹp về chữ Hiếu? Ở đây ta phải hiểu rằng Hiếu là bổn phận trách nhiệm của con cái phải trả công ơn cha mẹ đã sinh thành nuôi dưỡng mình từ lúc mới sanh ra chưa có gì và không biết gì? Một người gọi là bất hiếu sẽ đồng nghĩa với bất nghĩa (người không nhớ ơn), bất nhân (người không có tính người tức là còn thua tính thú vật, vì thú vật còn biết người nuôi dưỡng chúng? Còn mình thì không biết?) đối với cha mẹ không phải bằng sự chăm lo cung phụng từ vật chất tiền bạc là đủ? Mà phải luôn đến tinh thần tất cả về mọi mặt để làm sao đưa cha mẹ từ thiếu thốn không còn thiếu thốn, từ không an vui buồn phiền đến có an vui, vui vẻ, từ kém tri thức đến sáng suốt tri thức ,từ chưa có hạnh phúc sẽ được hạnh phúc, vân vân và vân vân... dẫn đến tiến tới chân thiện mỹ tất cả theo năng lực của mỗi người con, ai cố gắng làm được những điều này. Đó mới thật sự là người con có Hiếu. ",,,
Tôi ủng hộ,,,
Nghe ớn quá. Hết thịt để ăn hay sao ta ??,,,
Khốn nạn !!!,,,
MU sao khi bị bán thì đã và đang lấy giá trị thương hiệu bán trả lãi ngân hàng và lịch ích cá nhân hơn là lo cho sự phát triển của đội bóng. Đến ngày nào chưa rời khỏi tay những người chỉ kiếm tiền thay vì danh hiệu tgif chưa thể trở lại đỉnh cao được.,,,
Cầu mong mọi người bình an! Việt Nam cố lên! Đất nước chiến thắng!,,,
"Tất nhiên là i10 giá tốt hơn, xe phù hợp với túi tiền. Chi phí lăn bánh không cao, dù biết thời gian vừa qua i10 và morning hụt hơn Fadil nhưng i10 và Morning đã lăn bánh hàng chục năm nay rất ổn định và kinh tế.",,,
"i10 vừa kinh tế vừa rộng rãi. Fadil ngồi không gian ko thoải mái, chạy còn tốn xăng nữa",,,
"Cầu phúc cho con, con trai. Mong mẹ con sẽ vượt qua cú sốc này mà nuôi dạy con thật tốt",,,
"Một số ng hay chê bai việc mua BHNT. Theo ý kiến của tôi, việc mua đc là tốt, nh lợi ích, còn những ng phản đối thôi kệ họ. B nên mua, có chăng cần một người tư vấn tốt, còn m đã mua 5 năm",,,
"Ôi zời, cái gì cũng khó. 3 tỷ để tiền gửi tiết kiệm nhẹ đầu cũng được khoảng 200- 240tr/năm x 5 năm = 1- 1.2ty. Mua đất nếu bán được giá có thể lãi hơn nhưng cũng có người sau 5 năm bán chẳng được và giá cũng không hơn là bao. Vì vậy bạn xem mình có duyên mới BDS thi mới đầu tư bạn ah.",,,
Ngưỡng mộ các anh CSHS quá. Chúc các anh nhiều sức khoẻ để gìn giữ an ninh xã hội:).,,,
số tiền này đủ vào khung hình sự rồi đó.,,,
Mẹ nuôi dẫn đi bar! Mẹ tốt thật!,,,
Một người kỷ niệm ngày sinh và một người kỷ niêm ngày giỗ cùng ngày cho dễ nhớ.,,,
Mong hai con luôn được mạnh khỏe bình an Song Nhi ơi.,,,
Cầu mong con luôn mạnh khỏe!! đọc tiêu đề thôi mà đau lòng,,,
"Trong tháng 7 này thấy mấy xe bồn trộn bê tông gây tai nạn, xe trộn bê tông đang lên ngôi",,,
"Nó phải ngoi lên thở thường xuyên mà, đại dương rộng lớn nên chúng ta khó nhìn thấy thôi.",,,
"Có thể đây là kế hoạch trong chiến dịch bầu cử lần này, tui đoán vài bữa Trump tuyên bố hết bệnh và loại thuốc ông dùng là trên cả tuyệt vời và đưa vào sử dụng trước 3/11 ông sẽ giữ được ghế tổng thống.",,,
Đúng như câu chuyện trong phim Ba chàng ngốc của Ấn Độ,,,
Tối ngày đi giải quyết cái ngọn. Giá như có trách nhiệm từ sớm với vị trí được giao.,,,
Rất hữu ích!!!,,,
Bé 2 tuổi hắn còn không tha! Nếu cô giáo can ngăn cũng sẽ bị đánh luôn không chừng!,,,
Virus không chừa ai cả,,,
"Nên mua. Quan trọng bác phải được tư vấn là mua khu vực nào thời điểm này. Lưu ý không nên mua chung cư và nghỉ dưỡng vì lợi nhuận và khả năng thanh khoản thấp. Sau khó khăn dịch bệnh thì mọi người sẽ muốn có công ăn việc làm là trước hết. Vì vậy bất động sản quanh khu vực nhiều công ăn việc làm sẽ dễ thanh khoản trước tiên. Gần khu công nghiệp, khu công nghệ cao,.... Đất quanh khu vực này còn rẻ nên khả năng lợi nhuận tốt. Nhưng đầu tư bất động sản cần có cái nhìn trung hạn từ 2-5 năm và đặc biệt quan trọng là pháp lý phải rõ ràng. Đầu tư lướt sóng thì rủi ro cao và dễ đọng vốn!",,,
Một sai lầm của real chăng?,,,
"Lẽ ra nên cho con ở nhà thì hơn bạn ạ. Khi tiêm vacxin,30 p đầu chỉ là thời gian theo dõi nếu có phản ứng tức thời.Thông thường,sáng tiêm nhưng phải đến chiều mới cơ thể mới bắt đầu có những phản ứng của vacxin là sốt,khó chịu.Khả năng cao chính là lúc cơ thể bé chịu tác động của thuốc mà lại ko có ai chăm sóc ,lưu tâm,dẫn đến ko kịp ..1 bài học nữa là tuyệt đối theo dõi sau tiêm trong 24h,nếu ko có thời gian thì trao gửi những người có thể tin cậy được,nói rõ tình trạng của bé .",,,
người mới thất tình mà nghe chắc k chịu nổi luôn,,,
Thôi bỏ đi tên đường thôi mà khu trung tâm đổi thì coi như xong đi còn ngoại vi thì đổi chi .,,,
Mới biết thêm loài cá mập xanh,,,
Thần tượng của tôi về lối sống giản dị và gần gũi.,,,
Mong các bạn mỗi bên nhịn nhau 1 tý để được sống yên bình cho cả người dân 2 nước.,,,
"Nhà Tớ nuôi một con Mèo ...để bắt Chuột nhắt , Mèo Tặc bắt mất rồi , Vợ Tớ khóc",,,
Nói gì thì nói cảnh sát điều tra quá giỏi!,,,
Có rất nhiều gương rồi nhưng chúng chưa được soi!,,,
Hoan hô công an Hà Tĩnh.,,,
"Nếu đi Hachback thì thêm tầm trăm triệu nữa là đời 20 mới keng. I10 loại xe nhỏ gia đình tiện dụng ít tốn xăng phụ tùng rẻ ,dể BH. Với 300tr thì xe đời 2018 đổ lại là cứng luôn đấy. Lựa chọn cũng được,không phải suy nghĩ",,,
"Nhớ khi còn nhỏ, gia đình sống ở miền Tây, đến mùa thu hoạch lúa rất thích bắt cá đồng tự nhiên như thế này. Ngày nào cũng được cả khạp da bò, giờ kể ra mấy đứa cháu tưởng là mình nói chuyện cổ tích.",,,
Xót xa không thể cất lời.,,,
Hân hoan chúc mừng Barca thắng trận đầu một cách vẻ vang oanh liệt.,,,
"Và gần như chắc chắn sau mùa giải này sẽ chẳng còn Messi ở Barca nữa, không chỉ làm lãng phí những năm tháng đỉnh cao cuối cùng của Messi mà gã con buôn Bartomeu còn phá nát Barca ( cả nghĩa đen và nghĩa bóng ) , thật không thể hiểu nổi tại sao hội cổ động viên của Barca lại để cho Bartomeu tồn tại đến tận bây giờ.",,,
"Không chủ quan nhưng bình tĩnh và lạc quan lên nào ,đừng kêu ca kể khổ ,chả giải quyết được vấn đề gì .Mọi thứ rồi sẽ đi qua,rồi sẽ sửa sang lại và lại đón ánh nắng lên.",,,
Em đến rồi đi để anh ngồi đây ôm mối tình cay..,,,
Nhiều lần thấy mấy bác tài xe lớn vừa cầm lái vừa chăm chú bấm điện thoại. Chỉ lơ là một chút thì hậu quả khó lường.,,,
Khó có thể đau đớn hơn..,,,
Đồ dã man ,,,
01 bao phạt 3 000 000 đồng. 100 bao 3 đến 5 triệu. Tôi thấy nó chưa phù hợp lắm.,,,
Bạn đúng là người cha tốt..thấy hình ảnh và bạn lo cho bé thấy nó vui vui. .,,,
"""Tấc đất, tấc vàng"", không sai đâu ạ.Mong gia đình có quyết định đúng đắn!",,,
Quá nguy hiểm.,,,
"Nếu bị làm giả giấy tờ, còn khi xác nhận có xác nhận qua điện thoại không?",,,
"Đã được cảnh báo, mà vẫn liều quá, xin chia buồn.",,,
Chẳng qua là người ta chưa thuê đc mặt bằng. Và chưa thuê đc nhân công . Hi nhưng dù gì thì đay cũng là một tín hiệu không tốt cho TQ,,,
"Mọi bài hát của a những năm 2000 e vẫn thuộc, nhưng thôi bỏ dòng nhạc này đi a ơi, nghe mệt quá ;)",,,
Một thời đã qua,,,
Ôi thương thay khúc ruột miền Trung!,,,
"Buồn quá. Mong tụi con sớm siêu thoát, mong gia đình các con sớm nguôi ngoai.",,,
"Các em đẹp còn hơn hoa, cứ như cùng một mẹ sinh ra, giống nhau như khuôn đúc ấy! ;)",,,
"Hy vọng hai năm sau, chung kết C1, gặp Realmadrid Bale nâng cúp và Zouzou từ chức?!",,,
"Hãy thận trọng các xếp ơi , để bùng phát nữa khổ lắm ạ .",,,
Có lẽ khi không phụ thuộc vào Messi thì Barca đang trở nên nguy hiểm hơn! Tiếc là không được bôi đỏ.,,,
Sao Tot không chịu mua Quang Hải để nâng tầm đội bóng,,,
"Cả một khoa cấp cứu nhi, cả một nhóm thiện nguyện cầu mong dành giật sự sống cho bé. Không biết người mẹ đã bỏ rơi bé có cảm thấy cắn rứt lương tâm không ? Chỉ khoảng 2 tháng nữa là bé đã được chào đời như bao đứa trẻ khác, nếu vì lý do nào đó thì cho bé cho người khác nuôi, người mẹ thực sự quá độc ác và nhẫn tâm...",,,
Tôi đi xe gần giống xe này( B-class) máy dầu đời 2012 gần 200 nghìn km chỉ có thay dầu thường xuyên (khoảng 20 nghìn km thay 1 lần dầu long-life) và chưa bị 1 vấn đề j cả.,,,
"Fan của Mes, cung rất mê cr7 2004-2008, vẫn trân trog nhug đóng góp của cr7 cho bog đá. Chỉ có nhận xét về Mes thế này để tri ân anh: k có Mess, tương quan giữa Bar và Real 10 năm qua sẽ rất khác. Tưởng tượng 1 cá nhân có thể góp phần để Bar đá ngang chân hoặc 1 số trận ở cửa trên với Real - đội bóng ôg kẹ số 1 của thế giới- là một điều gần như k tưởng. Cug tài nag của Ini Xavi và nhug tiền đạo Eto, Villa, Mess đax hoàn thiện dc bộ khung làm đau đầu Real khi đối đầu. K dễ để lấy la liga trog tay real một time dài như vậy. Gracias Messi.",,,
"ôi thương con quá, mũi này khá nhẹ nhàng mà cũng xảy ra vấn đề :(",,,
Khốn nạn,,,
"Đau lòng, thương các con quá",,,
"về nhà thôi, cảm ơn các anh chị",,,
Đúng là con người là loài ăn tạp nhất thế giới!,,,
Tài năng có hạn quá.,,,
"Đau quá con ơi, mong con sớm siêu thoát",,,
"Một cuộc thi rất hữu íchHy vọng những sản phẩm sẽ gắn liền với đời sống hiện tại,giá cả phải chăng.Ý thức con người được nâng caoThì mới giữ gìn môi trường sinh thái tốt cho hậu bối mai sau.Mình ở Quảng Ngãi mới chỉ có vài khu công nghiệp mà đã thấy không khí ô nhiễm cảm nhận thấy rõ.HaizzAi thích sống ỏ TP ""Nghèo"" để hưởng thụ không khí trong lành giống mình xin 1like.",,,
Tiếc cho em là anh đã có vợ.,,,
"Tôi không bao giờ ăn các món sống như tiết canh, gỏi, thịt sống...tóm lại các món chưa được nấu chín có nguồn gốc từ động vật.",,,
Đà Nẵng: Covid chưa tan giờ bão ập đến :-((,,,
"Chúc em sẽ trở thành nhà toán học lỗi lạc trong tương lai hoặc trở thành nhà tài chính, kinh doanh thành công giúp ích cho sự phát triển của Việt Nam và thế giới!",,,
"Đón con về rồi thì nuôi bé cho tốt, ko biết có thể tin tưởng nổi một người mẹ đã từng vứt con qua khe tường cho chết đi như thế nữa ko. Ở nước ngoài là họ đã tước quyền nuôi dưỡng rồi",,,
"Ko đóng thuế 10 năm mà CIA và FBI ko phát hiện, lại còn đc đắc cử tổng thống, nghe là thấy có gì sai sai rồi.",,,
"Thế nên bố mẹ bạn mới đặt tên bạn là Minh Tinh chứ. Cứ sáng như sao nhé!, chúc sức khỏe cả nhóm và lời chân thành cảm ơn bố mẹ bạn đã cho xã hội 1 công dân tốt, và đáng quý.",,,
"Rất rõ ràng, xin cảm ơn",,,
Sợ quá,,,
"Rồi đọc đến đoạn bố mẹ đón về thì mình cũng cạn lời, đáng ra bố mẹ giờ phải chuẩn bị ra tòa mới đúng chứ?",,,
"Trời ơi, đọc mà rùng mình về sợ táo bạo của cô gái!",,,
chưa bao giờ tôi nghe thấy lãi bảo hiểm > lãi gửi tiết kiệm.,,,
"Kinh thật, chém người k biết ai với ai.Loại nên án cao nhất",,,
"Đoạn hay chưa có hồi kết, thôi thì cứ chờ coi tin từ nước Mỹ",,,
Thấy cả chân lông to hay nhỏ luôn ý!,,,
Lý luận nghe sao ...đâu đâu !,,,
Họ thật sự xứng đáng!!!,,,
Mua fadil hơn hẳn fadil chắc chắn,,,
Sevilla sẽ đập Bayern 8-2 cho chừa cái tội bắt nạt!,,,
Con sâu làm sầu nồi canh.,,,
"Khi nào Lâm còn hát khi đó vẫn còn rất rất nhiều khán giả nghe Lâm hát, tự hào lắm chàng trai của nhà Gạo, mãi thương mến em",,,
Theo nhận xét của cá nhân mình con I10 là con Sedan có thiết kế xấu nhất mà mình từng thấy :)),,,
Thánh tích vẫn giữ vững giữa các tàn tích sau 300 năm .,,,
"Vậy rồi có bồi thường sức khoẻ, thương tật cho người ta không hay thu hồi sản phẩm rồi thôi?",,,
có tạ 82kg thiên hà. barca thắng chật vật,,,
Thế xong ếch có ăn lại con bọ lần hai không? Kaka,,,
"Kỳ tích và chỉ có 2 năm trắng tay,",,,
"Tôi đã tìm thấy lại tuổi thơ tôi trong phim. Cũng nghị lực, cũng can trường và cũng tự đứng lên sau những lần té ngã do cuộc dời xô đẩy. Cảm ơn nhà đạo diễn trẻ và đoàn làm phim!Cảm ơn ánh mắt kiên cường và đè nén của RÒM!",,,
"Đội ngủ y bác sỹ Chợ Rẫy vừa có tâm, vừa có đức. Anh được cứu sống thật may mắn. Khâm phục sự hi sinh của anh vì gđ, vì tương lai của con mình. Chân thành cảm ơn đội ngũ y bác sy, cảm ơn các mạnh thường quân giúp đỡ gđ a Tâm. Cuộc đời này vẫn còn nhiều lắm những tấm lòng bác ái.",,,
Vấn đề là anh ghi rất nhiều bàn thắng quan trọng. Những nhà vô địch cần những cầu thủ biết tỏa sáng trong những trận đấu lớn.,,,
"khi xây dựng cái gì liên quan đến tính mạng của nhiều người như cổng, hàng rào thì làm ơn xây cho nó có chất lượng tý, mưu to đã sập thế này thì nguy to",,,
"Lựa chọn tốt nhất vẫn là hạng B như Soluto, Accent, attrage, vios, m2",,,
"Vô được bách khoa là bình thường, nhưng học ra trường hay không là chuyện khác. Chổ mình có một em bị đuổi học năm 2 vì học không nổi. Sau đó ở nhà ôn thi 1 năm thi đậu bác sỹ y khoa đại học y dược tphcm. Không trường nào đuổi học nhiều bằng bách khoa đâu nguyên nhân học ko nỗi",,,
Trump không có kinh nghiệm và tố chất cần thiết để làm tổng thống.,,,
"Phải xem lại, học đọc nhanh thì rõ là áp lực rồi. Vấn đề học cả đời, nhanh chậm nửa kỳ 1 lớp 1 để làm gì khi cả quãng thời gian sau của trẻ nó Sợ đi học",,,
Tôi ủng hộ tống thống trump,,,
Sao tầm giờ này còn ăn thế? Trả lại cửa hàng được hoàn tiền cơ mà.,,,
"Bỏ qua yếu tố thương hiệu thì mình chỉ quan tâm ông nào đóng thuế nhiều. Chứ mình có thích thì cũng chỉ làm 1-2 lon/năm, do mấy cái này nhiều đường quá.",,,
"Giảm học phí từ học online, hạ lãi suất và gia hạn các khoản vay cho sinh viên. Hỗ trợ các ngành dịch vụ, như ăn uống bằng chương trình như Eat out to help sẽ tạo điều kiện cho sinh viên có việc nhiều hơn...Hi vọng những điều này sẽ thành sự thật...",,,
pen có đc xem là bàn thắng ko nhỉ?????,,,
"Tiếc thật!, biết Bayern quá mạnh và thành công thế này, nhưng nếu như lãnh đạo của Bayern không chê quá già thì 7 tạ đã có cơ hội để để thử thách cảm giác lần lượt 5 cái cúp dơi vào đầu khác với 1 cái dơi vào đầu như thế nào rồi?. he he!",,,
"Chó tru, ở quê tui đầy, lâu lâu cả bầy kéo nhau ra đồng tru cả đêm không ai ngủ được",,,
"Bất cứ việc gì cũng vậy, làm thì phải có cái tâm mới đạt được công việc tốt. Vấn đề ở đây không phải là cứ làm sai rồi từ từ ngồi đợi giải quyết, có những việc cần như vậy, nhưng có những việc không thể như vậy được.",,,
Mong rằng sẽ có 1 bản án thích đáng với những gì y đã gây ra. ,,,
Nguyện cầu cho con gái được bình an,,,
Vừa bay lên đỉnh núi cao chữa cho bệnh nhân xong.Bệnh nhân: Kinh phí chữa bệnh bao nhiêu thưa bác sĩ.Bác sĩ: 500.000 USD.Bệnh nhân: Thôi bác sĩ cho em bệnh lại như lúc nãy đi ạ. :'),,,
Tui có 2 cái bhnt. 1 cái cho con.1 cái cho mẹ.cái đầu tiên cho con thì do chị em trong nhà giới thiệu nên mua.dành cho con 18 năm nhận tư vẫn qua loa và mua.giờ vẫn cứ đóng bt và ốm đau k có 1 đồng.1 cái cho mẹ và 1 người tư vấn bảo hiểm hiểu đúng bản chất bảo hiểm tư vấn nên tui mua.vẫn quen và k thích tính cách chị ấy nhưng vẫn mua chị ấy vì riêng về lĩnh vực này thì mình tin tưởng chị ấy.bảo hiểm của mẹ có kèm theo 1 gói của con ưu đãi 1 năm k mất phí.vừa rồi con mình nhập viện 4 ngày hỗ trợ 600k tiền viện.con nhỏ nên bhyt thanh toán hết r.và nói chung chị tư vấn 1 đều.MUA BHNT NẾU MUỐN CÓ LỢI VỀ TIỀN THÌ MẤT SỨC KHỎE VÀ NGƯỢC LẠI.VẬY NÊN CỨ MUA VÀ MONG BÌNH YÊN.RỦI RO THÌ CÓ BH HỖ TRỢ NHIỀU .CÒN TỐT NHẤT ĐỪNG MONG NHẬN TIỀN BẢO HIỂM CHO ĐẾN HẾT HẠN. ..( vì nhận tiền thì chỉ có bị đau ốm nằm viện mới nhận thôi đấy mà)...tốt nhất nên mua đi.thu nhập tầm đó 1 năm đóng 20tr bh cũng ít mà,,,
"Cần có khung hình cho những hành động côn đồ, manh động này",,,
vậy là Tot sẽ có cup C1 ... suy từ 1 số fan xấu tính của Messi là vậy !,,,
"Hãy tỉnh táo, đừng để chết vì ăn",,,
Trước mắt tôi chỉ thấy một ba lô nặng đến nỗi con tôi ko thể mang đc,,,
tăng giá do sang tay nhiều cò vậy thôi!!!,,,
huhuhu tội cá quá,,,
"Bartomeu có chức có quyền nhưng tầm ảnh hưởng không thể bằng Messi được. Chưa thấy cầu thủ nào 33 tuổi đòi ra đi mà cả CLB và cả giải đấu phải dùng mọi cách để giữ lại cả. Chứng tỏ Messi có sức ảnh hưởng khủng khiếp, ko chỉ ở vấn đề chuyên môn mà còn là hình ảnh mang tính biểu tượng. Đấy là Messi chỉ biết có đá bóng thôi, chứ nếu Messi có đội ngũ Pr rầm rộ như một vài cầu thủ trung bình nhưng vẫn trở thành siêu sao được thì sức ảnh hưởng của Messi còn khủng khiếp hơn nữa.",,,
"Tin tôi đi, năm nay Arsenal vô địch rồi",,,
"Mãng kinh doanh dược, vật tư y tế, công nghiệp thực phẩm...không giảm mà tăng thu thì sao phải giảm thuế.",,,
"Chính quyền không giải quyết tốt, nếu cháu bé chẳng may bị đánh chết ai chịu trách nhiệm! Luật về trẻ em đã không được thực thi.",,,
Đau đớn và tang thương quá! Xin chia buồn cùng các Gđ và cầu mong các con siêu thoát! Vấn nạn đuối nước với con trẻ xảy ra hoài mà không biết làm sao cho giảm bớt đi chăng! ,,,
"Quá tội cho trẻ em bây giờ, không biết tại sao bị đánh mất tuổi thơ.",,,
Có thêm 1 lựa chọn nữa cho chủ thớt. Tầm đó mua con solo của KIA cũng rất ngon. Cách âm tốt xe chạy êm. Kiểu dáng cũng đẹp.,,,
"""Nhưng cá nhân khách hàng cần xác định rõ các trang bị thực sự cần thiết để không mất tiền vô ích"". Câu này rất hay nhưng đối với người mua xe mới lần đầu thì khó xác định, cái gì cũng thấy cần",,,
"Mới 19t mà đã ăn nhậu đến khuya, đành rằng luật pháp ko cấm nhưng vẫn thấy tiếc cho 1 phần bộ phận giới trẻ quá lãng phí tuổi thanh xuân. Chắc do thời mình quá khổ nên ko có thời gian mà lãng phí.",,,
Mức độ hoàn thiện tốt chứng tỏ công nghiệp phụ trợ rất tốt. Vinfast nên học theo về mức độ hoàn thiện,,,
"Chúc Thầy luôn thành công, người thành công là người chiến đấu với bản thân mình nhiều nhất chứ không phải ai khác.",,,
mong cho tổng thống trump và đệ nhất phu nhân bình phục và tái đắc cử thế giới luôn luôn cần lãnh đạo như ngài nói được làm được,,,
"Thật tuyệt vời,ông Trump sẽ tái đắc cử vì tình yêu của người dân Mỹ lớn hơn nhiều so với những người ghen tị!",,,
Ai đã xem điều ước thứ 7 sẽ không kìm được nước mắt chuyện hai bố con nhà này! Chúc anh và gia đình mạnh khoẻ,,,
"Bạn nghiên cứu thử Suzuki Ciaz lướt nhé, nhập Thái, rộng rãi, xe cũng mới gần đây, chạy ngon, chỉ có điều hàng Suzuki nhiều người còn e ngại.",,,
Không gần metro cũng tăng vậy.,,,
"Chú Trung Anh nhìn rất điềm đạm bình thản, thần thái tự nhiên . Chúc chú luôn sức khỏe và giữ vững phong độ .",,,
"Đúng là tru như chóvà cũng chỉ đơn giản là chó hú, chó tru",,,
nên quy trách nhiệm về ai,,,
Không phải thứ gì Mỹ cũng dẫn đầu. Bớt cực đoan tí,,,
Giàu kinh khủng đi thấy ngta xây cung điện chứ chẳng thể gọi là nhà,,,
Người mẫu HQ nhìn gớm quá.,,,
17 tuổi đã làm giang hồđi cướp,,,
Anh Hàn này dân số có 30tr mà tiêu thụ xe kinh nhỉ,,,
"Ông hlv này được đấy, chỉ có điều nếu không dứt khoát loại M10 thì Basa khó mà tranh chấp C1.",,,
Bài toán bãi giữ xe không giải quyết được thì phố đi bộ sinh ra cũng chẳng để làm gì,,,
không hiểu chị nghĩ gì đem em 2 tuổi xuống ao :<,,,
"Bán 2/3 số vàng mua đất, giữ lại 1/3 đầu tư tiếp bạn nhé. Nếu thu nhập ổn định bạn mua đất giá trị cao hơn 2/3 số vàng bán được rồi trả góp khi lãi suất vay đang thấp( không quá 40%). Nếu có quyết định tốt hơn mong bạn chia sẻ tiếp",,,
"đọc xong thấy bức xúc quá phải đăg nhập cmt. Cứ cho rằng các bác đã nghiên cứu cải cách, nhưg với cương vị là ba mẹ ng ta xót con. Người chịu ảnh hưởng trực tiếp là mấy đứa trẻ con kia kìa. Đừng để đi học thành ác mộng. Trẻ con học nhiều đến tối khuya thử hỏi thời gian đâu luyên tập thể thao, vui chơi. Hãy nhìn nc ngoài học tập vì chú trọg phát triển thể chất nên họ mới cao lớn như vậy. Chứ dăm ba sữa học đường chẳng thay đổi đc chiều cao, sức khoẻ hay kỹ năng đâu.",,,
"Khổ các doanh nghiệp dệt may VN, vì Mỹ là thị trường xuất khẩu dệt may lớn nhất, chiếm tới gần 40% kim ngạch xuất khẩu dệt may 2019.",,,
Biểu cảm của Tiểu Vy yếu nhất trong ba cô,,,
Giống Lâm Chí Dĩnh quá...,,,
"Có!Chọn tam giác ABC cân tại A, đường cao hạ từ A=0.2mm, kéo dài BC ra vô tận thì S tam giác lơn hơn bất kể số nào cần có chứ đừng nói là diện tích Trái Đất.",,,
"Bộ giáo dục thì bảo cấm không cho trẻ lớp lá học chữ trước nhưng thử hỏi không học trước mà vô lớp 1 học theo kịp các bạn tui khen thiên tài. Nghĩ sao mới học tuần 4 thôi mà đã phải đọc 1 đoạn văn về bài ""Su su"" 22 chữ rồi?. Thật là thiếu tính logic và thực tế.",,,
Giống Nole thế!:),,,
"Nếu là con tôi thì tôi sẽ làm lớn, thật lớn chuyện.Không thể cho qua như vậy được.",,,
Hợp tác khoa học kỹ thuật và vốn đầu tư dự án của họ thật tuyệt vời!,,,
Chung quy lại người ta nói con người hơn nhau ở giá trị cũng đúng,,,
Tự chia theo tình thân để gia đình không bị mất tình cảm vì đất nhé.,,,
"Bất động sản vẫn luôn là vấn đề nhức nhối,haizzz",,,
Chúc mừng Bayern Munich :-) & Xin chia buồn đến Sevilla. Sevilla đã cố gắng lắm rồi :| thua nhưng không nhục. ;),,,
"Đọc thôi đã thấy ghê sợ thật sự. Sinh ra làm gì,mà hành hạ tâm hồn lẫn thể xác của con như vậy chứ. Xử thật nặng với bà mẹ và thằng cậu vô nhân tính này đi.chung thân không ân xá là biện pháp tốt nhất để trả cái nghiệp mà anh chị em nhà mẻ gây ra",,,
"Cũng đội hình cầu thủ như vậy,thiếu mỗi đôi cánh robby mà sao hansi đưa bayern có 5 cúp,trong khi pep chỉ làng nhàng với cái bundesliga nhỉ",,,
2015 - 2020 nhìn quả ảnh thống kê cầu thủ 82 triệu năm có 1 giơ 2 tay lên trời thì cup vơi dần.. Chỉ là cầu thủ hay nhất CLB thôi nhé các bé CulesChứ so ra bên ngoài ngại lắm,,,
"Con tôi đứa lớp 3 đứa lớp 4 ngày nào cũng vật lộn 1 đống bài. Tiếng việt chưa rõ lại phải học tiếng anh, hàng trăm thứ đổ lên đầu bọn nhỏ, phụ huynh cũng căng thẳng theo. giờ cũng ko biết làm sao",,,
"Thi gần 20 lần. Nhận được điểm 8.5 vẫn còn có cảm giác thất bại.Tôi thật khâm phục sự cầu toàn và kiên trì của em. Tôi chưa rõ đích nhắm đến trong sự nghiệp của em là gì nhưng trước mắt với việc giảng dạy của em, các học sinh của em có thể hưởng lợi từ các kinh nghiệm qua các lần thi đó. Có thể em chưa là người giỏi nhất về tiếng Anh nhưng hãy tiếp tục là người truyền lửa và đam mê cho mọi người.",,,
"tốt nhất chạy thử bác ơi, chứ cũng khó chọn ghê, mỗi xe 1 thế mạnh mà",,,
"Lúc đầu, khi một người nghĩ ra cái gì đó mới mẻ thì đều nghĩ nó rất hay. Nhưng sau một tg áp dụng sẽ rất nhiều người phải hối hận",,,
"DN có lãi đâu mà giảm thuế TNDN, chúng tôi phải gồng từng ngày để duy trì và sống sót, có hỗ trợ vốn thêm thì tác dụng chứ giảm cái mà chúng tôi không có thì có tác dụng gì đâu.",,,
đọc cái thống kê mới thấy đây là Thánh ăn hôi nhất làng bóng đá :) 7 năm đá đc 251 trận hôi đc 13 cái Cup --> cứ 19 trận là có 1 Cup Zzz,,,
Ôi người dân quê tôi,,,
"Hoài Lâm là một ca sĩ đặc biệt. Em có chất giọng trời cho rất sáng, vang, lên nốt cao hay xuống nốt trầm đều đẹp, luyến láy điêu luyện ngọt ngào. Ngoài ra, Hoài Lâm cũng là ca sĩ hiếm hoi có phong cách sống giản dị, có sao thể hiện vậy, sống chân thật, không giả tạo màu mè. Tôi thích nghe Hoài Lâm hát. Bài nào em hát cũng đều mang dấn ấn riêng, nghe là biết đó là Hoài Lâm.",,,
"Nhạt nhẽo, yếu đuối, phổ thông!",,,
"Kona trang bị tốt, tuy nhiên nhìn ngoài ""lùn/ bí "", còn Seltos thì nhìn ngoài rất hoành tráng, thể thao :))",,,
"Niềm mong mỏi của mỗi người làm cha, người làm mẹ là sao cho con chúng ta khoẻ mạnh, ngoan ngoãn và thành đạt. Và cả anh và tôi cũng vậy. Chúc anh cùng gia đình sức khỏe và thành công.",,,
"Chung thì chung chứ có sao đâu, cùng lắm là về nhì vẫn vào vòng trong nha.",,,
Trời ơi sao mà ác dữ vậy,,,
mua xe nào cũng đc miễn là đừng mua Toy,,,
cảm ơn các anh chiến sĩ,,,
quan trọng là tâm trạng nhà đầu tư. Ck đi ngược qui luật quá xa rồi. cái giải thích duy nhất là thị trường thế giới quá tốt kéo theo tâm trang kỳ vọng NDT thế thôi.,,,
"Loài vật thật tình nghĩa, 1 con bị thương, đồng loại mang thức ăn về cho nó ăn. Những con người đó, đã biết ổ của nó, biết nó bị thương nặng, mà không có cách nào cứu chữa cho nó sao?!!!",,,
"Vậy việc triển khai CMND, thẻ căn cước có gắn chip nên thực hiện càng sớm, hạn chế được tình trạng lùa đảo, cướp thông tin. Còn ai tự để lộ thông tin, OTP thì chịu thôi",,,
"Lớp 1 là bé chỉ mới bước vào đời trên con đường học vấn chỉ cần cho bé tập làm quen với môi trường , vui chơi tập đọc và viết , hãy bỏ ngay chuyện ép phụ huynh mua gần 800k tiền sách không biết để làm gì , ngoại trừ bộ sách giáo khoa đã quá nặng nề cho bé.",,,
"10h sáng - Đà Nẵng - Trời yên mưa tạnh, bão đã đi qua. lúc 2h và 7h sáng có gió to nhưng không quá nguy hiểm. Giờ thì đã ổn",,,
"Đã từng bay với A380, cảm nhận thoải mái, êm ái, ít bị sốc lắc như các máy bay khác ngay cả với các loại Boeing 747-777 loại lớn.",,,
"LOẠI TÁN TẬN LUONG TÂM, THUONG CHO CÁC CHÁU BẠC PHƯỚC RƠI VÀO TAY BỌN NÀY. SỬ LÝ NGHIÊM KHG CÒN GÌ BIỆN MINH.",,,
"Tuyệt vời, cố lên nào. Cảm ơn các y bác sĩ.",,,
Condor chính là thần điêu trong truyện Kim Dung.,,,
"Tôi cũng như hàng nghìn người đó, luôn luôn ủng hộ Trump.",,,
Chúc mừng con yêu! Mà không biết bây giờ người mẹ đối diện với con sao đây.,,,
Ăn đồ lạ mà không hiểu về chúng cẩn thận ngộ độc đi viện lại khổ!,,,
trong tương lai những nhà sản xuất điện thoại họ cũng sẽ cố gắng đưa camera 3.200 megapixel lên sản phẩm của họ.,,,
Bài viết hay thật,,,
""" Nó không cắn đâu""",,,
Bèo nhỉ.tính sau này con học BK nhưng kiểu này học trường nào gần nhà tiên đi lại là ok. chứ nhà ở thủ đức mà bọc một dọc xuống quận 11 học thì trời mưa gió hơi bị phiêu. nhà ở tp mà đi ở trọ thì cũng ko hay lắm. haiza.,,,
"Không biết có nên gọi bọn này là người không nữa! Tù là chắc chắn, nhưng bản án nặng nhất chính là tình mẫu tử thiêng liêng đã chết trong lòng những đứa bé!",,,
Chưa bao giờ đánh giá cao biem. Mec thì còn được.,,,
Ăn hôi pen là có thật,,,
Nếu bé có dấu hiệu sốc phản vệ thì cơ sở giữ trẻ phải báo cho gia đình. Công an nên vào cuộc.,,,
"Tìm hiểu thử ciaz di bạn, chạy ngon và rộng rãi lắm,lại nhập thái nữa",,,
Cha trời sao mới tiêm ngày 7 mà bữa nay lại cho tiêm lại rồi ít nhất phải 2tuần,,,
"Nên đầu tư BĐS. Thêm nữa, đất bạn định mua pháp lý, nguồn gốc rõ ràng thì càng nên mua. Đặc biệt vốn của bạn đã có, không phải vốn vay thì không có lý do gì mà không mua",,,
Lên làm giám đốc kỹ thuật cũng ko sao. HLV mới lại vẫn là người cũ.,,,
Không hiếm gì hình ảnh những đứa bé lem luốc gầy gò hàng ngày đi bán vé số hoặc ăn xin trên các con phố. Thật buồn!,,,
Khó rồi.. quá khó để tái đắc cử.. ,,,
"Diaz không hiểu sao lại ăn cat xế cao thế nhỉ , cô được mệnh danh thảm họa điện ảnh, đóng phim nào cũng lỗ, đặc biệt là rất dở.",,,
"Sao bảo BC yếu lắm đang bị chìm, hóa ra chỉ YẾU với đội CỨNG, còn vẫn rất MẠNH với đội MỀM như ngày nào nhỉ. Fan nhà ấy lại vui vẻ nhảy vào tung bông nhỉ.",,,
"Manh động, làm loạn an ninh xã hội nên có hình phạt nặng nhất với những thành phần như vậy.",,,
"Mọi thương vụ chuyển nhượng khủng, đình đám đều có tên MU... đứng trước !",,,
Tại sao ở VN không áp dụng xử phạt nhỉ. Có rất nhiều chiếc xe độ ống sả phà thẳng vào mặt người đi phía sau.,,,
"Dịch vụ thì i10 vẫn hơn, Fadil hơi chật.",,,
Nữa tấn chó tính ra tiền là bao nhiêu ae . Chắc cũng một số tiền lớn rồi . Mà bắt được chỉ phạt hành chính ko phạt tù . Hỏi sao dân ức chế bắt được là đánh te tua .,,,
Covid chưa kịp đi quaỞ ngoài khơi xaNghe tin bão đang tớilầm thancơ cựcBấy nhiêu đã thấmCon người miền trung quê tôi,,,
"Chủ cơ sở đã có ý chí, tinh thần hợp tác giải quyết sự cố, ngăn chặn thiệt hại & bù đắp tổn thất và đã mong xã hội cùng chung tay giúp...Tôi cho rằng hộ kinh doanh này có trách nhiệm, dù chiếu theo luật họ có phần trách nhiệm lớn. Khi đã làm ăn lớn thì phải trách nhiệm với khách hàng, với cộng động. Cho dù sau vụ này việc làm ăn có ra sao, thì những nỗ lực của họ bây giờ mới đáng giá hơn cả!",,,
Dù không thích Messi nhưng cậu ấy là thủ lĩnh của Baca,,,
"Về làm đệ của chủ nhân 6 qbv, 6 giày vàng, 34 danh hiệu . Cầu thủ giỏi nhất của thế hệ này sẽ dìu dắt chú em",,,
Bài tập trắc nghiệm nếu hsinh có smartphone có thể hạn chế được một khoản tiền photocopy tài liệu.,,,
Chất lượng và tiến độ là vấn đề mọi người quan tâm nhất. ,,,
"album có 8 bài, bài nào cũng hay và có nét riêng đặc biệt, cuốn hút, không phí tiền mua",,,
Tội nghiệp con quá. Không có mẹ. Bị bố đẻ đánh dã man . Hắn lại còn nghiện ngập và nguy hiểm nữa.,,,
Sáng ko ca nhiễm chiều 3 ca nhiễm được cách ly ngay tại Bà Rịa Vũng Tàu là tin vui trong ngày,,,
"Tôi từng học luyện thi ĐH ở BK học thầy Phương dạy hình mấy buổi, bài này tôi nghĩ là ko khó lắm, toán mẹo. Tam giác này nằm trên 1 hình cầu siêu lớn, ví dụ trên sao Mộc, ta lấy 3 điểm A B C, khi tam giác càng lớn, A B C càng xa nhau, ngược lại ở mặt bên kia của hình cầu thì A B C lại càng gần nhau. Diện tích ABC tính bằng các tham số phía trước của hình cầu, còn tổng 3 đường cao tính bằng các tham số phía sau của hình cầu. Vẫn thỏa mãn các đk chúng là các thông số của tam giác ABC. (Mẹo ở đây là ta có 2 tam giác, 1 cái siêu to ở nửa ngày, và 1 cái siêu bé ở nửa đêm của sao Mộc, nhưng lại đều là 1 tam giác ABC)",,,
Tốt nhất không nên đụng vào con chó của anh ta nếu như bạn không muốn tìm đến nhà và ...,,,
Nhà cao tầng nên lắp cầu thang xoắn ở bên ngoài để thoát hiểm là tốt nhất ..,,,
"Mấy lần bị xe winne xả vào mặt, không biết là ống xả độ hay nguyên bản ?",,,
điệu hát nghe thê lương quá,,,
Tuyệt vời Barca. Hy vọng toàn đội cùng quyết tâm duy trì phong độ.,,,
Cầu mong mọi người bình an! Việt Nam cố lên! Đất nước chiến thắng!,,,
Phải xử nghiêm cả phụ huynh và cô giáo !,,,
Năm nay thủ môn Neuer xứng đáng có QBV,,,
"Việc đặt tên ca khúc ngày nay nghe có vẻ khá thực dụng, theo kiểu ""nghĩ sao đặt vậy người ơi"", không còn kiểu đặt tên nghe hoa mỹ hay bay bổng như các nhạc sĩ ngày xưa nữa. VD như: Nghe những tàn phai (Trịnh Công Sơn), Niệm khúc cuối (Ngô Thụy Miên), Trên ngọn tình sầu (Từ Công Phụng)...",,,
Khốn nạn quá! Mẹ thì như quỷ cái còn cậu thì không bằng loài cầm thú! Bọn trẻ thật quá bất hạnh khi sinh ra trong hoàn cảnh đáng sợ như vậy! Đề nghị trừng trị thật nặng hai kẻ khốn nạn này!,,,
"Nên cấm sử dụng trong lớp học! có thể mang theo để tiện việc liên lạc khi cần thiết. Việc phục vụ cho học tập tại lớp bằng điện thoại là không cần thiết, vì nếu không hiểu vấn đề gì có thể hỏi giáo viên ngay.",,,
"Xem mà ức chế thiệt,lái xe kiểu này bó tay rồi.",,,
Không thể chấp nhận được!,,,
"Sự thay đổi của chị đã tạo nên giá trị cho bản thân, vẻ đẹp tâm hồn rất đáng trân trọng, 1 phần việc chị làm đã nghĩ cho xã hội. Rất hay, và thức thời.",,,
"Hy vọng Pháo thủ năm nay ""đầu xuôi đuôi lọt"", để người hâm mộ không bị thất vọng!",,,
"Hàng ế ẩm thì con người ít săn bắt bừa bãi hơn, giúp cho các loài vật có thời gian phục hồi, môi trường ít bị ôi nghiễm hơn, Dịch bệnh nó cũng có mặt lợi của nó, có thể đây cũng là lúc thiên nhiên muốn lấy lại trạng thái cân bằng vốn có.",,,
Nút thắt cổ chai đoạn cầu bình điền quốc lộ 1a về miền tây và đường nối đại lộ đông tây với cao tốc tphcm trung lương 10 năm hơn chưa làm xong,,,
Khá thâm trầm đấy,,,
Gió mạnh từng đợt rồi tại quảng trị 5h30p sáng,,,
1 trong những bộ truyện yêu thích tuổi thơ. Hồi trước có đủ bộ cũng giữ rất lâu nhưng qua gần 30 năm giờ cũng chả biết nó ở phương nào.Giờ mà ra chắc chắn sẽ mua lại. Nhưng thật sự cũng tò mò bản dịch nguyên văn của truyện sẽ như nào thay vì phóng tác.,,,
Một phiếu nếu tôi được bầu,,,
Mỗi ngày hết 30tr tiền thức ăn... thế nuôi 1 năm hết mấy tỷ tiền thức ăn thì sao mà lời được nhỉ,,,
"Tôi không hiểu bạn này thi IELTS.quá nhiều lần như vậy để làm gì. Cái quan trọng nhất là học một chuyên môn nào đó, chứ trau chuốt như vậy cũng chỉ để đi luyện thi IELTS.",,,
"Nhà từ Gò Vấp trước đây ra Bến xe MD mất 110.000 tiền Taxi, mại mốt ra bến xe mới mất 370.000",,,
"Sự nghiệp của Messi có khoảng 500 bàn thắng, 200 pha kiến tạo đáng đc ghi vào sách dạy bóng đá. Anh em fan Ro nói thật lòng xem Ro có đc 50 bàn thắng đẹp ko??? Kiến tạo thì tôi chỉ nhớ có vài lần vấp bóng, hoặc vấp hậu vệ bóng bật ra và đc tính kiến tạo. Hãy 1 lần ko anti và thành thật với chính mình đi.",,,
Hôi pen à?,,,
Nên cẩn thận kiểm tra hệ thống điện.!,,,
Cái lu nào chứa được nó,,,
"Xin thông cảm cho, ông ấy đang buồn ngủ",,,
"Tên phường quận huyện thì nên đặt theo người. Tên đường đặt theo người không hay vì trùng lặp khó tìm, khó nhớ vậy nên chỉ nên đặt theo hướng và chữ số dễ nhớ, dễ tưởng tượng không gian.",,,
"Cứ đến mùa mưa bão lại thử thách, rèn luyện thêm sự cứng cỏi, kiên cường của Miền Trung.",,,
Ai còn nghe Kiếp ve sầu điểm danh. xD,,,
Bão Noul vào đến đất liềnMong ít thiệt hại bình yên cuộc đờiDân tình khổ cực khắp nơiSầu lo thêm mối bão ơi đi dùm !,,,
"Có bao nhiêu cá nhân khi đơn phương thi thố mà có thể thắng đc AI trên nhiều lĩnh vực vậy các bác, em thì nghi ngờ lắm, dù biết rằng ""AI cũng chỉ là sản phẩm do con người tạo ra"".",,,
Gì mà nghe ly kỳ vậy,,,
Nạn ma tuý ngày càng nhiều kéo theo bao nhiêu là tai hoạ cho người lương thiện.,,,
"Thiên tai sợ thiệt, cây dừa còn gãy nói gì trụ điện!",,,
Giá phụ tùng thay thế: bạn search xem giá linh kiện thay thế của các hãng xe. Và rất ngạc nhiên phụ tùng của Vinfast đôi khi còn rẻ hơn phụ tùng của xe máy SH... chạy xe Việt đã tự hào - phụ tùng lại rẻ thì đáng để cân nhắc phải không?,,,
"Mình cũng có con đang học lớp 1. Chưa bao giờ vào vnexpress comment, nhưng lần này phải ý kiến. Cải cách kiểu gì mà trẻ học toát mồ hôi đến hơn 4 tuần chưa thể đọc được và nhận biết được chữ cái. Trong khi đứa đầu năm nay lên lớp 3 thì biết đọc và viết chỉ sau 3 tuần( trước đó không đi học chữ trước khi vào lớp 1). Mình thấy đứa thứ 2 thì thông minh, nhanh hơn chị. Viết chữ nghệ thuật thì quá khó. Đủ các môn học( 9 môn) nào là kỹ năng sống, đạo đức, mỹ thuật.... Đang học chữ sao nó đọc được mấy loại sách kia. Con tôi học tiếng anh tích hợp nên có 35 bạn/ lớp còn thấy khó huống chi có lớp 59 bạn/ lớp thì học kiểu gì? Các bác cứ nói không nên cho con học trước khi vào lớp 1 và trường mẫu giáo công thì k bao giờ dạy chữ trước. Học ngày nào cũng tới 11h đêm, nói tới học là cháu nó mặt buồn, sáng đi học thì uể oải..",,,
"Toyota Wigo đáp ứng đầy đủ tiêu chí bền bỉ, tiết kiệm, rộng rãi, lành...",,,
Cules tiếc lắm vì bale ko sang bà xã để gánh M10,,,
17 + 18 = trung niên... hết thời thanh xuân! Cái giá cho bản tính trẻ trâu và côn đồ!,,,
"Trên 300 công ty Mỹ có các tập đoàn lớn kiện chính quyền Trump thì đủ hiểu rồi, điều chưa từng xảy ra ở đời tổng thống nào.",,,
"Toàn những tên thanh niên trẻ tuổi, sức dài vai rộng không chịu làm ăn chân chính mà lại muốn làm giàu nhanh. Những tên này để cũng chẳng giúp ích gì cho gia đình chúng và cho xã hội mà còn gây ra nhiều hậu quả khôn lường. ",,,
"nếu số công bố chỉ 22 phần trăm thì cộng thêm 78 pt , 98000 chia 22 nhân 100 gần 500000 .",,,
"Phải nói MU là câu lạc bộ giàu thành tích nhưng có đội ngũ từ chủ cho tới cđv bị ảo tượng nặng. Năm nào cũng nghe MU mua cả thế giới, ông nào hot hot là y rằng có dấu răng MU. Sợ thật! Cuối cùng thì ....",,,
"Số 3, tôi chọn em",,,
Tôi yêu Việt Nam!,,,
Là lãnh đạo thì phải đương đầu với khó khăn. ,,,
Họ xứng đáng với giải này,,,
Cá lớn bây giờ hiếm nên giữ sống để mấy em nhỏ chiêm ngưỡng,,,
Đọc đến câu cuối nghĩ mà buồn nhỉ,,,
"Mua xe Hàn nha bạn, nghe nói xe hàn h hết hỏng vặt, tole dày, xe nhật tole mỏng như bánh tráng",,,
Hôm nay là ngày đẹp trời ở đất nước tôi. Mọi người nhớ giữ sức khoẻ nhá!,,,
"Lập hệ phương trình 2 ẩn (1 ẩn là chiều dài 1 cạnh hình vuông nhỏ, 1 ẩn là cos góc chiếu cạnh nhỏ lên chiều dài/chiều rộng hcn lớn), vì các góc này đều bằng nhau hoặc tổng 2 góc đều 90 độ. giải hệ phương trình tìm được cạnh hình vuông nhỏ là xong.",,,
"Cá rô chiên xù ,rau lang luộc .chấm nước mắm trong dằm ớt xanh.ăn với cơm trắng là tuyệt cú mèo !",,,
có một điều chắc chắn lúc này là các bộ não tư vấn phi thường của ông Trump và ông Biden đang tính toán tất cả các khả năng có thể xảy ra với những sự trợ giúp của những siêu máy tính. Để rồi họ sẽ có nước đi cho những ngày sắp tớiCùng chờ xem sao,,,
Kì lạ là loài này có họ với cá heo và chưa tấn công người bao giờ. Chắc nó nghĩ tàu là cá voi chăng hoặc có những tầu đã tấn công chúng trước đây nên giờ chúng coi tàu là kẻ thù.,,,
"Mua chạy dịch vụ thì chọn XL7 vì:- Xe 7 chỗ.- Máy hút khí tự nhiên bền bỉ hơn, chi phí bảo dưỡng ít hơn.",,,
Bài phân tích tuyệt vời. VnExpress cần có những bài dịch và phân tích chất lượng như thế này. Cảm ơn VnExpress.,,,
"Kinh doanh các sản phẩm điện máy thực chất có tỷ suất lợi nhuận không lớn và lại chiếm nhiều diện tích trưng bày. ĐMX mini có lẽ hướng nhiều đến các sản phẩm đồ điện gia dụng có profit margin cao hơn, chiếm ít diện tích trưng bày hơn và đặc biệt là có thể để khách tự vận chuyển lắp đặt. Hướng đi này thực có tiềm năng nhưng cần một quá trình bù lỗ cho đến khi số lượng và khoảng cách các cửa hàng đạt một mức độ nhất định, để có thể tối ưu luân chuyển hàng hoá và bảo hành, thì khi đó doanh thu mới đồng nghĩa với lợi nhuận thu về.",,,
thương quá,,,
A di đà Phật,,,
Cũng chưa khẳng định đây là tin xấu hay tốt của ông Trump. Có thể qua đây ông sẽ nhận được sự ủng hộ của một số người bất mãn về covid đột nhiên quay lại thông cảm với ông. Hãy chờ xem,,,
"theo tôi, đây là những ẩn hại từ việc bỏ qua quy hoạch đô thị và phát triển hạ tầng một cách đồng bộ để chạy theo tăng trưởng kinh tế sẽ là lâu dài và chỉ hiện lên rõ ràng khi chuyện đã rồi và khó có thể sửa chữa.",,,
rao giá vậy mới lừa được chứ,,,
Kia 2011 đăng ký 2013 xe nhập số tự động gia đi gia đình 250tr có ai quan tâm không,,,
gần 50 rồi mà nhìn như 17t vậy anh?,,,
"Hài nhỉ Trump được "" đề cử giải Nobel Hòa bình 2021 vì các nỗ lực trung gian đàm phán hòa bình giữa Serbia và Kosovo, làm tốt vai trò trung gian trong hiệp ước giữa Israel và Các Tiểu vương quốc Arab thống nhất (UAE). "". Biden được đề cử vì nỗ lực nhằm xoa dịu căng thẳng chính trị giữa làn sóng biểu tình ở Mỹ. Đối ngoại vs Đối nội. Hahaha",,,
Rồi các cháu miền núi sẽ tăng tỷ lệ không biết đọc vì học cái chữ khó quá!,,,
Tính ra Sevilla mạnh hơn Barca,,,
"Hổ dữ không ăn thịt con, người dữ cũng không ăn thịt con nhưng còn làm những việc thất Đức và kinh khủng hơn cả ăn thịt, rồi đây bé sẽ mang theo ký ức này như một nỗi ám ảnh sẽ theo con suốt cuộc đời, vết thương da thịt của con sẽ lành nhưng vết thương lòng thì sẽ là mãi mãi.",,,
"Theo tôi nghĩ vật chất tối là hạt cơ bản nhất của vật chất , chúng hình thành khi phản ứng hạt nhân xảy ra giải phóng các neutron , trong quá trình giải phóng neutron chúng tỏa hết năng lượng và trở thành vật chất tối do đó chúng không tương tác với vật chất. Vũ trụ của chúng ta hình thành từ vụ nổ lớn và sau đó là các chuỗi phản ứng hạt nhân ( như mặt trời ) cho nên một phần lớn vật chất đã chuyển hóa thành hạt cơ bản cho nên hiện nay vật chất tối chiếm đa số / tổng khối lượng vật chất của vũ trụ",,,
"Liverpool, Bayern và Juventus..UEFA sẻ xếp lịch duyên nợ Barca sẻ gặp mội đội trong 3 đội đó cho mà xem :)",,,
"Thời nào rồi còn chọn Morning hở bác. I10 thẳng tiến nhé. Xe thiết kế đẹp, mà xe cũ cũng vẫn đi tốt. Mấy con mỏning cũ đi lọc cọc chật ko chịu nổi đâu",,,
"Về thì lo mà nghiêm túc tập luyện, thi đấu nhé Golfreth Bale, chứ a chả chuyên nghiệp tí nào cả. Haizz...",,,
"Bọn côn đồ, cho hưởng án cao nhất, không khoan hồng với tất cả nhóm này. Không có vụ gián tiếp hay trực tiếp gây án.",,,
con người thật có sức tưởng tượng khủng khiếp .. thấy có giống gì đâu .,,,
"Sử dụng ma tuý, điều khiển xe khi chưa đủ tuổi, chưa có bằng lái tông chết 2 người ---> 30 tháng tù. ",,,
Vẫn sống 12 năm cũng là cao tuổi ghê rồi,,,
Sản phẩm như này ko ai kiểm tra trước khi cấp phép ra thị trường hả ta???,,,
"Các bạn cứ phản đối và chê bai, tôi mong mỏi ngày đêm có vaccine Nga để tiêm đây. Ai chê cứ chế, mỗi người có một suy nghĩ. Còn tôi tin Nga đã thành công, người Nga không hề suy nghĩ đơn giản, chắc chắn họ đã làm chặt chẽ các bước rồi chỉ có điều không làm theo lối mòm mà họ làm rút ngắn giai đoạn.",,,
"Meghan không phải người Anh nên việc kỳ vọng cô ấy có thể làm gì cho nước Anh, người dân Anh hay hoàng gia Anh là điều không thực tế.",,,
"Là một người đàng ông Mỹ gốc Việt, khi hay tin vị Tổng Thống cuả mình có kết quả dương tính Covid-19, tôi thật bàng hoàng và gần như ưá nước mắt mặc dù tôi không hề bầu chọn ông cách đây 4 năm. Tôi chỉ biết cầu cho ông sớm thoát khỏi con vi khuẩn quái ác này và có cơ hội tiếp túc phục vụ thêm 4 năm nữa.",,,
"Anh không nói rõ vị trí cụ thể,quận 9 mênh mông,rồi diện tích cụ thể miếng đất thì ai mà biết giá có chạm đáy hay là không,tiền nhàn rỗi theo em anh tìm hiểu xung quanh đó để tham khảo giá,nếu bạn bè thân tình thì chắc không đến nổi thuốc anh,chúc anh có quyết định sáng suốt,mua đi anh nha!",,,
Nếu lúc đó sung nổ thì Đi còn đứng ở đây không.,,,
"chỗ tôi công nhân xây dựng cứ rảnh là họ đi giăng lưới, hái rau",,,
Chúc mừng chiến công của các chiến sĩ Công an,,,
"Năm xưa sáp vô cô này có bầu, bỏ vợ Jennifer theo Jolie. Ngày vui qua mau, bỏ nhau vật vã cũng đáng tội của Brad",,,
Đèn quận Ba ngọn xanh ngọn đỏĐèn Hóc Môn ngọn tỏ ngọn luQuận Ba mưa lớn êm ruHóc Môn mưa lớn giống như...cái hồAnh thợ điện nước tràn sợ hãiChị bệnh nhân tê tái cõi lòngVùng ven mưa lớn thành sôngXứ Gò nhìn giống Cửu Long Hồng HàXưa Thuỷ Tinh dưới màu thần núiGiờ Sơn Tinh buồn tủi đau lòngKhắp nơi đất hoá bê tôngMỗi lần mưa lớn mênh mông nỗi buồn.,,,
Nhìn Brad mặc mấy bộ này thì đóng James Bond là quá hợp. Tôi thấy ăn đứt Daniel Craig :') B),,,
mong anh í để dành sức không ghi bàn giao hữu để bùng nổ trong những trận cầu đinh,,,
Phải chăng thương hiệu Dunlop chính là tên ông,,,
"Fadil. 450 củ là được con cao cấp 6 túi khí rồi. Hay di chuyển trong đô thị thì em nó là ngon nhất trong phân khúc rồi, thỉnh thoảng đi chơi thì để đồ cũng không thành vấn đề. Muốn rộng hơn tí, có cốp để đồ thì mua Attrage.",,,
"Cần công khai tên tuổi các bệnh viện này để bệnh viện nâng cao ý thức, trách nhiệm phòng ngừa Covid",,,
"Xem hình, thật kinh khủng, không thể tưởng tượng nỗi cái cảnh những con người bình thường đang có mặt lúc xãy ra vụ nổ! Cầu cho mọi người bình an!",,,
"Bài hát bình thường, góc quay lúc thu âm quá kém, chèn phim chẳng có logic gì, xem 1 lần vì dư âm của ""ko màu"" sẽ ko có lần sau.",,,
Căn biệt thự này tính sơ sơ cũng tầm 300 tỷ! Nhà tôi ngay gần nhà đấy!,,,
Đại ca lỡ chân có tí mà lo gì ! Lấy lại đà nhanh thôi ! Giảm tí nữa ôm ngay !,,,
Em đi cả 2 xe rồi và đang sài lux sa 2.0 trên cả tuyệt vời hộp số với động cơ phải nói gần như iphone và ios :) giá này quá hời luôn. Phụ tùng siêu rẻ do phải thay gương vì chủ quan quay đầu đập vào thanh sắt .. giá phụ tùng như công bố,,,
nguồn gốc là đứa con gái chọn nhầm người.,,,
"Không lo ngại ở đây là không lo phải trụ hạng như các mùa trước do thể thức thi đấu thay đổi thôi. Chứ nếu trận tới thua clb TPHCM thì coi như Hagl chả còn động lực gì ở VL mùa này. Vậy nên trận tới Hagl chắc chắn thắng nhé, y cách mà họ thắng clb TPHCM mùa trước, thắng giòn giã và bất chấp.",,,
"nếu bi ̣phá hủy thì có thể chưa vào trực chiến , và toàn bộ phòng không chưa sẳn sằng tác chiến .",,,
Việt Nam cố lên! Đất nước chiến thắng!,,,
"Anh Trường, 1 thời thanh xuân của tôi! Mến.",,,
Chúc mừng các anh không tiếc máu xương bảo vệ bình an Tổ quốc.,,,
Quá chua xót,,,
"Riêng Soluto tui chạy mấy tháng nay thấy vô lăng trợ lực điện nhẹ, dễ cầm lái, khoang hành lý lớn, đi vi vu vợ con cứ thế tống đống đồ lên xe. bác đã kết rồi thì nên trải nghiệm thực tế là tốt nhất",,,
"Nhỏ bạn mình ăn cái gì mà nó thích thôi, và nó rất hay ăn ngọt. Người ngoài thường đoán tuổi nó sai cỡ 7 hay 8 tuổi. Nhìn nó rất trẻ. Nó không dùng mỹ phẩm, không đi SPA, không uống trà giảm cân...Từ đó mình nhận thấy : Người trẻ hơn tuổi là người có đời sống tinh thần thoải mái, lạc quan, làm những gì họ thích, ăn những gì họ muốn, cả ngày không soi gương, săm soi nhan sắc.",,,
"Xem ra hệ thống nhận tín hiệu sóng âm của ông cá voi này bị nhầm lẫn to rồi, có lẻ do tuổi thọ đã già nua, dẫn đến lạc lối mất phương hướng,... không chừng thời gian không xa nữa là phơi mình bởi đói và bệnh tật...",,,
Mua 25 chai bán 1 chai là oke,,,
6 chiếc giày vàng + 6 quảng bóng vàng: điều đó nói lên tất cả.,,,
"CẦU MONG NGÀI SỚM BÌNH PHỤC, NHANH CHÓNG LẤY LẠI PHONG ĐỘ ĐIỀU HÀNH ĐẤT NƯỚC",,,
nghe xong máu điên trong người nổi lên. muốn đánh cho thằng cha một trận quá.....,,,
Nếu Trump đừng rút Mỹ khỏi TPP và thúc đẩy hiệu lực hoá hiệp định đúng lộ trình vào đầu năm 2018 thì quá trình di chuyển khỏi địa bàn Trung Quốc xuống Đông Nam Á để tái cấu trúc chuỗi cung ứng của các công ty đa quốc gia đã diễn ra với kết quả chắc chắn là ấn tượng hơn nhiều so với những con số nêu trên!,,,
Cần rà soát lại tất cả cơ sở vật chất các trường học nhất là các trường vùng cao miền núi. Thật đau lòng! Mong các con siêu thoát.,,,
"Tôi thật sự tin tưởng chúng ta nên giáo dục giới tính cho tất cả các em ngày từ bậc tiểu học như ở nước ngoài. Giáo dục để các em biết bảo vệ bản thân mình, và biết tìm kiếm giúp đỡ khi gặp những kẻ biến thái. Nếu bạn lo lắng giáo dục giới tính sẽ ảnh hưởng đến sự ngây thơ của trẻ em thì bạn đã quá ngây thơ về ảnh hưởng của Internet đối với trẻ nhỏ rồi. Một là bạn hay giáo viên tâm lý dạy dỗ hai là các cháu sẽ tự bắt chước học hỏi từ những video xấu trên mạng. Đằng nào cũng không tránh được thì hãy nên chủ động.",,,
Xin Chân thành chia buồn gia đình các con,,,
ủng hộ bác Trump,,,
Nên yêu cầu nơi bán cung cấp thông tin địa chỉ người mua để khoanh vùng thu hồi chứ nhiều người trời có sập cũng ko hay biết có chuyện gì xảy ra,,,
512m như mắt thường là ko tưởng rồi :(,,,
Lên youtube mà coi mọi người. Thật là tàn ác,,,
"Hậu quả cho những nghề khai thác về núi rừng và biển cả: ""Nhất phá sơn lâm, nhì đâm hà bá""!",,,
2 tuần sau là ông Trump hết bệnh thôi. Rồi ông sẽ tiếp tục đắc cử TT Mỹ lần 2 thôi,,,
"tầm giá 500tr mà sở hữu 1 con xe như soluto là quá ổn, vô lăng nhẹ, động cơ bốc, ko gian ghế ngồi phía sau khá rộng",,,
"Tôi cũng có con năm nay học lớp 1, thật sự ct học quá nặng, mới 2 tuần chưa nhớ được chữa cái này đã học qua chữ khác, mới 2 tuần mà đã ghép vần rồi. Nếu bé nào k học trước thì khẳng định là k bao giờ theo kịp, nhưng ở cấp mầm non thì lại k cho dạy chữ trước.",,,
"Buồn làm chi em ơi lá xanh rồi cũng phai màu...Đời còn bao tương lai, lỡ sai vẫn kịp quay lạiDù thời gian phôi phai, xin gói vào một tiếng thở dài",,,
Nhiều tỉnh đặt tên là Kha Vạn Cân trong đó có Vũng Tàu,,,
Hy vọng các em nhỏ không sao.,,,
Ước gì mấy bà vợ chuyên giữ lương chồng cũng đọc được bài báo này . khổ quá các bác ạ,,,
"""Bia Saigon bị làm 'nhái' như thế nào?"". Câu trả lời tại cơ quan kiểm tra đăng ký quyền sở hữu sản phẩm, tại sao họ cho phép cty thành lập sx lưu hành khi biết sản phẩm là hàng nhái thương hiệu lẫn hình thức của Bia Sài Gòn chính hãng? (Chắc chắn 100%, vì đây là luật pháp qui định). Chính hãng có quy định khởi kiện và mời C.A (Bộ) vào cuộc điều tra, nếu không nó sẽ tiếp tục gây ra hậu quả lâu dài vì hàng loạt hàng nhái giả ra đời, sẽ đánh mất uy tín ngành kd thương mại chính hãng tại Việt Nam, sẽ không kêu gọi được sự đầu tư để phát triển nền kinh tế Việt Nam.",,,
"Soluto đẹp mà bác, rẻ hơn 20tr thích lắp gì thì lắp, tài chính ổn thì cứ chọn bản full mà quất",,,
Bác Sỹ Việt Nam rất giỏi ! xin chúc mừng đến bệnh nhân ,,,
cảm ơn anh cùng toàn thể đội ngũ y bác sĩ (lương y như từ mẫu) trong cả nước đã làm rất tốt công việc chăm sóc và bảo vệ sức khỏe cho cộng đồng.,,,
"Tuy mình không quá điều kiện nhưng lâu lắm rồi ít ngồi mấy quán vỉa hè hay quán nào đông trẻ trâu như này, nhìn qua nó cũng nghĩ nhìn đểu nó cũng mệt.",,,
"Chờ đợi kết quả, chúc các thí sinh thi bình tĩnh, chiến thắng",,,
Chưa thông tin vì cháu ở nha ngoan lắm.,,,
"Ngại Ngùng lại nhớ đến TUẤN VŨ. Còn a trường thì tốt nhất nên tìm tiếp các bản nhạc trẻ để hát , hoặc thôi để người ta nhớ đến a với những bản nhạc xưa. Đừng cố qua hát thể loại này",,,
"Đầu năm học mới mà nghe tin thật đau lòng quá, xin chia buồn gđ các cháu",,,
Tình hình là còn tệ hơn nữa khi mới đấy Azerbijan tuyên bố đã tiêu diệt S300 của Amernia. Thế là S chưa kịp bắn phát nào đã đi tong :(,,,
Mấy e này cho đình chỉ ở nhà chúng càng mừng,,,
Lịch sử vẫn ghi từ khi anh đến 2013 thì có 2 liga và 4 c1. Và cũng ghi rằng cr7 đến năm 2009 và đến lúc đi thì có 2 liga và 4 c1. Các fan cuồng thì cứ gào lên read gánh tạ bale và nếu theo logic thì gánh tấn cr7 haha,,,
Muốn thì làm liền tay. Đầu tư mà rón rén quá thì thời cơ sẽ qua mất. Đầu tư nhà đất hay vàng theo kiểu của bạn là đầu tư dài hạn mua xong quên nó đi nhìn về lợi nhuận sau 10 - 20 năm nên giá hiện tại cao thấp ko ảnh hưởng nhiều vì sau này kiểu gì cũng tăng theo lạm phát.,,,
Trời ơi. Đau nhói thật. Tội các cháu quá. Miền Tây quê tôi sông nước. Vùng An Giang nữa. Mong các cháu siêu thoát,,,
"Arsenal vẫn chưa tìm ra cách tốt nhất để thắng các đội mạnh về thể hình, thể lực và chơi phòng thủ sâu.",,,
"Dtdd cũng chỉ là công cụ và người sử dụng tốt công cụ tốt hơn sẽ thành công hơn. Thay vì cấm đoán, theo tôi nên dạy các em cách sử dụng dtdd hiệu quả nhất.Rồi nó sẽ được thông qua thôi vì nhu cầu xã hội cần phải thế.",,,
Sasuke làm gì ở đây vậy,,,
"e sợ đường Vn lắm! đường có làn xe mô tô và ô tô bởi nét liền. nhưng lái xe mô tô đố ai dám đi toàn bộ lộ trình trong làn xe mô to? bởi ko có lề, hành lang lộ bởi lấn chiếm, bởi đậu xe.... dám hỏi các bác chạy đúng làn đường ko ạ?",,,
"giữ messi để ông còn khả năng trụ ghế lâu hơn thôi, k ngờ chữ ký thu thập dc chứng minh sự tín nhiệm của clb với chủ tịch. giờ như muốn nói messi ở lại là công trạng của chính tôi. chỉ là messi k thể đưa barca ra toà nhé, đừng ảo tưởng.",,,
Thành kính phân ưu ông. Mong ông về nơi an nghỉ bình an. Mọi người nhớ về ông rất nhiều,,,
Đúng tâm trạng mih lúc này.,,,
"Nhìn vào clip thì thấy xe Ben xy nhan trái và đang đi làn giữa, bất ngờ 2 chiếc xe con đen và bạc cắt mặt từ làn rẽ trái vào giữa bất ngờ nên xe Ben phải đánh lái phải và đạp nhầm chân ga và thế là tông vào người dừng đèn đỏ phía trước. Tôi thấy 2 chiếc xe con chạy làn trái rẻ vào giữa cắt mặt xe Ben thực sự là quá ẩu. xD",,,
7h59 vào tâm thế sẵn sàng 8h hết vé kkkk. Thua..,,,
1-0 cho Biden.  ,,,
Cảm ơn bạn. Việc này tuy đơn giản nhưng có thể giúp cứu mạng trong lúc cần thiết.,,,
Mua ở đâu ship về tận nhà vậy mọi người?,,,
"Thế mới thấy đợt dịch này lây lan nhanh quá, qua đây cũng thấy Việt Nam đã đối phó rất tốt để hạn chế tối đa thiệt hại về người nhất là hạn chế số ca lây lan. Thời gian tới chắc chắn sẽ còn khó khăn và nan giải hơn nữa vậy nên cách tốt nhất là ý thức cộng đồng cùng nhau có trách nhiệm, sợ lắm những kẻ vì lợi ích cá nhân nào là gom khẩu trang đã qua xử dụng, khẩu trang kém chất lượng...? Tóm lại cách bảo vệ tốt nhất đó chính là tinh thần trách nhiệm của toàn dân.",,,
"Vui ha, một xu hướng mới: ""Bỏ không cần thông báo"", không thích thì bỏ thôi.",,,
"Ai nghĩ sao thì nghĩ, thực tế Mỹ luôn là số 1, trước và sau cũng vậy.",,,
"đã tính đến phương án nếu hỏng hóc thay thế chưa,với lại dòng này cũng""uống xăng""đấy nhé",,,
"""Cá mập trắng là loài cá ăn thịt lớn nhất thế giới, có thể dài tới 6,4 m và nặng 2.100 kg"". Tất cả các loài cá dưới biển đều ăn thịt, cá voi (lớn nhất thế giới) cũng ăn thị nhưng nó ăn thịt cá nhỏ (cá mòi và sinh vật phù du). Còn nói đến săn các loài lớn thì cá voi sát thủ mới là số 1. Nó dài tới 9m, nặng 6 tấn và coi cá mập trắng là bữa điểm tâm.",,,
"Tội phạm ngày càng trẻ hoá. Thanh thiếu niên thì xem phim bạo lực, chơi game bạo lực để rồi nhân cách bị biến dạng, ko lo học làm người mà chỉ muốn sống theo bản năng. Phải chi giờ cho người dân bỏ phiếu để tạo án lệ những vụ như này, phải xử nghiêm khắc thì mới bớt được.",,,
"Xấu hay đẹp tùy vào mắt con người, mỗi người một ý. Còn riêng tôi, nếu đủ tiền, sẽ mua ngay không do dự, tôi đã dùng BMW(320). Cảm giác lái mấy chiếc này không cần thiếc nói ra đây, nhưng bảo đảm các bạn khi lái sẽ quên ngay cái mũi xe nó như thế nào, chạy 250km/g( tôi chưa bao giờ chạy quá tốc độ này vì yếu tay), đầu óc rất tập trung để giữ đường. Các bạn sẽ quên hết những gì chung quanh.",,,
Nên dạy các em bơi.,,,
"Giai đoạn này theo mình nên đầu tư tài sản có tính thanh khoản cao trong ngắn hạn đón đầu bong bong tài sản (vàng, chứng khoán). BĐS có thể đầu tư vào cuối năm sau.",,,
"Hỡi những người làm nghề nạo phá thai hãy suy nghĩ lại đi, các bạn đang kiếm tiền từ sự dữ, các bạn có sống được không khi các bạn giết người và tạo ra sự chết.",,,
"Ô đừng em, đừng làm mới những cái đã đi sâu vào lòng người rồi. Hảy hát như bao nhiêu người khác khi hát dòng Bolero này. Anh xin đó.",,,
Tôi nhìn cảnh nhiều giá đình chăm chó còn hơn chăm con trông rất ức chế. Có khi con đi học về mong được bố mẹ ôm ấp thì không đươc nhưng mà với con chó thì ngọt ngào.,,,
"Cuộc sống và cả trong phòng chống dịch không thể thiếu vai trò kinh tế, không có kinh tế thì sao phòng chống dịch được. Vì vậy, tôi hoàn toàn ủng hộ phương châm vừa phòng dịch vừa phát triển kinh tế, nơi nào thấy ổn thì cho trở lại trạng thái bình thường nhưng vẫn phải triệt để tuân thủ mọi quy định về phòng chống dịch bệnh !",,,
Chúc ngài vượt qua thử thách này!,,,
"Giải thoát cho nhau, buông bỏ là xong...",,,
Với Real thì đây chỉ là chặng nghỉ chờ các đội bóng khác có cơ hội theo . Một mình Real chấp cả cái giải truyền thông cơ mà .,,,
Người mà bất động có mà chết,,,
4-3 cho Sevilla nhé,,,
"Theo tâm linh thì gọi là anh ấy chưa tới số. Mình đùa vậy chứ các bác sĩ thật có tâm, cố gắng cứu người bằng mọi cách",,,
thiên nhiên diệu kì,,,
Thời còn sv học cả ngày 1 ngày 2 chai là ít :))),,,
"Chuyện bình thường. Chỉ có những người giàu có, nổi tiếng mà có lối sống, ăn mặc giản dị mới đáng ngạc nhiên và khâm phục.",,,
"Thiệt chứ mình gớm nhất là con chuột,lúc trước còn bị nó gặm chân khi ngủ đau điếng,nhìn thôi đã ớn,khổng lồ kiểu này chắc chạy mất dép!",,,
"Tôi là công dân Mỹ. hơn 45 năm đến nay, thấy nhiều mà nghe cũng nhiều...Cuộc tranh cử giữa các ứng cử viên trong mùa bầu cử cử lần nào cũng vậy...hai phe đều tìm những cái không tốt của nhau để mong đánh bại đối phương, nghe hoài cũng nhàm và chán...nên... chẳng có gì là bất ngờ với tôi car... và cuối cùng chỉ có sự lựa chọn của người dân mới nói lên được điều gì mà thôi.",,,
Cứ thế này là ổn. Mọi lời chỉ trích sẽ yên lặng bằng kết quả thôi. Hết mùa này em đi thì cũng trả ai nói gì,,,
"ford ecospost là 1 lựa chọp hợp lý. đời 2014 hoặc thêm 1 chút 2015, 2016",,,
Sao k xử lý ngay từ đầu vậy,,,
Tôi có chị gái gom góp giành dụm Cả đời rồi mua 1 căn Chung cư Qụận 12 ........ tới giờ 4 năm chưa có Quyển sổ Hồng .Chán zzz,,,
Thành kính phân ưu!,,,
Tạ vẫn còn nặng lắm nhưng cũng chúc mừng bà xã có thêm chiếc cúp liên hạng <3 <3,,,
"Các đồ ăn nhanh ở nước ngoài nhưng lại quá chậm so với Việt Nam. Ở VN các món ăn luôn được làm trực tiếp, đảm bảo nóng và ngon và rất personalize nữa... đó là các yếu tố món ăn nhanh rất khó phát triển ở VN",,,
Cầu mong nghệ sĩ vãn sanh miền cực lạc.,,,
"Tôi thấy ko phải nặng mà quá nặng, phải học cả thứ 7, đầu sách thì nhiều, lớp 1 mà 3 quyển sách tiếng anh nặng gần 1kg chưa kể các loại sách khác, nếu tập hợp tất cả các bộ sách theo thời khóa biểu thì nhiều e mang vác ko nỗi luôn nếu trường học 2 tầng nữa thì ko thể leo lên tầng 2, khả năng tai nạn té cầu thang rất cao!",,,
"Attrage CVT 2020 bạn nhé ổn nhất trong tầm giá 500tr. Tôi đang đi và thấy hợp lý. Với xe tầm 500tr thì không đòi hỏi được nhiều đâu, mấy anh bàn phím tư vấn kiểu chưa đi xe bao giờ, chỉ nghe nói rồi lên chém ồn, thùng tôn... nhưng hay hiểu tầm tiền 500tr ko thể đòi hỏi như e 1ty được đâu",,,
Ra đường mà ko có rọ móm gì cả. Nhỡ cắn 1 cái là tiêm 9 mũi vào mông.,,,
"Xe cũ cứ Toy mà chiến, Vios thẳng tiến nếu có biển số vàng thì càng quý hiếm nên mua ngay, giá nào cũng mua",,,
Quá đau lòng,,,
Đúng là tin tuyệt vời mong được cái tin này từ lâu cầu Nhơn trạch cát lái là không gì bằng,,,
"Hoan hô tinh thần của người dân nơi đây, yêu thiên nhiên sẽ được đền đáp bằng chính tình yêu của thiên nhiên!",,,
"Chỉ 1 từ để nói "" buồn"" .",,,
Haha anh khỉ nhìn hài quá,,,
Tôi đã hiểu vì sao cules chỉ tính trận chung kết,,,
"Fati quá nhạy bén, chúc mừng Barca đã có người kế thừa Messi. Còn Messi thì hết lời với anh ta gần 34t rùi mà lừa qua 3 4 hậu vệ đối phương như lũ trẻ. Đúng là Vua Bóng Đá hiện tại có khác",,,
Con ngoan trò giỏi!,,,
Quá tội nghiệp và thương tâm cho các con! Cầu mong các con siêu thoát và Gđ sớm vượt qua nỗi đau lớn lao này. NAM MÔ ADI ĐÀ PHẬT!,,,
"với tình hình kinh tế hiện nay, việc bơm tiền và lạm phát còn tiếp diễn trong tương lai, chị đầu tư váng nó là tài sản trú ẩn an toàn nhất rồi, giờ chuyển sang đất nó cũng là tài sản bđs trú ẩn nhưng kém thanh khoản hơn",,,
"Đây là anh hùng đích thực của chúng ta , hãy trân trọng sự đóng góp của các bác sĩ ,y tá để VN mới đánh thắng dịch Covid 19 được như hôm nay.",,,
"Fadil mới đi chán òm, ko rõ sau 1 -2 năm chất lượng nó thế nào nữa các cụ ạ.",,,
Điểm sàn các trường công bố không nói lên được điều gì cả,,,
Viet nam dập dịch quá tốt.,,,
Mặc dù vẫn tươi cười trước ống kính nhưng đôi mắt vẫn đượm một vẻ u sầu kín đáo như biết trước được sự chia tay với Brad hơn 20 năm sau !!!,,,
Chúc mừng ngài Biden và mong ngài trở thành Tổng thống Mỹ vào tháng 11/2020.,,,
Mong sẽ thành công,,,
"Đỉnh cao của Pele, Messi, Maradona là từ 18 đến 29 ( U30), đó là tuổi vàng của đời cầu thủ. Riêng Ro thì từ ngoài 30 tuổi, thật vi diệu. Không Bale, Modric cõng thì ai đây? 4 năm đầu khi đang có qbv từ Mu sang, Rô làm đc gì cho Real? Đc cái cup nhà mà diễu hành khắp thành Madrid bị Ramos làm rơi bể cả quai cup. Điều này nói lên 1 điều, Messi thời trẻ với tố chất thiên bẩm đáng sợ với Rô biết chừng nào. Dù Xavi, Iniesta đang đỉnh cao phong độ, đạt WC, Euro tại tuyển nhưng Messi là sự khác biệt nổi trội, nên QBV vẫn thuộc về thiên tài ( lưu ý Messi ở Nam Mỹ, ko phải Châu Âu). Trước 25 tuổi, với 4 qbv liên tiếp, Messi đã đc thừa nhận của rất nhiều hlv, nhà báo, cầu thủ...là cầu thủ số 1 mọi thời đại ( xét về năng lực cá nhân).",,,
"Cho em hỏi 1 bánh 300k, lợi nhuận bao nhiêu ạ?",,,
Thật sự là nhạc rap tôi chỉ nghe mỗi eminem chứ nghe mấy rapper việt với rapper khác trên nước ngoài tôi không vào nổi :),,,
Cầu mong cho Mu đừng gặp Bayern ko lại bị hạ thảm hại rồi bị troll các bạn fan mu lại biến mất. Lâu lắm rồi mới đc dự c1 mong cho các bạn Mù u qua đc vòng bảng đỡ khổ thân. Mu đc dự vòng bảng đã phải cố gắng lắm rồi mong Mu chỉ gặp Sevilla cho đỡ thua đậm các fan mu nhỉ,,,
"Tầm này 200tr thiết nghĩ bác nên tích thêm, đợi sang năm rồi mua đứt luôn. Phân khúc A này không đắt đâu. Còn nếu để chọn vẫn cứ là i10 bác nhé",,,
"Trẻ em lang thang ngoài đường xin ăn, bán vé số đầy rẫy vẫn còn thì sẽ còn những chuyện ntn. Chính quyền, công an đâu cả rồi? Hay đã quen mắt quá rồi nên thấy bình thường? Trẻ em hôm nay thế giới ngày mai chắc nói cho vui",,,
"Tôi là nhân viên ngân hàng đây, khi chúng tôi làm đúng quy trình thì khách hàng kêu sao mà lằng nhằng phức tạp thế, qua ngân hàng khác làm nhanh hơn, đến khi có chuyện xảy ra thì lại kêu không làm đúng quy trình. Dạ thưa, làm đúng quy trình thì sẽ tốn thời gian, thủ tục nhưng an toàn cho mình về sau này đấy ạ!",,,
"Mong e luôn khỏe, biết nghe lời bố Quốc Tuấn nhé!",,,
Khâm phục nghệ sĩ Quốc Tuấn và nghị lực phi thường của Bôm. Chúc 2 bố con mạnh khỏe.,,,
các bạn nhớ là chúng tôi luôn mở cửa chào đón các bạn .,,,
Cám ơn tác giả! Những kiến thức cơ bản nhất sẽ đưa bạn đến với thành công 1 cách nhanh nhất đó ạ.,,,
Tôi thấy nước Mỹ và người dân Mỹ cần ông Trump hơn .,,,
nó có phải là cá bò giáp không nhỉ?,,,
Chứng tỏ Trump coi ông ấy là đối thủ của mình ?,,,
E rằng Google Doctor sẽ phát triển mạnh,,,
Không tìm được cách nào giải quyết hay sao? Tên đường dù sai nhưng sử dụng mấy chục năm rồi vẫn đâu có ảnh hưởng gì?,,,
Đất nước Cu Ba họ thật là nhân ái. Chúc nước bạn luôn luôn chiến thắng,,,
Thương về miền trung,,,
"Nên mua lắm chứ, sao còn chần chừ nữa ạ.",,,
Nguy hiểm quá! Mong mọi người sớm bình phục!,,,
tượng đài thể thao vĩ đại nhất của tôi. luôn tràn đầy sức khỏe anh nhé.,,,
"1 thời cấp 2 đến khi học đại học thuộc làu làu các ca khúc của anh. xưa còn tham gia fan club của a. Có điều mình còn nhỏ quá k có tiền đi xem live show, có bao nhiêu tiền thì dành dụm mua băng cassette album của anh. Giờ anh Bo vẫn luôn là ký ức đẹp của mình.",,,
"Tôi xem cuộc tranh luận giữa Trump và Biden thì cảm thấy rất khó chịu về ngài tổng thống. Ông ấy liên tục ngắt lời, nói chen, nói vào, đôi khi với những từ ngữ vô nghĩa nhằm làm gián đoạn phần phát biểu của Biden, ông ấy không tôn trọng quãng thời gian tối thiểu là 2' để nêu ý kiến của mỗi người. Đọng lại trong đầu tôi sau cuộc tranh luận này là 1 mớ bòng bong hỗn độn, bùi nhùi, không biết được nhiều thông điệp của cả 2, mà Trump chính là người đã gây ra mớ hỗn độn đó.",,,
Mấy CLB ở Ngoại Hạng khó mà vượt qua được kỷ lục như thế này vì trận nào cũng có nguy cơ rớt điểm.,,,
Chuẩn bị gặt lúa lại thấy bão. Năm nào cũng vậy,,,
"Vào quán nhậu là để giao lưu vui vẻ, nào ngờ cà khịa chém giết nhau, thật buồn vì nhóm người ngông ngược này. Cần xử thật nặng. ",,,
Tôi sẽ thức trắng đêm nay.:VN:23:59:44,,,
Hôm trước nghe mấy ông chạy xe đạp nói họ chạy sai thì có công an phạt không phải chuyện của những người lưu thông chung trên đường. Bó tay.,,,
Đây là chương trình thi đấu trí tuệ nhất việt nam.,,,
Lại thêm 1 vụ như thế này ...,,,
Seltos được mã thôi. Trải nghiệm không bằng được Kona. Đi lâu dài không nên quá chuộng vẻ ngoài. Hiệu năng và độ bền bỉ vẫn nên là tiêu chí đầu.,,,
"Chỉ nên ăn đồ tươi, không ăn đóng hộp để tránh nhiều chất độc hại. Gia vị cũng thế nếu tự pha càng tốt",,,
Ai hay bị nấc cụt nghe thấy hay,,,
Để người khác làm rồi mới thấy mình đã bỏ mất quá nhiều cơ hội.,,,
ở mỹ và các nước cá nào ngoài tự nhiên cũng to và nhiều.,,,
Ôi chém người như chém ko khí ,,,
"Cơ quan chức năng nên qui định nhập cảnh cách ly đủ 14 ngày, xét nghiệm âm tính mới cho ra ngoài",,,
"Dó là quan điểm của một số chuyên gia.... theo như các chuyên gia nước ngoài... thì họ cho rằng Trump sau lần tranh luận với Biden lần thứ nhất, có thể ông ta cảm thấy thua... đối thủ chuẩn bị quá tốt và quá sắc bén tranh luận nên không muốn tranh luận lần tới vì thiếu chuẩn bị... và cũng có thể ông ấy cảm thấy thời gian không đủ đến ngày 3/11 để có cơ hội 50/50 chiến thắng như năm ăn may 2016..... bầu cử cần phải dời lại....",,,
"Đây là hình học không gian mọi người có hiểu không, đừng kê cái tam giác trên mặt phẳng vào suy luận.",,,
Ước gì hình của Đức Phật Thích Ca được phục dựng để thế giới chiêm ngưỡng.,,,
Tiếp tục giữ vàng,,,
"Nếu cho tôi một lá phiếu, tôi sẽ bầu cử cho ông Trump... Chúc ông mạnh giỏi, thành công và chiến thắng",,,
"Thời gian gần đây, học sinh đi học nhiều nguy hiểm quá! Nào là cây đổ, cổng trường sập giờ lại cả ngộ độc thực phẩm....",,,
Thể dục quên mất thể chất và ý thức rồi ai ơi.,,,
Đọc tin mà quặn lòng quá! Cầu cho các con sớm siêu thoát. Mong 3 gia đình sớm vượt qua nỗi đau thương này.,,,
Đó là lý do tại sao tôi hầu như không ăn đồ hộp !,,,
Phải cho kịch khung. Đây là thành phần nguy hiểm của XH,,,
Trump chắc chắn tái cử,,,
Việc này lý giải tại sao Mỹ là siêu cường duy nhất trên thế giới đến lúc này,,,
Rất khâm phục sự kiên trì chịu khó của anh. Rồi bé sẽ được lớn lên mang theo tình thương của cha - 1 thứ tài sản mà giờ đây quá nhiều người đang thiếu dần... Cánh cửa hạnh phúc đang mở ra trong đáy mắt cha con anh!,,,
"Thật đáng thương cho những đứa trẻ có cha mẹ như vậy. Trẻ con có tội gì chứ. Đọc bài mà thấy ấm ức, ko biết cuộc sống đứa trẻ này sẽ đi về đâu....",,,
"Việc dự đoán các tập đoàn lớn ồ ạt rút khỏi TQ chỉ là mù quáng, người TQ rất giỏi và thừa tiềm lực để giữ chân họ lại.",,,
"Thái độ hơn trình độ, chưa biết trình ông Biden tới đâu, nhưng có thiện cảm với thái độ của ông.",,,
Cần điều tra và truy cứu trách nhiệm hình sự cả người mẹ lẫn cơ sở nạo phá thai !!!,,,
"Đổi tên đường thì bao nhiêu giấy tờ hành chính phải thay đổi theo, có phải là đổi cái biển đâu",,,
"Hoá ra từ ""bigcityboy"" từ đây mà ra. Tôi vào xem thấy MV đẹp, đầu tư. Nhưng ca từ không rõ. Nhạc cũng không hay. Nói thật, nếu bài hát này không đi kèm MV bắt mắt có lẽ chẳng ai nghe",,,
Đây là một công trình có giá trị kiến trúc & tư liệu chưa được coi trọng đúng mức.,,,
Đề nghị xử lý thật nghiêm để làm gương cho những kẻ khác.,,,
"tuổi thơ lại ùa về.25 năm rồi có ít đâu.Thời đó Đô rê mon, Tứ quái, teppi, Subasa, bác sĩ quái dị, siêu đầu bếp là những món ăn tinh thần không thể thiếu.Đặc biệt là Tứ quái.Vừa đọc vừa tưởng tượng khung cảnh làng quê yên bình của nước Đức cùng các đặc vụ của 4 người bạn, đến bây giờ tuổi đã 40 vẫn nhớ như in",,,
Mặc dù là fan xe Nhật nhưng tôi mua thích đi xe Hàn hơn,,,
Sinh viên đại học mà cho dùng điện thoại trong lớp thì cũng chơi game là chính. Không nên áp dụng luật này.,,,
Mãi đi chơi quá không chịu nghe lời mẹ ở nhà nấu học hành..,,,
"Đường cao tốc mà tốc độ tối đa 80km/h theo tôi là quá thấp cần xem xét vì bình thường ngoài khu dân cư trên quốc lộ chúng ta đã được phép chạy 80km/h rồi, hơn nữa đây là đường cao tốc mục đích đi nhanh hơn và an toàn hơn thêm điểm cộng nữa là chất lượng xe ngày càng tốt hơn.",,,
"Phải nói bác sỹ Việt Nan mình quá giỏi. Chúc các bác sỹ luôn dồi dào sức khỏe, minh mẫn trong nghề nghiệp để phục vụ nhân dân. Nhân dân chúng tôi biết ơn các bác sỹ nhiều lắm.",,,
"Nhìn thôi cũng đã nổi da gà, vô phúc cho ai không biết lọt vào cái ""Bè"" kiến lửa này, đảm bảo trong giây lát Má cũng nhìn hong ra luôn !",,,
Bài hát đầu tiên nghe a hát là Kiếp Ve Sầu..đến h 34t nhưng bài nào của anh mình cũng hát được.,,,
"Đọc comment nhiều bạn cứ giờ mới là giai đoạn 3, mà không thử tìm hiểu thông tin xem 3 giai đoạn nó như thế nào, mỗi giai đoạn yêu cầu số lượng mẫu ra sao. Trong khi ở giai đoạn 2 nga đã tiêm cho 2500 người, vượt qua cả mẫu yêu cầu tối thiểu. Chứ không phải người ta bỏ qua 1 bước nào đó để tiêm đại trà. Khoa học, công nghệ, uy tín, họ sẽ không đem ra để bán rẻ. ",,,
S300 S400 giờ chắc sale of 50%,,,
Tội nghiệp hwTừ ngày bị Mỹ ... thì xảy ra nhiều việc quá,,,
"2005-2006 cúp rơi trúng đầu! Không được thi đấu phút nào (danh sách đăng ký không có) cũng được tính, hài....",,,
"Tam giác trên là hòn toàn có thể. Chọn 1 tam giác cân có 3 cạnh lần lượt là a, a, 2a - 2/a^2 với a là 1 số rất lớn mà ta sẽ chọn sau.Theo công thức Heron, diện tích tam giác trên xấp xỉ (2a)^(1/2). Độ dài 3 đường cao vì thế xấp xỉ 2(2/a)^(1/2), 2(2/a)^(1/2), 4(2/a)^(1/2).Nếu a đủ lớn thì diện tích tam giác sẽ lớn hơn diện tích trái đất trong khi chiều dài mỗi đường cao bé hơn 1mm.",,,
"Chia buồn vì sự ra đi của cụ ""Sấu""!",,,
"Câu 4:Hàng ngang là phép cộng3 màu tượng trưng 3 phép tính khác nhau với tam giác ở dưới:Xanh lá cây là phép cộng:7 + 12 + 25 + 4 = 48Tím là phép nhân:(3 + 16 + 5) x 2 = 48Cam là phép chia:(4 + 36 + 8) : ? = 48? = 1Câu 3:Hàng trên: 3 mũ 1 3 mũ 0 - 3 mũ 1x2 = 2 3 mũ 0 - 3 mũ 2x2= 4 3 mũ 0Hàng dưới: 2 mũ 1 2 mũ 1x2= 2 (4), 2 mũ 2 (4) 2 mũ 2 x 2 = 4 (16), 2 mũ 4 (16) 2 mũ 4x2 = 8 (256)? = 256Câu 1: Chia hình vẽ thành 4 cụm 4 ô cạnh nhau, mỗi cụm có 1 ô xanh, xuất phát từ 4 ô chứa ô số 3 góc trên cùng bên phải ta thấy:3 + 7 + 8 + 0 = 184 + 6 + 5 + 9 = 24 = 18 + 65 + 10 + 9 + 6 = 30 = 24 + 6Vậy 6 + 10 + 4 + ? = 30 + 6 = 36? = 16Câu 2:Ta thấy:Hiệu số đỉnh 1 trừ đỉnh 3 bằng đỉnh 2 trừ số trong tam giácTam giác 1: 9-4 = 7-2 = 5Tam giác 2: 12-8 = 13-9 = 4Tam giác 3: 13-13 = 17-? = 0? = 17",,,
"Quá xuất sắc, mong tương lai sẽ rộng mở với em đi theo chuyên ngành Toán học.",,,
Con trẻ vô tội,,,
"Vẫn thỉnh thoảng có người Việt sang sân bay nước khác mới xét nghiệm dương tính. Điều này chứng tỏ vẫn cần cẩn thận, đặc biệt là thói quen sinh hoạt, giữ gìn vệ sinh nơi công cộng, đeo khẩu trang và sát khuẩn tay thường xuyên.",,,
"Câu cá là tạo nghiệp rất nặng, không nên coi đây là giải trí",,,
Bộ truyện gắn liền với tuổi thơ của tôi.,,,
Cứ bảo là ông Biden già mà thấy già thật!,,,
Chi phí cách ly không là vấn đề lớn với người VN thực sự muốn về.,,,
Thuế là do dân chịu thôi mà.,,,
"Hoa mướp hay các loại hoa khác không có độc và vẫn được con người chế biến thành món ăn, nhưng hồi xưa lúc còn rừng núi hoang sơ nghe người lớn nói lại rằng nếu háu ăn không rửa cẩn thận sẽ bị độc do các côn trùng hay rắn nhả độc trong đó và lúc xưa đó cũng có nhiều người trúng độc do ăn hoa không có độc.",,,
thông tin bữa giờ rồi mà nhiều người không biết còn ăn nữa trời,,,
"Tự hào quá, Mỹ, Brazil, Ấn độ nên học hỏi Việt Nam đi nhé",,,
Ngoại hạng anh mùa này sẽ rất rất đang xem đây. Bale trong tay mou là max Bale rồi.,,,
"Mong chờ cái 20 năm Messi ở Argentina quá, không biết thống kê sẽ ra sao với chỉ số Vua Giao Hữu, Vua Vòng Bảng, để cho fan khoe là : từng ghi 5 bàn vào Brazil.....",,,
Rap nói thật không có ca sĩ hát phụ mà live trực tiếp nghe rất chán. Năm nay thi Rap mùa đầu tiên nên mọi người sôi nổi. Sang năm lại chán ngay ấy mà.,,,
Còn mình thi di xe vin để ủng hộ thương hiệu việt còn hơn thua cai gi không quan trong,,,
Hic hic người dân quê tui chuẩn bị cắt lúa.,,,
"Bạn thật giỏi, ngưỡng mộ bạn trẻ!",,,
"Không nên.- Thứ nhất khi đến lớp học sinh này dùng điện thoại, học sinh kia chưa có, về nhà đòi cha mẹ phải mua cho bằng bạn bè. Đâu phải điện thoại cùi bắp. Smart phôn thì giá trên 1-2 triệu. Nếu gia đình hộ nghèo thì rất vất vả.- Thứ hai mạng xã hội phát triển sẽ không kiểm soát hành vi của từng học sinh.- Thứ ba tư duy học hành sẽ phụ thuộc vào điện thoại. Học sinh sẽ nghiện những thứ trên mạng game, video.. ai kiểm soát.- Thứ tư nhà trường phải chi tiền gắn thêm thiết bị phát sóng, bảo dưỡng phí, thì tiền đó cha mẹ phụ huynh phải đóng.- Thứ năm không an toàn cho học sinh khi đi học mang theo điện thoại, mất mát tài sản.",,,
"Fadil nhìn xấu với không gian chật hẹp lắm, vote i10 nhé.",,,
Chính trị khó lường. Rất có thể đây là chiến thuật của Trump. Tin rằng Trump sẽ vượt qua thách thức để tiếp tục chèo lái nước Mỹ vĩ đại.,,,
Từ khi chuyển qua uống bia thì mình rất khi uống nước ngọt,,,
Phản xạ của chó là sủa khi gặp người hoặc những gì lạ chứ không phải trung thành đỡ nhát cắn thay chủ đâu nhe..tui có con chó tui biết.,,,
Quảng Bình luôn là nơi đau thương nhất miền Trung,,,
nghĩ thôi đã lạnh buốn tim gan và tâm hồn,,,
Tội nghiệp quá- cầu mong em được bình an,,,
"Bào ngư nuôi giống như hàu là nuôi thả trên bè, chúng tự lọc nước biển lấy thức ăn chứ làm gì có chuyện cho ăn thức ăn công nghiệp. Bào ngư Hàn Quốc và Trung Quốc đều có quy trình nuôi như nhau, con giống như nhau, có chăng khác là khác về môi trường nước nuôi chúng thôi. Bào ngư tự nhiên giờ chỉ có bào ngư Úc là nhiều thôi, còn size nhỏ hầu hết là đều được nuôi thương phẩm cả rồi.",,,
Sao không có gia đình ông chủ mancity nhỉ.,,,
"Bayern quá khủng khiếp ... Từ công đến thủ đều ở một đẳng cấp khác, Thiago ra đi không làm xuy chuyển tẹo nào.",,,
Em hợp với tôi,,,
I10 sedan là hợp lý. Ngồi rộng rãi có cốp để đồ.,,,
"Thiết nghĩ Bộ GD nên nghiên cứu, thẩm tra lại chương trình SGK lớp 1 và thực tế dạy học ở các trường xem thực hư như thế nào. Không phải ngẫu nhiên mà nhiều phụ huynh phản ứng vậy cả.",,,
Không xử nặng bọn này sẽ là mối nguy hiểm cao độ cho xã hội,,,
Ngoài bóng đá ra m cũng thích bơi chỉ tội chi phí cho nó cao và kiếm đc bể ưng ý gần nhà là khá khó.,,,
quan trong là cty pate Minh Chay đã chịu trách nhiệm đền bù cho người bị hại chưa,,,
"Giá ngon,bổ, tầm hơn 300 củ khá phù hợp với túi tiền có ngay con xe của ""gia đình"" rồi ,không gian rộng rãi ,quá đẹp cho 1 cuộc tình !",,,
"Anh Bo vẫn hát hay như ngày nào. Hy vọng anh đầu tư nhiều vào hòa âm, phối khí. Những nhạc phẩm của anh dùng nhạc cụ điện tử nhiều quá, làm mất đi một phần giá trị.",,,
"Hy vọng lần tranh luận sắp tới sẽ thay đổi chủ đề. Những chỉ trích của ông Biden chính là những gì mà cả thế giới đều đã biết, vì vậy cuộc tranh luận hôm qua chỉ là cơ hội để ông Trump biện hộ. ",,,
Sao phải chôn mà không làm thịt???,,,
Có mỗi gong yoo là nổi tiếng đến giờ đóng phim nào cũng hay.,,,
Vậy là xong. Không tranh luận thì ông Trump cũng hết cơ hội để tranh thủ thêm cử tri. Như vậy cũng đỡ tình trạng căng thẳng chính trị và cử tri trung lập cũng không mất thời gian suy nghĩ nhiều.,,,
"Thế này còn chưa là gì. Bên đường Mai Chí Thọ họ còn cử người cầm còi hiệu đi dẹp đường nữa kìa. Tới đèn xanh đèn đỏ không thèm dừng, ngang nhiên chạy ra giữa đường chặn xe lưu thông để cho nhóm vượt qua, cứ như là cuộc đua chính thức vậy. Tập thể dục mà ý thức như thế này thì thà nằm nhà ngủ cho xã hội phát triển giùm đi.",,,
"Chọn I10 vẫn hơn chứ. Con Fadil toàn chắp vá từ xe khác, đi được dăm hôm hỏng ra đấy sửa cũng tốn tiền",,,
Hãy cố gắng để ra nước ngoài một lần :)),,,
Hệ thống cơ sở y tế địa phương cần thông tin cảnh báo đến từng xã phường trên toàn quốc để người dân được biết. Hoặc nhắn tin như Covid19 cho tất cả các thuê bao di động.,,,
"Chỉ dẫn làn nó ở đầu đường còn chỉ dẫn hướng đi thì ở cuối đường chỗ ngã 3,4,5,6,7...",,,
Hãy ăn năn sám hối không thì sẽ khổ ko bao giờ thoát.,,,
Đừng đùa với luật pháp mỹ. rất nghiêm khắc.,,,
Cá chết người cũng băng hà.,,,
"Như vậy là ĐIỂM NGHẼN đã làm các nhà đầu tư lo lắng đã được tháo gỡ.Hay lắm.HÃY CỐ LÊN, VIỆT NAM CỦA TA ƠI!",,,
Rất muốn HAGL hoặc Thanh Hóa rớt hạng. Hai ông bầu của 2 đội này làm cho V league như sân khấu hài.,,,
"Đơn giản cậu ta kà Messi, người mà bất cứ cầu thủ nào cũng được đem ra so sánh!",,,
Mình hay câu rô phi,,,
Nhìn thương tích khắp người đau lòng quá,,,
"Bé 6 tuổi bắt đầu cắp sách đến trường rồi, hôm trước bé có được dự lễ khai trường không?. Tội nghiệp bé quá, một thằng ""bố láo"", cần xử nghiêm.",,,
Chả hiểu sao chưa được 2 tuổi mà đã cho đi học,,,
Sao mỗi lần tiêm vắc xin cho con . Tôi sợ ghê gớm,,,
"""số tiết cho lớp 1 và 2 tăng hai tiết một tuần so với chương trình cũ. Ngược lại số tiết cho lớp 3, 4, 5 trong chương trình mới lại giảm"" Nên để giáo viên và phụ huynh đánh giá. Mới vào lớp 1 thôi mà đã cảm thấy áp lực học tập nặng nề cho trẻ con quá. ",,,
quá đẹp,,,
biểu cảm diễn xuất của cậu này quá chán đời,,,
"Nói chung Messi là một cầu thủ vĩ đại, cậu ấy đã đem đến cho Barca một bộ sưu tập về danh hiệu quá đồ sộ, đối vớ tôi: nếu Messi không tra tấn các cầu thủ MU của tôi và cướp đi 2 cái cúp C1 thì tôi đã là fan của cậu ấy rồi, còn về phần Ro_vạ và fan cuồng thì là ơn đừng nhận vơ là một phần cùa MU nữa, nhìn xem các công thần của Mu có coi Ro_vạ ra gì đâu?, Gigss, Nevil, Scholes, Rooney luôn đánh giá Ro_vạ quá thấp so với các cầu thủ khác và đặt biệt là CĐV cũng rất ghét Ro_vạ vì cậu ấy chỉ diễn nhớ Mu một cách giả tạo để vòi vĩnh tăng lương tại CLB mới chứ có phải nhớ MU thật đâu?",,,
Phải thuê HLV cở ông Nguyễn Văn Sĩ thì mới mong khác biệt.,,,
Doanh nghiệp bị ảnh hưởng thì giảm . Còn doanh nghiệp ăn nên làm ra nhờ dịch thì sao phải giảm ???,,,
NÓI CHUNG HAI CÔ NÀY KHÔNG ĐƯỢC ĐẸP.VIỆT NAM BÂY GIỜ RA ĐƯỜNG NHÌN RẤT NHIỀU CÔ ĐẸP.,,,
"Con em năm nay lên lớp 1 đang học bộ sách Cánh diều. Chiều nào về cháu cũng nói mẹ : sao mẹ bỏ nhiều sách vào cặp con vậy, nặng quá con đeo không được",,,
"Cũng từ lối sống bệnh hoạn mà ra,người chết coi như trả giá.Ko biết lời khai chính xác đến đâu nhưng 20 nhát thì chung thân là xứng đáng",,,
SỰ KHỐC LIỆT CỦA CUỘC SỐNG !,,,
Thật tuyệt chúc mừng liverpool. Đội bóng còn hay hơn nữa,,,
"Ở các nơi vẫn còn loa phường, đề nghị phát thông báo trên loa phường thường xuyên, liên tục để người dân ở các khu vực đều nắm được thông tin!",,,
"Ôi. Cái này nhằm nhò gì với mấy năm nay Trump tweet vài cái làm thị trường giật lên xuống. Kể từ khi đại dịch kéo tới, không có Fed đỡ cho thì còn tệ hơn cả đại suy thoái. Giờ sắp hết nhiệm kỳ, thị trường còn tệ hơn cả lúc trước khi nhận chức. Chả biết có để lại được gì cho Mỹ khi ra đi không mà còn phải gánh 1 đống nợ.",,,
Nó là điều thường thấy hàng trăm năm nay.,,,
VN sẽ đón nhận tất cả vì một đội ngũ công nhận hùng hậu...nhưng yêu cầu trình độ tay nghề của Nhật rất cao mong rằng có chính sách nâng cao tay nghề cùng với ý thức lao động tốt hơn.,,,
"Su đi để lại Fati, 17 tuổi phải gồng mình gánh tạ. Nghe bảo Si hay nhường PEN, sao không nhường cho em được cú hattrick trong sự nghiệp thế. Đúng là Si hết thời giờ chực chờ ăn may rồi!!! :P :P :P",,,
Bỏ qua xe Hàn.- Mua xe Nhật nhé,,,
Tôi thấy thật hạnh phúc vì đc sinh ta tại Việt Nam,,,
"Trung Thu cũng như nhiều lễ hội truyền thống khác, chỉ là hình thức để phục vụ cho mục đích tối thượng của người mua hiện giờ: lấy lòng người quan trọng (không phải người nhà mình).",,,
"Triệu tập còn không thèm tới, chứng tỏ thói côn đồ ngang ngược.",,,
"Tôi ko vay đâu cả, có 1 cô bé thực tập tại Cty trước đây,vay vốn 1 Cty tài chính và tham chiếu số điện thoại của tôi, hiện tại cô gái kia ko trả được nợ. Hiện tại luôn có số điện thoại Cty tài chính đó làm phiền tôi, liệu có khởi kiện ngược được ko mọi người?",,,
Sao không xả từng khúc một nhỉ ?,,,
"Luật giao thông thì đã có, nhưng kiểm soát và hình thức phạt chưa đủ tính răn đe, nên mới nên sự thế này. Phạt thật nặng như bên các nước như Singapore, Mỹ,...thì mới trật tự được.",,,
"Đúng là tình yêu mang lại khổ đau. Nếu Đi không đâm chết tên này, lần sau hắn lại mò đến nữa thì ko biết còn giữ nổi mạng ko, quả thực ko còn sự lựa chọn nào khác",,,
Xem clip phóng sự (che mặt) khác mới thấy con bé 10t ngoan hiền và bản lĩnh như thế nào. Rơi nước mắt :((,,,
Tử hình hết bọn buôn bán ma túy để giảm bớt những con nghiện đang ngày đêm mang đến những hiểm nguy rình rập đến người thân và XH.,,,
"Việc này ảnh hưởng đến hàng loạt các giấy tờ cần chỉnh sửa: Chủ quyền nhà đất, Hộ khẩu, CMND, GPKD, hợp đồng kinh tế, ... và hàng loạt các giấy tờ khác có liên quan đến tên đường cần thay đổi, ...",,,
"Ấn Độ là ổ dịch, phải hết sức cẩn thận khi cho chuyên gia nhập cảnh.",,,
"Tài năng xuất chúng và nhân cách và nhân cách vĩ đại.Thực ra đến bây giờ mình vẫn không hiểu tại sao lại có người bảo ghét Messi,chẳng lẽ họ đố kỵ và cay cú quá sao.Trước mình Fan Ars,bị Messi cho ăn hành nhiều,cũng cay cú,nhưng xem 1 trận Messi chơi bóng(xin nhắc lại là chơi bóng chứ không phải đá bóng rồi ăn vạ bẩn nhé) là mình suy nghĩ lại ngay.Mình và người hâm mộ trên toàn thế giới thật may mắn khi được chứng kiến Messi chơi bóng.",,,
Ôi thế thì lại toang mất thôi .Những trận đấu mưa bàn thắng nối dài .Không lẽ lịch sử 82 lặp lại .Lo thay lo thay .,,,
Giảm đều từ đây đến qua bầu cử là ngon. :3,,,
Mở mang đầu óc với bài viết quá hay,,,
"Vậy là Sevilla mạnh hơn Barca rồi mọi người, nhưng thực tế Sevilla luôn thua khi gặp Barca nên đề nghị Bayern trao siêu cúp cho Barca",,,
Em thấy I10 ổn về nhiều thứ Fadil em không biết,,,
Giỏi quá,,,
Cuộc sống thật mong manh,,,
"Mới tiêm về không theo dõi bé, mà gửi cho cơ sở gia đình, mà cơ sở này sao không gọi điện thoại cho cha mẹ bé khi phát biểu hiện lạ mãi ""Đến 11h cùng ngày, người thân đến cơ sở giữ trẻ đón về thì phát hiện bé tím tái, mạch không bắt được"". Bó tay quá chậm trể.",,,
Tcn có giấy roi sao,,,
Bình thường ăn pate nếu có ngộ độc sẽ là Thương Hàn hoặc Lỵ. Đây nhiễm hẳn Clos gây liệt cơ. Sợ thế!,,,
Biến tận dụng thách thức thành cơ hội sẽ thành công,,,
"Kia lành, đẹp, động cơ khoẻ hơn, chi phí sử dụng thấp hơn",,,
"Tôi thích ""Mãi mãi một tình yêu"" hơn",,,
Các cuộc tình thật phong phú và đa dạng,,,
"Đối với những trẻ em có hoàn cảnh như thế này đáng lẽ khi được trình báo công an phải kiểm tra thân thể cháu xem có thương tích gì ko, đưa cháu đi khám nghiệm thương tích chứ chỉ có nhắc nhở thì quá lỏng lẻo.",,,
Diễn viên kiêm đô vật wwe Dave Batista...John Cena...The Rock ...toàn nhân vật nổi tiếng lấn sân Hollywood,,,
Các bà các cô quanh xóm đến xếp hàng tiễn đưa anh,,,
1-0 mà cứ tưởng 10-0 :'),,,
Chúc mừng anh và e kíp phẫu thuật để chỉnh sửa kiếm khuyết của tạo hoá. Mong anh và các bác sĩ có kết quả mỹ mãn.,,,
Người ta đã lao động thì phải trả công dù ít hay nhiều chứ. Lao động khác với học nghề!,,,
Cha mẹ như vậy kg khổ mới là lạ. ,,,
Khuyến cáo thì phải phát sóng trên tivi và radio nhiều lần trong ngày và liên tục nhiều ngày thì người dân mới biết được . ,,,
"Ngày đầu tôi cũng rất mê LUX SA 2.0, nhìn cái bánh mập thích thế. Sau khi đi lái thử cũng mê lắm, đầm, cách âm tuyệt nhưng không hiểu sao dạo gần đây nhìn quen mắt hay sao ấy mà không thấy đẹp nữa",,,
"Chúc hạnh phúc đại gia đình , cảm phục Cường!",,,
Tưởng cây táo này đã rụng quả xuống đầu Newton.,,,
"Đà nẵng mới gồng mình chống dịch.. thương quá Đà Nẵng, thương quá miền trung ơi.",,,
"300 triệu vay thêm ít tiền mua con Attrage mới cóng đi cho an tâm. City 300tr thì quá cũ, Nissan thì đang đổi nhà phân phối mới chưa biết làm ăn ra sao còn Aveo thì Chevy bỏ chạy khỏi VN mất rồi, chỉ còn Vinfast ráng làm tròn trách nhiệm chuyển giao thời điểm này thôi còn tương lai thế nào có trời mới biết.",,,
công ty về Mỹ nhưng giá thành người tiêu dùng mua sẽ tăng lên.,,,
Like vì đẹp trai. Hihi,,,
Nhưng ko được chủ quan,,,
"Theo tôi là nên mua fadin vì chất lượng, trang bị an toàn, gửi xe ko mất tiền, bảo hành 5nam theo tiêu chuẩn châu âu",,,
"Mình rất ghét dịch vụ này, mấy miếng cà rốt bé tí cũng 1 túi, mấy cọng rau cũng một túi, xong rồi ăn một đống hạt vi nhựa vào người chứ sạch sẽ an toàn gì, ăn xong thì một đống ni lông thải ra môi trường.",,,
Ko đùa được với những thực phẩm ăn vào miệng. Mong các nhà sản xuất hãy thận trọng hơn.,,,
"Đường phố mà cứ trồng mấy loại cây rễ chùm , cành giòn dễ gãy thì còn mệt khi giông , bão .",,,
"Thời thế tạo anh hùng, vượt qua nghịch cảnh là truyền thống của dân tộc Việt Nam, cảm ơn các bác sỹ",,,
"Kết hợp dịch vụ thì chọn i10sd thôi, vi có cốp sau tiện lợi chở đồ.",,,
"Cảm ơn VNExpress, mỗi ngày tôi dc học thêm 1 cụm từ mới.",,,
"Nguyên nhân có thể là: Con người cho rằng, cá voi sát thủ là loài săn mồi đỉnh cao ở đại dương và không có kẻ thù tự nhiên xứng tầm nào ngoài con người (theo Wikipedia). Vậy ai sẽ là số 1, khi tất cả đang làm mọi cách để trở thành? ))",,,
Bão qua rồi đúng k mn nhỉ?,,,
"Có nên sắm cho con những món đồ xa xỉ khi tuổi còn bé không? theo tôi, hãy dành lại một ít để làm từ thiện khi mà nhiều lắm những nơi em bé còn không có ăn no mặc ấm",,,
Trông như hai tên cô hồn.,,,
"Lúc này thì câu nói nào mà không để vùi dập đối thủ để tâng bốc mình lên, tranh cử mà.",,,
"Nếu chất lượng hãy tự chọn mình 1 thương hiệu, đừng nên lừa dối khách hàng, thực sự nhìn khó biết được nếu không có bài báo này",,,
"Nhạc ngày xưa thường hay đề cập các chủ đề lớn, quê hương - chinh chiến, các mối tình đẹp... chứ mấy khi đề cập đến những thứ đời thường , rất nhỏ, nhưng ai cũng có thể gặp. Nhạc trẻ bù lấp cho những thiếu hụt đó. tiếc là có khi chỉ là những cảm xúc, chứ không có dẫn lối chỉ đường. Lời thì thường là bộc trực văn nói, không nhiều vần nên không dễ thuộc, có vẻ tự do hơn, thoải mái hơn, nhạc thì dập khuôn nước ngoài, nhưng nghe hiện đại, sống động, tươi tắn.",,,
Thảo nào dạo này uống bia sài gòn hay bị nhức đầu,,,
"Ôi, cái bài làm nên thương hiệu thì lại không nhắc đến.Mãi mãi một tình yêu.",,,
"Tạm biệt Người hùng Báo Đen, anh sẽ sống mãi với nụ cười ấy!!!!",,,
Mong gói 10 000 tỷ sớm được bung ra,,,
Nói không chừng cây cầu ấy là do ufo tạo ra để tạo sự liên lạc giữa các thiên hà đấy,,,
Những người bị ngộ độc có thể khởi kiện đòi Công ty TNHH Hai Thành viên Lối sống mới bồi thường không?,,,
Chắc nó nghĩ mình là cá heo. Dễ thương quá,,,
"Cũng cần phải xem ai là người phát giác sự việc này. Để kịp thời động viên, Khen thưởng khi cần thiết.",,,
Chỉ ra dùm DN nào không bị ảnh hưởng bởi Covid?,,,
Hậu quả và bài học đắt giá cho Tramp và cho nước Mỹ ! Đáng tiếc !,,,
Xử lý ngay và luôn,,,
"Mua xe ô tô của Nhật nhé, đừng mua công nông.",,,
"Cả 2 ông đều già, vậy thì để cho Mỹ nói riêng và thế giới nói chung được ổn định hơn, thì hy vọng Trump là người thắng cuộc, dù sao thì nhìn ông ta cũng khỏe hơn ông Joe, ít thay đổi thì ít biến động.",,,
"Thì Nhật giờ vốn không thể cạnh tranh nổi với Trung Quốc về mặt sản xuất .Hiện giờ ở Trung Quốc , người Tq họ dùng mỹ phẩm của Nhật chứ đồ điện gia dụng , TV ,điện thoại thì dân Tq sài hàng nội địa rồi.Xe hơi của Nhật cũng được dân Trung Quốc sài nhưng so vs những năm trước thì dân họ cũng chuyển sang hãng Nio ,Xpeng , BYD, Geely ,.. đặc biệt Nio xe điện dân Tq rất chuộng",,,
"Vật liệu không tăng mà công thợ tăng mạnh. Công thợ xây đã có mức tối thiểu 600k/ ngày, công phụ xây cũng 300k/ ngày. Nếu thợ chính quy thuộc các công ty xây dựng uy tín thì càng mắc hơn.Giá xi măng, sắt thép so với cách đây 5 năm, 10 năm thì đi ngang hoặc giảm hơn do cung nhiều hơn cầu.",,,
Ông nên từ chức nên để người khác thay thế có thể sẽ hợp lý hơn.,,,
"Theo tôi khi làm thủ tục ngân hàng thì chữ ký và CMND thôi chưa đủ, cần lấy thêm vân tay hoặc quét mống mắt. Chữ ký có thể giả nhưng vân tay và quét mống mắt thì rất khó.Ngoài ra, đối với các trường hợp rút tiền ngân hàng, thì xác nhận vân tay, hay quét mống mắt sẽ rất tiện dụng nhất là với các cụ già, và các trường hợp phải ký đi ký lại cho giống chữ ký mẫu.",,,
"Nghe như đám bạn tôi hát karaoke, thậm chí còn không bằng. Xin lỗi fan của Đan Trường nhưng mong Đan Trường đừng phá hỏng những bản nhạc bất hủ này nữa",,,
Và chắc ông là founder của hãng Dunlop?,,,
Có ai cho tôi biết hình phạt cao nhất cho lũ tội phạm này không?,,,
liệu con chó có thoát không ta,,,
Nhìn cũng giống phim hành động thật. Chúc mừng các anh công an đã triệt phá được vụ án thành công tốt đẹp.,,,
"Có sửa lại thì cũng nhiều người quen cách gọi cũ, chi bằng đặt tên mới cho con đường đó. Lấy tên đúng đặt cho con đường mới.",,,
"Bác nào đã cưỡi fadil thì biết nó chất ntn rồi đấy, khung gần chắc nịch, máy móc ok.ngại ngần gì mà không quất ngay i10 thôi bác. Hehe.Vote i10 nha bác",,,
"Thật ra tìm hiểu bài thầy cô có thể cho các con tìm hiểu trước ở nhà, khi đó các con thoải mái dùng internet để tìm thông tin. Trên lớp tôi nghĩ các con cần giao tiếp với nhau trực tiếp nhiều hơn, vận động nhiều hơn thay vì chăm chú vào điện thoại. Thực tế hiện nay nhiều trường cho học sinh mang điện thoại đến trường nhưng chỉ dùng trong giờ ra chơi. Thế là giờ ra chơi các con chỉ chú ý đến điện thoại, tranh thủ vào mạng xã hội, tranh thủ bình luận, nhắn tin trên các hội nhóm mà quên sự giao tiếp với các bạn xung quanh. Có nhiều trường hợp tôi gặp, khi nói chuyện trên mạng xã hội với nhóm lớp thì rất sôi nỏi, nhưng khi cho phát biểu trực tiếp trước các bạn ở lớp thì lại không tự tin, không dám nói, nói rất nhỏ, thiếu hẳn kĩ năng giao tiếp cơ bản. Có phụ huynh con ở nhà suốt ngày điện thoại, ít chuyện trò với bố mẹ. Khi gặp tôi họ bảo cô phát hiện ra cháu dùng điện thoại thì cứ thu không trả lại cho tôi, gia đình đang muốn thu của cháu mà không có lí do nào. Thực tế người lớn nhiều khi còn không rời được chiếc smartphone của mình nên nói các con trẻ ý thức được việc sử dụng điện thoại thế nào cho hợp lý là rất khó.",,,
"Tôi đang dùng Attrage 2019 đã dc 15k km rồi đây. Thật lòng mà nói thì với 480tr (lăn bánh, lúc tôi mua giá 430tr) bỏ ra thì nó đáng với đồng tiền: nhẹ xăng, ổn định. Máy 1.2l 3 xi lanh nhưng đáp ứng đủ nhu cầu của tôi. Chỉ có là vỏ tôn mỏng (chắc mỏng nhất trong các xe, tính luôn hạng A) nên hơi ồn. Phụ tùng hãng thì các hãng hơi đắt, nhất là lọc xăng nhưng 60k km hay 80k km thì mới thay, tiền xăng tiết kiệm dc thì để mua lọc. Mua xe thì theo nhu cầu và tính tình người lái, anh nào thích bốc, đề pa, vượt ngọt thì ko nên mua attrage, anh nào từ tốn, chậm rãi thì ok đó!",,,
Các bạn hãy mua tivi 8k để xem thật kỹ M10 đã cống hiến những pha bóng tuyệt vời ra sao nhé. Toàn mấy thánh gato chẳng biết gì cũng xem rồi lên chê M10.Mãi yêu Liv.Si,,,
Chúc các anh chị luôn luôn khỏe mạnh để làm thêm những việc đầy ý nghĩa như vậy.,,,
Đọc bài mà căm phẫn quá. Sao trên đời lại có dạng người khốn nạn đến thế. Con cháu ruột của mình mà cũng ko tha. ,,,
Người Mỹ đã phát minh ra kĩ thuật tiếp nhiên liệu trên không cho mb bây giờ lại có kĩ thuật tiếp nhiên liệu cho vệ tinh!,,,
chuẩn không cần chỉnh!,,,
Chúc con bình an khỏe mạnh,,,
"Mỗi người một vẻ đẹp rất riêng và khác nhau, ai cũng đẹp! Nhưng em thích nhất vẻ đẹp mặn mà, đầy đặn và rất phụ nữ của chị Thu Hà.",,,
Mình thì thắc mắc con cá đó có nằm ở trên tàu câu hay rớt xuống nước lại? Nếu còn nằm trên tàu thì người nhà có thể ăn thịt nó để hả giận. Nếu rớt nước lại thì ta an ủi nhau là tới số vậy.,,,
Đau lòng quá!!! :-/ :-/ :-/,,,
"Cả hyundai i10 và vinfat fadli đều không đáng mua ở mức giá 400 triệu. Rất nhiều xe tầm tiền tốt hơn hẳn bạn nên tìm hiểu thêm, đừng có rước fadli hay i10 sedan nhìn hai chiếc xe chả ra làm sao cả.",,,
Vậy đúng Bale là thần tài của Real rồi,,,
"Cung cấp sản phẩm gây hại sức khỏe cộng đồng thiết nghĩ: Không phải chỉ đóng cửa thương hiệu là xong đâu, mà còn trách nhiệm hình sự nữa. Chưa nghe ai đề cập và xử lý để răn đe và xây dựng trách nhiệm với cộng đồng.",,,
Ấn tượng nhất gia đình nhà TT Trump ai cũng cao dáng đẹp..!,,,
"Đọc mấy bài như này thấy hạnh phúc quá,mong rằng ngày nào cũng thấy vậy để cuộc sống mọi người sớm nhộn nhịp và bình an!",,,
Chỉ vì chuyện gia đình ... yêu đương ... riêng tư ... dẫn đến kết cục thương tâm .,,,
"100 tuổi vẫn ""làm ăn"" được, anh í quả đỉnh",,,
Đương nhiên doanh nghiệp phải bồi thường rồi ngoài ra còn phải bị chịu trách nhiệm trước pháp luật.,,,
"Bình thường, tôi đi lộ trình từ XVNT - Ung Văn Khiêm - Cầu vượt Nguyễn Hữu Cảnh - Nguyễn Hữu Cảnh, Cầu Thũ Thiêm. Nay cấm đường như thế thì tôi phải theo lộ trình XVNT- Ung Văn Khiêm - Nguyễn Gia Trí - Điện Biên Phủ - Vòng xoay Hàng Xanh - Điện Biên Phủ - Nguyễn Văn Thương nối dài. Quả là 1 lộ trình cực hình vào giờ cao điểm. Các điểm đen mà trước đây tôi tránh để khỏi kẹt xe thì nay phải đi vào.",,,
Anh này biết hưởng thụ quá!,,,
"Mình đi nước ngoài, thường thấy bến xe hay ga tàu vẫn hay giữ ở trung tâm để thuận tiện đi lại. Nhưng VN mình thì cứ đẩy ra xa dần. Kẹt xe là do hạ tầng giao thông đầu tư hay sắp xếp, chứ ko hẳn là do xe khách.",,,
"Ko phải cái gì cũng cần thiết! Ko khéo quá tải, lợi bất cặp hại.",,,
"Các Bác giải thích hộ tôi: trên đường có 3 làn đường, làn trong dành cho xe con, làn giữa cho xe tải, làn trong cùng cho xe máy. Tôi đang chạy xe con làn trong cùng, giờ tôi muốn vượt thì xi nhan sang làn giữa ^^ rồi xi nhan quay lại đúng làn. Với trường hợp này tôi có bị lỗi đi sai làn (xe con đi làn xe tải) hay không? Và nếu không sai thì Luật quy định cụ thể ở mục nào. Cảm ơn mọi người ^^",,,
"Những trận cầu như này, cần những ngôi sao lên tiếng. Như vậy mới thấy, trạn cầu khó khăn, đội hình có cá nhân xuất sắc, sẽ thay đổi cục diện trận đấu.",,,
Về bản chất Ko cần lắp thêm cái gì.,,,
Thấy thấp thoáng bóng ai đó vừa hôi pen của đồng đội. Và 1 cú đánh đầu lừa thủ môn lừa luôn đồng đội. Không biết Cules VN sẽ nói gì....,,,
"Tôi xin được phép dành một phiếu cho Seltos. Tôi đây vừa nhận xe và cũng chạy được kha khá. Đây là một số trải nghiệm với Seltos:Động cơ: Xe tăng tốc tốt, động cơ êm, mức tiêu hao nhiên liệu có thể đạt từ 6.5-7L/100km nếu dìu em nó tốt.Cảm giác lái: tay lái hơi nhẹ, cảm giác chưa chắc tay lắm, hệ thống cân bằng rất ổn, vào cua ko có cảm giác quăng đuôi, cách âm dưới 80km/h êm, ghế lái bọc da tốt, dễ chịuHệ thống giải trí: m thanh tốt, rất ổn, tích hợp sẵn Vietmap bản offline có cảnh báo tốc độ khi về giới hạn 60km/h, điện thoại rảnh tay, USB video chưa thử đc.Nói chung, tôi thấy đây là con xe ngon nhất trong phân khúc. Một số chia sẻ mong có thể hữu ích với bạn.",,,
Chắc nó thấy con người đang phá hủy môi trường sống của nó,,,
"Đừng suy nghĩ nhiều i10 là chiếc xe đẹp tốt và thiết kế linh hoạt. Còn vận hành hay sử dụng thì i10 rất lành và kinh tế.Hyun giờ chất cực tốt và qua mặt Nhật lâu rồi, cứ mua xe mà mình thích thôi đừng nghĩ nhiều. Hàn mang sự thông thái và tôn trọng tới khách hàng không như nhà Nhật giá lọ kia bia lạc...",,,
Thích anh chàng này từ lức xem rap việt,,,
"Bất kể Donald Trump có vấn đề gì mà người dân Mỹ, các chính trị gia không hài lòng tôi vẫn chúc ông chiến thắng áp đảo đối thủ Binden và tiếp tục trên cương vị tổng thống Mỹ nhiệm kỳ 2!",,,
Cầu mong mọi người bình an!,,,
Đủ cho 100 bợm nhậu lai rai cả buổi.,,,
"tôi đang đi santafe vào lái thử lux sa, về muốn bán santafe để đổi lux luôn!",,,
"Hai hoặc ba năm trước Liverpool vẫn vả MC (lúc đó đang vô đối) như cơm bữa anh ơi. Gặp top 6 không thua. Chỉ là hay thua nếu gặp các đội yếu, chơi tử thủ thôi.",,,
Em nghe mà mừng quá các bác ạh ngửi cái mùi này là em say luôn á,,,
"Có thể RM sẽ gặp khó khăn vì CLB thay máu và ảnh hưởng của Covid. Nhưng RM sẽ không rơi vào khủng hoảng, vì không có một ai vượt qua được RM, dù đó là CR7, hay Perez. Không như gánh xiếc, đội ai đó lên đầu, còn thứ khác có tan nát cũng chả sao.",,,
Giá nhà đất bị môi giới cùng mấy anh lướt sóng đẩy cao vút nay anh nào đang ôm không sao buông ra được vì cứ muốn lãi đậm cứ chờ xem... ôm được đến bao giờ nếu đi vay ngân hàng,,,
"Phải thu hồi bằng, chứng chỉ hành nghề, thu hồi chức danh của những người đứng ra mở lớp.Trong vòng hai năm chứ không phải hai ngày, bao nhiêu công sức, mồ hôi, tuổi thanh xuân của 125 con người bỏ ra, học hành đàng hoàng, lại trở nên công cốc, chỉ vì các vị mở lớp sai?Chưa kể là bao nhiêu học phí bỏ ra, số tiền đó đi đâu?",,,
"Nếu là xe Trung Quốc, các fan Mỹ sẽ lập tức kết luận rằng xe này nhái phần đầu của Rolls Royce Cullinan, nhái phần đuôi của BMW X6. Nhưng là vì xe của Ý nên im re chả thấy chê gì.",,,
"Như phim luôn, đáng sợ thật.",,,
Vẫn biết bão tố là nguy hiểm. Nhưng mong sao nó vào đất liền buổi ngày và hạ cấp cho dân đỡ khổ.,,,
Chắc tử thần mãi chơi nên quên anh chứ con rắn đó mà cắn thì voi cũng chết. anh sống được là do sự chuyên nghiệp của các bác sỉ BV Tây Ninh và sự đồng lòng phối hợp của các bs bệnh viện Chợ Rẩy. Thật biết ơn và trân trọng công việc của các bs.,,,
Quá ác hãy xử lý thật nghiêm cho người khác,,,
"Sống đáng sống với đúng chính mình, mãn nguyện ông nhỉ!",,,
"Bữa bị nổ 1 chiếc xe điện TQ, thấy ớn quá",,,
Chúc 2 bố con sức khỏe.,,,
"Biển vắng, trong sạch và êm được gần 1 năm nay!!! Nên thấy tàu thuyền chạy lại... nó ghét.",,,
"Một cuộc tình tay ba đầy đau thương và nước mắt ,cuối cùng không ai có thể níu kéo được cá trê nên từ đó đường ai nấy đi",,,
"butt heads (v) ~ disputeThanks, teacher.",,,
"Cái giải Nobel hòa bình này sao dễ lấy thế nhỉ, chỉ cần nói suông hay ""truyền cảm hửng"" là có thể được",,,
Nhìn sợ quá...,,,
"Mua xe Vios mới tinh 420 triệu số sàn đi chợ nó lành.với số tiền đó thừa sức mua được bmv,mẹc đời 214,215 đang cần bán đầy trên thị trường xe cũ. mấy dòng này phí sửa rất cao,xăng ăn nhiều,chỉ phí sửa chữa bảo dưỡng lớn,đổi lại đi sướng,ăn toàn,chắc chắn.bạn nên cân nhắc",,,
Thật xót xa!,,,
Mua bh là mình mong muốn mình bị hiểm họa. Nếu các bạn thấy mình bt sao phải mua bb,,,
Ủa sao không thấy tỷ phú nào của Trung Quốc và Nhật Bản nhỉ,,,
Công nghệ tự động quá tuyệt hảo. Việt Nam cũng sẽ như thế.,,,
Mới cách có 1 tuần lại thêm 1 vụ đâm chém nhau của các thanh niên trẻ vì sĩ diện hão nữa rồi,,,
Án quá nhẹ.,,,
"Với 400tr hiện có theo em bác nên chọn Soluto bản MT tiêu chuẩn. Mua về bác lắp các món sau: anten vây cá mập, cốp điện, gập gương điện và Camera hành trình tích hợp camera de (thích lắp thêm cảm biến cũng được). Đừng cố để rồi vay mượn lại mắc nợ. Máy Soluto là Kappa 1.4 chung với Accent (mà accent pác biết doanh số mỗi tháng đều đứng tốp 2) thì động cơ Soluto pác khỏi lăn tăn nhé",,,
"Hai con Rắn không con nào có cơ hội ăn cá Trê hết.Thứ nhất con Rắn trên bị con cá Trê ngậm trong miệng nên không thể nào há mồm ra mà ăn lại cá Trê được, kể cả cá Trê có bị lôi lên cạn thì cá trê vẫn sống rất lâu trên cạn được vì mang cá trê có cấu tạo rất khác với mang những giống cá khác.thứ hai con Rắn bên dưới cắn vào phần đuôi con cá Trê nên không bao giờ nuốt ngược từ đuôi cá lên đầu cá được, nuốt thế thì con Rắn cứ xác định tự nhận cái chết do mình gây ra. ",,,
bán hàng trực tiếp nếu hãng mà ko có thương hiệu mạnh sẽ cực kỳ khó bán,,,
"Cách ly tập trung mà vẫn có trường hợp bỏ trốn , chỉ lo Việt Nam ta không đủ nhân lực để giám sát cách ly. Nhỡ có trường hợp lây nhiễm cộng đồng , rồi các chuyến bay tiếp tục ngưng hoạt động, ta lại phải truy tìm người tiếp xúc, lợi nhuận của hàng không không biết có bù đắp đủ cho chi phí điều trị vs công tác truy tìm cách ly không nữa?",,,
Rất hài hước nhưng lại có thật,,,
Nên kéo dài thời gian cách ly. Không được vội vàng. Bùng một cái là Tết này cả nước lo mà đi chống dịch.,,,
Đây k phải đường Phạm Văn Đồng vì làn đường trong cùng dành cho xe 2 bánh k có 3 làn chỉ có 2 thôi.,,,
"Bởi mới nói bên Mỹ bất cứ cái chi cũng có thể gọi cho cảnh sát được, chắc điện thoại cảnh sát bên ấy reo không ngừng nghỉ ....^^",,,
"Tôi thấy tên gọi có phần sai, nó mượn Cái Vỏ thì sao gọi Ốc Mượn Hồn, phải gọi Ốc Mượn Vỏ chứ, hoặc Cua mượn Vỏ chứ",,,
"ôi ! nhớ lại tuổi thơ củng từng trải qua như này, nhưng tự gỡ ra được.",,,
"Barcelona rút G7 ra khi đá 10 người, M10 làm luôn 2 vị trí TĐ cánh phải và Trung phong ảo. Mặc dù không trực tiếp ghi bàn nhưng 2 bàn sau đều có dấu giày M10. Hơn nữa ở thế 10:11 mà vẫn cầm bóng 60% và tấn công dồn dập thì chỉ có thể là Barcelona với M10 trên hàng công.** Đồng phục sân khách màu đen của Barcelona đẹp quá, hôm nay nhìn cầu thủ nào của Barcelona cũng đẹp như tài tử, phải tìm mua thôi.",,,
Quá ít so với tốc độ phát triển của TPHCM. Cần nhiều công trình hơn nữa mới đáp ứng nhu cầu hiện nay.,,,
nếu TRUMP tái cử thêm thì tôi không còn đánh giá cao nhân dân mỹ nữa...,,,
Nhìn bà thôi. Tôi sợ phát khiếp.,,,
Giời ơi là giời. tại sao lại tồn tại những loại người này trên Trái Đất. Tại sao lại để các con mình khổ nhục ntn hả bà mẹ kia,,,
"Ở chỗ mình họ bán combo 1 túi thịt băm nhỏ, 1 tui nước lèo và 1 bịch chất lỏng màu đỏ. Mua về cho túi thịt ra đĩa dần mỏng sau đó trộn hai túi còn lại vợi nhau rồi đổ vào đĩa thịt băm, để một lúc nó đông lại như thạch có màu đỏ tươi rất đẹp.",,,
"1 vai diễn ấn tượng, 1 nhân vật cá tính, câu nói của nhân vật bà đóng trước khi chết cũng rất chất. RIP và xin cảm ơn vì đã tạo ra 1 Olenna Tyrell tuyệt vời",,,
"tôi nghỉ luật pháp cần thay đổi . Luật chưa đủ sức để bảo vệ trẻ em . Phát hiện có dấu hiệu là phải cách ly liền bé khỏi người bạo hành chứ , cấm tiếp xúc một thời gian hay gì đó . Phải sửa luật làm quyết liệt vào",,,
"1 tỷ gửi ngân hàng phòng thân. 2 tỷ đầu tư đất, đất phải có pháp lý rõ ràng, có tiềm năng gần khu dân cư hoặc khu công nghiệp, ...",,,
"Mua xe cũ thì phải chấp nhận hỏng vặt, bạn phải tìm hiểu hãng nào có sẳn phụ tùng và giá cả vừa phải, tốt nhất là xe lắp ráp hãng nào cũng được. Một phiếu cho civic 2011.",,,
"Ngồi thì như nhau thôiNhưng i10 để đồ rộng hơn, fadil chả chứa được gìMáy thì fadil mạnh hơn i10Đẹp thì i10 hơn do sau đít fadil có miếng nhựa đen to nhìn kém sang",,,
"Bánh hình con vật kia gọi là bánh bao, gọi bánh trung thu nghe ko hiểu nổi",,,
"Xét riêng phần hạt của các loài cây thuộc chi Na ít nhiều đều có chứa những chất chuyển hoá đặc trưng, gọi chung là nhóm acetogenin.Hơn 2/3 các chất thuộc nhóm này đều thể hiện tính kháng sinh nên được ngành dược ứng dụng từ rất lâu. Số ít hợp chất còn lại thì được coi như chất độc do có tính ức chế tế bào trao đổi chất.Chất acetogenin độc đặc trưng trong hạt na có tên annonacin. Độc tính của nó thể hiện qua việc gây thoái hoá tế bào thần kinh, từ đó dẫn đến các cấp độ liệt khác nhau.Ngoài ra hạt na cũng chứa một lượng rất ít aflatocin, chất này khi tích tụ đủ nhiều sẽ thành chất gây ung thư. Vì vậy khi sử dụng hạt na như thuốc cần lưu ý chỉ dùng ngoài da, tránh hấp thụ vào cơ thể.",,,
"Không biết nói gì thêm, quá đau lòng.",,,
Hi vọng cháu sẽ có 1 cuộc sống tốt sau biến cố .,,,
Luật Pháp phải công bằng và nghiêm minh. 16 tuổi dùng ma túy lái xe gây tai nạn chết 2 người mà chỉ 30 tháng tù là nhẹ quá.,,,
"Nên có sự kết nối và sự kế thừa giữa thế hệ tương lai và hiện tại để cùng đưa Barca lên những đỉnh cao mới. Trước đây là Rô vẩu và Messi, giờ là Messi và Fati. Điều này chắc ""người mà ai cũng biết là ai"" sẽ ko bao giờ có. Cứ nhìn MU và Real là có câu trả lời.",,,
Càng tiến càng lùi. Càng nâng cao thì mấy đứa nhỏ học không có thời gian nghỉ.,,,
Giỏi lắm. Rất tuyệt vời. Rất đáng tự hào. Chúc mừng cháu cùng gia đình. Mong cháu tiếp tục phấn đấu để trở thành người thầy thuốc giỏi.,,,
"Họ khó làm giá trên trời thôi, chứ tôi nghĩ cá rẻ thì người mua mới đông.",,,
"Trường hợp này tôi thấy Đi nên được giảm án . Pháp luật đúng nhưng quá cứng nhắc . Một người cầm súng tới nhà mình tìm 2 lần , người này đáng phải chết .",,,
"""Iàm nghệ thuật phải sống với đời, từ đó phả vào nghệ thuật, như thế nghệ thuật mới không giả dối"". Xin nghiêng mình vĩnh biệt ông-một người nghệ sĩ chân chính.",,,
"Hic các nạn nhân này gần nhà mình ngoài quê, trong đó có 1 người hoàn cảnh khó khăn vô cùng, vợ anh vừa mất sau khi sinh con thứ 2, bây giờ anh cũng mất để lại 2 con thơ bơ vơ không ai nương tựa. Ai bảo số khổ trời thương, chứ sao bao tai họa đổ dồn lên 1 gia đình. Cầu mong các nạn nhân siêu thoát về miền cực lạc.",,,
"Có mấy bạn khuyên mua Nissan Sunny. Tôi khuyên là bạn tránh xa Nissan Sunny này ra, một chiếc xe nhanh tã nhất.Hôm trước Vnexpress có review Corolla Atis 2011 cũng đc nhưng nếu hay đi đường đèo thì lấy con Ford Ecosport là hợp lý nhất.",,,
"Dịch vụ này rất hay, nếu chọn được một nhà cung cấp uy tín thì rât tiện lợi cho những người hay đi làm về muộn như gia đình tôi. Cứ thử tưởng tượng 8h đi làm về, cắm nồi cơm 30 phút, thời gian đó cho sẵn thức ăn đã sơ chế vào nấu theo hướng dẫn, khoảng 8h30 có đồ ăn thì quá được. Tôi rất ủng hộ dịch vụ này.",,,
"ở Việt Nam mình cũng có, nhiều con họ gọi là nó tru như thế trong nhà gặp xui.",,,
"Thích xe ko quá chật nhưng lại ngắm fadil ? Còn chiếc nào chật hơn fadil nữa hả bạn. Nhưng công nhận là máy khoẻ, đi thích hơn các xe hạng A khác.Nếu tiêu chí rộng thì bỏ qua fadil.",,,
"Con mình mới sinh 1 tháng mình đã mua BHNT cho nó rồi như bạn là muộn lắm rồi đó. Không ai biết trước ngày mai đâu, nên mua sớm bạn nhé.",,,
Khó thật.,,,
"Quê hương tuổi thơ tôi. Ngày xưa không có máy bơm nước, chỉ có một cái cuốc bàn và cái thau múc nước thế là tát cạn từng ô để bắt cá. Đến lúc mệt quá ko tát nước được nữa thì dùng nơm để chụp mò bắt cá. Giờ thèm lại càm giác này quá!",,,
Ủng hộ Trump tái đắc cử tổng thống. Biden rớt hạng,,,
"ko biết sao chứ nhà mình đóng cho lotterria, kfc nhiều lắm. Joliebee thì hồi sv hay ăn hơn vì gần.",,,
Gửi anti fan: Kiếm ra được ai có đủ 6 quả bóng vàng rồi nói chuyện.,,,
Một tiền vệ tài hoa mà làm thầy một cầu thủ hơn 3 năm mới biết dẫn bóng qua người e là dễ bị ... bật.,,,
"Moura vẫn rất chất lượng, nhường cánh cho Bale bó vào đá hộ công sau lưng Kane và xộc thẳng vào vòng cấm. Tot thiếu một tiền vệ kiểu Modric hoặc chí ít như Erikson.",,,
...bản án tử hình vẩn không diệt được nạn buôn lậu ma túy !,,,
Phục sát đất ông bố tuyệt vời khi nuôi 6 đứa con,,,
Mic vàng có 1 cú hôi pen sau khi Fati kiếm! Cules giải thích này có phải siêu phẩm ko?1 bàn vô thưởng vô phạt,,,
Đường lên đỉnh Úc.,,,
chơi kỳ vậy ? luật phải áp dụng với tất cả mọi người chứ tại sao lại có ngoại lệ là tesla?,,,
"Mình fan Barca, mình ko ấn tượng về cậu bé này. Mình có chút ấn tượng với Anena. Tiền đạo trẻ mình đánh giá Haaland trên Mpape",,,
Quá coi thường pháp luật và càng khinh thường khách hàng...,,,
"Đổi tên đường là đổi cả lô giấy tờ: nhà đất, sổ, cmnd, ... và nhất là cái bảng treo trước nhà lại phải đóng mở ngoặc",,,
"Lạ nhỉ... bay Hà nội - Seoul có từ lâu rồi. Con gái bay từ giữa tháng Tám của Vietnam Airlines 1 tuần 2 chuyến. Ngoài ra còn có Korean Air, Asiana. Hôm đi lên tiễn cháu còn có mấy chuyến đi Campuchia, Lào nữa.Đi Nhật cũng có lâu rồi, mấy người sang bị dương tính đó.Vậy sao bây giờ mới công bố mở lại nhỉ.",,,
Dân bây giờ họ cũng hỗ trợ và giúp các lực lượng công an nhiều lắm. Mong rằng sẽ phá thêm nhiều án ma tuý mang lại bình yên cho toàn dân.,,,
"Giáo viên, kỹ sư, cử nhân các ngành... có cần chứng chỉ hành nghề không nhỉ? Bác sĩ học 6 năm thì cần CCHN, còn nhiều ĐH chỉ mất 4 năm ? Phải chi lương cao hơn cũng cam lòng...Ôi... khó tìm 2 chữ công bằng ??!!",,,
"Thiên nhiên thật kỳ thú, chiến đấu thuận theo tự nhiên! Cái kết có hậu!",,,
Vĩnh biết các bạn,,,
"Chồng mình mà la con gái mình thôi là mình cũng không tha đâu, huống chi cầm roi đánh. Nói nhỏ nhẹ từ từ thuyết phục là con nghe rồi, cần chi phải làm như vậy",,,
"Thấy chưa ?! Đến con chuồn chuồn còn muốn độc thân để hưởng đời mà, ha Phụng Tiên ? :')",,,
"Liverpool chỉ tung đội hình dự bị, toàn cầu thủ trẻ ra sân mà nhìn thông số áp đảo hoàn toàn Ars, haizz, đá cho Ars cả trận được có 2 cú sút trúng đích. Liverpool giờ phải nói là quá mạnh so với phần còn lại, nếu dứt điểm tốt hơn thì đã chiến thắng rồi",,,
"Tôi ở Biên Hòa, từng 2 lần chứng kiến xe bồn chạy ẩu cán chết người! Xem cái clip này xong đã phải buộc miệng chửi thề...",,,
Cách li vĩnh viễn khỏi xã hội bọn này đi,,,
"Sợ quá, đi tù về lại thêm số thêm má, lại chẳng thay đổi được gì",,,
Vua cá sấu đã băng hà!,,,
Dự báo thời tiết trước rồi mà k cho nhân viên cây xanh cưa cắt tàn cây...thấy đường phố toang hoang mà buồn. Công tác ứng phó chưa thật sự nhanh và hiệu quả,,,
"Nhìn hình ảnh các con nằm co ro, có lẽ tự hỏi tại sao các bạn nhỏ khác lại có cha mẹ ở bên, còn mình thì không. Xót quá, thương quá. Mình mà có điều kiện, sẽ đón các con về nuôi",,,
Đọc tên bài thấy vui nên chỉ vào để comment quá tuyệt vời Việt Nam ơi!,,,
"Anh Tuấn là diễn viên mình rất yêu thích kể từ phim ""Người vác tù và hàng tổng""",,,
Ban thân. Thân ai nấy lo,,,
"Đấy, anh vùng vằng ra đi nhưng ở lại vẫn làm hết trách nhiệm nhé. NHM chỉ đòi hỏi vậy thôi",,,
"Có bão thì mới có mưa nhiều, nắng hạn thì còn tệ hơn gấp mấy lần.",,,
K muốn có trộm chó nữa thì làm ơn mọi ng đừng ăn thịt chó nữa.,,,
"Hãy để trung thu là tết trẻ em đi, người lớn đừng tặng quà nhau.",,,
Thật khổ người nông dân. :VN:,,,
"Giới trẻ ngày nay ly hôn nhiều thật, đúng là cái tôi quá lớn nên ko biết nhường nhịn",,,
Thôi xong. Thương hiệu này chắc sẽ không thể tồn tại được nữa rồi.,,,
"Chỉ có Trump mới cứu vãn được kinh tế Mỹ khi dịch bệnh được kiểm soát. Có thể Trump phản ứng chậm về dịch bệnh nhưng chuyện đã xảy ra rồi, quan trọng lúc này là vị Tổng Thống nào có thể vực kinh tế Mỹ khi dịch bệnh được kiểm soát vào năm 2021? Trump có kinh nghiệm hơn Biden trong việc dẫn dắt kinh tế!",,,
"Tôi không hiểu sao Bộ Giáo dục cải tiến, cải lùi mãi mấy chục năm nay chưa xong. Thà rằng bê nguyên sách của Nhật, Hàn Quốc vào mà dạy.",,,
"Thương các em quá, đã mồ côi cha mẹ giờ lại bị nằm viện ko cha hay mẹ chăm lo, an ủi. Cầu mong trời Phật ban phước lành và bình yên đến các em!",,,
"Điều này chứng minh dịch covid-19 vẫn còn đang hoàng hành ở Mỹ, ngay cả bên trong nhà Trắng trung tâm quyền lực của nước Mỹ nay đã trở thành nơi lây nhiễm mới là đủ hiểu.",,,
"Hôm rồi xem phỏng vấn, tui lại sợ ông đi trên mây ấy chứ",,,
Cái đẹp trong mắt của kẻ si tìnhNếu có những người có thể si tình qua âm nhạc thì Binz thắng rồi!,,,
"Kẻ gây án giết người bất thành là tên Thạnh, hắn cố sát nhưng do đạn ko nổ nên chưa thực hiện được hành vi giết người, nạn nhân đã cố bỏ chạy nhưng hắn quyết tâm truy sát đến cùng, trong trường hợp này rõ ràng Đi đang hoảng loạn và thần kinh bị kích động mạnh, phải chờ tên Thạnh nhặt được súng lên rồi mới chém để gọi là tự vệ chính đáng thì có lẽ hôm nay đứng trước vành móng ngựa là tên Thạnh kia, còn cậu Đi này và có thể cả người thân đã xanh cỏ rồi!",,,
"Su thỏ thì ghi bàn và kiếm tạo cho ATM, còn Griezmann thì tàng hình trên sân mà buồn cho BLĐ kém cỏi của Barca, Griezmann nên nhìn Rô mà học hỏi: đến Juve với mục đích là tìm nơi an nhàn hôi cúp, nhưng sau 2 năm ăn hại khiến Juve thụt lùi và lỗ nặng thì lâu lâu Rô phải có một trận đấu lập công bù tội để vơi đi nỗi buồn của CĐV.",,,
 Mong các bé bình phục. Mong sư vững tâm vượt qua thử thách đầy tai ách này!,,,
Quá chán.,,,
So với tên tuổi em ấy thời đó thì 500 triệu 2 tháng vẫn là ít,,,
"Nghe cũng hay, nhưng có vẻ chưa hấp dẫn bằng cuộc đua của nhóc tì trong Star war. Phải có hẻm núi, kẹt đá quanh co, ...xem mới sướng.",,,
Cũng may tôi chỉ ăn món chay mình tự làm ở nhà.,,,
"Thu hồi bằng tốt nghiệp thì rất thiệt thòi cho người học, người học phải gánh chịu cái sai của nhà trường. Liệu có cách gì đảm bảo quyền lợi cho người học đây. Còn nhà trường làm sai thì phải kỷ luật những người có trách nhiệm và bồi hoàn thiệt hại cho người học, kể cả thời gian phải học lại nếu có.",,,
Đệm bóng ghi bàn có được tính là bàn thắng không hả các ông cules,,,
Mấy xe Nhật ko chịu thay đổi tương lai ko xa sẽ vắng bóng tại Việt nam vì thị hiếu và trình độ con người và suy nghĩ người trẻ Việt Nam bây giờ khác ròi. nhất là anh toyota và xe máy Honda bắt đầu ngấm đòn,,,
"Giờ hlv trưởng cũng đồng nữa thì thua ,cho cầu thủ hlv đi bán hết cafe đi thôi mà xuống hạng nhất mà diễn hài",,,
Tưởng Bayern đá lại c1 với barca,,,
Ko đẹp,,,
Tôi đã từng sinh sống ở nước ngoài. Cho nên hiểu được rằng nước ta là nơi có cuộc sống đáng mơ ước với nhiều nước trên thế giới.,,,
Mặt hơi xấu,,,
"Rất nhiều nhà xe trên các tuyến vẫn chưa hoạt động, chứng tỏ họ rất thận trọng, có hoạt động cũng rất ít khách. Nhất là tuyến Huế- Đà nẵng chưa thể hoạt động được.",,,
Lượt đi hồi tháng trước lúc đó đội thua áo màu sọc xanh đỏ thẫm sao lượt về lại mặc áo xanh dương nhỉ? Tỉ số 2 lượt cũng không khác nhau mấy. Có ai biết chỉ giùm tui cái.,,,
Tôi dc nghỉ 3 ngày nhưng phải làm đơn. sau đó về dạy bù. Coi như xong nợ.,,,
"Vài phút tim đã ngừng đập, và chắc là chết; Thế mà các BS vẫn kịp truyền máu cứu được chó. Thật là nhanh chóng và thần kỳ thật.",,,
"Một nụ hôn say đắm, sau những lời đầu tiên.",,,
Mình đang chạy Nissan Sanny XV và đang rất hài lòng. GD đang có nhu cầu lên 7 chỗ,,,
"Ý tưởng rất hay, ủng hộ phương pháp này.",,,
"Tuy rằng quan trọng trong đời sống, nhưng thì tiền của cũng chỉ là vật ngoại thân, khi chết chẳng mang đi được. Có thể đến độ tuổi nào đó, con người ta mới sáng tỏ, được không quá vui, mất chẳng buồn nhiều, suy cho cùng tất cả cũng chỉ là bụi đất mà thôi.",,,
Chúc Tổng thống Trump mau vượt qua sự trở ngại cuối cùng của năm để tái nhiệm.,,,
Lên tivi chưa mà sao người dân các vùng quê chưa nắm ta,,,
"Bạn nên mua bảo hiểm, nhưng hãy tìm người tư vấn viên khác. Vì người hiện tại tư vấn không nói rõ được mất cho khách -> thiếu lương tâm, trách nhiệm.Mèo đã mua bảo hiểm, và tìm hiểu rất kỹ. Ví dụ bạn mua gói 1 năm đóng 20tr, trong 20tr này họ sẽ trừ các loại phí bảo hiểm rủi ro, phí hợp đồng, phí y tế, phí ung thư -> sau cùng mới còn lại 1 khoản được tính lãi suất, trừ 1 hồi còn cỡ 7-8tr gì thôi. Chứ không phải đóng 20tr thì được trả lãi trên 20%.Tổng tiền bảo hiểm được trả lại lũy kế qua các năm sẽ dần tiến tới gần bằng tổng số tiền mà bạn gửi vào. Ví dụ bạn mua gói 12 năm, mỗi năm 20tr -> tổng gửi vào là 240tr => năm thứ 13 đáo hạn thì khi đó mức mà bạn rút được về sẽ gần 240tr. Nếu không rút về mà cứ để đó thì lúc này mới bắt đầu được lãi gần bằng ngân hàng.Mèo mua xong rồi thì cảm thấy rất an tâm, lỡ có tai nạn, ốm đau thì chữa trong số bảo hiểm chi trả. Trong vòng mấy chục năm tới bạn ko thể chắc chắn được là ko bao giờ bệnh.Số tiền chữa bệnh lớn hơn tiền lãi bank nhiều. Lỡ mà tử nạn luôn thì ba mẹ có tiền đi du lịch, ko lo cuộc sống tuổi già.Bạn nên tham khảo thêm vài bên bán bảo hiểm, ai mà nói rõ như Mèo nói ấy thì mới tin được. Chứ toàn nói cái hay, giấu nhẹm các điều khác thì bye bye.",,,
Tuyệt,,,
"Tất nhiên không phải tập tục quy định nào của thời xưa cũng đúng. Mỗi thời mỗi khác ! Tuy nhiên, không phải tự nhiên mà người thời xưa đề cao sự hiếu thuận ( đưa vào cả luật ) và trong quan hệ huyết thống, sự hiếu thuận là sợi dây chính yếu kết nối các thế hệ. Kinh tế thị trường ( trao đi đổi lại ) đi cùng giáo dục nặng về bán kiến thức, coi nhẹ lễ giáo + sách báo tây phương du nhập..đã làm cho không ít người ngộ nhận và lầm lẫn, thèm khát vật chất, mang cả yếu tố trao đổi, sòng phẳng, có đi có lại của thị trường.. vào việc thực hiện nghĩa vụ của mình ?!Trong thừa hưởng tài sản của cha mẹ, tội bất hiếu được hiểu là ""đòi phân chia tài sản ra ở riêng"" hay ""vì tài sản mà tỏ ra thiếu lễ độ""",,,
Tôi cần một bản án thật nghiêm minh nhằm bảo vệ trẻ em khỏi bạo hành.,,,
"Bức tranh vẽ Cô Ngọc Lan không đẹp, không đúng gương mặt của Cô và thần thái của Cô, nhất là đôi mắt, một nữ ca sỹ tài hoa xuất chúng.",,,
Tạo công ăn việc làm thu nhập cao cho họ thì sẽ không còn ai rảnh mà đi đánh bạc cả.,,,
Loài này có nguy cơ cao với loài người. Cần loại bỏ.,,,
"sản xuất cái bật lửa tới tay người tiêu dùng có 1500đ bán lẻ. nghĩa là giá nhà máy là khoảng vài trăm đồng, có làm đc không.",,,
Đánh giá chương trình lớp 1 nặng là chưa xác đáng'. Ngài nói Đúng rồiVì chương trình học không cân được bằng kilo gam,,,
"Nút cát lái như ma trận, đã vậy cầu vượt vừa cua gấp vừa dốc. Xe contener, cái đầu kéo vừa lên đốc đã phải cua gấp nên cái thùng nó vặn cái đầu lật!",,,
Bài nào của anh cũng là hit.vẫn mãi hâm mộ anh,,,
"Nợ thẻ tín dụng là điều xa xỉ ở xứ ta nhưng lại phổ biến ở xứ Tây, được tiêu nợ xả láng khi trong TK chẳng có đồng nào, lý giải tại sao nhiều người Mỹ khốn đốn khi gặp rủi ro dịch bệnh thiên tai vì họ không có thói quen tiết kiệm. Nhưng nghịch lý là chỉ tiêu mới kích cầu phát triển kinh tế, cho nên cái gì cũng có 2 mặt của nó.",,,
"Trời ơi, con này là Threshershark , một loại cá mập đuôi dài cực kỳ quý hiếm. Sao có thể dạt vào sông dc.",,,
Ơ cứ tưởng cậu này chưa vợ cơ. Giờ mới biết đã vợ con và đã ly hôn.,,,
Chỉ có trí tuệ Việt mới làm được điều phi thường như vậy,,,
Có rất nhiều người sống vô tâm . Tội nghiệp chú chim nhỏ,,,
Chúc các con nhanh khoẻ mạnh.,,,
"1 bộ phận Học sinh bây giờ ""học nhiều"" nhưng ""văn hóa ít"" nhỉ. Hay có lẽ việc học còn quá nhẹ nhàng, rảnh rỗi sinh nông nổi, nhàn vi cư bất tiện.",,,
"Gen của chồng mình tốt thật, thằng con mình to lớn vạm vỡ thế này cơ mà. Nó không cần phải tự ti ngoại hình bé hạt tiêu như mình nữa kkkk",,,
cảm giác rờn rợn khi xem là sao nhỉ,,,
Trung Quốc đã phát triển quá nhanh so với phần còn lại của thế giới :o,,,
"Hic, đây là lần đầu tiên được 10 điểm. Liệu có phải là lần cuối cùng",,,
"Xử lí tình huống quá chậm chạp và không dứt khoát của chính quyền. Rồi sau này một vài năm hắn lại ra tù và lại hành hạ con tiếp thôi, đọc mà thương cho cháu quá, có luật nào được từ hoặc cắt quyền làm bố với lão này không? Nếu có thì làm luôn để sau này cháu không còn liên quan gì đến lão ta nữa, có như vậy mới thoát ra được.",,,
Triển khai luôn và ngay.,,,
Tạ ơn Chúa !,,,
có ai hỏi mua đâu mà không giữ lại. phải chi có ai đó bỏ ra 28triệu thì cũng đã nhẹ gánh rồi. kể cũng tội nhưng thôi cũng kệ. ráng kí thêm hợp đồng để năm sau kiếm lại chút tiền trả nợ nhé Bát ca.,,,
Vài thập kỷ nữa thôi thì chiếc máy này sẽ nhỏ gọn như cái đồng hồ,,,
Dân Hàn tiêu dùng không thông tháo. Sao không mua Vios nhỉ?,,,
"Tôi thắc mắc là ví dụ thai chỉ được khoảng 4 tuần, chưa thành hình thì phá thai có sao k nhỉ?",,,
"Quay phim đẹp, chuyên nghiệp!",,,
Người châu âu tôi thấy họ biết dịch mà cũng chẳng thèm đeo khẩu trang .đây là lý do quá nhanh quá nguy hiểm,,,
Chúc mừng Ars. Sau bao nhiêu năm lận đận thì có vẻ như Ars đã tìm được lối đi cho mình. Nhìn Ars chìm sâu mà tôi vẫn thấy nuối tiếc cho một lối đá hoa mỹ. Vẫn mong Ars trở lại để tái lập Big4 ngày xưa. Tôi Fan Liv,,,
"Mới covid xong, giờ đến Bảo, coi như năm nay anh Du Lịch lên bờ xuống ruộng luôn. Khổ chi rứa.",,,
"Haizzz, ngày xưa thích bà xã thời ro vẩu, thời messi chưa xăm mình nuôi râu, lúc đó mới thật sự là một gia đình. Giờ thấy cứ sao sao.",,,
Nhìn cục diện các bảng không có gì đặc biêt. Giải đấu này có lẽ chỉ hấp dẫn khi tới vòng Tứ kết.,,,
Xin chia buá»“n,,,
Thượng tầng của Barca rất buồn cười từ thời ông Bartomeu.,,,
"có thay kloop về thì cũng vậy thôi. khi trình độ cầu thủ chỉ tới đó thôi. những hlv nội cũng chỉ huyấn luyện cho có, trình độ cũng ko hơn cầu thủ là bao..",,,
Barca ngày càng lay lắt.,,,
Theo mình thì hoàn toàn đượcCách chứng minh theo mình là đưa về tọa độ cực (Ở đây mình tự thừa nhận là nếu xét các tam giác có chung chiều cao AM và cạnh đáy BC thì tam giác cân sẽ có tổng 3 đường cao nhỏ nhất; nếu ai có khả năng có thể CM giúp hoặc phản biện lại mình ngộ nhận sai)Cho A(0;b); C(-b/a;0) để đường thẳng AC có phương trình y=ax+b (00.2 và mối liên hệ giữa -a và b (Có thể thay b=0.2+ với là 1 giá trị vô cùng bé tiệm cận 0)S(ABC)=-b^2/a và thay a bằng mối liên hệ giữa a và b vào có thể thấy với b(hay độ dài AM) càng gần 0.2mm; giới hạn cho S(ABC) càng lớn và đến +VC,,,
"Khám phục các bác sĩ , chuyên môn và kinh nghiệm của các bác sĩ đã cứu sống cháu bé , xin cảm ơn .",,,
"Mình thấy có nhiều người ủng hộ Trump lấn át Biden, trong khi Trump đã hết quyền nói. Vậy bạn có ủng hộ bàn thắng được ghi vào sau khi trọng tài đã thổi còi kết thúc trận đúng. Khi vào một cuộc chơi bạn phải chấp nhận luật lệ, nếu không chấp nhận luật lệ thì không cần tham dự trận đấu. Người chiến thắng cao thượng là người lấn át đối phương mà vẫn bảo đảm tuân thủ luật chơi.",,,
Đấy là điều mà không một quốc gia nào làm trên sân nhà được kể cả Nhật hay Mỹ hay Đức. Xe chỉ là phương tiện nhưng nó được mua sử dụng bởi một người có tinh thần dân tộc rất cao.....,,,
Tiểu nhân này nên có biện pháp cách ly xã hội vĩnh viễn.,,,
"Khi nào gọi là bão, khi nào gọi là áp thấp nhiệt đớii, có ai giải thích giùm tui không ??? cám ơn",,,
"Hack não hơn cả Inception. Đúng là phim của Nolan tốn tiền vé quá, bỡi phải xem lại nhiều lần.",,,
"Nghịch dại và thiếu kiến thức cộng đồng cũng như các kỹ năng mềm.Đào tạo, giáo dục phải từ những điều như thế này.",,,
"Biết đâu đó là điều hay cho ông, tỉ lệ bị rồi sẽ có kháng thể ( tức là khó bị lại), nếu điều trị tốt sau vài tuần ông có thể thoải mái hơn trong việc tiếp xúc cử tri mà ko e dè bị nhiễm, bị nhiễm lúc bầu cử chính thức mới căng",,,
"Lỗi do người lớn bất cẩn, mong các cháu yên nghỉ!",,,
"Rất may là bị công an bắt, chứ để dân hay có thể sẽ có chuyện không vui cho người dân và bọn này.",,,
Câu này có đáp án khác là: 1Trong 4 ô thì cộng 2 số cột đầu và nhân 2 số cột 210 + 5 = 3 x 5 = 158 + 4 = 3 x 4 = 129 + 1 = 10 x 1 = 108 + 2 = 1 x 10 = 108 + 10 = 2 x 9 = 18,,,
Năm này khởi đầu cũng toàn màu đen,,,
"Mấy ông lạc quan quá, U70 đấy, người già mắc Covid rất nguy hiểm. Phải đợi 10 ngày nữa.",,,
"thực sự mới biết Binz khoảng 1 năm qua ""thôi anh không chơi đâu"" rất thật, chất & 18+, nhưng gần đây bất ngờ nhất lại là bài "" sao cũng được"" ngược nhau hoàn toàn , chắc chắn đốn ngã hàng nghìn chị em. mấy hôm nay trên youtube, Binz lên top suốt, rất xứng đáng cho một rapper điềm đạm, biết mình.",,,
"Chọn lựa giữa hai xe thì tôi khuyên nên chọn i10 nhé. So với Morning thì nó đẹp hơn, rộng rãi hơn, bền bỉ hơn. Tuy nhiên, tôi khuyên thật lòng là với số tiền ấy bác nên vay thêm ngân hàng hoặc mua trả góp con Accent, chứ mua xe cũ hên xui lắm.",,,
Nhìn hình hai ông không biết ai nhiều tuổi hơn nhỉ...,,,
Đánh giá chương trình lớp 1 quá nặng quả thật là chưa đúng. Phải nói quá phản khoa học thì đúng hơn,,,
"Những năm 2000 thì a Đan trường ,và Lam trường ,là một trong những người tạo hit của năm đó ,từ những ca khúc đến mái tóc, trang phục ,giờ nghe lại vẫn thấy hay ,lời hát ngân nga, ít ai có dc",,,
Tiếc là cái miệng hại cái danh !,,,
"BDS là nơi cất tiền an toàn nhất rồi bạn, nhất là BDS khu dân cư ở TP. Giá ko tụt nổi đâu và kiểu gì cũng tăng do lạm phát, nhưng yên tâm tầm nhìn 10 năm thì chuyện tăng là vẫn ổn. Còn nếu bạn đầu tư mà kiếm lời lâu dài thì mình khuyên bạn thật lòng là thử tìm hiểu BDS Phú Mỹ (Bà Rịa - VT). Giá còn rẻ đầu tư, tiềm năng lớn. Chúc bạn thành công",,,
Phê quá.... Hải cẩu nói lần cuối cùng.,,,
"Đây là 2 con quỷ chứ không phải người. Cơ mà quỷ cũng không hút máu con ,cháu ruột của mình thì phải",,,
Đọc xong mà chỉ hiểu dc có 7 8 phần. Đúng là kiến thức về vũ trụ bao la quá.,,,
"sao không thấy ở quê ngập nhỉ? phải chăng đô thị hóa không đồng bộ , nước mưa xuống không có chỗ ngấm bê tông hóa toàn bộ mặt đất thì mưa nước đi về đâu trong khi cống thoát nước quá nhỏ và bị nghẹt",,,
Chỉ ghét Suzuki phụ tùng quá đắt. Xe bền tiết kiệm nhiên liệu giá rẻ nhưng khi đi sửa thì ôi thôi,,,
Làm sao cá rời khỏi mặt nước 30 phút mà còn sống được?,,,
"Ơ 2-1 chứ không phải 2-8 à, đây có phải là BM không.",,,
Tất cả đều nằm trong...tầm thước ngắm của CA HS phòng chống ma tuý...thì có chạy lên trời cũng bị kéo xuống nhập kho!?,,,
"Đồng cảm với họ. nhưng sao họ ko tìm một công việc tốt hơn nhỉ??? trên ấy thiếu gì việc, các cty, xí nghiệp, bảo vệ, làm hồ..,chẳng hạn.",,,
"đừng mua đất hà nội lúc này,đợi năm sau nó đắt gấp 2 hay gấp 3 thì mua",,,
Một việc làm nhân văn,,,
"Chỉ khổ dân nghèo, nhất là người ngoại tỉnh bám trụ lại thành phố, không biết đi làm bao năm mới đủ tiền mua 1 căn hộ nhỏ bé với lương 7-8 triệu / tháng? Thuê nhà thì không ổn định",,,
"Mỗi lần nghe lại, bao nhiêu kỷ niệm thời đó ùa về, nhớ lắm luôn...Trong lòng nao nao rất khó tả.",,,
"Bộ phận Tai, Mũi, Họng là các bộ phận nhạy cảm nhất trong dịch Covid này. Thật khổ cho nhân viên y tế lẫn bệnh nhân!",,,
"Bia SG doanh số bán hàng giảm ,thương hiệu thua nhiều hãng bia khác trong chục năm nay cũng vì những thành phần này.",,,
"Quan điểm của tôi là không ra hạn. Giá đang áp dụng là quá cao, chấp nhận giá đó sẽ là ảnh hưởng đến người tiêu dùng.",,,
"Thấy nhập cảnh về nhiễm bệnh ầm ầm, làm ơn cách ly đủ 14 ngày, không thôi lơ là thì trong nước sẽ nhiễm bệnh tùm lum đó",,,
Ngày càng có nhiều kiểu bạo hành của cha mẹ ruột . Nên hay không các con sau khi cha mẹ ly hôn luật pháp cho phép ở với ông bà ( Nội hoặc ngoại ) ngoài cha hoặc mẹ nếu các con đồng ý,,,
Thế mới tưởng tượng được tình trạng học hành hiện nay đối với sức khoẻ của xã hội. Trước tiên phải học làm người đã nhé,,,
Xe cháy mà mâm bánh xe vỡ vụng như gỗ thì biết chất lượng như thế nào rồi khỏi quảng cáo.,,,
"Thực chất số ca nhiễm của các nước phải được đánh giá so với tỷ lệ dân số xem mức độ lây nhiễm cộng đồng, để đánh giá công tác phòng bệnh. còn tử vong so với số người nhiễm, để đánh giá công tác điều trị bệnh của y học nước đó.",,,
TQ sản xuất công nhận giá rẻ thật. Khó mà cạnh tranh lại.,,,
"Độc thân vui tính, tự do thì làm gì cũng được. Không ai cấm! ^^",,,
Khô hạn đã lâu rồi. Bão tới lo mừng lẫn lộn.,,,
Một là chương trình quá nặng. Hai là giáo viên chưa được tập huấn kỹ và chưa nhuần nhuyễn giáo trình nên truyền tải kiến thức đến học sinh chưa tốt dẫn đến tình trạng học sinh và phụ huynh quá tải. Đề nghị bộ GD xem xét lại ngay để có điều chỉnh kịp thời.,,,
Nếu là nữ nên chọn xe hạng A đi trong thành phố nhỏ tiết kiệm phù hợp đi lại ngõ ngách! Vote i10,,,
"Nhìn không ra Minh Tuyết luôn, MT bị gì vậy ta?",,,
Cách đây hơn một năm ở xã tôi cũng có một người ngang bướng nói cây gì cũng ăn được và đi hái lá cây hoa chuông này về nấu canh ăn được vài giờ là phải đi cấp cứu gấp .,,,
Đọc tới giã cào là thấy viễn cảnh ảm đạm cho tài nguyên hải sản,,,
Hy vọng nhanh đến ngày Vinfast nội địa hóa 80% và phủ bóng toàn thị trường VN,,,
City cho ngầu,,,
Quan trọng là chất lượng bia ai ngon hơn? Tôi thấy saigon sabeco giờ đánh mất thị trường qua. ,,,
"20 mùa xuân e vẫn tưởng Kha Vạn Cân, Trần Khát Chân, Tông Đản, Dương Tự Quán là tên chuẩn nhất r ^_^",,,
Cái này mà gọi bánh trung thu?! Giờ thật giả đủ kiểu marketing để bán. Bánh trung thu phải là bánh nướng truyền thống,,,
Hãy dồn phiếu cho TT Trump . Xin cám ơn,,,
Tôi không hiểu có những loại người sinh con để làm gì?,,,
"T rất thích xem những Hoa hậu làm từ thiện,t thấy H'hen niê thật dân giã,đúng chuẩn hoa hậu đẹp từ người tới nết.",,,
"20 năm mới lên dc gần 1k, thị trường còn phải 2 3 năm mới dc nâng hạng, thì thực tế nó là chậm chứ ko phải rẻ.",,,
Tuổi này chưa thật sự cần thiết để đầu tư như vậy,,,
"Koeman phủ đầu trước sau đó tổ chức & vận hành đội bóng theo ý của mình, sau 2 chiến thắng mĩ mãn vừa rồi càng thể hiện được cái uy & năng lực của ông trước các cầu thủ Barca! Tạo niềm tin & hi vọng cho các cầu thủ! Khởi đầu trọn vẹn!",,,
"Thật đau lòng. Có lẽ một em bị chới với do hụt chân, hoảng sợ kêu cứu, các em khác vội lao vào và kết chùm với nhau.Từ vụ tai nạn vô cùng thương tâm này, cùng với vô số vụ trẻ em bị đuối nước trước đây, thiết nghĩ, cấp chính quyền nên tạo điều kiện, bậc làm cha mẹ nên định hướng cho trẻ nhỏ tập bơi ngay từ khi trẻ tập đi.Không chỉ vùng thôn quê có nguy cơ đuối nước ao, hồ, sông, suối.., ngay cả đô thành cũng có nguy cơ khi trời mưa nước ngập tứ bề.",,,
Ông Trump sẽ tung đòn phản công nước rút vì đó là sở trường của Ông Trump.,,,
"Cứ đề xuất cấm xe máy, cho đi xe đạp thì ách tắc giao thông còn hơn nhiều, vì tốc độ xe đạp rất chậm.",,,
"Không thấy sự ăn năn hối lỗi, triệu tập không có mặt. Đề nghị có tình tiết tăng nặng",,,
"Có nghĩa là đưa một vệ tinh lên ghép nối với vệ tinh đang cần được ""cứu"" trên quỹ đạo, sử dụng động cơ của vệ này kéo vệ tinh kia về đúng quỹ đạo hoặc là điều chỉnh vệ tinh đó đi theo quỹ đạo mong muốn để tiếp tục hoạt động.",,,
"Tôi không đồng ý hành vi giao cấu. Mấy cháu nó nhỏ và nó rất sợ ép nó bằng vũ lực hoặc về tinh thần mới thực hiện được, phải là tội hiếp dâm nhiều lần.",,,
Tôi thấy cuộc tranh luận rất hay biden nhắc đến covid tại sao để lan tỏa đỗ cho trump nhưng chính trump là người đã ngăn các chuyến bay còn lúc đó biden và pelosi là người chống ngăn các chuyến bay có vẻ biden đuối lý hơn còn 2 đợt tranh luận nữa xem biden tấu hài như thế nào nữa,,,
"Không nên, sự ỷ lại điện thoại quá nguy hiểm, Học sinh bây giờ tính nhẩm thua xa ngày xưa, động cái gì không biết là tra google, rời điện thoại là như người mất hồn. Thực sự không biết sẽ đọng lại trong đầu cái gì. Điện thoại có thể tăng lên kiến thức xã hội nhưng chắc chắn không tăng thêm kiến thức và tư duy trong việc học tập. Mà học sinh không cần thiết tăng lên kiến thức xã hội, cái cần là kiến thức ngấm vào máu của học sinh.Mấu chốt là bất bình đẳng trong giáo dục, rất nhiều học sinh không thể trang bị smart phone để học tập trong khi bố mẹ họ vẫn đang dùng cục gạch",,,
Nhìn trên phim Hàn ngoài đường đâu đâu cũng Hyundai,,,
"Quá đúng, là giáo viên trong trường thì phải có trách nhiệm bảo vệ TRẺ EM ĐẾN CÙNG TRONG MỌI TRƯỜNG HỢP. Những cô giáo này đã chứng tỏ KHÔNG ĐỦ NĂNG LỰC VÀ PHẨM CHẤT CỦA NGƯỜI GIÁO VIÊN (đặc biệt là trong trường mầm non).... MẸ CỦA EM Ở TRƯỜNGLÀ CÔ GIÁO MẾN THƯƠNG ... ",,,
Dân tình bây giờ đã bắt đầu thờ ơ rồi! Chả ai chịu đeo khẩu trang nơi công cộng nữa! Đề nghị kích hoạt lại chế tài phạt 300k nếu không đeo khẩu trang ra đường,,,
"Là người cha của hai đứa con, con gái thứ hai của tôi cũng đang trong giai đoạn tiêm chủng, thực sự mỗi lần đi tiêm là tôi lo lắng, bất an vô cùng. Tội nghiệp cháu bé, xin được đồng cảm với gia đình cháu.",,,
"Chó nhà em không cắn đâu nha, mà nó đứng lên rồi đấm luôn!",,,
Bác lại tranh thủ nghỉ ngơi rồi. Thật cao tay quá đi,,,
Chắc do mình lạc hậu nhưng thú thực là không thấy đẹp chỗ nào cả xD,,,
Cầu mong ông Biden âm tính. Không mấy người ủng hộ Trump lại nói đeo khẩu trang có ích gì.,,,
"Thương con, chia buồn với GĐ. Khám nghiệm pháp y và đưa kết luận cuối cùng để các GĐ không hoang mang",,,
Khi đêm mới nằm mơ thấy bảo đi vào tỉnh Quảng Bình.mong sao đó không phải là sự thật.,,,
Nên rào chắn các nơi ao hồ đề phòng trẻ em.,,,
Kết đẹp cho cuộc tình tay 3,,,
"Nghe cái tin Joe Biden dc đề cử noben hòa bình, và nhân vật có ảnh hưởng nhất năm tôi cười đau bụng luôn đó",,,
"Có tiền đó xong rồi làm gì. Còn đâu đội bóng hùng mạnh ajax làm điên đảo châu âu. Real, Ac, bayern, Ajax từng là tứ trụ của châu âu nay chỉ còn real, bayer giữ đc phong độ",,,
Mọi người cho mình hỏi nếu nhận thư (email) từ ngân hàng đòi nợ thì có khiếu kiện họ được không? Có được bồi thường danh dự không?.,,,
Trước mê mẩn cô ca sĩ này. Đúng thời gian trôi nhanh,,,
Duy trì được số ngày không ca lây nhiễm công đồng lúc này là vô cùng quan trọng. Các nước căn cứ vào thành quả này để mở cửa với Việt Nam !,,,
Mr. Đàm vẫn đẹp trai và độ hót vẫn không hề giảm,,,
Sarri nói đầy bất lực và cay đắng: Juve là đội không thể huấn luyện. Vậy đủ hiểu!,,,
Đề nghị các cấp chức năng xem xét lại bản án.,,,
Bài viết phân tích hay,,,
Tội nghiệp các em nhỏ Châu Phi,,,
"Đẹp,sắc sảo,thông minh!",,,
"Thượng đế đang thử thách ông , ông nhất định sẽ vượt qua kiếp nạn, và ông sẽ tái đắc cử, nước Mỹ đang chờ ông đắc cử để tiếp tục hành trình nước Mỹ sẽ vĩ đại trở lại .Cầu chúc ông sớm bình phục .",,,
"Hai cha con tôi rất thích ""Ròm"", luôn mong được xem film. Chúc đạo diễn và film gặt hái được nhiều thành công.",,,
Đổi tên sẽ kéo theo thay đổi giấy tờ cá nhân và cơ sở kinh doanh tốn tiền và tốn công vô cùng,,,
Nói thật chứ điểm sàn ĐH y thấp chả có ý nghĩa gì cả.,,,
Ứng với câu ''lưỡng đầu thọ địch'',,,
"Đập tràn đã có từ lâu, dân địa phương mà không tuân thủ thì biết trách ai bây giờ",,,
Tuổi thơ ùa về hồi nhỏ tui bị quài luôn .Nhà chị em tôi toàn là con gái mỗi lần bị dị là cả nhà cười toét miệng còn tôi thì đau thấu trời,,,
còn mấy nước nữa thôi là bít bản đồ thế giới rồi,,,
"Xem đá bóng từ thời Maradona còn đá. Nếu cầu thủ lành lặn hoàn toàn, đỉnh cao phong độ, được đá hết khả năng trong một trận cụ thể (không tính cả mùa) thì mình xếp như sau: 1/ Ronaldo Lima (kĩ thuật cá nhân siêu đẳng, chịu áp lực cực giỏi, luôn toả sáng rực rỡ ở những trận cầu đinh WC 2002, 98 là ví dụ điển hình, riêng năm 98 chung kết bị động kinh không tính, các trận trước thì đá quá hay) , 2/ Maradona (kĩ thuật siêu đẳng, lãnh đạo giỏi, truyền cảm hứng giỏi, tài năng ở Napoly và WC nói lên tất cả, Pele không chấm vì mình ko tận mắt xem ông đá, nhưng người Brazil coi Garrincha hơn ông, vả lại kỷ lục ghi hơn ngàn bàn thắng thuộc giải Brazil không bằng Châu Âu nên không liệt kê Pele vào). 3/ Messi kĩ thuật siêu đẳng, ghi bàn cũng xuất sắc trong Ronaldo chạy nhanh, kĩ năng chọn vị trí ghi bàn xuất sắc mình cho đồng hạng, 4/ Ronaldinho. Còn lại là các anh tài khác. Riêng Ronaldo Lima mình chỉ nói thẳng là anh đá trong thời kì Serie A còn đỉnh cao. Đặc biệt là lối đá Catenacio chém đinh chặt sắt, phòng ngự đổ bê tông. Thời kỳ Ronaldo Lima đá là thời kỳ ngôi sao phòng ngự hằng hà sa số, đẳng cấp cao hơn bây giờ rất nhiều: Maldini, Nesta, Cannavaro,....còn nếu bạn vẫn nói Messi kĩ thuật hơn Ronaldo Lima thì mình mời bạn tìm kiếm clip Mesi đối đầu với ông lão Nesta và clip Ronaldo hành hạ Nesta với Maldini thế nào sẽ biết được ai hơn ai. Xin lỗi nói thẳng. Nếu ko chấn thương cực nặng, Ronaldo Lima là số 1. cầu thủ duy nhất ko có antifan.",,,
Cháy rừng hậu quả thật thảm khốc đối với tự nhiên. có thực sự do biến đổi khí hậu hay do ý thức tồi của một vài cá nhân?,,,
"Bale là cầu thủ tạm được về chuyên môn, nhưng nhân cách thì bằng không",,,
Hình học không gian + đại số + hàm số chỉ được học trong các lớp đại học tại Mỹ. Toán 12 Việt Nam cover nhiều loại khó có tính chuyên sâu nhưng không cần thiết cho bậc phổ thông. Còn sâu cỡ nào và học sinh học được tới đâu lại là chuyện khác.,,,
"Neuer vẫn luôn quá xuất sắc, xứng đáng thủ môn số 1 thế giới!",,,
Mấy trăm triệu dân mà có hàng nghìn người ủng hộ thì hơi ít nhỉ,,,
Tôi nghĩ để tránh hỏng vặt thì nên chọn xe càng ít vặt. Càng ít điện tử ứng dụng thì sẽ càng ít hỏng.,,,
Tôi đang không hiểu tại sao quán 3 này vẫn có thể hoạt động được là sao ta !,,,
"Không thể tưởng tượng được, những kẻ này cứ như là ma đói ma khát. Thế này thì còn ai dám du lịch nơi đây nữa chứ.",,,
"Quê tôi gọi là con ốc chân, cái tên rất đúng với con này",,,
"Tôi là một người cũng đã gặp trường hợp phụ huynh tương tự như vậy. Cháu bé ngồi bàn đầu, ngay cạnh cửa ra vào, phụ huynh bước vào xách tai cháu học sinh, tôi đang đứng trên bục giảng chỉ kịp lao xuống, giữ tay anh ta lại và quát lên: ""Anh không được động vào học sinh của tôi dù cháu bé có bất kì lỗi gì. Mời anh lên văn phòng để giải quyết, anh là người lớn, không làm thế với cháu bé được, anh bỏ tay ra"".Thấy thái độ của tôi vừa cương quyết nên anh ta buông cháu bé ra. Rất may, anh ta kịp thời nhận ra lỗi của mình, sau khi lên văn phòng thì xin lỗi cô giáo. Đối với những phụ huynh này thì cô giáo phải thật sự tỏ thái độ bảo vệ học sinh họ sẽ thấy được cái sai của mình.",,,
Như thế ai còn hứng thú đầu tư vô VN nữa?,,,
Lý do rất đơn giản là cầm đèn chạy trước ô tô và có rất nhiều rủi do .,,,
"Phải vậy chứ. CLB có HLV trưởng phải có tôn ti trật tự, và mọi người phải tôn trọng điều đó. Chứ ai như cái rạp xiếc, ông nào nhanh tay, cướp được mic thì ông đó làm HLV trưởng. Còn ông mang danh HLV trưởng thì lại bị biến thành gã hề. Có đội bóng nào mà cầu thủ vừa đá vừa chỉ tay năm ngón như HLV cả mùa không. Có, đó là gánh xiếc phường chèo mang tên 28",,,
"Nhìn từ vũ trụ vào trái đất cái gì cũng nhỏ nhỏ, mà cái nhỏ của vũ trụ là rất lớn trên trái đất, xem video vụ nổ mới thấy khủng khiếp.",,,
Cảm ơn chương tình đã mang đến cho khán giả nhiều cung bậc cảm xúc khi đấu giá những vật phẩm đặc biệt cũng như khi mời được những danh ca hàng đầu của Việt Nam ở hải ngoại hội tụ lại trên sân khấu ca nhạc này! Triệu đoá hoa hồng trong tâm dành tặng cho tất cả những công sức đóng góp của mọi người trong 4 đêm diễn.,,,
Quảng Trị quê tôi!Năm xưa bom đạn xới cày.Ngày nay bão quấy xóm làng tan hoang,,,
"không thể đem về Mỹ vì giá nhân công cao , giá mặt bằng thuê cao , luật lệ nghiêm minh , bảo hiểm nhán viên , bảo hiểm nhà xưởng cao , bảo hiểm thất nghiệp phải đóng cho nhân viên một phần , lương cao phù hợp với điều kiện sống hiện tại , ví dụ như ở san jose california , lương một năm 45000 là thuộc hàng thu nhập thấp kém , mướn một căn nhà 3 phòng hiện tại là trên 3500/tháng , mướn một phòng ở chung nhà chỉ đủ để cái giường là 600 hay 800/ tháng tùy chổ ....v....v thử hỏi khi đem hàng về sản xuất ở Mỹ thì giá sẽ là bao nhiêu cho một sản phẩm ?",,,
Nên rút để mua đất,,,
Loại cầu xoay này ở Halan tôi từng chứng kiến và không chỉ 1 cái.họ thường mở đường cho tàu đường sông đi qua.,,,
Diễn viên xiếc siêu đẳng tiềm năng ! Nhưng ngoài ngành xiếc ra liệu trong tương lai bé có ứng dụng được những kỹ năng này trong cuộc chiến việc làm ? Tôi cho là rất hạn chế .,,,
Không biết là sau này 2 ông ấy có là những người bạn hay không,,,
thôi bỏ cái ý định mở cửa đón khách quốc tế đi,,,
"Khi đấm người khác, tay bạn cũng sẽ đau :-D",,,
Joe Biden dù có không là Tổng thống nhưng ông ấy vẫn cho thấy sự già dơ và đẳng cấp hơn Trump.,,,
"Nhìn Bảo Thanh bị già quá, trang điểm quá đậm. Chắc do lỗi ánh sáng",,,
"Trúc Nhi, Diệu Nhi đang tập đứng, phát ngôn ""pa pa, meo meo"", đúng là phát triển như các bé bình thường. Tuyệt vời, cảm ơn các bác sĩ, đã mang lại tương lai cho hai bé.",,,
Các bác muốn chỉ đạo thế nào cũng được cần phải:- giảm tải và tránh gây áp lực cho học sinh;- Không cần phải học thêm quá nhiều như hiện nay.,,,
"Nói đúng hơn không phải Hyundai, Kia làm được điều đó mà chính người dân Hàn Quốc đã làm rất tốt điều đó .30 năm trước khi ôtô Hàn Quốc còn thô kệch, ọp ẹp thì người dân Hàn Quốc đã cố gắng làm điều đó rồi. Thật sự rất cảm phục tinh thần dân tộc của họ.",,,
cột điện dễ gãy quá,,,
"vừa xấu vừa ác, súc vật Bé còn loạn luân với hai cháu. Tha thiết mong bản án cao nhất đối với hai con thú này, đồng thời giúp các bé có cuộc sống an toàn hơn. Cũng rất mong luật pháp sẽ theo dõi những hoạt động chăn dắt để tránh những tình cảnh đáng tiếc. Trẻ em cần được bảo vệ trên mọi phương diện thể xác cũng như tinh thần.",,,
quan trọng nhất là nó được tẩm polymer vậy khi bỏ nó ngoài thiên nhiên bao lâu nó phân hủy hoàn toàn mới là điều đáng quan tâm,,,
Bất động sản không phải là sự lựa chọn duy nhất,,,
"Ghê thiệt chứ, nhưng mà nguyên nhân sao chú này lại ăn quá nhiều cam thảo như vậy, một lời cảnh báo mong rằng các nhà sản xuất nên cân nhắc khi cho chất cam thảo này trong thực phẩm!",,,
"ai có 2 tỷ thà gửi tk được 10tr/tháng rồi lấy tiền đó đi thuê nhà ở, chừng nào đủ mua nhà đất thì mua, chứ mua chung cư làm gì, xài 2 năm thành nhà cũ chẳng ai muốn mua.",,,
Làm kiểu ảnh rồi thả luôn ..!,,,
Tôi không hiểu sao lại để vậy.,,,
"Seltos tôi chưa thử, không dám comment gì. Về dáng dấp, Seltos là xe 5 chỗ gầm cao trông khá ngầu, trẻ trung, hiện đại.Nếu để chạy dịch vụ thì bạn nên mua Suzuki XL7, dáng xe cũng khá đẹp mà lại là 7 chỗ.Tôi đã chạy thử XL7, thấy rất ổn định, dễ điều khiển. Mới chỉ chạy thử nên ko đánh giá xăng dầu... gì được. Về option, XL7 có quá đủ những cái cần dùng. Giá xe XL7 cũng thấp hơn khá nhiều so với Sentos bản đủ.(589tr vs 719tr). Ngoài ra XL7 chở được 7 người, bạn có thể có nhiều lựa chọn khách hàng hơn.Nếu tập trung vào chạy dịch vụ, bạn thử cân nhắc thêm Ertiga 2020 bản số sàn GL - anh em song sinh với XL7. Giá có 499tr - quá hợp lý cho chi phí đầu tư.Về độ bền của Suzuki, bạn tôi đã từng chạy Suzuki Vitara gần 8 năm phượt khắp nơi - xe cực bền, ổn định, chỉ thay dầu máy định kỳ và thay lốp xe khi mòn.",,,
"Vua thua cùn ở chỗ đó, cùn mà còn có quyền lực nữa thì chẳng ai đấu được.",,,
Khổ nhục kế thành công!,,,
"Ủng hộ phương án 2, nên làm cao tốc mới hoàn toàn, vừa gần các thành phố, quản lộ phụng hiệp dùng làm đường dân sinh là hợp lý.",,,
"Thật sự k thấy Binz hay ở chỗ nào hoặc cá nhân mình thấy thế. Rap cứ giật giật,k rõ lời nghe rất khó chịu",,,
"Xin thưa là chương trình quá nặng so với các cháu lớp 1. Đi học cả ngày về rồi mà tối vẫn phải kèm học hơn 2 tiếng ạ. Còn đâu thời gian cho các cháu chơi,... Con chúng tôi không phải là thiên tài...",,,
"Tội nghiệp chim sâu, không chỉ mất con ruột mà còn mất cả chồng (nghi con cái ngoại tình với tây). Loài tu hú này thì ở quê có đầy, mùa hè là chim non nở kêu inh ỏi suốt ngày.",,,
"Manh động thật. Nên án nặng nhất, xử lý kịch khung. Chứ ko lại con tôi ở nhà ngoan lắm rồi do bia rượu...",,,
"Thật là may, sau 1h bão đã suy yếu, bà con bớt khổ nhiều!",,,
"đừng nghe xui dại mua kia morning xe thì bé chạy còn tốn xăng , vote attrage",,,
"cứ con nào nhiều option, giá ngon, nhiều ưu đãi thì cưới về thôi",,,
"Ôi, trường mình cũng có trong danh sách",,,
Trump sẽ đắc cử lần 2 thôi,,,
Đúng là côn đồ! Giờ ra đường e chỉ biết câm nín dạ vâng! Các chú giờ ghê lắm.,,,
"chọn phương án 2, xong xây thêm cao tốc phía đông Mỹ Tho - Bến Tre -Trà Vinh - Sóc Trăng - Bạc Liêu",,,
"Mong manh một kiếp người, mong con sớm đầu thai kíp khác ông trời sẽ bù đắp cho con.",,,
Con i10 chạy ngoài đường đẹp hơn con fadil rất nhiều. Quan điểm riêng của e,,,
Mấy kiểu này chỉ thích hợp với một số người. Không thích hợp với nhiều người trong đó có tôi.,,,
"Đúng như ông Thứ Trưởng đã nói :""Chỉ cần để lọt bệnh nhân Covid-19 sẽ khiến hệ thống khám chữa bệnh bị tê liệt"". Nhiệm vụ phòng dịch ở các bệnh viện vô cùng quan trọng, vì môi trường bệnh viện rất dễ cho việc bị lây nhiễm chéo.Nhưng trong thực tế, đúng là có những bệnh viện lơ là việc này (do người đứng đầu, nếu quan tâm thì được thực hiện tốt; còn không, mọi việc sẽ bị hời hợt ngay). Trong thời kỳ dịch Cobid-19 đã bắt đầu bùng phát đợt 2, tôi có đến một BV cỡ lớn ở Hà Nội. Ngoài cổng có trạm kiểm soát để đo nhiệt độ, phun sát khuẩn tay. Nhưng khi tôi đi qua, không ai hỏi (lúc đó chỉ có mình tôi). Vào khu vực khám, tôi cũng không phải khai báo dịch tễ. BV có một bảng viết nhỏ thông báo ai bị ho, sốt, tự giác đến khám tại một phòng riêng đã được BV quy định. Tóm lại, công việc kiểm tra, kiểm soát dịch bệnh đã không được thực hiện một cách nghiêm ngặt.",,,
Kẻ cắp gặp bà già có lắp camera,,,
67 nhìn mặt như 97 và sức thì hơn 27,,,
Loại côn đồ này chắc phải nâng mức án cao nhất dành cho chúng ! Xã hội không yên người dân lo sợ .,,,
Ba người đi xe máy dừng chờ đèn thật phúc lớn. Còn tên lái xe bồn coi mạng người như cỏ rác luồn lách để vượt đèn đỏ. Cần xử lý hình sự trường hợp này. Ra đường giờ sợ quá.,,,
Hát nghe khá mệt. H đã come out hỉ?,,,
"Messi tịt ngòi thì ko đúng, ko có Messi thì Barca chỉ có 1 bàn thôi",,,
"Xe oto có giá trị lớn, và sử dụng hằng ngày, bạn nên tìm hiểu kỹ, tham khảo nhiều xe trước khi mua.Nếu nhà chỉ có 1 xe thì nên chọn cái xe nó rộng rãi 1 chút để cả nhà cùng sử dụng. Kona hàng ghế sau quá chật. Xe xấu hay đẹp, nhìn lâu cũng quen. Mạnh hay yếu, chạy phố cũng sêm sêm nhau. Nhưng ngồi cái xe chật chội bí bức thì ko thể quen được. Thứ nữa là độ tin cậy khi đi đường dài. Trước giờ Toyota làm rất tốt cả 2 việc này, nhưng vừa rồi lại dính phốt bơm xăng với xe sản xuất trong nước, bản nhập thì ko biết.Với khả năng tài chính ngang ngang Kona, bạn nên tham khảo thêm Corolla Cross bản G, nữ thì lấy màu trắng, nội thất đỏ rất đẹp, rộng rãi cho cả nhà, nhưng phải đặt tháng 12 mới có xe. Xe nhập khẩu, ko được hỗ trợ 50% trước bạ, nhưng chất lượng khác hoàn toàn.",,,
"Hoan hô chính quyền huyện côn đảo đã giữ lại mảng xanh, hy vọng sẽ là mãi mãi",,,
ủng hộ anh,,,
bỏ qua 2 xe đó đi mua toyota cross là tối ưu nhé,,,
Kẹt khóa là đau ko có gì tả dc@@,,,
Bất chấp tất cả . Heyzza,,,
"Đọc mà hồi hộp đến khó thở, thật may mắn cho bé Bình An, mong con luôn bình an trên cuộc đời này",,,
"nhà em chạy sò đây, chỗ em họ chạy xe này cũng nhiều, nói chung sedan hạng B nó cũng tương tự nhau thôi",,,
Fan bóng đá coi là thưởng thức và tận hưởng đam mê chứ đâu toàn cmt hơn thua. Buồn thực sự :(,,,
"Mình thấy cậu bé này có dáng dấp của báo đen E'to hơn. Thật khó để Fati kế tục Messi nếu không muốn nói là không thể. Kỹ năng và tư duy chơi bóng của Messi vẫn đẳng cấp hơn nhiều. Tuy vậy, khi nhìn Fati thi đấu mình lại hồi tưởng về quãng thời gian M10 mang số áo 19 ra mắt đội 1 và tung hoành ngang dọc làm cả thế giới túc cầu mắt chữ A miệng chữ Ô. Tôi đã yêu M10 kể từ đó.",,,
Kiệt tác ! Sao lâu rôi bây giờ mới được giới thiệu ? Mong sao ngành VHTTDL quan tâm sử dụng hiệu quả lâu dài !,,,
Đây mới gọi là bò húc nè. Đầy uy lực!,,,
"Ngày xưa Trung Thu ý nghĩa với trẻ thơ, giờ đây Trung Thu ý nghĩa với người lớn!",,,
"Giờ 36t rồi em vẫn nghe a Bo ạ, kể cả khi tập gym, những bài hát của a cũng là 1 phần lớn giúp em có được tình yêu đầu bằng chính giọng hát của mình",,,
Đêm nay Mỹ sẽ cán mốc 500000 người nhiễm,,,
"Một con người đáng kính, ông tuy phản đối đánh Mỹ nhưng vẫn dốc hết sức để phục vụ tổ quốc cho đến phút cuối cùng.",,,
Lật capo con suloto lên thật kinh hồn . Bản ful mà lòi 4 cái buzi ra . Không lớp cách nhiệt . Không cả nắp máy thật là kinh khủng,,,
Người thường sao tập được bài này?,,,
Trời ơi!không biết nói gì hơn!tội nghiệp các cháu!ngày đầu đi học!,,,
cám ơn bác sĩ người chiến sĩ của dân,,,
"Có mỗi chuyến bay mà số người nhiễm như vậy, thế giới còn phức tạp quá, tôi cảm thấy tự hào về đất nước VN mình. Cầu chúc cho tất cả vượt qua dịch bệnh.",,,
Học một chuyên ngành khoa học kỹ thuật hoàn toàn bằng ngoại ngữ thì mới khó. Chứ chỉ học ngôn ngữ là bình thường.,,,
"Có nhé. trong một tam giác cân tù ABC, thì 2 đường cao BG=CI < 2*AH (Khi góc A tiệm cận tới 180 độ thì 2 đường cao BG=CI 2AH (chứng minh theo tam giác đồng dạng). Vậy khi đó tổng 3 đường cao 5AH <=1mm nên AH <= 0.2mm. Vậy ta có tam giác cân tù ABC tại A có chiều cao AH <=0.2mm là thỏa mãn đề bài nhé.",,,
"vấn đề đặt ra hàng đầu của giới kinh doanh là lợi nhuận và thuận tiện thôi. Nếu 1 nước thu hút đầu tư tốt hay muốn kéo các cty lớn ở nước ngoài về nước mình thì phải có chiến lược và chính sách ưu đãi hấp dẫn,thì tự động họ sẽ đổ tiền vào thôi.Còn không thì cứ nhìn người ta mà thèm thuồng đi nhé.",,,
Những dịch vụ kiểu như thế này và các dịch vụ ship đồ ăn làm cho lượng rác thải nilon càng ngày càng nhiều. Một lần mình đặt mà phát hoảng vì lượng nilon thải ra. Từ đó đến nay không một lần đặt lại.,,,
Arsenal thua nhưng hlv tâm phục khẩu phục không giống như siêu tướng quân lèm bèm,,,
"Nhân sinh như mộng, năm tháng vô tình. Trong cuộc sống, đôi khi con người ta đã vô tình đẩy mình vào hoàn cảnh cô đơn.",,,
"Tình hình bất lợi cho Tổng thống thật đấy, tôi vẫn tin Tổng thống Trump cuối cùng cũng chiến thắng.",,,
"Đáng trân trọng, lịch sử của ý chí gan dạ và anh hùng vì dân tộc . Chúc anh và gia đình nhiều sức khỏe.",,,
"Cũng không thay đổi nhiều lắm, 20 năm như vậy là thay đổi rất ít. Phim này xem vài lần rồi vẫn không chán. Thật sinh động và hài hước.",,,
Đây mới là kiểu gừng càng già càng cay. Thảo nào đi với em kém cả 30 chục tuổi mà vẫn được bình luận là đẹp đôi. Ngưỡng mộ quá.,,,
"mừng vì đã hơn hai tuần chúng ta không có thêm ca lâu nhiễm cộng đồng. nhưng mong mọi người đừng chủ quan, hãy tiếp tục thực hiện nghiêm túc những khuyến cáo của bộ y tế.",,,
Mua sớm có lợi hơn. Chậm 1 phút hối hận 1 đời,,,
"Nên xử 2 người này sao cho thoả đáng. Nếu các bé là con tôi, Tôi sẽ hành hạ chúng gấp ngàn lần chúng hành hạ các bé.",,,
"Mình rất ngưỡng mộ bạn này. Mình chưa thi IELTS, chỉ giao tiếp xoàng, ngữ pháp lẫn lộn hết, thật là buồn quá đi.",,,
Tuyệt vời quá Việt nam ơi...Chúng ta quyết chung tay giữ thành quả này,,,
Đúng là tường đất made in China chất lượng kém thật. Mới 600 năm mà đã đổ tan tành hết cả.,,,
"Lo ngại nhất nhất là khi mua nóng qua đi, mùa đông và mùa xuân trở lại mà thế giới chưa dập được dịch hoặc chưa phát minh ra thuốc phòng chống và điều trị thì e rằng dịch lại tái bùng phát mạnh trở lại.",,,
Xưa xem phim TVB mấy tay anh chị là hay cầm cái cục điện thoại này lắm nè,,,
Đừng lo cho nước Mỹ. Để sức lo cho mình đi,,,
Mọi đứa trẻ khi sinh ra đều là 1 thiên thần và cháu cũng vậy !Điều hạnh phúc nhất là cháu có 1 người bố tuyệt vờiCon chú tuy có vẻ may mắn hơn cháu nhưng con trai của chú lại không có được 1 người bố tuyệt vời như cháu.Cháu sẽ thành công! Chú tin chắc như thế.,,,
Bạn làm đơn ra tòa họ sẽ giải quyết cho bạn.,,,
"Hay quá Barca. Khi không cần dồn 82% bóng qua chân Si, Barca đá thanh thoát hẳn, thoát dớp hoà - thua từ 2015 dù chỉ có 10 người. Khi chỉ còn 28% bóng qua chân, Si tịt ngòi. Ai lên whoscored xem giúp Si được bôi mầu gì với",,,
"Tầm đấy mua con Vios xe lướt 2017-2018 là ok nhất, khoang rộng, chỗ ngồi cũng thoải mái cho gia đình 4-5 người! Đi 10 năm nữa ko phải suy nghĩ.",,,
"Nó cũng cần để sống, cần vui chơi, con người cũng vậy tại sao phải đối xử động vật tàn nhẫn như thế chứ???",,,
"Mua bảo hiểm nhân thọ là để vừa bảo vệ cho mình vừa thể hiện trách nhiệm với người thân. Bạn là 1 người giỏi với tuổi này đã có thể để dành được số tiền không nhỏ 500tr, thế nên mình nghĩ 1tr/ tháng đối với bạn không vấn đề gì. Mọi người tham gia BHNT vì rủi ro không đợi chờ ai, nó không chỉ đến với người đã có gia đình. Nếu mình may mắn ko rủi ro thì số tiền hoàn lại cũng tương đương lãi suất ngân hàng, nếu ko may thì cha mẹ cũng chỉ lo chăm sóc cho mình còn tài chính cty bảo hiểm đã lo. Chúc bạn có sự lựa chọn đúng !Thân.",,,
Khổ lắm rồi Bão ơi..,,,
"Nói thực lòng, cứ nhìn vào cái ba lô đựng sách vở đi học của học trò thì biết ngay chương trình nặng hay nhẹ thôi chứ cần gì phải chờ thông tin ở cơ sở báo lên. Cứ còn cái cảnh một cuốn sách giáo khoa lại kèm theo một cuốn để học tốt môn đó thì làm sao nhẹ tải được. Cứ đến các hiệu sách mà xem, đã có cuốn Ngữ văn lớp... thì lại có cuốn để học tốt Ngữ văn lớp... Đã có cuốn Toán lớp... thì y như rằng có cuốn để học tốt môn Toán lớp... Môn nào cũng thế thì học trò bơi trong biển kiến thức là phải thôi.",,,
"Quá côn đồ.. coi thường pháp luật, coi thường mạng sống người khác. Mong pháp luật sử thật nghiêm.",,,
Đau lòng quá thương các con quá...,,,
Qua bài này cho thấy câu nói : Sinh nghề tử nghiệp là có thật,,,
"Mình đang thắc mắc là có đơn tố giác tội phạm, có bằng chứng cụ thể, rõ ràng mà sao cơ quan công an không khởi tố vụ án, khởi tố bị can nhỉ. Ai rành luật giải thích giúp với!",,,
"gọi X là cạnh hình vuông, xếp 7 hình vuông liên tiếp theo đường chéo hồ; ta có phương trình: 8X = độ dài đường chéo hồ chữ nhậtX = 3,883--> chu vi: 2* (7X +X) = 62,1289---> diện tích: X * 7X = 105,5469",,,
"Tiếc thương bác vô cùng , tôi rất thích bộ phim A phủ .",,,
"Dồn rủi ro vào người khác, người đi học mất thời gian & tiền, bên nào bù đắp cho họ ?",,,
"không biết tôi đọc cái gì nữa đây , mong phạt mạnh tay những đối tượng này",,,
"Với mình nghe từ những ngày đầu anh Trường bắt đầu ca hát, từ Kiếp ve sầu, Kiếp rong buồn.... thì có lẽ đến 70% các bài đều tạo hit. Giờ lớn đủ thứ phải lo nên ko có thời gian nghe nhạc 3-4 năm nay, ko rõ những bài a ra tiếp theo có đc như xưa nữa ko. Với mình thì gắn bó nhất là Mãi mãi một tình yêu, nhờ nó mà mình tán cô nào cũng đổ vì hát giống Đan Trường ️",,,
"Tôi cũng từng mua qua mạng một sản phẩm từ Hồng Kông, so với quảng cáo thì chất lượng thực tể thấp hơn nhiều.Vợ tôi từng nói rằng '' nhìn tận mắt ,bắt tận tay còn chẳng ăn ai chứ nhìn qua mạng nó ảo lắm ông ơi'' giờ thì tôi tin đó là sự thật. Sẽ không bao giờ mua hàng qua mạng từ đây.",,,
Sống ảo quá sẽ có lúc rất khó chấp nhận hiện thực.,,,
"Gọi 3 cạnh tam giác lần lượt là a,b,c và 3 đường cao tương ứng là x,y,zTa có 2a.x < a.(b+c); 2b.y a+b+c < 2 (x+y+z) hay a + b +c <2Ta có (a-b)^2 + (b-c)^2 + (c-a)^2 0 nên (a+b+c)^2 3 (ab + bc + ca) hay ab + bc + ca < 4/3 tương đương với S<4/9 nên diện tích tam giác không thể lớn hơn diện tích trái đất.",,,
"Xem đáp án câu 1 là thôi, khỏi giải câu 2-3-4.Có thánh nào giải được câu 1 không, mời lên bục nhận giải?",,,
"Ông hvl mới đang cố mang 1 tiền đạo đẳng cấp top thế giới về chơi vị trí tiền vệ kiến tạo để tạo sự khác biệt thay vì kiếm 1 vị trí tiền vệ trung tâm đầy sáng tạo như xavi hay iniesta, thứ mà barca đang thiếu. Ong có thanh kiếm sắc trong tay nhưng lại dùng nó để làm công cụ gọt dũa lưỡi gươm khác. Thì ông vừa làm cùn 1 đi 1 món binh khí thuộc hạng tốt nhất trong hành trang của ông rồi.Kiếm 1 ông tiền vệ trung tâm và 1 thủ lĩnh hàng thủ, vẫn phát huy GM cho nước hậu mùa sau nhưng cần duy trì lợi thế có trong tay 1 sát thủ M10 hay M82 mà các thánh đùa đang gọi.",,,
"Covid xâm nhập nhưng có phát bệnh ngay đâu, phải ủ bệnh một thời gian thì xét nghiệm mới dương tính. Bác này vẫn cần được theo dõi chặt chẽ, hôm nọ tranh luận tùm um với nhau còn gì (cả bác dẫn chương trình nữa).",,,
"""...Có xa nhau xin đừng là tàn tro.""",,,
"Tội cho thằng cháu trai,mong là đó chỉ là sự nghe theo lời người đàn bà này nhất thời,chứ không sẽ khó mà thành người tốt được,tham lam thì làm xấu một mình nghĩ sao dẫn dắt cho đứa cháu!",,,
"Các con mới đi học được 3 ngày, mới bước qua kỳ khai giảng cấp 1 đầu tiên của cuộc đời.",,,
"Nhóm nhạc trẻ tuổi nhưng tài cao, không chỉ phủ sống khắp châu Á mà còn cả thế giới.",,,
"Thực sự khuyên mọi người ăn chay cứ ăn rau, củ, quả, nấm, các loại đậu... chứ không nên ăn mấy món được chế biến có tên như đồ mặn.",,,
"Có 200 triệu rồi thì nên mua trả góp 1 chiếc xe tốt mà dùng, 4 chỗ hay 7 chỗ tùy bạn thích. Vì bạn không thể ngày nào cũng đi nên hợp tác với dịch vụ cho thuê xe, 1 tháng chỉ cần cho thuê 6 đến 8 ngày là bạn đủ trả góp cho chiếc xe rồi. Đi 22 ngày còn lại bạn đi đâu thì tùy mà khỏi tốn tiền xăng vì lấy tiền cho thuê xe sẽ đủ tiền xăng",,,
"Vượt đèn đỏ, chạy lấn làn xe máy. Nên thu hồi giấy phép lái xe và phạt mút khung.",,,
"Tôi thấy bây giờ các trường học tổ chức học cho các cháu rất nhiều, chính khoá, phụ đạo, và lách dạy thêm bằng cách mở các trung tâm. Có dịp tôi về quê gặp lại thầy cũ, thầy có ý là các trường trên phố bây giờ gv thường kéo dài ND học để dạy thêm, học bù thay vì dạy truyền tải đủ như SGK. Dẫn tới tình trạng hs học nhiều, triền miên nhưng thời gian tự học, dọn dẹp sinh hoạt thì rất ít!Mtruong giao dục đang phát triển theo hướng thương mại, thay vì thực hiện đúng nguyên tắc vốn có trước đây!",,,
"Ứng cử viên Biden lại thêm cơ hội chiến thắng rồi. Là người đứng đầu đất nước, được bảo vệ nghiêm ngặt vậy mà còn bị thì cử tri có quyền lo lắng lớn. Nhưng nếu Trump có thể bình phục sớm thì đây có thể là cú hích lớn cho Trump. ",,,
Quá nguy hiểm.cần thắt chặt lại quy trình quy định mở thẻ tín dụng và thủ tục cho vay.,,,
cây táo này mà còn sống chắc cả tỷ usd!,,,
"Tội nghiệp quá.Thiết nghĩ cha mẹ nên dạy trẻ bơi. Ko có bể bơi thì tập bơi ao hoặc suối cũng đc.Rất nhiều trẻ bị chết đuối dù trong ao hồ ( nước tĩnh )Mình đang ở Chau âu, lớp dạy bơi nhận trẻ từ 3 tuổi. Con mình 4 tuổi đã biết bơi. Thực sự trẻ ko biết bơi thì nguy hiểm dồn dập.",,,
"lãi suất tiết kiệm đã quá thấp, rút ra đầu tư đất hay nhà cho thuê là rất hợp lý lúc này.",,,
"thực sự ít khi bình luận trên trang báo yêu thích này, nhưng hôm nay vẩn muốn vào đây conmentcám ơn đạo diễn cùng ekip đã cống hiến hết sức mình cho một tác phẩm điện ảnh, dù chưa biết những công sức đó có được ghi nhận hay không nhưng các anh đã cháy hết mình cho nghệ thuật. thật sự quá cảm động. mong các anh luôn dồi dào sức khỏe để tiếp tục có những sản phẩm chất lượng như thế này.",,,
"Thủ tục ngày càng dễ thì rủi ro ngày càng nhiều, lừa đảo cũng từ đó mà phát sinh. Nên tốt hết mỗi người hãy tự bảo vệ giữ gìn thật tốt các giấy tờ tùy thân.Đối với khách hàng, phải làm theo đúng nguyên tắc, quy trình của ngân hàng. Đừng vì phiền toái mà làm khó nv ngân hàng, bắt họ phải linh hoạt này kia. Để rồi đến 1 ngày nhận được sự phiền toái thật sự vì sự linh hoạt ấy.",,,
Dường như điều này người TQ đã tính ra rồi.,,,
"cụm từ rất hay, cảm ơn thầy!",,,
"Dưới bàn tay xuất sắc của họa sĩ đã thể hiện hình ảnh các nhân vật trong tranh y như thật, quá tuyệt vời. Xin trân trọng.",,,
"3 tỷ mà tất tay thì rủi ro lắm, để 1 tỷ phòng thân nhé",,,
Hay vì muốn có tiền mà không lao động...tòa án mỹ buộc đối tượng phải lao động không công...chuỗi ngày đó sẽ thấm sâu vào suy nghĩ của những kẻ muốn có tiền...hay,,,
Mong Hoài Lâm trở lại! Bác sĩ tâm lý có thể giúp em ấy lấy lại tự tin mà bước ra ánh sáng không nhỉ? Thương em và vợ con em quá!,,,
Không được đẹp lắm,,,
"A drag: Nói về một cái gì rất là tẻ nhạt, và nhàm chán.Main drag: Nói về một phố hay con đường có một không hai.Drag queen: Những anh chàng thích mặc đồ trai giả gái khi đi trình diễn văn nghệ vui chơi.Để nói lên tâm trạng tẻ nhạt, và nhàm chán này. Mình muốn giới thiệu đến các bạn bài nhạc rất là hay có tên là: WHAT A DRAG! của Nathaniel Rateliff. Once again, thank you cô Moon Nguyen rất nhiều. Enjoy everyone.",,,
"Cả hai xe đều không hợp để chạy dịch vụ, hai xe này dùng để đi gia đình mà. Nên chọn số sàn tiết kiệm xăng hơn.",,,
Xe lắp ráp trong nước làm gì có mấy hệ thống này đâu,,,
Thực sự tôi đang rất cố gắng hiểu mục đích thật sự của những nỗ lực thúc đẩy cho học sinh dùng điện thoại TRONG GIỜ HỌC là gì?,,,
Cứ như cái bẫy cài trên đường...,,,
yên tâm đi các Cules bảo vệ anh ghê lắ,,,
Thật sự quá lãng phí!!!,,,
Quản lý nhập cảnh đầu vàoBình yên sẽ đến ta nào lo âuNgười đến dù ở nơi đâuKiểm soát chặt chẽ tuyến đầu vững tâm !,,,
"Thay tướng đổi vận. Cũng đúng thôi Thua SLNA cũng không có gì ghê gớm lắm. Nên nhớ V5 V-League, đương kim vô địch V-League Hà Nội FC đã nhận thất bại 0-1 ngay lần sinh nhật thứ 14 trên sân Hàng Đẫy trước SLNA.",,,
Trách nhiệm thuộc về ai.?,,,
"Người Nhật, Hàn, Trung tính dân tộc của họ rất cao, họ thường mua sắm xe nội địa để thúc đẩy kinh tế nước nhà",,,
Hoan hô chiến sĩ giỏi giangTả sung hữu đột phạm toang thật rồi !,,,
Những người thích ăn ngọt cũng nói chuyện rất ngọt ngào dễ mến tốt tính.,,,
Cứ đà này thì Ấn Độ vượt Mỹ sớm rồi,,,
"Đã từng bay Airbus A380 với Singapore Airlines, Qantas, Emirates...phải nói là cảm giác thật khó tả. To, chỗ ngồi rộng rãi và đầy đủ tiện nghi, cất hạ cánh êm ái. Thực sự là vua bầu trời.",,,
"Nhạc của Sơn Tùng là nhạc mang tính vui nhộn nhảy nhót theo âm nhạc là chính, đây ca khúc hơi hương nhạc vàng lại trữ tình cảm xúc",,,
Hóa ra nuôi con tu hú và nuôi con cúc cu như nhau,,,
Nhìn số 8 mà giật cả mình ...,,,
"Năm nào cũng vậy mưa là vùng ở bệnh viện Hóc Môn ngập, sao không đào những hầm ngầm để chứa nước trong bệnh viện",,,
"Ái chà chà G7, cu tý...gánh tạ giỏi ghê. Đi bộ thống kê mà vẫn có chiếc cúp danh giá nhất thế giới rồi đây kha kha kha.",,,
"Ủa rồi, ông vua tứ kết năm nay có thể bị loại ở vòng bảng hả các bác :'(",,,
Vào trường này học cũng được vinh hạnh lắm đó. Một thời oanh liệt của tui.,,,
Tất cả cùng tiết kiệm cuối cùng là giảm phát kéo theo thất nghiệp và lại tiết kiệm và lại giảm phát.......,,,
Đang hóng để xem chung kết và rồi nhận được thông báo ngày 20/9 cúp điện. Ác quá mà......,,,
"1 số lựa chọn khác cho bác: Hoda Civic, hẳn thích phân khúc D thì Optima hoặc Camry nhé :)",,,
MU năm nay chắc chắn không thể nằm trong top 4. Fan thì nhiều nhưng không xứng đáng chút nào. Toàn ăn may,,,
Khả năng chỉ còn vài con thôi . Hy vọng bạn ý được bình yên !,,,
"Nếu hs không học trước khi vào lớp 1 thì có theo nổi trương trình mới không? Tại sao lại lấy mục tiêu các cháu lớp 1 phải biết đọc sớm, biết viết sớm để học các môn khác? đừng đánh cắp tuổi thơ của các cháu.",,,
"Không ca nhiễm mới, thật tuyệt vời. Chúc mừng Việt nam.",,,
"Không một ai có thể bắt chước được thần thái, động tác của cô ấy, cũng như dáng váy tung bay như hai cánh của thiên thần. Sau này có nhiều minh tinh bắt chước, thế nhưng trông rất buồn cười.",,,
"Có con, gia đình bạn thêm đủ đầy và tình yêu của 2 bạn thêm nhiều ý nghĩa. Chúc gia đình nhỏ có hạnh phúc thật to. Rất ngưỡng mộ tình yêu của 2 bạn.",,,
"Chưa xem phim bạn này đóng, nhưng xem mấy tấm hình trên vài bài báo thì thấy rất thiện cảm, bạn này có đôi mắt như biết nói. Mong bạn an nghỉ.",,,
"Không có Bão cũng thảm hoạ hạn hán ,,không nước , nhưng Bão không mạnh quá là được",,,
"Khách hàng sẽ mua được xe với giá tốt, nhưng khi gặp sự cố hay bảo dưỡng mà hệ thống của hãng ít thì khách hàng lại thiệt.",,,
Trời ơi đau lòng quá!,,,
Ôi ngày bé mê cô này cực kỳ,,,
"Altis 2011, Mazda 3 2013 là hai sự lựa chọn cho bạn với tiêu chí bền bỉ, chi phí sử dụng thấp... Còn lại không nên ham hố các dòng khác.",,,
"Gia đình chúng tôi mua và ở chung cư cả gần chục năm nay mà không có sổ đỏ, nó giống như đi ở nhà thuê vậy.Không trách chủ đầu tư được vì họ đa hoàn thành trách nhiệm với chúng tôi rồi. Nên chúng tôi tha thiết hy vọng cơ quan chức năng sớm thực hiện việc hoàn tất thủ tục và cấp sổ cho dân.",,,
"Cái thứ hành hạ, ngược đãi trẻ em mà vào trại thì thôi rồi, mà còn lại giao câu voi trẻ em nữa chuyen này lanh ít du nhiều nhé yêu râu xanh",,,
Giá bán quá cao,,,
"HAGL buộc phải thắng TPHCM nếu họ muốn tự quyết định số phận của mình. Nếu họ chỉ có 1 điểm và với hiệu số không tốt (-2) thì họ hoàn toàn có thể bị Đà Nẵng (+4), Hà Tĩnh (+1) hay thậm chí là SLNA (-4) vượt qua. Thế nên bầu Đức thay tướng lúc này là hợp lý. Người ta hay nói ""thay tướng đổi vận"" nên sau khi thay tướng, có thắng trận gặp TPHCM cũng không ai xì xào.TPHCM đang có tâm lý cực kì hưng phấn sau khi thắng Nam Định 5-1 nhưng mình nghĩ trận này HAGL sẽ có điểm, thậm chí là một chiến thắng tưng bừng để chắc suất vào top8.Nhiều người cứ nghĩ HAGL chỉ ""đá cho vui"" như ông bầu tuyên bố. Nhưng chỉ ""đá cho vui thì mua tiền đạo, hậu vệ ngoại như Rimario, Walsh, Kelly, Memovic... (dù biết các cầu thủ này sẽ làm cho các cầu thủ nội của lò HAGL ngồi ghế dự bị, không được thi đấu) hoặc thay HLV liên tục để làm gì vậy nhỉ?Bài báo có một đoạn rất hay thể hiện sự thay đổi lớn trong cách chơi của HAGL mùa này: ""Đến nay, HAGL mới ghi 12 bàn nhưng vẫn kiếm được bốn chiến thắng và năm trận hòa, cùng ba trận thua. Những con số này cho thấy họ đã thực dụng hơn rất nhiều chứ không phải ""đá đẹp, thua cũng được"". Để ý con số thống kê năm nay HAGL ghi số bàn thắng ít thứ 5, số thẻ vàng đứng thứ 7 trong 14 đội VL. Cho thấy họ đã chú trọng vào sự thực dụng hơn mọi năm trước chứ không phải mác ""đá đẹp, thua cũng sướng"". như mọi năm.Cũng hi vọng bầu Đức tính đúng, chứ sau mùa 2020 lại để cầu thủ viết stt ""Dành cả thanh xuân để trụ hạng"" hay ""Về Bình Dương là có huy chương"" cũng thấy tồi tội.",,,
Hàng giả tự dán mác bây giờ bán tràn lan trên mạng face. Thật sự nguy hiểm nếu k hiểu biết và tìm hiểu kỹ các mặt hàng. ,,,
Sao idol ko bỏ tiền ra mua về để dành C1 trời,,,
"Chia sẽ rất thực tế của Andy Cole, ngay cả tôi trước cũng rất hay xem MU đá, giờ thì xem cũng được mà không xem cũng chẳng sao. MU giờ đá nhạt lắm, nhạt từ chiến thuật đến tinh thần rồi Ed à.",,,
Vừa muốn đẹp vừa muốn rộng rãi thì 1 phiếu cho Xpander :D. Xpander vẫn ngon hơn XL7 về tính năng. Chưa nói tới bảo hành - bảo dưỡng Suzuki rất tệ. Mua về chỉ hối hận thôi. Còn thích gầm cao hẳn có thể chọn Xpander Cross,,,
"Các anh Đình Văn, Kim Tử Long, Minh Thuận, Nhật Hào, Lam Trường và Đan Trường là những ca sĩ đã ghi dấu ấn đậm sâu vào tâm trí của người yêu nhạc.",,,
"M10 lại có 1 ""danh hiệu"" To Đùng.ghê thật",,,
"Trên đời này sao lại có người bố tàn ác như vậy. Cố gắng lên cháu, mười năm sau cháu sẽ tự hiểu.",,,
i10 không lòng vòng nhé chủ tus. Fadil tìm hiểu kĩ chẳng được cái nết gì đâu ...,,,
"ngay chỗ tôi cổng khu công nghiệp lớn nhất tại Bình Dương giá khoảng 2,5 tỷ 5m*30m thổ cư 100% đường rộng 32m. nếu mua phải chọn như vậy sẽ ko bao giờ lỗ. nếu để lâu dài thì thêm hơn 100tr làm cái nhà cấp 4 nhỏ cho thuê ngon luôn.",,,
Có vẻ đẹp nhưng hơi...nhăn nhở .Bình thường có lẽ hay hơn khi lên sân khấu .,,,
"Sao tôi thấy đi làm thủ tục như gửi tiền, rút tiền, làm lại thẻ phải cung cấp các loại giấy tờ. Nói chung 1 quy trình rất chặt chẽ sao lại có chuyện người này lấy thông tin của kẻ khác làm được.",,,
"Nhìn cái danh sách này fan Toy thùng tôn thèm khát lắm đây, toàn xe chất mà thùng tôn không có cửa cũng phải",,,
CHÚC ĐẠI GIA ĐÌNH EM VÂN LUÔN VUI KHỎE NHIỀU THÀNH CÔNG,,,
Trump là một vị tổng thống cực kỳ bảo thủ,,,
"Tôi vẫn ấn tượng với hình ảnh, hành động của ông Donald Trump, chúc ông sớm mạnh khỏe để tiếp tục lãnh đạo nước Mỹ thêm 4 năm nữa!",,,
"Thăm dò toàn thiên vị Biden, kết quả bỏ phiếu sẽ ngược lại y như năm 2016 thôi.",,,
"Một trong nhưng nam diễn viên điện ảnh mà tôi yêu thích nhất. Nhớ mãi vai diễn trong bộ phim ""Speed"" với diễn viên Sandra Bullock",,,
"Không phải Bale xương thủy tinh hay chấn thương mà là vì gánh cục Tạ18 lên nhận cúp C1 4 lần trong các trận CK thôi, còn kẻ được gánh trên lưng có phải tranh chấp bóng đâu như Rô thì lấy gì mà chấn thương chứ.",,,
"Anti toàn lôi cái kq 8-2 ra nói nhưng mà kiểu ""Cáo mượn oai hùm"" Barca thua thì cũng thua Bayern chứ Si đối đầu trực tiếp với CR7 toàn vả sấp mặt 3-0, 5-2 vs 5-0 thì lấp liếm chẳng dám nói ra. Mà đi khóc thuê thì tuyệt đối k phải hành động của người quân tử.",,,
"Nên mua bạn nhé. Để bảo vệ sức khỏe bạn trong 34 bệnh lý nghiêm trọng và có khoản tích lũy sau này khi về hưu..Khi nào có gia đình, mang thai thì mua gói bảo hiểm cho mẹ bầu , khi sanh xong thì chuyển đổi cho bé được nha bạn.. Dù gia đình có điều kiện thì càng nên mua , vì sau này không ai biết trước thế nào.. Nên lo cho tương lai mình nhé",,,
2 kẻ này phải xử lý mạnh. Thật căm phẫn,,,
Đậu Văn Cường giờ giống thằng sida hơn à,,,
Coronavirus is manmade,,,
🥰🥰🥰,,,
Cắt cho trẻ trâu bớt thui mà 😂😂😂,,,
Sao t gửi đc bây,,,
Thuong wa di,,,
Bamtp chạy ngay ddi:)),,,
Thật chán với chế độ quản lý dân sinh,,,
Sống chậm lại các mày ?,,,
Nhậu cái đm chúng mày lũ chó hại dân hại nước,,,
chuẩn,,,
Cảnh sát chính tả comingg nè :)),,,
Ý thức còn ít hơn cả số tiền trong túi t,,,
"Lương tháng 7,8 củ thui ak con trai, nhưng bố vẫn ăn tạm cua hoàng đế để sống wa ngày thôi con trai ak",,,
chị Hôm nay đẹp quá,,,
xxx video 🔞,,,
Người ta bị lường gạt 1tỷ mấy còn êm ru mà đằng này hơn trăm triệu thôi mà la um xùm hà,,,
Cuối cùng anh đã trở lại. Em tưởng anh biến mất luôn cho em mừng 🙂 thiệt là tình( nội dung mang tính giải trí. Ko có ý anti hay ghét ai),,,
Ai là cảm tình diên like,,,
Cai miệng nói không sợ bị hậu quả,,,
Nguoi mien trung nhu e chi ngoi xem cac bac chui nhau thoi :)),,,
Chúc abe 20-10 vui vẻ,,,
B52 If J97,,,
"Duy Khương bên nó ai bị hoặc nghi bị thì tự cách ly tự điểu trị nhé, nó còn không cho xét nghiệm cơ, chỉ khi nào bạn chết thì nó mới khám nghiệm để kết luận có do virus hay không, ở ngoài đường mà đeo khẩu trang bọn Anh nó còn đấm vào mặt cho chứ ở đó mà điều trị",,,
Xin video với bro 😄,,,
Ôi vãi a quang :v,,,
Giúp e làm đẹp với . E ko có điều kiện. Ko có khả năg nhưg thấy có người đẹp e rất thích,,,
Mấy thằng già làm bộ trưởng này nọ mà đầu óc thua cả 1 bác nông dân,,,
Mình không quan tâm cô đơn cho lắm,,,
Maruko Linh,,,
BaVi :)),,,
Chú Bòn em chặt chứ ko ăn nha =))))))),,,
Nguyễn Trọng Thái người ta nói bạn đợi nhưng bạn có biết bạn đang đợi cái lone gì không. Hay là đợi thiệp hồng,,,
Huy Hoàng =)),,,
Dần dần thấy jack mất hay,,,
Trước khi cắm lên đầu em 4 cái sừng nó cũng bảo y như thế :((((,,,
Cận thận nhà ae,,,
xin ạ,,,
"có một sự tồn tại của đàn bò mang tên "" cực kỳ thuyết phục "", có sở thích là nhai đi nhai lại, mục đích của chúng trên hành tinh này vẫn chưa có lời giải đáp, theo như các nhà động vật học cho biết loài bò này có lối sống hoang dâm trụy lạc, có thể động dục bất cứ lúc nào, con số của loài này đang được gia tăng đáng kể.",,,
Chị chữi là chị cứu nhân độ thế🤣🤣,,,
Dao chặt không đứt kkkkk🤣🤣🤣🤣🤣🤣,,,
Đồng Nhung máy bay phalcon 10 tỷ belike :,,,
Hoàng Anh từ tư 😁,,,
thêm một người bị cộng sản nhồi sọ không biết sao có thể nạo ra được hết chất bã trong đầu,,,
Vì refund top 1 nên tối nay mình xin phép ea..blabla,,,
Bùn nhở,,,
Làm thêm chục củ mở hòm csgo anh êi :V,,,
Làm nhẹ 3-0 cho nó ok,,,
Ai xin inb tôi đi,,,
Dễ thương và duyên quá Cô ơi. Love Cô.,,,
Chang Chang 🥥🥥🥥🥥,,,
Có pải nổ lực là có được đâu.pải có 1 chút gọi là may mắn nữa,,,
Còn bạn này nữa thầy ơi,,,
thế thua gì bác.. k công khai mà cả VN điều biết tên e nó bác nghĩ ngta đón được sao????,,,
Hợp lí anh ơi,,,
Bảo dan tri thap thì tự ái :),,,
Đang lúc dầu sôi lửa bỏng bay kiếm clmn hay gì á rồi đem bênh về đây cho nhà nước nuôi tốn cơm tốn gạo,,,
reaction thầy ơi,,,
Chị 3 cho e 200 triệu đi làm chymmm đi huhuh,,,
Khi đi nhớ đem theo Susan nha thầy :)),,,
Giật cho mất mẹ cả cái mụn ruồi (:,,,
Điều kiện hạn chế viruss phát tán có thể là phòng trên 26 độ là cơ bản. Còn mọi thứ điều cis thể. Hãy đọc kĩ những bài nói về viruss corona the trang chính thống nha,,,
:3,,,
Đồng bọn nhỏ đó khi zo tù :))),,,
Bảo Tín đi du lịch gặp con gì ngứa ngứa ở biển e đã sợ lắm r sao xuất hiện con này nữa,,,
Qtrong gì trước sau gì chẳng về 1 nhà,,,
Cực kỳ thu....,,,
À thế bạn ý hát bài j jui có ai giới thiệu cho mình đc ko. Lâu jui mình chẳng nghe bài hát mới nào cả,,,
"Samsung vẫn đi làm bth nhé, mỗi ngày đi làm là 1 ngày vui 😜😜😜😜",,,
Oh shjt,,,
Hiếu Bùi sủa dơ,,,
ad nói phét à bê tông ăn thế nào đc,,,
Nguyễn Thị Phương bạn ơi cho mình xin ảnh để sống ảo đc k ạ?,,,
Lan Hoa Tùng có dùng acc clone đi cmt đâu... dạo ??,,,
Nhảy thế kia nhỡ may tiếp đất ko chuẩn lại ngã thì sao. thôi tôi tớ nhiều cứ bảo 1 thằng ra cõng cho chắc. :)),,,
Chào nhéee,,,
Mày nói như lồn. Bọn đa cấp nó đóng thuế còn gấp chục lần doanh nghiệp. Tao cho thằng thớt ăn lồn không oan chứ thằng bên dưới?,,,
tks thầy nha ♥,,,
Nguyen Ngoc Tam gia phú phải không 😂,,,
Toang quá thầy ơiiii :))),,,
.,,,
Báo công an đi rồi quản lý thị trường hốt em luôn thể.,,,
🤣🤣🤣,,,
"Ad hãy tìm số báo nào của báo quân đội khi viết "" ba-rách ô-ba-ma"" và ""đô-na trăm "". Vãi báo",,,
Sếp nhà mình cũng thế 🤩,,,
Giận méo mặt =)),,,
Thầy duo với levi để Tú bơ vơ,,,
Tự hào quá VN ơi 😂,,,
Chu Hoài tạo hình suốt mà giờ mới trend,,,
Sợ thật ấy :))),,,
Nước hoa đểu lấy đâu ra xịn :))) Hot girl méo gì nhìn xấu vkl thề :))),,,
",..",,,
Thầy làm gì cũng được đừng ra MV hát là được nha thầy. Nói chứ dm mãi yêu thầy,,,
Đưa ô già đi trốn hợp lý hơn =)),,,
Mai Ánh Thi có nha em ơi ibx nha,,,
Tôi nghĩ tiền không làm gì được các ông ạ =)),,,
"Vô tình thấy, giống anh quá 🤨",,,
Fan cứng nè,,,
Đumoe nói leo,,,
🙃,,,
Đình Quang thô nhưnh thật quá bác ạ =))),,,
Bùi Minh Huệ crush ưii . Anh thích em đó 😶,,,
Uống nước là đi tù,,,
Đờ mờ cuộc sống,,,
em về tộc anh r nhưng chưa có fc🤣,,,
Góp vui một tí :3,,,
"nói z thôi cho dân chúng bớt xoắn lên nhưng thực chắc cũng đâu vào đấy. nó chơi ngầm thì đố ai biết. cái nhà nước này nó nát bét hết rồi. các bác đừng có mơ làm nhà nước nữa, từ cấp 3 đã xác định là làm nghề gì mà k liên qua nhà nước rồi, vì tao biết g",,,
Pha xử lí hay nhất từng xem,,,
dư luận viên vào ẳng nào :v,,,
Lisa cai lậy 😍,,,
Duy Trần xin video với,,,
Cũng đã đến lúc những người làm công tác bảo vệ an ninh.các khu phố cần vào cuộc. Vì hình ảnh của đất nước không để mấy thằng lưu manh làm mất mặt được,,,
Nguyễn Minh bộ ba siêu phẩm r sao đọ,,,
@Yo Min :)))),,,
Trúc Ngân ơ s lại đi so sánh dink kout của cây a tê em vs đỉnh cao của Jack vại bạn?? 🙃🙃Thiệt là khập khiễng vs cả thiệt thòi cho bạn nện đàn dzợ🙂🙂🙂,,,
Page lâu lâu nói chuyện chuẩn dễ sợ >.<,,,
Nghĩ ló chán :),,,
buồn a ạ 😞,,,
hợp lý a ưi 🤣🤣,,,
Thân hình phụ huynh gương mặt học sinh,,,
Đinh Nguyễn Vươn Anh Tuan,,,
Nguyễn Định tui xợ á,,,
Đi sau Việt Nam hàng thập kỉ,,,
Thuyết phục vl,,,
"Nhà nói dóc, nhà ảo tưởng chứ biết con mẹ gì mà tiên tri 😄🤣😂😂😂😃😂😭😢😘",,,
Tiêu Chảy Cấp .,,,
nhìn chất vãi lìn anh ơiiiii,,,
Hi vọng chị kế toán cũng thấy cái này. Chị ơi vì một cái Tết ấm no hãy thương tụi em,,,
#trời ơi cưng quá cô ơi,,,
Vợ em mấy anh ơi :)) em lớp trưởng nè,,,
chất vlon a ưii,,,
"Nhà tiên tri hay đấy, ông có thêm 1 phiếu về VN chơi nhé 👌",,,
nhà thầy đâu tết ghé coi\.,,,
Cưng bã dễ sợ,,,
"Lại dễ ăn quá, làm ở nhà nhé",,,
Mời Dì Hai (ca sỹ Tuấn Phong) đi Anh Chị ❤️❤️,,,
"Lộc đéo cmt là bác đc yên r. Lộc cmt cái bác \""lên\"" nóc nhà bắt con gà... Bãi đéo nào cũng có dấu răng của L :))",,,
"<(\"")",,,
Đúng  là  chỉ  còn  loi  kg mà  hai  văn  được,,,
Nguyễn Đạt tôi nói k cùng gu mà bro 🤣,,,
"Bé bú trên để bố bú dưới, =))",,,
😞 vì yêu anh nên em nguyện làm ng tăng động,,,
Nguyễn Hoàng Hoài Thương,,,
Hóng phim ra rạp :)),,,
Có ai chơi gay hông ib mình đi,,,
okay thả tim cho 2 bạn :)),,,
Cố lên cố lên,,,
Phan Quỳnh Anh bóp d' là gì m,,,
Có vẻ là người nổi tiếng :v,,,
Động cơ quyên góp tiền là gì?,,,
T đã đi ngủ từ lúc 10r nhưng đ thể nào ngủ nổi 🙂,,,
Có lồn đâu mà lấy 1 tỷ chùi trời,,,
NHÌN CÁI BÚT ĐÃ MUỐN ẤY ẤY,,,
Nhớ bả binh lắm mà,,,
"Nó chửi như vậy mà vẫn là  "" cô Linh"" cơ à ? Không có lòng tự trọng sao ?",,,
"Phải chăng VN sẽ chia làm đôi, miền bắc theo khựa miền nam theo mẽo, miền trung chắc theo lào :v",,,
Bao nhiêu cái tý trôi qua rồi. Mà vẫn không thấy đâu. Quá buồn,,,
Kanh Nè ??:D ??,,,
Diễm Ngọc vui thôi đừng vui quá! :)))),,,
Khỏi đi để cháu còn đi học,,,
Giáo án ma phi te của thầy thật bổ ích .,,,
Mỹ Duyên t kể chuyện gì dạ 😏,,,
Mai Quach ok hoa rơi cửa phật 🤷,,,
Con này mất khối tiền,,,
Muốn gớt nước mắt,,,
Bả lên ti-qui đẹp dễ sợ!!! Duyên dáng hà 👍👍👍👍👍,,,
Tộc Mixi có khác :33,,,
Nghe rất lí Mạc sầu nhưng lại rất cô cô,,,
Nguyễn Văn Huân,,,
Dễ thương quá bé ba ơi 😌😌😌,,,
Xin ảnh ạ,,,
Sao chị k chửi Linh Lóc,,,
Hải Hà Haha Cắcc .,,,
Thầy Giáo Lu vcl thấy giáo lu =))),,,
Ae lưu ý,,,
Nguyễn Thị Hương giàu để báo nước chứ không giúp nước,,,
"Ngoài xây hẳn Resort 4 sao trong vườn Quốc Gia mới bị phát giác không giấy phép. 8B Lê Trực, Đền Tổ :) cũng lạ",,,
Nguyễn Quốc An một giọt là nước suối tinh khiết,,,
Thuốc lào đếy :))),,,
Tội anh be🤣,,,
Tưởng lại quảng cáo thuốc sinh lực :)),,,
Anh em đang cmt và xem đéo được :))),,,
Sống chậm thôi các ông,,,
Đinh Phước mấy cậu căng quá :<,,,
Còn đây là đỉnh cao trí tuệ VN,,,
phê to phê 🤣🤣,,,
Nguyễn Hoàng bài j v,,,
Nhìn tiên tri vũ trụ ngon cơm rồi nghe.,,,
Tuyển thủ trong team chuyên nghiệp mang Pubg VN ra thế giới này :)),,,
Cháu đang còn nhỏ mà cô chú làm hư cháu quá😥,,,
. ❤ em đợi nãy h á...h này cười xĩu,,,
cutee thật sự ❤️,,,
Này Thì Chúc Mừng Với chúng tôi à,,,
Ngọc Anh cười xỉu khúc đó,,,
Các em bình tĩnh,,,
Catherine YangYến Đỗ a thề là a ứ có bệnh nha. Cho a về đi,,,
Mưa gió bão bùng,,,
tuyển để e dí l vào mạt ngkhac à,,,
Ạ các bác=))nhìn like,,,
Ng Pháp Huhu đã buồn rồi 😢 ko có gì coi buồn hơn 😭😭,,,
"Thành Vinh có page ba gà và những người bạn đó , liên hệ xem",,,
nhân kiểu tày,,,
9 người đc nhận máu :,,,
Cô Minh Hiếu dễ thương quá ạ. =)))),,,
Chuối hong thầy,,,
T vừa đọc nhầm là miễn nhiễn 🙂,,,
Tú cho anh Ba con blue,,,
Gu thời trang gạ địt à 😀,,,
Có giáo án ms tui idol của thầy =)),,,
cái phận thằng yếu vùng vẫy cho lắm r cũng phải nghe lệnh thằng to thôi :V,,,
"Ơh khoan khoan, Tùng ơi sao số 1 của con, lại là NGÓN GIỮA vậy :((",,,
"Chơi banh cơm gạo thì đừng dại mua típ nhất là của thằng Trung thần thông nha anh em, bám anh Hoàng Cửu Long miễn phí chắc cú nhất này",,,
"ông can đang bận bảo vệ bọn ngu nhưng ra vẽ gánh team , và đứng trong bệ đá cổ nhưng vẫn cần sự cover từ đồng đội tránh bị dive bệ đá =))",,,
Già mà dơ,,,
Tạ Thị Ngọc Duyên công nhận hay có bệh lâu lâu tự nhớ lại chuyện cuời xong cuời vcl :))),,,
Trung đa cấp,,,
Lỗ lồồn,,,
Dm cái giọng cười Abe nghe khốn nạn vl ạ :)) nhưng mỗi lần em nghe em đều cười theo =)),,,
Cũng có thế nói là mất hết =)),,,
10h lên stream nghe gáy chị em oiiiiiiii,,,
Hàn Quốc chửi dân Đông Lào và đây là hậu quả,,,
Cờ giáo hội...tựng trưng cho hòa bình công lý😑😑😑 ko biết ah,,,
ngày xưa chị nghèo :)))),,,
Anh em vào chửi giùm t thằng này,,,
con điên,,,
Thương cô ba,,,
Thương Cô Quá,,,
Cũng được đấy chứ a Độ ộ ộ ộ ộ ộ....😂😂😂,,,
Cảm ơn thầy nha,,,
Ở đâu mà trời vẫn trong xanh vậy anh,,,
"Tao thích, tối về lại đc vỗ về bờ môg.. phê",,,
Diễn viên hô ni hút mà ngại gì mấy khác kk,,,
anh lấy súng ra bắn là nó sợ à 😂,,,
Bã nói tỉnh bơ ak,,,
Xin chào Ngài! may có sự xuất hiẹn trở lại của Ngài làm tôi thuyên giảm bệnh trĩ,,,
ông  ơi  sao một  số người  ở  hải ngoại  suốt,,,
Đoàn Quang Vinh dm quảng cáo,,,
An noi vua phai thoi pn gi ma an noi kieu k co nguoi day vay,,,
bác học anh bar ?,,,
tết rồi thầy ơi,,,
Thầy ơi em để ý thấy tiểu tiểu giống vị tướng này <3,,,
Atm cao lãnh🤪,,,
Bệnh viện đa quốc gia tài trợ cho chương trình này 🤣🤣🤣,,,
Nhật cũng có Nhật this Nhật that à 😞 đất nước văn minh con người được ca ngợi sống đẹp mà vẫn có một vài thành phần như thế thì bảo sao Việt Nam chả có chị N :)),,,
mặc cái quần giống thằng biến thái,,,
"Người hùng, nam mô a di đà phật",,,
Trai Trong Trắng m thấy sự đi lùi chưa =)),,,
sợ thật,,,
Đẹp thầy ơi,,,
Căng quá các bác uiii,,,
Cái này nên đưa cho các em mẩu giáo xem để các em biết đánh răng thế nào cho đúng,,,
Nguyễn Trọng Hiệp nước miếng :)),,,
Sat mui vo lon no co hieu no vua sau vua nao yeu nua,,,
thực ra bên nước ngoài nghỉ phép thì vẫn được nhận lương nhé ad,,,
Tầm này cấm nhập cảnh hết 😢😢😢,,,
Đc vliz a ơiii..,,,
"Phương Dung Nguyễn năm nào cũng cúng tiền, t mệt mỏi nơi bây ơi",,,
Vu Quynh Huong đó là 1 sự cân bằng hoàn hảo vãilone của tạo hóa =)))),,,
Tèo Tèo tú joker ;))),,,
Mình tưởng yêu xa giúp chúng ta cao hơn 🤔,,,
phải lạc quan lên thôi rồi cái gì cũng phải qua toàn dân có ý thức chắc chắn sẽ vượt qua,,,
Quá hay cô minh hiếu,,,
thế thì sói lấy gì uống sữa ạ???,,,
Phía cuối con đường......,,,
gi vay abe :)),,,
Huyền Khánh Phùng Anh mình lương 7-8 tr chắc k mua nổi rồi 🤣🤣,,,
Hoàng Ngọc Hòa sũa cc,,,
Xem cái này chỉ muốn ỉa vào mặt mấy thằng cho xây tượng đài...,,,
"chưi con khỉ gì mà chửi, ae ko ngta qua lao động kiếm sống thôi mà, người vn thì phải đi xklđ mấy anh mới thu thuế dc chứ",,,
"Thôi m ơi,chết vì corona lại mang tiếng đất nước mình",,,
Về đi Nam 🤧,,,
@Quynh Anh Nguyen xĩuuuuu,,,
Lan Vi quả này mưa rào r :)),,,
thien duong cs ngo that.biet tq mun hai vn ma van tiep tay cho tq,,,
Page PR k mà Thắm ơi hehe,,,
"Thay vì đi làm tóc , tốn tgian , có khi còn đ ra gì ,t mua mẹ bộ tóc giả về cho nhanh =)))",,,
má coi y chang như nó nhìn mình nó chửi vậy. lol,,,
trẻ trâu à,,,
có 1 sự thật rằng nếu THP ko có nhiều tiền thì anh Minh sẽ ko ngồi tù ! Oke !Nếu THP ko có nhiều tiền thì giám định cái chai nó khác đi !,,,
tự nhiên lại nghĩ đến cái ngày a nghỉ sờ chim,,,
Mang cây ATM-cao lãnh ra đây cháu đg thiếu sữa =)),,,
"Biết nói gì đây, an bài rồi nên làm việc có phúc trước khi về với cát bụi!",,,
Mỹ đập 456% thuế cộng thêm thuế của anh Bảy cà ri sắp bồi tiếp nữa thì Formosa chắc không qua khỏi con trăng này rồi. Chắc ai đó sẽ buồn khi Formosa đòi lại tượng 50kg vàng.,,,
Tài Lê Tấc nhiêng là mưu sự do nhân mà thành sự do thiên,,,
Vẫn thua chàng trai có hàm răng trắng tinh này :v,,,
Hiệp Tis Trường Giang các cháu nằm trong thành phần nào :v,,,
Xin video bác,,,
E điểm danh cmn hết rồi thầy khỏi lo :)),,,
Vậy ? Cái tiền hỗ trợ này sẽ vào túi ai ? Túi thằng xin hả ?,,,
Toàn ngu muội. Đi ra đó mà đánh đi.,,,
Minh Hồng Nguyễn có vẻ mình ngược lại thì phải á c 😄😄,,,
Viết tiếng việt đi ấy ơi,,,
Chị xinh quá em tức quá chị,,,
phân vẫn giữa chọn trường ĐH ở HN và HCM,,,
Có vẻ ngon,,,
Tốt nhất khuya rồi thì nên ngủ sớm !,,,
đungs v,,,
"Mai á, ổng đi vòng vòng là toang.",,,
Đm mặc sịp vào chim to vcl ạ =)))),,,
hay lắm ... tuy nghe không được hay cho lắm như mà vẫn thua Sơn Tùng MPT ❤❤,,,
Nếu mày mua hàng thật giá 150k thì ko ai nói gì. Đây là hàng fake thưownc hiệu. Giống như m mua iphone nhái vậy đó. Thay vì mua con xiaomi chính hãng còn xịn hơn cái iphone fake,,,
Được a ưiii!,,,
Những chú dâm loạn viên đâu tui muốn thấy cái mõm chó của mấy bạn,,,
Mấy thằng chó cs chắc tức lắm vì ng dân đã phá cái nơi cung cấp cứt cho tụi nó ăn.,,,
ủng hộ abe,,,
"Từ chân lý giả, tư tưởng giả ,đạo đức giả, đường lối giả , bầu cử giả, luật pháp giả nó sinh ra đủ thứ giả và sự dối trá, lừa lộc, xã hội này đã là xã hội suy đồi thối nát đến mọi rợ.",,,
Trung gì đây mấy cha :)),,,
Thôi a ơi Nhím khóc đấy,,,
Về vn chơi vs hồ xuân hương kìa,,,
"Dịch bệnh không đáng sợ bằng ý thức, đạo đức của một số người 😟",,,
Ế quá nên sale à thầy,,,
"chơi đi, về đi taxi nhé",,,
Thực ra chỉ có anh mus chơi còn thầy ba chỉ giữ mỗi nút space :)))),,,
Sao phải xoắn?,,,
Ib tui tui gửi cho nè,,,
Thuong quá,,,
Tào Hưng đm khô máu :))),,,
🤣🤣🤣 nước cống với nước suối,,,
Mé có cc hết được nghĩ gì vậy má 😨😨,,,
Thầy về SKT rồi ạ,,,
"Tui thấy lãnh đạo vn nên câm mẹ nó mồm đi cho xong, đã lỡ tham nhũng rồi thì ở nhà luôn đi, mỗi tháng chuyển tiền cho nó, khỏi làm... Đó là cách tốt nhất để nhân dân ấm no",,,
oke anh hẹn anh 10g tối nhá,,,
“ trông anh có khác đéo gì thằng shipper cô độc không “ =))))),,,
Kinh tế thị trường định hướng đấy! 😉,,,
Chỉ muốn mãi mãi giống như đứa trẻ con k phải lo toan k phải suy nghĩ,,,
Thu Thảoo #Binsaid cô là mẹ tôi hơi bị lâu r đấy :)))),,,
Sao tui khoái cô này noi chuyện ghê 😍😍 tối ngày mở lên coi cô chửi hoài 😅,,,
Anh độ mà đơ là con meu nó cho đống đồ chơi của anh đi luôn,,,
"0777866760,hihi",,,
Dậy thì không thành công ☺,,,
Cái tập đoàn dacosan rước giặc đây mà,,,
Chen ơi em ko biết luôn. Người chuyển giới,,,
Hồ Sỹ Hải do bạn nói đúng,,,
"Ủa thế bác dần của tui có nằm vùng bên đó k kk,🇻🇳♥️♥️♥️♥️",,,
lạy thím. đuôi .garena.vn rồi còn sợ wed giả.,,,
Ông bệnh thần kinh mà không hây,,,
Co lon dau ma chui lon mieng thang be de thui.,,,
dung là bon ac nhan,,,
đi phố bô sa tìm danh hài hải ngoại chưa thầy,,,
tự hào là học trò của abe,,,
"Coi chung té sập mặt , ông dan oi,",,,
Tú cho anh Ba con blue,,,
"Nam Bắc gì, cứ nói tới người Việt + là ko chỉ thế giới mà chính ""đồng bào"" ta cũng nổi hết da gà! Từ xấu hổ đâu đủ để diễn tả! Đã có hiện tượng lãng xa đồng hương và ko nhận mình là người Việt + trong giao tiếp xã hội khi đi nước ngoài! Dính nhiễm loại virus + này là HẾT THUỐC CHỮA! Than ôi!",,,
Lê Bảo Trâm mặt giống m vcl :) nhận ce sinh đôi liền,,,
KHON NAN,,,
- Ông hùng với bà Tư nha câu chuyện đã được giải đáp lâu nay ở phít 13:20 haha cười đau bụng,,,
"Làm như ở dưới gầm giường người ta mà nói, ad nói chuyện ngu vđ",,,
Đóng cửa biên giới đi.,,,
kiểu như này này :))),,,
có gì để xác nhận cái này là sự thật k phải là Giật Tit câu view? -_- từ trk đến h chưa thấy tin nào như này -_- và đây chỉ là MỘT CÁI ẢNH -_-,,,
"Chia buồn cùng người em ad , bốc xếp lấy nhưng nhiều khi an ninh coi máy soi chiếu báo cho bốc sếp lấy",,,
Kkkk...iu nhau là phải có đụ..,,,
đc anh ưiiiii,,,
Hay quá tùng ơi !!!!!,,,
ʚöɞPhong Trần ʚöɞ Đoàn Chính Park Huyn Phong Tấn Đồng quê ta gọi là gì 😂😂,,,
Thảo Tròn nhớ đồng bọn qá cơ 🤧 cố gắng thôi nào 💓,,,
Tại sao abe phải trả lời bạn ? 🙂,,,
Vc,,,
"Ơ, sao biết, tâm lý vãi đạn",,,
Mà thật sự chị Trần Đoàn bán hàng trên mạng từ lâu rồi đó.,,,
Con Chim Non thể loại gì vậy???,,,
Khẩu nghiệp nặng quá.,,,
"Nguyễn Hoàng Đan Phương t nhớ là m lẳng , k k tự nhiên bộc phát r cười như điên 😂",,,
"Một số lớn người VN phải xếp vào một trong những dân tộc tàn độc nhất thế giới ,mục tiêu là chủ nghĩa cá nhân là trên hết.",,,
Lê Quang Tâm ông ko đc fan cứng là phải r😆,,,
Nguyễn Du thì có Truyện Kiều,,,
Cả sư đoàn anh ưii:v,,,
Khánh chi đẹp đuối luôn,,,
Quả nhạc nghe tội thực sự 😆,,,
Cuộc sống đâu pải nỗ lực là đủ,,,
Nhiều cái nói kh thuyết phục lắm nhưng lần này độ đã nói khá thuyết phục đối với bản thân tôi :)),,,
Chia ra cho dễ cai trị,,,
Đỗ Thành Trung,,,
Aloooo,,,
Nặng vc 😃,,,
Lê Phương trời ơi toàn vỏ thôi m ơi 😅,,,
Ngoc Anh Tran mất tết 😞,,,
Chi có tim đươc linh loc nhơ đanh nhỏ đó dum em 1 cái nhé,,,
Rảnh quá thì đi quét nhà đi không tí mẹ về vả cho.,,,
Nhìn mặt tộc trưởng là đang tính toán gì đó,,,
Mu này tởm thật,,,
Cô bảo là cô hiền lắm đó nha~,,,
Nghe mắc cười ghê 😂😂😂,,,
Cái này reset tiền thưởng 😂,,,
29:40 bắt đầu chửi bà chửi LGBT,,,
Fan Việt lúc này:,,,
Cháu cũng làm con cặc j.,,,
Như Quỳnh rủ boà Trinh cho đủ tay :))))) ra nhà t ở. K lo chi hết :)))),,,
Bê đê chúa :)),,,
Mày điên à??,,,
Chúc mừng,,,
Trịnh Huế ai tỏ tình nhận lời luôn ý đợi cái gì 🤣🤣🤣,,,
xin lỗi thầy 😭,,,
Đồng Nhựt Huy thiết nghĩ cho vào quan tài là hợp lý 🤣,,,
dám hó hé đéo,,,
Nghe ns chuyến này thầy đánh cko skt,,,
Kịp bắt trend biểu tưởng hạnh phúc :))),,,
Hoàng Anh Đỗ đây nè,,,
Các cậu ngủ đi,,,
"Cán bộ tham nhũng bị bắt tại trận cho hay: ""Ai thề nấy chịu, tui ko có thề nhé!""",,,
"giác ngộ đi , tp HCM nhé , bác giết SG rồi 😆😆😆😆",,,
Phạm Xuân Huy Bé sa phiên bản độ tày à :))),,,
Ngay bên cạnh còn thấy codon nữa nói gì yêu xaaa 😞,,,
Like vì cùng suy nghi😁,,,
Họp thò thụt,,,
E chỉ có thế này thôi,,,
dân ngu cu đen chết cả thôi,,,
🚬 EM CÓ BÁN 1 SỐ DÒNG THUỐC LÁ THƠM ☕,,,
Chụp hình sao ngủ vậyy mẹ mít =))),,,
"Thằng mc hỏi chu cà mo là gì sao k trả lời đi , coi ct này mới thấy toàn mời mấy người chuyên chửi k",,,
vừa hôm trc nhận bằng khen Teacher of the Year của Bộ GD 💙 Yêu Thầy,,,
Nguyễn Vũ trend 2020 của m neh,,,
"Giống mấy thằng fan NTN. Chê thằng NTN làm video thiếu ý thức xong nó nhảy vào bảo "" có bằng ngta không mà nói"" clm =))",,,
Ui các bẹn ơi tớ được làm fan cứng ròi nek,,,
Khanh Pham a thì ra là vậy =)) vậy mai phải đi mua ngay lò sưởi sưởi khắp nhà :)) đến cụ con virut cũng k sống đc :)) hêhhehe,,,
Chuẩn nha:)),,,
Moi chui nua ha ????con nay chac tam than kg on chua gi,,,
xin quả nhạc đầu,,,
Sy Nguyen tàu bay của cái ông đeo kính đen giữa ảnh đó :v,,,
🌱❤️💕🌲🇻🇳🌍: Trần Dần.,,,
cười ị,,,
mọi người qua ủng hộ anh độ nhé,,,
"Cái ảnh hưởng là ảnh hưởng đến thần kinh của mấy thằng não chó suốt ngày mở mồm là đmcs trong khj còn ăn hạt gạo, uống giọt nước do cs làm ra. Ngu như chó vậy",,,
Nếu bác về Việt Nam tôi sẽ rất vui,,,
Thanh Trà Trương ?,,,
Nguyễn Đức Thắngg hơi lâu hmm,,,
Theo ý kiến cá nhân riêng mình thấy bài hát này ko có chút ý nghĩa nghe có vẻ khá sàm ko hay ý kiến cá nhân nhé a hùng bàn phím né hộ,,,
Chuyển sang showbiz r,,,
Cách phân biệt thằng ngu ba gà và ba vi thì đúng hơn đó thầy,,,
video hay quá,,,
Đc của ló. 🤣🤣🤣,,,
Văn Đông,,,
":)))) cáp đứt tại cá mập , gạch vỡ do sinh viên 😂",,,
dm ông nói phét à 🙂 cái vòng cổ đã quá 2l cụ rồi,,,
Sống nhanh vậy mng,,,
Cái gì cứ bay qua bay lại trong video ấy nhờ =)),,,
Hòa Nguyễn đam mê nợ nần sẽ theo đuổi e,,,
"Chúc mừng các đồng chí đã được vinh danh, kiếp sai nô vinh hiển.",,,
cac gì bóng của thầy là con chó à?hay linh thú nằm trong thầy đây,,,
Trung đa cấp,,,
sống chậm thôi các thánh 😑,,,
nhìn cứ tưởng anh em sinh 3,,,
Có nge cau mãi mãi phồn vinh đâu,,,
Iphone lấy cảm hứng từ Tộc Trưởng,,,
Chui  cho  da  roi khoc,,,
Hài này hay hơn thách thức danh hài nhảm của HTV nhiều..tiec ziên hay va tiec zien hay,,,
ổn thầy,,,
"Dẹp hết lũ sư quốc doanh đi , vừa là ổ phá hoại đạo pháp vừa là cơ sở của bọn nằm vùng và phá nát văn hoá VN",,,
"Thần đồng toán học ,",,,
Khoe cho qua tượng đau qua ra la một con b d co chi một cay dinh ở giữa han,,,
xem giọng cười mình lại chán đéo muốn nói 🤦,,,
Bảo khoe mới khoe chứ không phải cố tình đâu nhé 😌,,,
Điểm danh nào :v,,,
Không anh ơi,,,
Tưởng đi diễn hài hải ngoại nữa chứ.:)),,,
kệ tổ nhà chúng nó chứ mắc mớ gì thế,,,
Nguyễn Hữu Đạt nói câu giống en quá bác ơi:)),,,
Được của ló thank thầy,,,
Hép pi niu yeahhh,,,
Ngèo quá phải ăn bánh mì :<,,,
Anh dag lm j ấy🐱🐱,,,
k phải thầy em đâu,,,
Cái gì đang xảy ra vậy 🤧🤧,,,
Như 2 giọt nước,,,
Cực kì thuyết phục =)))),,,
@Khánh Linh,,,
Tính ta ông cũng tốt hơn khối người . Về thôi,,,
sau này tao sẽ lấy nhiều vợ để có nhiều lời khuyên.,,,
V bài đom dóm khi nào ra v ạ,,,
Thế lúc nta nó cắm nhà vay ngân hàng để mở bạn có chịu hộ đồng lãi nào ko,,,
"14:10 ""thần quyền môn súng bắn không trúng"" nha mạ ngừ =))",,,
Thái Long đm lổ t quả quần cái,,,
Đmm.luc trc may bợ lol nó.jo chưi no.do suc vat.bede thay pai roi.nghiep chuong,,,
Thằng cây atm hack chứ ai,,,
Ngoại hạng anh toang lun,,,
From Bảo Yên with love =))),,,
chỉ 1 người đứng ra thì làm được gì khi mà tất cả những kẻ khác chỉ biết đứng đó nhìn xem gió thổi chiều nào ta bay theo chiều đó,,,
Xin fb của bà này,,,
K những v a còn bao cả team RF nửa. Thiệt là khổ cho MVP nhím mà. Supperstar mà phải ăn mì tôm thế kia,,,
Lo trả nợ đi nhé mấy con,,,
2 em rat xinh dep qua tuyet voi.,,,
Ông chủ cà phê TRUNG NGUYÊN lúc này,,,
"Mấy cái người ý kiến thiếu văn hoá quá. Ông ta cũng đang tuổi ông bà cha mẹ mà, không thích nghe thì thôi ai bắt. Coi chừng bị khẩu nghiệp.",,,
Bằng chứng thằng miền bắc nói là chiếm giùm sẽ trả lại xem nào. Việt tân nói thế à,,,
"Bữa nghe bảo anh này nhiễm phóng xạ, nằm viện này nọ cơ mà 😏",,,
"Hải Yến vl chưa xem đã cảm thấy chán hơn r, thì thôi lạy m 🙏🙏🙏",,,
Tôi nói chung chung thế chứ nói riêng mỗi vụ ở Võ Văn Kiệt này hả mấy ông :),,,
Cho tui coi với,,,
Cmt nhớ mang theo não nha :'(,,,
Korea chơi chất nhề 😂😂😂,,,
Thầy ao đen đó là bê đơi oh,,,
Thủy Tạ cho mình hỏi này uốn kiểu gì vậy bạn ơi ??,,,
bệnh ngề nghiệp thôi mà....,,,
Trần Văn Hưng tia nhanh thế,,,
Khả năng sinh tồn mà bà hàng xóm vốn là rõ nhất 😅😅😅,,,
"Thắm tắc đường nên đến hơi muộn, nhé",,,
Phạm Ngọc Tâm im điiiiiiii,,,
Cực kì thuyết phục!!!!,,,
Thầy tui ơi 😆😆,,,
Vailon,,,
Sam và so khác nhau ở cái đuôi,,,
Đi đâu cũng thấy ông :v,,,
"Võ Hồng Gấm chị đọc tin tức mà cứ thấy lo sợ, chỉ 1 người bị mà luyên lụy nhiều người.",,,
阮氏幸 Tôm Dim e k chỉ thấy 1 lần đâu,,,
K - ICM là ca sĩ à?,,,
Phan Nhuệ Anh ;)) gì vậy má,,,
Anh có thể nói sai được ko,,,
":)))) sao anh đếch ở nước ngoài luôn đi về đây làm gì để bị ""đối xử "" như thế. Câm mẹ mồm ông vào. Có tí tiền lo mà bổ túc lại cái não đi",,,
Cô tui dễ thương quá trời,,,
"Nghi ""vu khống"" à :)))",,,
Sao like nhiều quá vậy đáng lẽ diss like mới đúng chứ,,,
Mà ở đó họ còn xây dựng trên sa mạc :(,,,
mấy thằng trong soha đéo biết tốt nghiệp xong cấp 3 chưa nhỉ :v,,,
Anh em mau nhường giải cho Sela trả nợ nào,,,
Tại chị Nhung Dung dăng dung dẻ mà mình phải đeo khẩu trang 😏,,,
Vui quá cô ơii,,,
"sắp trầm cảm cmnr , nhiều tâm sự cứ giữ mãi trong lòng và che dấu bằng nụ cười 😷",,,
Ý thức như l dị đó,,,
hiếp dâm - không kìm nén được cảm xúc . Buôn bán chất ma tuý - công việc giúp đỡ xã hội giảm tệ nạn cờ bạc . Chứa gái mại dâm - lớp thể dục nhịp điệu cho nam giới . trộm cắp - cầm nhầm ....,,,
Chết rồi ha mấy đứa,,,
Ai đây,,,
Tuan Duong alo alo,,,
Anh ơi cho em hỏi là con mèo nhà anh mua ở đâu vậy ạ :3,,,
Vl hack Meo t😄,,,
"Bệnh thử đi rồi biết cái bảo hiểm nó quý cỡ nào , cũng như hồi trước bắt đội mũ bảo hiểm thôi . Đội là quyền của anh mà ang đéo đội là bị phạt , xong giờ thấy cái mũ bảo hiểm quý cỡ nào .",,,
"nhìn mặt người đàn ông này có thể cho chunga ta thấy dc ông là người ntn, vẻ mặt khắc khổ đúng chât người nông dân, bị ép vào đường cùng a chẳng còn lựa chọn nào khác",,,
Ăn cướp hả bạn,,,
Chi goc hong nó luôn đi,,,
"Phan Thanh IV ko cần bạn đẹp trai,,, chỉ cần bạn biết hát :)))) làm ca sĩ có biết bao nhiu là trym :(",,,
Lúc đầu nhìn tinh đâu cô nay la con gai thật k hoàn hảo k nhận ra,,,
Rambo lại giết được GH JJleo=))) thoả mãn vcl,,,
Thầy solo vs faker đỉnh quá,,,
Ngứa hết cả cặc,,,
MH nay đẹp hú hồn luôn hà,,,
Ông Cao gần đây phát biểu to hen!!! Mà thường nói to hay lộ mình dở lắm...,,,
Xem từ thiện cho thầy...,,,
Ông còn khỏe mạnh lắm. Chúc ông luôn có những thông linh hiệu ứng và tiên tri chính xác.,,,
Tấu hài gamming,,,
Cái này thầy live lúc nài zay tụi bay,,,
Quần què là có thật à. :)))),,,
Vl say oh yeah của MTP mà 🤣,,,
ko đc mô anh ơi,,,
Tộc trưởng năm 1975 =)),,,
Cháu của diêm vương,,,
Thùy Trang nghe chưa dc 15s tắt cmnr nhạc vs nhẽo,,,
Hình như sam đuôi nhọn còn so thì đuôi như đôi đũa đúg không ta. Từg ăn sam rồi và cũg từg thấy con so. Đuôi tụi nó khác nhau.,,,
Chán nhể hỏng cả 1 thế hệ,,,
Phạm Văn Lộc fuho trời nắng chóng mặt hả idol,,,
Cố lên em làm to rồi xem lúc về hưu e có những j xung quanh :)),,,
"thật ra diện tích cho phép có 700 thôi, chú Linh xây tới 7000 nên các chú các bác sợ quản lý ko dc, 1 số thành phần chống đối tụ tập :))",,,
haha khổ ông nhím:) n g u,,,
Và bộ tộc mixi cũng từ đó ra đời dưới sự lãnh đạo của tộc trưởng người Cao Bằng buồi to như lõi giấy vệ sinh =)),,,
"Sếp nhà người ta động viên thế này thì còn gì bằng nữa, đã đẹp trai lại còn biết nói đạo lý nữa, em yêu anh",,,
Trần Thành Long cho mình xin video với bạn,,,
"Thua cai nay nhug hon cai khac, tham nhung, quan lieu, yeu sach, hiep dap dan th nha nuoc VN lun so 1...",,,
Thế là bạn nằm yên cho nó hiếp dâm à.:v,,,
🤣🤣🤣 nước cống với nước suối,,,
Thằng đầu bò,,,
Hợp lý anh ưi 🙄,,,
Thà mặc như ank pảnk còn vừa mắt hơn =)),,,
Đây là hình thức lấy lỗ làm lãi !,,,
"Bà này trùm chăn dắt mấy đứa ăn xin ở khu hồ con rùa đó, ca ra hốt thì nó chống",,,
"Thằng Việt chờ khi nào thằng Chung xả nước đầu nguồn thì lên truyền thông hoan nghênh nữa nhé, dù gì Việt và Chung cũng là anh em tốt, Chung từng giữ nhà dùm Việt hẳn 1000 năm cơ :)",,,
i watched this video and felt motivated.,,,
Nghe rất hợp lý nhưng hơi thiếu thuyết phục,,,
Thay vì ngồi xàm lol,,,
Mang thần khuyển susan 0175 của thầy ra gánh à :v,,,
Hi chắc tụi bay cũng chung bọn với nhóm xộn lào đó rồi,,,
Tuyệt tác của mọi giác quan🤣,,,
Lâm Quốc Huy chấp mày đi nước cờ đầu tiên,,,
Yến Linh Anh Truc Thuỳ Trâm Thu NguyễnPhạm Nhung .... chời ơi vừa xem vừa tức phòng mình :)))),,,
Đêm nào e cũng xem liếp của chị hết . hình chị có  hậu và đẹp  lắm chị ah,,,
Kể từ đó không ai thấy 2 con mãnh thú nữa :)),,,
Có họ hàng j không mà giống 3 gà vl,,,
thầy sẽ là người tiên phong đưa làng hài Việt Nam ra thế giới.,,,
Đinh Nguyễn Vươn Anh Tuan,,,
E thấy tư duy anh Ba không thi Siêu Trí Tuệ bộ môn Marco thì hơi phí,,,
"Lúc còn ngày bé thì dành trọn tgian để mong mình trở thành người lớn,sau này lại dành cả thanh xuân để mong mình bé lại",,,
Nhớ tất cả ace cộng đồng mạng giúp e vs ạ nhất là ae thanh hóa ạ,,,
"Kakaka, khùng khùng quá sức.",,,
Thành Bống rồi giật điện,,,
Chị ơi hay,,,
"Ủa.. E chị quen quá !! À đúg rồi em thấy chị ở 'chùa phật quang' thầy chi.. TpChâu Đốc, bữa ngày 20/4âl🙏",,,
"phương chân của cụ là : \""CHẾT CẢ ĐỐNG CÒN HƠN SỐNG MỘT MÌNH \""",,,
Anh ở cuối đẹp trai :)),,,
Xin phép copy của bạn,,,
vl :)) handsome boy,,,
thầy đẹp trai quá mấy đứa,,,
Xa Hoi Bai Lui ?,,,
Dơ vlll nhưng t thích,,,
"Linh Chi làm thêm á cưng, nhớ dzô ủng hộ 💃🏻❤️😍",,,
Cà khịa :)))),,,
Thật sự sợ,,,
Hi em o my em cho chi  chi dep qua chi de thuong qua,,,
anh tôi nói clg cũng hợp lí và thấm =)),,,
Ai đó trả lời vs t đây là e gái thầy ak?,,,
"Nguyễn Trọng Thái Ý đợi ở đây là bạn chỉ dành thời gian để tán 1 đứa bắt bạn đợi, thời gian đó bạn có thể tán vài đứa khác nữa hiểu hông.?",,,
sao nhập ko đc ta,,,
"Hang Tran đúng r đó ạ, trg khi gia đình nhà ngta góp phần cho nền kinh tế VN như thế, nếu nhà ông Jonathan Hạnh Nguyễn chê VN nghèo đã k ở VN để pt r :))",,,
lại dỗi,,,
"Duyên mà thật thà quá, yêu cô",,,
Ý là tháng kiếm 7-8tr chỉ để cho con ăn tôm hùm và cua hoàng đế thôi. Còn số tiền còn lại không kể hết =)),,,
Hoàng HuyTiến Đạt,,,
Ngu mới tới những chỗ này,,,
Lẽ ra ngay từ đầu nó đéo nên về thì hơn,,,
Đỗ Khánh Dư có mỗi cái 😑😑😑. Tìm trên hình ảnh chắc có nhiều...,,,
Xin video vs bạn ^^,,,
Thuỷ Deema ny nào chưa công khai hay gì mà. Chỉ đi chơi các kiểu chứ chưa chính thức hẹn hò,,,
Bạch Nhi có ngày phọt ra :)),,,
Vừa tính cmt triệu hồi a thì a cmt r hehe,,,
bán page ko ad,,,
Cố lên VN ơiiiii 🇻🇳🇻🇳🇻🇳,,,
anh Kiên tổ trưởng đang lập công mừng chức mới đây mà ! bởi vì nó chả ảnh hưởng đến người nghèo nên chăng anh tư vấn cho thủ tướng dựng 2km một trạm luôn cho máu đi anh !,,,
Gia đình ổng và khánh sky chắc tự hào lắm.. vì người nhà mình là danh hài hot YouTube..,,,
Nguyễn Trọng Hiệp mượn đéo đc cắm cơ. Cắm đéo cho mượn đâu.,,,
Mà mệt nói thì nói mẹ đi,,,
"Thanh minh cho Trần Dần, Trần Dần không bị mắc covid 19 đâu, bác sĩ chuyên chữa bệnh thần kinh, kết luận, Trần Dần chỉ mắc bệnh tâm thần thôi, bệnh này hay ăn nói linh tinh bừa bãi, bậy bạ lắm,",,,
Trời ơi lần đầu coi chú hay như xem hài. Kk ai đặt tên nhà tiên tri vũ trụ nghe thấy hài vãi,,,
Tùng sói said: Đưa ông già về quê chơi mấy hôm,,,
"Mấy chú cầu thủ VN cố mà vô địch thêm 13 lần nữa rồi anh mày sẽ ra đường đi bão một thể, vì lúc đó mới xứng đáng vô địch Đông Nam Á. PS: VNCH giúp mấy chú em 1 lần, so, VN có 2 lần Vô địch.",,,
Buồn deso,,,
Ai đó chúc t ngủ ngon đi,,,
38:00 cười chết😂😂,,,
Mask matcha gí chỉ xx,,,
biển của mình... Kkkkk hài vl,,,
Bệnh nhân 17 ( cái nôi của sự lây bệnh ) 😐,,,
tream đi,,,
"Từ khi đâu Việt Nam thành cái ổ chứa dịch của bọn Rich kid ,Việt kiều vậy ủa khi còn khỏe có tiền thì sống nước này, nước kia,quốc tịch này quốc tịch kia, rồi tới khi bị gì lại quay về Việt Nam, kiểu như Việt Nam là chổ tạm trú á , đéo hiểu chúng mày sống kiểu gì luôn",,,
Quá chất abe ơi,,,
"Né rồi sao mà học , học ngu sao :))",,,
Tối xem ăn cơm được không anh không được em ship cho nha kk,,,
Gom hết dòng họ mày lại chưa chắc trả được tiền thợ hồ chứ cất khách sạn,,,
Anh ơi mô hình iron man bao nhiêu xiền thế ạ ?,,,
Đúng mấy thằng bệnh hoạn,,,
Đánh lol hay pupg z a tại mấy hm nay e hc ms xg ch pk j ln,,,
Nhí... à mà thôi :v,,,
Trông đen thế,,,
Nguyễn Huy về bằng máy bay riêng. Nghi quá nghi,,,
oke a ơi,,,
"Dịp mẹ tui bây đi lũ phản động hại dân,hại nước.Trò củ cứ đêm ra diễn hoài,hết trò rồi hả.Để cho dân được sống yên với,người trong một nước mà cứ muốn làm hại nhau.",,,
đây là một vấn đề hết sức QUAN NGẠI,,,
MixiGaming Hi anh,,,
bệnh chung...thôi hết lần này thôi :V,,,
Tuấn Bảo chắc bác pro hơn thầy 😀😀,,,
Paula Lưu sống tại tphcm mà lại là miền ngoài à. Bác cần học lại địa lí rồi,,,
Trung bóng dơ,,,
"Cầu chúa hãy che trở cho Quốc Sư Trần Dần ở mãi với chúng con, mô phật!",,,
sao câu nao no cung chưi băc ky vây công an đâu  gô cô no lai chư,,,
Ghép nhạc ghê vậy=)),,,
Sau đẻ con ra kể cho nó nghe về 1 huyền thoại ❤️,,,
Trung đầu Bùi,,,
Dễ thương thực sự,,,
thầy nhớ mang vinh quang về - nghệ sĩ hài hước clm,,,
Động cơ đăng ảnh này là gì,,,
Sao cái huy hiệu thần binh bữa thầy kêu nhận h vẫn ko có trong game vạy,,,
1 thằng con trai 😲😲😲😲 đouma m cà khịa tao hả,,,
Trao học bổng cho trò này,,,
ôi vchhhh chị em :(((((,,,
:))) thầy sela,,,
"Dume. Đầu óc đ gì cứ như gói trà túi lọc ấy, tinh tuý thì thoát hết ra ngoài, cặn bã thì ở lại",,,
Nếu biết nhìn thì thực sự bà ấy làm tốt,,,
Đừng Chửi nữa,,,
con anh độ á =)) bé ngonnn =)) khi nào anh cần con dâu =)) nhớ đến emm,,,
Chị gái à,,,
À nhưng thương Việt Nam hơn nhé 🇻🇳,,,
chị  NC duyên  quá,,,
"Nai xừ, lm ra tiền cho miễn phí thì mốt nó sống phụ thuộc vào mình à, mốt th nhà giàu chết thì chắc nhà nghèo cũng chết luôn",,,
CÁI LỒN,,,
VN đăng ký bản quyền lâu rồi nhé!,,,
Thang nay oc no co van de rui? Du me o do ma no nhu thuoc no! Di lua loc la gioi! May dung  dai chu co ngoi dai dau,,,
Fan cứng có khác :))))),,,
"Đây đây đây ,ăn mẹ di",,,
làm ly đê 🙄,,,
Đúng quần què,,,
Cây atm cao lãnh 😂😂😂,,,
Có cả Quảng Ngãi nữa,,,
cho nó chực lâu tới đâu bỏ ghét tới đó :v,,,
Vì thế vn bây giờ thua cả Campuchia,,,
Hoàng Hồng Phượng o ơi lôi Hiếu về,,,
Chửi thấm vcđ í :)))) mà ad có update vụ tuyển ny cho ace bạn bè trên fb ko :))),,,
Cô t sang chảnh vl,,,
Tết rồi.,,,
Má,,,
Mùa dịch hết tiền nên bán xe luôn,,,
hôm ni thầy đánh đỉnh quá...thầy k áp dụng các giáo án trên stream là auto win!,,,
Chị đẹp lắm,,,
Tức nhiêng.....Tức nhiêng...thích thì vô....kg thích thì vô,,,
Tóc tớ nè đẹp hơm mí bạn 😆,,,
Thế Vinh cửu vĩ,,,
"Giả vờ lấy 50K của mình rồi nhét vào tay mấy người đi đường bảo tiền anh chị rơi này , vậy mà ai cũng tin , bị lừa mà còn quay lại cảm ơn mình rối riat , haizz vl :))",,,
Nguyễn Tài may hổng phải trụ mình coi :v,,,
Hứa Sơn để tý tôi lấy hình ghép cho bạn 1 kiểu nhé 😄,,,
Nói chuyện chân chất dễ thương quá,,,
Cái j nó nhổng lên v abe 😂,,,
Sống nhanh lên :)),,,
Đ hiểu kiểu gì :))) sờ tai như cc,,,
Linh Hoàng trong không gian thật tiên lãng hút thuốc lào nghệ an :v nhạc hay nhạc hay :v,,,
"Nếu nói thế thì các bác sang Mỹ mà sống, bên đấy dân chủ hơn, bắn nhau thoải mái, lâu lâu nổ tí bom vui cửa vui nhà",,,
bản chất thật của bọn Cơm Sườn ngày càng được công khai lộ liễu không còn dấu diếm như thời gian trước.,,,
"Nghỉ ăn bánh mì, báo NN giờ toàn thế không hè",,,
Trinh Tú Hà Võ cánh hoa nè 🤣,,,
Giọng tớ như cac haha 😂🤭,,,
Chấp nhận sự thật đi anhq,,,
Về nhà vợ ơi 😗,,,
anh lại xạo loz,,,
xóa kênh cũ trước đã,,,
Han Vo t đánh cđ này nữa kkkk,,,
Đi đâu cũng thấy :)),,,
Lấy nước dội vào màn hình đi con,,,
Lại cực phẩm của abe,,,
Sao k có đoạn này ta,,,
Hanh Viet bài thơ cực kì thuyết phục:)),,,
Cơn gió vàng trong làng chém gió,,,
Giờ mà bật lửa thì có phải là cháy không còn cọng nào không🌝,,,
Trúy Phèo,,,
Xem anh cứ phải cười cười này :)) Mixi cứ phải mười mười này <3,,,
rửa nách cho tiểu tiểu đi anh ba,,,
Thịt lợn tăng,,,
Nhớ đeo Huy Hiệu để được ưu tiên chỗ ngồi và bốc thăm nhé!,,,
Choy. Heu Minh said Mr Ba Coung con cu chua co los hahaha.,,,
Như Quỳnh Bệnh từ trong cái nhân cách rồi pạn🤷‍♀️,,,
Ông Trần Dần vui mà.,,,
Toàn Đặng 😚😚😚,,,
Khi bạn đang ngủ thì bị gọi dậy đi ì ven,,,
Tiểu Tiểu Đại Đại nữa bé Ba ơi :)),,,
Okei Abe nè =))),,,
Tao thích đấy!,,,
"Khi đam mê trở nên mệt mỏi bởi vấn đề tiền bạc, thì nó là một gánh nặng 😄",,,
"Cũng may ngày ấy Phần lan không được ""vinh dự"" gia nhập Liên bang Xô viết !!!",,,
Còn đây là hà nội...,,,
Mặc kiểu này là tao cá ổng vừa ỉa xong . Đéo thể khác được,,,
Hi hi là 1 trong 394 Fan cứng :vvvv,,,
Mấy thằng ngu dốt mà tại sao gọi bọn nó là nhà trí thức ?,,,
.,,,
Chị 2 của thằng phúc ox đó bà con... Cho em lạy chị 1 lạy,,,
Tao gửi cho chị minh hếu,,,
Tym đầu cho cmt của a <3,,,
Thu Ha con chó bằng bưởi là của bố bạn à :)))))))),,,
bài post này có nhiều quảng cáo 😂😂,,,
Lưu Tuyền cô đừng bán con này cô nhé 😢,,,
Giống nhau như 2 giọt nước luôn Thầy,,,
Nam Hoàng chị mình ở bển cẩn thận nha c =)) rượu chè ít thui he,,,
Ghi Ta nhìn phổng phao thế kia mà non xanh hả đẹp thế,,,
Tại thằng dân... Cái j cũng tại dân đmcs chứ t đóng thuế nuôi chúng m bú C nhau à,,,
Lon ma m nka,,,
Mini Tae dơ vcl,,,
Khau nghep nha chê,,,
Còn bạn gái em là hoàng thị loan nha thầy,,,
Chị 3 nói chuyện hay lắm,,,
Làm tư thiện người nghèo đc ko ạ,,,
Tết đẹp ý chứ,,,
....,,,
Hùng Ngô haha chuẩn đấy,,,
Dẹp thật mà.. Dễ thương quá,,,
A bảoo crush e gópp nướcc cho e Đi=))),,,
Ko thấy onl nữa thoy xobg,,,
Tao đéo biết,,,
Sắp dc đưa đi chữa bệnh bên mẽo :-),,,
Phúc Báo làm kiểu ta đây giàu đi chơi du lịch qua mấy vùng dịch chơi ấy mà,,,
Nguyễn Văn Nhạc đã thưởng nhạc của Nguyễn Văn Thạo,,,
Tiếc ziêng Di trùng,,,
Cực kỳ thuyết phục 😁,,,
Sống chết có số ae ơi.,,,
Yêu cô MH lắm luôn😙I love you chu cà mo :))❤️,,,
Hoàng T. Quê điển nhấn haha,,,
Mầy là ai mà phải ghép với m,,,
nứng chưa ae,,,
Ở một diễn biến cực kỳ thuyết phục,,,
"Ko phân biệt vùng thông báo bay( FIR) và lãnh lổ vùng trời. Ad đúng là ngu căn bản, ngu bền vững nhỉ? Tội nghiệp",,,
Ra hà nội hành trình từ vinh đi hết phố yên lãng mà ko tìm nổi streaming house để chụp một bức ảnh mà không thấy,,,
chuyện về con quái vật =)),,,
Các anh xin ghi nhận Sữ Lỗ Nực của em 🤣🤣🤣,,,
Kim Ánh em đùa tí. Làm gì căng,,,
Người ta mới live tream khóc lóc chấp tay lạy xin lỗi roi....nan ni tha lỗi roi,,,
Dành cho trai dam dang hàu biển ob,,,
nói hồi toàn lả của cãi của dòng họ chứ đâu phãi của bã đâu,,,
Hiếu Bùi sủa dơ,,,
Ngọc Trân tự cứu đc rồi 2 ngày là về,,,
Coi cười bệnh luôn,,,
Cuoc chien da bat dau nhung rat gian nan,,,
Nghe Honda nhưng lại rất Nhật Bản =)),,,
Đúng là chưa sang hập thụ tinh hoa văn hoá của việt nam bao giờ :)),,,
Duy Vâu đcm cà khìa vcl :))))))),,,
Khùng quá trời khùng.,,,
Loại nghiện game + săm trổ k có tương lai đâu nha,,,
Lót dép ngồi hóng ông trọng tài ra sao :),,,
Đây ms gi5,,,
Hãnh diện về ng thầy có tâm nhất của năm.,,,
Có râu kìa.. Lạy thánh này,,,
Anh có nghĩ nên thiết kế mặt lưng Logo Mixi lên võ nguyên khối cho dòng Ip6-ip11 không anh tôi ! công nghệ Lazer với Phun màu bây giờ dư sức tạo 1 võ Iphone Zin có Logo in hoặc dập nổi,,,
Sao kênh này chưa bay màu nhỉ,,,
Bài j vậy,,,
Chị ba nói hay quá,,,
Đức Trung tuần sau vô rồi hiểu :3,,,
Đến game cùi này cũng có học trò thầy,,,
Ngô Tấn Hưng địt mẹ. Nói đúng còn nói bự,,,
bình thường ông này cũng bị nhiễm rồi mà . hài,,,
ở đây em nhận oder iphone 11 trước nhé,,,
Nhin mat con mu nay giong lu tau khua,,,
nguyễn liêm nhầm lẫn tai hại,,,
🤣🤣🤣🤣,,,
Chế này đeo vàng đẹp nè .đeo Zay mới đúng là đeo vàng.con đẹp nữa kkk,,,
Minh Toàn,,,
Thầy thể hiện con susan này ở allstar nha thầy,,,
Bố Tùng :((,,,
Mới ăn hôm qua.ko biết là sam hay là so. 😣😣,,,
Vấn đề này thì xhcn hay tbcn đều có hết nhé,,,
Thương chị Huyền Mi lắm 🥴,,,
Toang thật rồi là 1 fan bóng đá buồn thật chứ ko đc xem đá bóng rồi: haiz,,,
23:30 cười ỉa chảy,,,
khi nào xóa kênh nhớ rì viu anh nhé!,,,
Chúc gia đình thầy 1 ngày chủ nhật yên bình,,,
Nguyễn Thanh Chiến đêm tỏ tình nha 😅,,,
No qua ma oi nguoi ta giau kg ai ma dem khoe nhu ma dau noi la biet no roi 2020 ruoc ma ve no dum nha con khoai dot phao,,,
Già mà non =))),,,
"Ai có Facebook hay mạng xã hội nào nhà tiên tri vũ trụ dùng k ạ,cho em link em follow ạ",,,
Vui tính ra phết nhỉ,,,
Nhìn có vẻ vô lý nhưng rất thuyết phục,,,
"thả tôm bắt tép ,rốt cuộc mất cả tôm lẫn tép,giờ khóc lóc",,,
chuẩn mẹ luôn 🙂,,,
Mat do đẹp quá 😍,,,
"Thằng AD này, mày điên à",,,
cận CL ! dân nghèo rớt ra xây cái nhà ga 900mil USD... 2` @@,,,
Anh Thi cho 3 vé,,,
Đinh Công Thành haha,,,
"Mấy chú mấy bác trị tham nhũng mạnh tay tử hình hết dùm, rồi lấy tiền lo cho dân đâu ra đó thì đéo có thằng nào rảnh phản động đâu mấy chú mấy bác ạ.",,,
Phong quá khen 😂,,,
Trung đẹp đấy mà đéo ngầu bằng tao đâu 🤪,,,
"Cùng lắm thì mình về quê, mình nuôi cá và trồng thêm rau <3",,,
Nhìn số like mà sướng tím người😆,,,
Sai lầm lớn nhất của tuổi trẻ,,,
Nói dung hay Sai nhưng mà koa lời nói mạnh là OK,,,
căng...,,,
Dành cho DLV đòi link đòi xác minh :v,,,
Hhhh,,,
816550474,,,
thuyết phục cực kì,,,
Cho t hỏi cái trong tay chị ấy đang cầm mua ở đâu :)),,,
Toi ma biet cong tu kinh doanh cai gi thi tay chay san pham do .that xau ho,,,
Nghi việt nam đứng thứ 03 lắm 🙂🙂,,,
Nguyễn Hoài Mong mv mới của jack ý mà nhạc thì như trên,,,
"tụi hq này bắt trend trễ z,mấy chục năm trước ở VN đã có trend này r :)))",,,
Cảm ơn cc,,,
Nguyễn Quốc An thầy ba stress mấy giờ z tụi xem vs,,,
Tự do ngôn luận mà hở ai nói trái ý mấy má là mấy má nhảy đành đạch ... học người ta kìa luôn học hỏi tiếp thu ý kiến cho dù là ý kiến bất đồng như vậy mới phát triển được ... bọn mày ai nói khác xíu bu vào chửi này kia rồi dlv này nọ ... quá bôi cho bọn mày,,,
mong bác yên nghỉ 😢,,,
Loại mày trước sau gì trời cũng đánh mày,,,
Đả cẩu bổng pháp của tổng chủ đang triển khai vô cùng lợi hại 😤,,,
ホアン ラム・ m ko tin akhah ??,,,
Mời em về với tộc của anh :))),,,
Đời mà chii,,,
Bố tôi đấy hả các ông,,,
Liverpool lại không vô địch sớm 8 vòng đấu được rồi,,,
Độ tày :))),,,
Chúc mừng anh Ba :)),,,
anh tôi =))),,,
Trung bá zoe,,,
Nghĩ ít thôi =)),,,
Qúa hay,,,
Cười chết được,,,
Cực kì thuyết phục 😄,,,
Cái mieng con linh loc  ik nhu cái lon trau,,,
Huyền Khánh Phùng giống bố hồi nhỏ phết,,,
Văn Hùng m là người làm ra trend à :)),,,
Từ chối lớn 😣,,,
Sống thực tế đi bà già,,,
Thôn thì làm j tới mức đó đc nhỉ ??,,,
"Phương Vy đừng vầy nha mại, mặc dù t hề hước với m nhưng hãy tội nghiệp thằng ck m nữa chứ 🙂🙃",,,
Ánh Dương anh Độ nói thế mà :V,,,
Ôi tiền!,,,
Tùng sói cute dễ sợ,,,
Có anh Cọp cũng đo buồn lắm,,,
"đoạn cuối sai sai ta, t cứ tưởng mụ phù thủy sẽ hóa thành 1 cô gái xinh đẹp để sống cùng chàng trai mà ai ngờ lại hóa thành trai cao to lực lưỡng 😅",,,
Ngủ đang ngon bị lôi dậy đeo khẩu trang cáu ông bà già thực sự,,,
Đưa về VN bằng máy bay riêng thì nó ở cái tầmmm :)))),,,
Chửi bậy cũng có phải có văn hoá !!! page này giải trí vĩ lòn. Thích thích,,,
Hẳn là chị Tiên e chồng Hà Tăng,,,
Bà hổn láo quá,,,
Mọi người đều xanh... trừ thầy :)),,,
Ông Dần nói như con vẹt ấy ! Không biết có thoát covi19 không mà dám nói sẽ về VN  vài năm tới - nghe hài ghê !,,,
Nói về thương mại tiger nude cũng hiểu 1 chút đó,,,
Lê Hoàng Trọng bác cho tui xin vd đc k bác,,,
Đạt Nguyễn chó là bn ko phải thức ăn 😂😂,,,
Chả liên quan nhưng sinh xong e bé như con tự kỉ ... Được bà chị đọc cho nghe bài của Thắm mà cười rung rốn !!! Thấy thoải mái hẳn như tìm lại chính mình ý... Tks page nhé 😍😍😍,,,
Trong Nguyen Nồn còn đẹp hơn bài này 😂😂😂,,,
Đéo phải ông già mình đâu các bạn,,,
Ủa tưởng vậy là ngầu à :v,,,
Vì mèo Tôm em có thể lăn lóc bò trườn để đc xem:((,,,
Ngồi yên để thầy kể về 1 huyền thoại :)),,,
Xin hân hạnh giới thiệu nghệ sĩ hài số 1 trong làng esport việt,,,
đúng là cuộc đời ...hài vãi,,,
Nguyễn Thanh Chiến đêm tỏ tình nha 😅,,,
Này đẹp hơn,,,
"3. điều mà ai cũng biết, xây dựng ở vn luôn gian dối, từ lúc đấu thầu cho tới lúc lắp wc",,,
Âm tính nhé 🙂,,,
Tùng ngoan lắm nha mọi người,,,
Nó tập ở đảo nhà nó liên quan đéo j đến VN? Hay chúg mày nghĩ toàn bộ đảo ở quần đảo HS lẫn TS đều của VN?,,,
Chi ba vàng ngọc từ bi quá,,,
lại đêu,,,
Khúc Hương Giang dẹp mẹ đi ra tết ai chơi :) để coi tết được dô chơi zới m,,,
"Khi quay lại sẽ tốt hơn , vì học hỏi được cái hay của nước ngoài",,,
Đm thua vcl :)))) phim hài à :)))) Troll vcl,,,
Mình éo có ip nên test trên android nhé :v,,,
bê quá,,,
mà nhập code này là đc 2 huy hiệu luôn à ??,,,
Clm thầy,,,
Ánh sáng của Đảng sẽ soi sáng cho chúng ta,,,
Đức Huy vô nghe thầy giảg bài nha,,,
Trend đó việt nam tụi tao dùng lâu rồi,,,
Phùng Ánh Nguyệt Phùng Như Quỳnh Ngọc Ánh Yến Lê Triệu Minh TOàn KÒy Hạ Anh làm đc không các bạn vào bờ thôi,,,
"Và chúng nó nghĩ rằng đây là ""Sáng Tạo"" chứ ko phải ""Ngu Si"" hay ""Giết Người"" 😡😡😡",,,
Ngó mệt,,,
Đijt mẹ thằng ad phản động tuyên truyền vớ vẩn,,,
Nghe vô lý nhưng lại thuyết phục vl :))),,,
Nguyễn Kiên 3 que là sao ạ,,,
Có hiểu quá cảnh là gì ko?,,,
DLV ngu lol lại còn lắm đứa hùa theo thể hiện đầu óc đúng là cặn bã. Lại còn lắm thằng bảo Việt Tân tài trợ Phan Anh nữa chứ.,,,
Tộc tưởng phải đứng giữa hai chị đẹp gái kia mới hợp lý hơn không=)),,,
"Hóng thánh, Đầu xui đuôi lọt",,,
Kiểu này là toang thật rồi,,,
Trung Vũ VIẾT HOA bts LÊN,,,
Giàu mà xài tiền giả,,,
vinahouse anh 3 :)),,,
Linh lốc cái mỏ như cái lồn,,,
Anh trung vô diện,,,
"Chuẩn luôn, ko thích theo dõi FB thì bỏ theo dõi đi. Theo dõi ng ta mà ko chấp nhận những gì ng ta đăng vậy hoá là sống giả tạo ah.",,,
Nhìn khó chịu vch.,,,
Elipsport Trịnh Đức nó nói nghèo có nhau ... bác hiểu ko :)),,,
MCVMedia bà này đeo vàng nhiều quá nhg ko biết có phải vàng thiệt ko đây🤪Hay giống như ông gì lúc trước đeo toàn vàng giả🤪 Nhìn màu sắc sợi dây chuyền giống như Đồng ( Cu ) vậy 🤪,,,
ok gionf,,,
Vu Mai Huong ớ,,,
Sói sẽ bán bộ PC nếu live trym đủ 100k view nhé,,,
"Đọc cười như khùng giữa khuya,ck tui mới tán tui sml kkkk",,,
Mốt thấy ạc treo trên shop :)))))))),,,
Ông nói : ông là cố vấn của TT Trump  vậy trong lúc dịch bệnh khó khăn như hiện tại thì ông làm được gì cho người dân Mỹ ? Hay là ông ngồi tréo cẳng mà nói dóc ??,,,
Hoàn Thành anh được ưu tiên mà :)),,,
"Mo mom ra biet ngu.nghi sao dung tu nhin,",,,
đóng con cặc nhé!,,,
"GẦY lâu năm, Gầy kinh niên, ăn ngủ kém, cơ địa khó TĂNG_CÂN. Ib m tư vấn, 100%",,,
Abe tính cả rồi đánh VCSA xong bán suất trả nợ cho sena,,,
đưa dùm cái quyết định sử phạt sinh viên ko đóng bảo hiềm dùm nhá. đừng có sủa bậy ở đây,,,
Bác Lân cứ dụ bác Dần múa thần quyền :vv,,,
Kiều Trung Kiên tướng mới YaBa 🤣🤣,,,
Gọi là báo nhưng chúng là bồi bút của lũ cướp nên chúng tiếp tay cho bọn cướp,,,
E,,,
"Gel rửa tay khô mini đi ạ , chỉ từ 70k/c . hàng chuẩn usa 🇺🇸",,,
Trung Đinh ...,,,
Clear hương bia tắm không biết sạch không nhưng hơi say,,,
Đan Độ =))) 🤣,,,
Xem mèo tôm bị bản quyền là bay jeenh đấy,,,
978781847,,,
Ae cẩn thận đừng lái máy cày sau khi uống rượu nhá,,,
Mạnh Phúc lũ súc vật. Quê tui 😭,,,
Lại đc phát triển tắm sông du lịch,,,
"Đm trang này phản động mọi người ạ. THP là doanh nghiệp nhà nước làm gì có chuyện sai trái bao giờ, bọn nó đào bùn lấy cặn đấy.",,,
Nhìn chị em ko biết lgbt đâu,,,
1 từ: cút🖕🏻,,,
Bả nói gì vậy mọi người😂,,,
"Khổ bố lân ép cụ quá ,nhưng phải nói cụ còn khỏe và sung lắm ,chứ đâu có lởm khởm như đào tụt quần và phan kỳ nhông",,,
Nguyễn Bảo Nguyen Bao Minh lời hứa năm xưa,,,
Bọn bò đỏ ngu hết thuốc chữa! GDP của vc phải 15 năm nữa mới bằng Thái lan !,,,
hop ly vl,,,
Đang say nhỉ,,,
Nguyễn Trọng Hiệp :))),,,
Sn 97 bán hàng 10 năm bán hàng từ hôi 13t hả má,,,
Căng rồi đây,,,
An vao là ko sống đc tôi 100tuoi đâu nhé,,,
Chị ba là mẹ của cẩm sục kẹc,,,
Chị ba tiền chị như miếng giấy chùi lol em ne mặt chị xấu hơn lol em nữa ne chị ba chị sủa nhiều vậy em ko cần đồng tiền vơ bẩn của chị,,,
Chinh Nguyen vấn đề là chị giàu,,,
Đoàn Duy Diện ké địa chỉ đi bác :<,,,
Hai chục nà,,,
Bởi vậy khi gậy như ý quẩy xuống biển cá tôm chết hết... nghi án tôn ngộ k đang ở hà tĩnh,,,
Toang cmnr top 4 chưa có mà lại thế lày :)),,,
"Vì đâu mà họ phải làm thế, Con giun xéo lắm cũng quằn ,",,,
Vu Thuy Bich Vy cai nết ia md ne =))),,,
linh vật :v,,,
Huyền Khánh Phùng giống vl,,,
Vì những bài nhạc vàng là bất hủ...,,,
Da.n ban khong trung. De bua nao qua Cali thu*? pho^?i ong Tr D coi trung khong. Co chem thi 1 nhat thi 8 Tr D cung di doi thoi.,,,
Chúng ta sẽ hát Tộc Ca vào mỗi thứ 2 đầu tuần =)),,,
"Sản phẩm chất lượng để phục vụ một lũ “cực kỳ thuyết phục” bị di căn giai đoạn cuối quả phí phạm. Toàn bọn bại não, thoái hoá văn hoá. Cứ tưởng thế là hay ho.",,,
Như lày cơ :'>,,,
Chơi đồ mới có sức đề kháng tránh dịch,,,
"Dm cái luật ở việt nam sửa đi sửa lại chúng nó vẫn rút đc kinh nghiệm hết lần này qua lần khác . Tốt nhất là cắt chức hoặc tử hình đéo nói nhiều với quan chức , tụi nó nhiều tiền chạy án lắm",,,
Mini Tae cai l,,,
Coi cười rụng nụ,,,
quàooo đỉnh kao gheeee,,,
"Chỉ cần chặn từ bức tường vt 17 ,nam Bắc phân ranh sẽ trả lời ngay ai cần ai ????? Để bk k phải nuôi nk như bọn chúng từng lếu láo .Hiện tại nk đang bị ĐÔ HỘ bởi bk ,thế mà mn vẫn vui vẽ vì cảm thấy mình k đủ NÍ nuận đành câm như hến để nhờ ơn ỉa đái từ bk",,,
Hồ sơ đăng ký sao ad,,,
Chị ba giúp đỡ e chị,,,
Tranh biếm họa,,,
Bh ms hết dịch nhỉ:((,,,
Ly Ly tạo 1 kiểu ik Ky,,,
Thầy có hướng nghiệp nghề này hông zạ 🙄,,,
"Nguyễn Loan bạn đừng bùn, anh mình chỉ khoe là anh có nhìu quần thui",,,
Bo truong cho,,,
khóc hết nước mắt 😂😂,,,
Ơ post này không thấy cà khịa anh Bom nhỉ :)),,,
Thầy tui còn đi đóng phim nữa mờ :))),,,
Muốn bán hàng thì phải là chủ cửa hiệu,,,
Vũ Thị Trang Nhung Idol nó phải khác,,,
Bùi Trường Singed nữaa =)),,,
Chị linh đẹp mà duyên,,,
Cảm ơn thầy vì tất cả!!!,,,
Mạng gì cũng .... 😥,,,
Mộc Ca hoặc là nghĩ Bo là nít ranh hỉ mũi chưa sạch =))),,,
Chẳng caption đụng chạm tới lòng tự trọng của thằng trộm vặt thớt ấy mà,,,
chủ 3 tiệm bánh mì a ưi🤣🤣,,,
Vie Nguyễn đâu đó thấp thoáng hình dáng c ấy k hà,,,
lớn mấy tuổi đầu rồi nói cho như thằng ko não ??? Vẫn cố làm trò ngu si của mik để câu view ??? Não cá vàng éo hiểu sao đc lm youtuber :)) bệnh hoạn vkl chửi cho càng bị bệnh nặng :)),,,
"Sua cap thi lien quan den bang thong quoc te, chu noi dia van bt. Ad ngu ngu :))",,,
"Phạm Trần Nhật Quang Anime đã vào đâu mà đòi rút, chắc có Nả hay Bi Rồng gì thôi.",,,
Chúng mày không đi chơi với người yêu à .,,,
Tuổi đó mà làm lãnh đạo ở VN thì chắc chắn là”rau sạch”của sếp....😂,,,
Thi nhau add =)),,,
Thầy đang quay tay nha mọi người,,,
thông đít hàng ngày :),,,
Ngọc Hiềnn buồn thật sự!,,,
Sars với Corona giống nhau à?,,,
"Nó có ở sài gòn đâu mà tìm, chán thật,",,,
"Có 3 loại ng t k nói chuyện : công an phường , công an giao thông và nhà báo .",,,
Đáng iu,,,
Thu Hà phải có bà k hay chứ má chả lẽ hay hết 🙄,,,
Hài lòng del đâu,,,
Học cái tính của thầy nên clear bị z á,,,
"Chú toàn ơi ,video con còn nha con ác phủ vậy chết luôn đi Cho đỡ kẹp đất 😡😡😡",,,
Cực kì thuyết phục 😅,,,
Hicc :<< ừ thì mình hong có tiền mua rep nhưng mình đủ tiền mua brand Việt dùng sướng vl chứ hong phải hong có giày đi ạ :<<<,,,
944560327,,,
Bon oc cho .ng gjup caj nay nguoi giup caj kia....thay ng ta dc nhjeu ng men mo thj quay ra can dit noi xau..,,,
Hết r :)),,,
Hahaa cừi ỉa,,,
Ghé fb mình xem váy đồng giá 195k đi ạ,,,
Ra tết đi bộ đội thì tóc tai quan trọng gì,,,
Anh độ là người thiết kế iphone 11,,,
Cứ mỗi tháng 1 lần đăng lại băng này cho nó lên núi luôn.,,,
Người ieu cua ai bắt về dùm đi cảm ơn ...cho nó hút khí bot dien,,,
Học sinh úc ùng ục đấy anh ưi 🤣🤣🤣,,,
Thật đáng trân trọng. 1 người dám hi sinh thân mình để bảo vệ mọi người,,,
quay lại như ỉa ra ăn lại,,,
Ơ cái đêch. Thất đức qúa! Nhân qủa thôi,,,
yêu abe 3000,,,
Phạm Văn Công căng nhỉ,,,
Nguyễn Minh Thừa ở nhà ngủ nghĩ m ư,,,
Bớt bớt lại đi tạo nghiệp quá đi à😒,,,
Sau này em sẽ đ cho con em xem mèo tôm đâu anh ạ :((,,,
Nhà tạo mẫu tóc Độ mixi,,,
Tết đến rồi,,,
địt cụ m thành lê nhé,,,
Hoàng Hải Quân vẫn giả dc đó ông,,,
Ý thức như cđb 😀,,,
Việt Hải chuẩn,,,
Cực kì thuyết phục!!!!,,,
Ok thay`,,,
đm may thay gê qá,,,
30% hiểu và họ lên tiếng,,,
Nhất định sẽ thắng❤️❤️,,,
Rich quá thầy ơi,,,
Quỷ xứ ghê hà,,,
a làm tháng có 7 8 triệu thôi . A nghèo lắm 😩😩,,,
Quỳnh Trang em chồng Tăng Thanh Hà,,,
Toàn Phạm thế cơ ak,,,
Trường An đang bên xưởng cơ khí nè,,,
Cái này thì tao tin,,,
"Ai ở Hà Nội thì cẩn thận nhé n dùng Thuật Thôi Miên , đi zip đỏ biển C",,,
chỉ đứng dẩy là thành ca sĩ đc rồi. Thế mà đợt trước a Bảnh về đội chắc giờ làm ca sĩ nổi tiếng đéo phải đi tù ý nhờ,,,
Ai đây,,,
Xin vd,,,
anh ló mặt ra đối thủ giết hết!!,,,
Suốt ngày đi làm ô xin như con chó bên mỹ mà bị đá dập mu 2 lần rồi nên đi đái cũng khó sợ nó nhức,,,
Sống chậm lại nào các bồ tèo :)),,,
Hoài Thương khúc sau có bài chị thik kìa,,,
"Edit lại như này 3 người đỡ bị đơ, may ghê.",,,
Huy Nguyễn Thảo Sillylovely Thùy Dương haha,,,
yêu tùng ❤,,,
Nghỉ phép dc lương đâu ko thế? Này là bị nghỉ chứ ko phải xin nghỉ.,,,
Hoàng Xuân Tâm thứ lươn lẹo🤣,,,
Beat hôm livestream hay hơn chứ nhỉ,,,
Đức Phạm cái này hay vl,,,
"h cái gì cũng ngàn tỷ, oày :3",,,
A3 bị chúng lời nguyền rùi,,,
971547339,,,
Ai lớp du chu cà mo 🥰🥰,,,
toàn thanh niên nghiêm túc :v,,,
Vui quá chừn :))),,,
Xin ông Cho biết nước Mỹ chừng nào hết nặng Việt trở lại bình thường với ổng cảm ơn ông,,,
"Thật ra cơ quan nhà nước ko có đứng về phía THP đâu, họ troll đấy! Nhà nước VN vui tính lắm :v",,,
Đùa t 20 tỉ t làm cho vẫn dư tiền ăn chơi,,,
Uong nhieu vi di..no hai..cho..cai..than..toan thuoc..tw..ko,,,
Cố lên các bạn ơi,,,
Thú vị,,,
Cmt kiếm lại fan cứng :),,,
tai bã như tai trâu mắt thì mù nên ai nói gì mặc kệ :v,,,
Huy Hoàng Hà Trang,,,
hay anh oi,,,
Ngoại tình vậy mà thầy nói mẫu mực 😕,,,
Nhị Thắng hay lắm bồ tèo tao cũng định chửi,,,
con mẹ mày thằng chó đéo đáng làm bố. mẹ mày,,,
giống vcl :)),,,
kkkkkk bị bà tam cung dụ hết mớ rồi nên lên đâu dám nói sợ ngta chửi ngu như chó kkkk,,,
"Ko dong,lay tien dau de sua ong nuoc SongDa",,,
Cô ơi cô đã hơn họ rồi . chửi chi cho mang nghiệp co ơi.,,,
Anh ơi bao giờ anh stream trên youtube thế :(( huhu,,,
Du ma nguoi Vietnam sang my khung het tron,,,
Gặp tao đấm không trượt phát lào =)),,,
Ok thầy nha,,,
Mất cả kho điểm free @@,,,
Clear lo được nha anh Beee,,,
hong hiểu chứ rảnh hay có drammar cứ lôi anh vào :)) anh hiền chứ tụi tao đâu hiền,,,
có thẻ rút kinh nghiệm mà lo gì,,,
Sự thật đáng sợ đằng sau bài rap về Mixi Gaming =))),,,
Nhìn giống ba nó cực kì... mà đẹp trai hơn ba nó,,,
Thậc sự,,,
Tran Manh tiền đâu ăn cua hoàng đế. Cá rô đó ng ae,,,
"Tài Vương phim hồi hộp, nhưng cũng dễ đoán, nói chung phim về quái vật thì phim này đc coi là ok ruig",,,
Ai cần giải thích 🤷,,,
Nhựt Minh kỳ 😒,,,
nhớ đem giáo án này dạy cho các bạn bên đó nha thầy,,,
Tại sao lại đến mức độ này? Chắc hẳn ai cũng biết,,,
Sau nho qua ha chi k nge đc chi oi e đang nge chi noi ne ma nho qua ha,,,
2 mẹ con đông ng spt nên cùng nhau report chăng,,,
Ai là bà của con?,,,
Dân đánh trộm => đi tù => oan quá tự tử.,,,
May mấy ông không đến tận chương trình ngta hò :)))))),,,
lâm khah chi hoi ko có duyen ne,,,
"Đúng òi..mới nổ xong lấy gì không ""cháy""...:))))",,,
Hôm qua xét nghiệm ra âm tính rồi hôm nay mới thấy đăng bài?,,,
"Chỉ cần bi nhiu đây thôi, sông tô lịch sẽ sạch, mũi dùi dư luận sẽ quay hướng khác.",,,
Toang x2,,,
Tết này chắc không có nồi thịt heo kho rồi,,,
Phan Tiến Đạt thấy con akali chiều nay chưa 🙂,,,
"Thời đại h làm j còn giang hồ. Toàn tụi lưu manh, chó sai cho công an. Vì đồng bạc bán rẽ lương tâm. Dùng từ Giang hồ thì xa xỉ quá.",,,
Thầy ba cũng có 1 captain,,,
Thời gian nhanh như chó chạy ngoài đồng,,,
Love cô chu cà mo 😘,,,
Nứng nứng nứng à,,,
K-ATM Cao Lãnh belike:,,,
Yêu cô Minh Hiếu!!!,,,
Chắc  nó  bán  ế  nên  tạo  phốt  để  kéo  lại,,,
tại sao hành hạ thầy như vật phải đánh mạnh lên sela oiii :<<,,,
chủ 2000 ha tôm alaska với cua hoàng đế 🤣🤣,,,
abe 20/10 vv,,,
Phải nói nể mấy bố edit thật nhận dạy đệ cho e theo với !,,,
Làm đường sắc ngoài bắc thì người ngoài bắc gánh mà trả đi nhé :),,,
Vy Le -_-,,,
chị lùn mà😶😶,,,
"Con linh cá lóc nhìn là biết đep vàng giả, vàng thiệt gì nhẹ tưng vậy.",,,
Chời ơi tui cười chết,,,
"Chính trị là trò chơi mà nước nào cũng có kể cả mỹ, quan trọng có đấu đá để diệt bớt quan tham lạm quyền chứ thật ra k bao giờ hết.",,,
Tiền ship mà 6/700tr wtf ???,,,
"Vậy là sắp bị bom rơi đến nơi rồi à. Thôi, bán hết nhà cửa sang mỹ thôi, nhanh kẻo kịp",,,
Ơi cô em cái miệt dzường,,,
Cao Đức Huy :)),,,
"bạn có thể im lặng, nói ra lời này làm gì để ng ta khinh bỉ ba mẹ bạn. thành thật chia buồn cùng gia quyến của bạn.",,,
Cập nhật tình hình nước Úc lúc này :3,,,
e đây a,,,
Coi thôi cũng ức chế :vv đm chơi chắc đập luôn,,,
Nv Hải đúng r,,,
Nghe vô lý nhưng rất thuyết phục,,,
Khai giảng cỉa e đây,,,
đc vãi lồn a ơi,,,
Chính phủ cho đóng cửa tất cả các chuyến bay sang nước ngoài.và vào vn.cho đến khi hết dich.nhưng vậy thì mấy chống được dịch.,,,
Cài cho cô lên top 1 đi mọi người,,,
vcl haha,,,
Hủy hoại nền âm nhạc VN là đây,,,
xác minh là comcom có đăng.,,,
Bà giàu sao bà gạt người ta,,,
Thì tức nhiên tui là tức nhiên cái con virut là tức nhiên corona tức nhiên rất nguy hiểm,,,
Lan Vi bão,,,
Má ba đẹp quá trời luôn,,,
Điểm danh đê,,,
Anh kêu lương tháng 7-8 triệu sao chơi cả cua Hoàng Đế thế 😂,,,
Haizzz 523i à dm tui lại có 530i nó mới đau hiccc k giúp ông đc rồi,,,
Quả tóc không khác cây lau nhà bị hư :)),,,
Nhạc jack nghe nhiều lần mới cảm nhận được.. Bài bày hay mà.,,,
"Ta đi trong muôn ánh sao vàng, rừng cờ tung bay! Rộn ràng bao mê say những bước chân dồn về đây. Sài Gòn ơi! Vững tin đã bao năm rồi một ngày vui giải phóng. Ta nghe vang như tiếng Bác Hồ dậy từ non sông! Rạo rực sao hôm nay, Bác vui với hội toàn dân.",,,
Aba mới tung video cực hot nè.,,,
Idol tuiii,,,
Con mẹ mày trốn học thầy tao qua đây khịa cái gì đây 😁😁😁,,,
Duyên Suk mấy lần định cmt nêu ý kiến riêng mà k dám. Đợt lâu rồi có cmt xong cno 1 lũ vào cắn theo đàn luôn. Sợ quá 😱,,,
Có đéo đâu chỉ khoe của người khác thì làm cái lồn què gì,,,
Nguyen Cao Tuan hay,,,
Hết hồn chưa =)),,,
Tom Nguyễn đà nẵng ổn ko a ơi,,,
Đùa chứ nhiều lúc không hiểu nổi cảm xúc hiện tại của mk ra sao luôn,,,
Xịn vl,,,
Thầy Lol bữa kêu ko reaction nữa sau vụ Hương Ly r mà😂😂,,,
Hồ Văn Kiệt bạn có biết khoảnh khắc kì diệu này ở video nào ko ạ?,,,
trần dần à tiên tri cố vấn gì mà ăn mặc như thầy bói cha đạo vậy sao ông khg làm bộ răng đả hỏi tiên tri vài ý nha ông có biết mình sau này ông hỏa táng hay địa táng khg va ông chết ở nước nào sống mấy năm nữa tiên tri cái coi,,,
Các bác nhanh thế,,,
Nói câu hài vl,,,
Nói thì bị chụp mũ ngay là nhồi :((,,,
"Buồn của \"" Anh \""",,,
Nguyễn Thanh Thúy acp tuii,,,
Tránh ra để t bắn chết mẹ nó......,,,
🤣🤣,,,
Riêng lần này tao cười vào mặt cả lò nhà Diva haha,,,
"Mấy người lý luận, dịch k phải do chị Nhung đưa về đâu rồi ? Mấy ngày trước đã gặp chị Nhung để chúc mừng chưa ?",,,
Xin video với bạn ơi,,,
"Vừa giỏi vừa đẹp trai, cháu mới 21 thôi mà yêu chú luôn ý",,,
Chắc panda vui 🙃,,,
"Anh ĐỘ, khi nào stream chơi Tarkov lại ko anh :))) em sẽ hướng dẫn những cái nào anh chưa hiểu",,,
Xao lon qua,,,
Thân gửi anh,,,
7-8tr đô :)),,,
Lê Chánh Huy vl nhật văn mình dữ v 🤣,,,
"Khi 2 đứa tự tin về tài chính không phụ thuộc bome , khi đủ khả năng lo cho gd của mình , nếu còn bên nhau thì cưới thế th",,,
Có làm mới có ăn nhé,,,
Like,,,
Nguyễn Đăng Duy :v,,,
Hưng Tee,,,
abe moi' noi' cl gi` v ?,,,
"Khùng ,,,",,,
Tưởng thắm bán page ????,,,
nghe rất iphone nhưng lại samsung,,,
Này là Đế quốc quẫy muốn chết chứ ở đó rẫy chết :)),,,
Em Nhi 🤣🤣,,,
Ý thức không bằng cả Huấn râu gì. Chán,,,
Ở Việt nam người ta kêu bóng khùng,,,
Nghĩ đến lúc anh k còn stream nữa thì buồn nhỉ:(),,,
Anh tai hay danh hài?,,,
A Di Đà Phật,,,
Trang điểm đẹp nè chị,,,
Áo đẹp vậy anh be,,,
Bảo sao mỗi lần sắm đồ gia dụng là cứ phải qua nguyễn kim mới chịu :P,,,
Xẩu hộ cái Thắm ới !!,,,
bạn hiểu như ntn là phản động ??? mà dám nói bà con biểu tình là phản động,,,
Đưa a Độ về bắt ít gà Tày làm khô gà bán cho các ông đấy,,,
Anh không hiệu,,,
Hai cái bánh mỳ tại sài gòn,,,
Lâu rồi mới gặp IDOL chúc idol nhiều sức khoe vượt qua đại dịch,,,
Xem zu tip trần dần trong Wc ko nhịn đuoc cười 😅 sấm trạng trình của ông dần mãi không thấy thiêng nhỉ.,,,
Trung thu namw nay ngoi nha buon vc chi mong ai ruoc em di cung :((,,,
Nhìn ngok nghếch vcđ,,,
Em cũng chúc cả nhà anh chị một kì nghĩ lễ thật vui vẻ ❤️,,,
Idol lên sóng diện thế😂,,,
Nghe đến đoạn cuối thông đít nhau hàng ngày 😂😂 buồn cười vcl,,,
"Cảm ơn nhà sư.những nơi # thì_,thà lang thang thế này còn hơn vào trung tâm BT cho các loại quỷ đội lốt người có cơ hội ấu dâm😭",,,
vu thuan 🤣🤣🤣,,,
Không được cười Không được cười Không được cười Không được cười Không được cười,,,
Có chiếc hơn 1 nửa,,,
Nghe rất vô lý nhưng là độ mixi,,,
Nói mấy người nghèo cho chết đói. V trc đó gửi đồ về cho minh hiếu làm từ thiện dell gì,,,
Tặng jack 🤣 hú hú,,,
Huy Hoàng xàm lồn ít thôi.,,,
Đây là thầy giáo ba. Đẹp trai Vl . Ý tau là thằng ở phía dưới góc phải đó,,,
Chú tư toang thật rồi!,,,
thay im me mom di,,,
Mỗi ho k có đờm gì hết r hqua lại mệt,,,
giờ mới 2020 mà ông này đã kêu là 2022 tôi đã về vn rồi - tôi về 572 lê quang định. 5p45s .  lão này về bằng cỗ máy thời gian của doremon ak,,,
Chúc bộ tộc Mixigaming năm mới vui vẻ ❤️,,,
Trần Thu Huyền đc,,,
Chúc bản thân thi tốt và chúc các b bằng tuổi thi tốt,,,
"Trần Hứa Như Quỳnh ai rảnh, t bận lắm 😪😪",,,
Lê Hải Long K phân biệt dc gia súc và vật nui hả b . Có đi học k bạn ?,,,
Mơ đê,,,
Từ bi mà chửi đụ má đụ mẹ,,,
"Thay việt nam = 4, thái lan=2 vào phương trình trên ta được:",,,
D m thắm ơi cho em vào lại không sợ chó Đi em sai rồi. Hôm sau em k giám chúc mừng năm mới nữa huhu,,,
T đọc mà t tức á,,,
Ở nhà mà hỏng tai nghe đéo dám xem,,,
Có đi cùng chuyến bay với bệnh nhân 21 không vậy?,,,
Ý ad là nó hỏi sao k quay video bme nó tập trận ý mà,,,
Hoa hồng thì có màu đỏ🌹,,,
Điệp khúc buồn của a áo xám 😂,,,
"Ai ở Hà Nội thì cảnh giác , n có Thuật Thôi Miên nhé",,,
oki yêu thầy,,,
Hehe,,,
chạy qua Nhật,,,
"Độ Tày "" cười đi con để còn nhận donate """,,,
Yêu Cô Minh Hiếu❤,,,
Da thị ba,,,
"Lê Tấn Tài thế là cày view à , ngu lồn á mày",,,
Nguyễn Trọng Hiệp nước mũi hả chú,,,
Tự nhiên nghĩ lại thấy đẹp trai cũng là cái tội ae ạ,,,
Có ai đó hỏi tôi những điều này và tôi đã trả lời tương tự :)),,,
Con này sao mà mất dạy quá,,,
Thầy tui còn đi đóng phim nữa mờ :))),,,
Dạo này vào đồn CA về hay bị TRÚNG GIÓ thế ......!!!,,,
Tập hay nhất từ trước tới giờ luôn,,,
Noooooooooo,,,
Abe lớn thật ròii ông giáo ạ,,,
Mong thầy đem susan hay poppy cướp red tái xuất gian hồ thêm lần nữa. Dấu bé ba =))),,,
Đúng là có edit vô coi cười sặc á 😂,,,
Cô cho tiền góp...cần làm từ thiện lại thật nhiều nha cô...,,,
hay vl anh ưi,,,
"Mong nhà tiên tri  luôn luôn khỏe mạnh, tránh được dịch bệnh.",,,
như buồi thầy ạ :)),,,
Tấu hài cực mạnh từ Abe :>,,,
"Chào các anh chị em. Anh chị nào bị hôi miệng, vàng răng, ê buốt răng ,nhiệt miệng ,chảy máu chân răng, nhà có trẻ bị bệnh răng miệng như sâu răng, viêm lợi,nấm lưỡi thì e có CỐT THẢO DƯỢC dùng thay kem đánh răng cho cả nhà kể cả trẻ nhỏ. Cam kết hoàn tiền nếu k hiệu quả .ib hoặc gọi 0382840132",,,
Đầu nè @.@,,,
Anh trung dại khờ,,,
đeo cái loa vào mồm con gà a ưiiiiii,,,
Con Việt kiểu DL Tên Linh Cậu,,,
Nguyễn Thêu biểu tượng của bông hoa:)))),,,
Bà cũng thiệt tình ge giờ chưa có cho từ thiện toàn mấy anh mấy chị cho không ah,,,
Nguyễn Thuận clone sủa cc gì em,,,
"Bởi ngta nói \""làm gì làm cũng chỉ nên tập trung vào chuyên môn thôi!\"" 😂",,,
Chưa bao giờ thấy MC cười nhiều như vậy,,,
Còn sức còn chơi 😎😎,,,
Ánh Nguyễn mua cái mà mặc,,,
Mai koo dc lam fan cung :<,,,
"Nếu cụ đừng theo bọn tàn dư 3 sọc thì cụ về Việt Nam vô tư, cụ sẽ cảm nhận được tình thương đồng bào trong nước.",,,
mẹ nó sủa nge mà thối qúa trời,,,
Òa là thầy giáo lại vừa đẹp trai lại chu đáo mê quá đi à,,,
khác mỗi cái nốt ruồi duyênnn🥴,,,
Cười vô mặt mày một cái... cặn bã ạ... hãy tự biến mất luôn đi,,,
Chán Chung =((,,,
Da chua cô ba oi,,,
Hong Vann Thì anh tôi mà 🤣🤣,,,
😿,,,
Dỗi á :)) no no no,,,
Giống G-Dragon như hai giọt nước. Khác mỗi cái mặt🙂,,,
Mới nhìn tưởng cs Cẩm Ly kg àh☺️,,,
Dân ngu cu đen thôi mà .,,,
Bị môi a khóa ngay😂,,,
Còn cái video lời hứa này thì sao thầy ?,,,
Tết không nhạt đi. Chỉ là chúng ta không còn là những đứa trẻ nữa =))).,,,
"đcm cái bọn ""Animal"" ""TAND BT"" ăn tiền nên mới xử như vậy.",,,
anh ba làm lại giáo án yi đc ko abe <3,,,
Lê Văn Đạt 😭😭 cô giáo tự ở nhà luôn ko dám ra ngoài cửa nhà nửa bc,,,
Hay quá k tưởng 🤣🤣,,,
hay quá b ơi,,,
Quốc Rym làm bằng thép việt nhật .,,,
Sa béo nhìn ngấy vl :)),,,
"vậy thì cần source nhiều lắm ông, phải đi thực tế mới đáng tin ông ạ :3",,,
Chắc trêu =))),,,
Xin link Facebook của hiếu minh,,,
Mều Siu Nhơn why :))?,,,
Nguyễn Hữu Thiện,,,
Đc vãi đái anh ưiii,,,
Thầy câm mẹ mồm đi không em đấm cho bây giờ,,,
đến nơi chưa anh ?,,,
Nhà e bán nước hoa bim bim nhé dùng xong chắc bê l chạy tiếp ý chị ;)),,,
Trên tream nhìn nhỏ hơn,,,
Tú Nguyễn  nước hoa mà tính vài trăm ngàn thì lấy đâu ra loại tốt b.,,,
Hải Yến Đ care cmt làm gì??? :))) Ô ai hỏi m à? :)))),,,
Đẹp trai như thầy thì đ có ai mua ?,,,
Đất nước sẽ đi về đâu vs những thằng ngu như admin page này -_-,,,
ĐM thằng thớt page này đúng là thánh tổ lái kiểu đéo gì nó cũng quay đc.Phi tên lửa bằng mõm ít thui k đang Lái Trên Đường bom nổ chết mẹ mày đấy.,,,
"trần dần bị nhiểm vi rut khùng, he he",,,
Nó triết lý lắm nhưng từ ngữ lại ứ thể share được,,,
Tôi đang mong đợi sản phẩm kế tiếp của J97,,,
Số 6 số khổ 🥺,,,
Vô đây coi là được liền nè mấy bợn,,,
Trường Quang Thái,,,
Mặc áo đó stream đi abe,,,
con dầy ăn chết hon,,,
"Nói thật bài này làm hơi thất vọng, cái bóng Sóng gió quá lớn chăng",,,
vay cho con cháu du học xây nhà mà :v,,,
Vl,,,
Giờ này ngta ngủ hết r thầy ơi . Ai ngủ rồi điểm danh phát,,,
Lãnh Thần ơ duma:>,,,
Cố lên Việt Nam!,,,
Chi ba noi dung cho em cai vietheo 200 nha di ba so 0373393999,,,
Đồ khùng ...coi chừng con cháu ông pà của pà .... ở địa ngục chờ pà.....đi  coi chừng xe pắt chó pắt,,,
Tài Tấn Trần bắn chết đứa nào trốn cách li :),,,
"Mn ơi có ai có fb cô bảy miếng đất ko ạ, ko ai fb trên video ạ",,,
Minh Hoàng ghê ghê. Top r ông êi,,,
Việt Nam đi trc thời đại,,,
Đm bọn thuyết phục xl,,,
được a,,,
Thanh Hoa nhiều cánh hoa tạo nên (Thanh)Hoa,,,
"Nói thì hay, n lúc thực hiện thì chán vãi lồng.",,,
"Nghe mà thấy nhục nhã, ăn nói vô học",,,
cười gượng vl =)))),,,
Ngày nào tui cũng nghe tin là thêm 1 bệnh nhân lo lắng thật sự 😞,,,
Sự trùng hợp :)),,,
Nguyễn Trọng Thái xạo lol vừa thôi,,,
"Mv mới của anh rất tuyệt, sẽ mãi ủng hộ anh ❤ anh Tùng M-TP 🥰",,,
Sơn Tùng vẫn yên ổn nhé. Ai nghi ngờ cách ly luôn rồi. K bận lắm thì về nhà đỡ sợ,,,
Ba gà lên tầm cao mới,,,
8 củ chứ ít gì :),,,
0969779003 gọi lw,,,
dỗi thật sự..,,,
Hoàng Xuân dễ bị lộn zs con so lắm. Thôi nhịn luôn cho chắc nheng bác,,,
Đó h tưởng 2 phai,,,
ở trời Âu nó k chữa cho nên về VN. sau có thành tài thì cũng về VN đóng góp cho nước nhà nhé các thánh :),,,
Theo mình thì treo cổ lên chứ đừng nguyền rủa......,,,
"Không ăn thì bạn cũng không có quyền cấm và chửi người khác đâu ạ, thượng đẳng ít thôi",,,
Sai lầm lớn nhất là mong mình lớn thật nhanh :v,,,
Địiiiiitttttttt...... Quả đấm thép đây sao 😟,,,
Tân Hiệp Phát ah ^^,,,
Hà Nguyễn,,,
Tùng sói thíchhh ghee nta có ảnh ọt là vui r,,,
cờ đỏ sao vàng đây nhá,,,
Chào cô minh hiếu cô lam  ăn khấm khá quá xin  cô giúp cho anh mượng số dốn jam ăn cám ơn em,,,
Ad bảo em rất có văn hóa nhé,,,
hổi còn xem cái bài đi ăn ốc cùng con hạnh và gặp anh nyc :)),,,
😆 nghe mắc cười quá,,,
ngủ đi thầy ơi,,,
Làm đéo gì có vụ thắng kiện phải trả án phí . Ngu người 😟,,,
"LAP LUAN DUA THEO SAM KY CUA ONG TRAN DAN CO LY LAM  VAY  THI TEN LUAT SU HOANG DUY HUNG NOI DO MOT TEN QUAN NHAN TINH BAO  O WASHINGTON GAY RA,  XIN CO AI PHAN BAC TEN NAY.",,,
Cáu vl,,,
"1 chai Tommy chính hãng tao mua 96 đô, 1 chai Giò trắng là 98 đô, cái nào cũng gần 2tr3, đâu ra nước hoa 150k mà thật nhỉ",,,
❤️❤️,,,
Thanh Phấn nghỉ vậy rồi sao ra 12 nhở,,,
Lại bảo ghép :v,,,
Cô chững chạc hơn nhiều r 💛,,,
Lê Phát Nguyen Cao Cuong Khoai Lang Phan Lương Trường Linh Chang Chang nhớ nha :))),,,
dỗi vl :v,,,
"Nên nhớ đất nước nầy, tài sản nầy là của dân tộc, nhân dân Viết Nam chứ không phải của cái đảng CS. Cái đảng nầy như cơ quan quản lý. Quản lý không xong thì để người khác quản lý chứ đừng lỳ cái mặt bám ghế làm cho đất nước ngày càng lụn bại tàn mạt. T",,,
Ai biết tên nhạc cho xin,,,
AE ĐĂNG KÝ KÊNH YOUTUBE CHÍNH THỨC CỦA HẢI NHA,,,
"Tú ông ngu suẩn nhìn mặt và thái độ sặc mùi ""âm hộ""",,,
soái ca :)) tên ngon :V,,,
"Đi qua Ý cách ly đi anh à, đúng chuẩn Châu Âu 🤣",,,
"Chửi hông lại tức quá ngủ hổng được,thức tới sáng luôn 😶",,,
Chàng trai vs điệu múa bê bết,,,
Đoàn Sơn Tênh chơi,,,
Xem Tom và jerry đừnng xem mèo tom nữa :)),,,
- cả 2 cũng chỉ ngu như nhau thoii khỏi so sánh :)),,,
Nhìn cây bút là hiểu r hén,,,
Khiếp ((,,,
Ông cóc nào chế hình độc thật...,,,
Cô nói chuyện dễ thương ghê ❤,,,
đắng =))),,,
Thằng ad chắc theo công giáo nên suốt ngày thiên đường,,,
Stt ngu mức này còn cop lại được. Đm,,,
Cón mẹ may ko day đk may ak ma ko co van hoa ak,,,
Cho e xin fb chổ chi làm chi đẹp nha chi hieu,,,
Okeere,,,
Tài Duy liu liu tài k biết khánh phương ahihi,,,
Anh ba reaction bài của cô Mina đi,,,
Thầy còn chưa có tiền mua quần áo mới nha mấy đứa,,,
Không nói được gì,,,
Đánh nhà cho a :)),,,
M cầm đầu đi ad,,,
Tập này cj Lâm Khánh Chi đẹp mà nhìn thấy hiền dễ thương ghê,,,
Kiếp này coi như bỏ,,,
deo,,,
:)) abe lam susan 0175 de dau ik,,,
Vco chui hay qua,,,
10 năm trc =)),,,
Thầy bói🙃🙃🙃,,,
Má trang hay là má trang hả a ơiiiiiiii 🤣🤣🤣🤣🤣,,,
"toàn lũ con cộng sản mà, được ưu ái là đúng rồi",,,
Chửi một bị đánh sao chời... chửi cả một đất nước thì có người còn thương chớ,,,
Con này đang tụng kinh hay đag đọc ráp vậy trời,,,
Sỉ nc rửa tay khô 95k/300ml,,,
Bò đỏ nó yêu thương bố tàu còn không hết mà ghét gì chớ,,,
Hằng Bắp mình ăn thịt mà. Có ăn rau mấy đâu,,,
Nhà linh ở Hậu giang.khong phải ở Sài Gòn.,,,
cần alo bốc lịch 🤣,,,
Hello abe,,,
"Làm vậy chi vậy, làm vậy chi cho chúng chửi vậy",,,
Hồ Văn Kiệt bạn có biết khoảnh khắc kì diệu này ở video nào ko ạ?,,,
"2 từ giống nhau ák bạn, tùy địa phương, tùy người dùng thôi",,,
Giang Duy Lu Xu Bu thik e nao?,,,
Câu cuối cùng chứng tỏ ông Trần Dần thật sự sáng suốt và yêu nước,,,
ko lai trym à anh,,,
"Ai ko biết nhục thì có thể cười thật tươi cũng được, đó cũng là 1 cách giải quyết khó khăn :)))))",,,
Giao ma sao già vay,,,
"K muốn game, k muốn phim, k nhạc và cũng không thể ngủ là cảm giác ức chế nhất mà t từng gặp",,,
Nghĩ làm gì nhiều cho mệt đầu =)). Về làm ly ngũ cốc xong đập bốp đầu vào gối ngủ đến sáng mai dậy làm tiếp thì sao mệt đc :)),,,
Vĩ Phạm tấm này m đẹp nhất r đó,,,
Mình hiểu uống sao không tan mỡ bụng chị  Ba vàng  Ngọc  cũng  giàu.   Hóa cho  nên đồng. Hùi hụi cho tới tháng  tám,,,
nghe thì thuyết phục nhưng khi đọc lại thì rất thuyết phục :))),,,
"Ủa thắng kiện phải trả án phí hả. Cứ vay tiền ngân hàng không trả tới lúc nó kiện xem, vừa tiền nợ tiền lãi tiền án phí cũng hết mẹ tài sản",,,
Dm! qua đợt dịch này thì thằng sống ích kỷ này chắc sớm gia nhập juventuts,,,
Nguyễn Thị Hương Nguyễn Hương Sen đây,,,
"chắc sắp tới bóng cười được đại chúng xã hội hoá ! khí vừa sạch, ai ai cũng cầm quả bóng tung tăng vui tươi .... quan trọng là ai cũng cười ngặt ngẹo trông rất là hạnh phúc và lạc quan ! đúng tin thần của đảng và nhà nước !",,,
Khánh Vy hình như m tag lộn người ó 🙂,,,
Lê Thảo mà cai đó đê thử thuốc hả m. Thử vacxin hả. Hay là bị nhiễm xong trị cho hết chơi t hơi sợ sương sương. Kkkk,,,
Mà nhiều thằng đắc lợi,,,
Thằng điên.,,,
Đúng ý t ghê 🤣,,,
PhẠm mạng m lag chứ chậm cc,,,
Trần Thảo nhiều chút đấy:))),,,
Huong Nguyen :)),,,
Thôi đi má,,,
"chúng ta càng nhân nhượng, bọn chúng càng lấn tới... Câu nói của chủ tịch Hồ Chí Minh vẫn còn vang rõ đến đời nay. Mà sao đối sách của chúng ta ko thể làm gì đc chúng sao?",,,
năm mới nghèo theo cách anh Ba,,,
Vé em này bao nhiêu ạ thầy,,,
Nó lại hợp lí vlone,,,
Ai mà kêu con sam k có gì ăn thì chắc chưa ăn bao giờ =))),,,
Anh chỉ được ăn cơm với cá,,,
Việt Nam vô địch 🎉,,,
Yes yes yes =))),,,
Dạng háng bắt Sele buscu chứ gì thầy 😍,,,
"Chị oiem mem chi lắm em muốn nói chuyện với chị ,tâm sự với chị du chi một lần nhà chi",,,
Cực kì thuyết phục😂,,,
Chuẩn vl chứ còn gì nữa :((,,,
Những hình ảnh bạo lực của người HK vẫn còn in đậm trong tâm trí của chính tôi.Cảm phúc ý chí và sự đồng lòng của họ.Thương lắm các cháu vẫn chưa đc trả tự do.Mong cho các cháu đc bình an.,,,
Đề Văn mai ra . A chj hãy nêu cảm nhận của mình và phân tích về hiện tg streamer Phùng Thanh Độ (Độ Mixi) hiện dk nhiều giới trẻ yêu thích. Câu 5đ,,,
"Đm có mỗi con đường cho mays chị em buôn bán , con đường cho mấy anh em mua mượn .... vậy mà giờ biếc cố xảy ra ... không biết mấy chị em còn tâm trạng đứng không nữa ... hay lúc nó rớt xuống sợ rớt mẹ lồn ra đường thì khỏi làm ăn gì luôn .",,,
Có ai thấy khá giống đầu của Jadon Sancho ko nhỉ?,,,
bất biến :)),,,
Cmt dạo để được fan cứng :)),,,
Thuy Anh :))) quá được ý chứ,,,
dường như cô không muốn MXH và Fan tung hô cô nữa :(( thấy hơi phũ với fan,,,
Phong Hoài chỉ cần một cái khoác tay tôm tôm... công ty chúng ta đã bị phá sản thanh ăn mài bank,,,
oki yêu thầy,,,
Bảo Yến từ mai t không chửi m.mất dạy nữa,,,
Tùng hỏng :)))),,,
*Tham nhũng kì diệu*,,,
mà nhập code này là đc 2 huy hiệu luôn à ??,,,
Dân InDo đù mé. Vậy rốt cuộc là nam hay nữ...lần sau làm mờ V1 đi có khi lại hay hơn 😂,,,
Tiệp là ai tao ko cần biết nhưng mày nói như lol,,,
vài trăm nghìn luôn chứ,,,
Ò ó o,,,
Phú Nguyễn kế hoạch 20 năm😂😂😂,,,
"Nếu vậy thì mấy ông CSGT ra đường làm gì cho ""bẩn áo"". Mấy ông mà mà người xấu hết thù ở nhà là xong. Có thế một phát là VN lại ""một ngày đi một trung đội"" như năm nào...",,,
Ayane Harukana.,,,
Đốt nhà cực mạnh :)),,,
một mình tao chấp hếttttttttt,,,
Vl anh ơi 🤣,,,
T thấy Khánh Chi nói chuyện chớt chớt sao á ta,,,
Lầy's Suspi's,,,
A nên sắm một chiếc ik tộc trưởng😂,,,
"Ông bảo trọng nha, ông đi xa chúng t buồn lắm.",,,
trong khi tôi đang lo stream thay ông thì ông lại ăn chơi đua đòi bên Thái à- Sói said :v,,,
Chị của Châu,,,
😊😊😊,,,
Ảnh bên trái là khi a độ đi phẫu thuật thẩm mĩ,,,
Có bao nhiêu tao lấy hết,,,
Thần đồng Phùng Thanh Độ,,,
"Cc gì zậy ô già , để cho mấy đứa nó ngủ coi 😳😳",,,
Nhìn a độ hồi xưa chất phải biết :)),,,
Tiếc hùi hụi vì miếng đất nước kìa,,,
3 bài mà cứ từ từ :3,,,
Trần Duật toang thật r,,,
Ý nghĩa của trend năm nay là DỊCH BỆNH NÊN ĂN LZ HẾT RỒI 🤧,,,
Giang Thanh Đạt Đú Đẫn Quang Trung :)),,,
Fb minh hiếu nha,,,
Ae sống chậm lại đi 😁,,,
có ai biết best nhạc này không ạ cho em xin :)),,,
13 tuổi là bán hàng rồi á hả. Thời gian 10 năm không phải ngắn đâu dễ nói ra dữ,,,
Lên Ti Vi cũng không quên trả tiền.,,,
Ko xây lấy gì ăn :)),,,
Còn ở VietNam thì là cánh bứm,,,
mày nói nhiều mày sẽ bị bắn đó là tấc nhiên rồi,,,
"t thề là t rất ghét bọn dân quân trật tự. trật tự thì ít, hạch sách thì nhiều",,,
được đey 🤪,,,
Chậm thôi dnn,,,
Nói thì nhiều làm chẳn được bao nhiêu kém học thức quá,,,
"Khấu Mỹ Ngọc, Er Chen, Ngoc Suong! 🤣🤣🤣",,,
Dụ má,,,
hôm nay GAM Thua nữa thì lập kênh Thầy Giáo LMHT Tốc Chiến và Thầy Giáo Thẻ Bài nha,,,
"Ủa mới ngày nào”Mày nhắm làm lại chị em t hong”mà h kỳ dzậy,trước khi có mấy cái vàng đeo trên người là bà bán bánh tráng?",,,
Ngày mai là anh Độ bắt đầu rải tiền 🤣 anh em cứ gãi đi,,,
dỗi,,,
Nói sai văn phạm câu cú rồi ông Chung à !,,,
I love u chu cờ mo :))),,,
Mày chửi thì mày nhắn mẹ đi :)) xạo lồn,,,
chơi là phải chơi ngàn tỷ :v đại gia dân đứng sau chống lưng mà lo gì kk,,,
Tử hình,,,
Nói hổng phải nịnh nhưng mà Cao = quê pro đẹp thặc,,,
bít này viết có hết mực hông ad?,,,
Thần kinh tọa,,,
Duy Hưng ngày về còn xa lắm 😒,,,
Xem ku tùng đầu tiên luôn =))),,,
Gáy nữa đi =))),,,
Việt nam yêu cầu các nước khác không can thiệp vào công việc nội bộ của Việt nam!,,,
"đất nước mình như tảng băng chìm. Loạn lạc quá! ba mẹ đi làm quần quật kiếm tiền , các thuế phí xăng thì tăng vùn vụt mà lương thì không thấy tăng, con cái đi học thì bị bảo vệ/ thầy ..bạo hành, lạm dụng td. Bị phát",,,
"10 ngàn nè, 2 chục nè đi đường quyền hông",,,
Cay thế nhở ☹️☹️,,,
Đuổi mẹ nó đi thầy,,,
Phát  hiện  nhân  tài  quá  muộn  rất  tiếc  cho vn,,,
Trang Chủ Tịch Đã Thích Hình Ảnh Của Độ :)),,,
Đúng r..,,,
Tên bán nam bán nữ,,,
Chị Hiếu nc vui quá trời! Cười vỡ mồm!,,,
😮😮,,,
Vẫn ko quên nhắc con ba vàng mã :))),,,
"Mai Han Le Ngoc, Võ Thế Nguyên, Tuấn Anh Nguyễn Thị nhớ nha hônnn hihi",,,
Được anh ơi :)),,,
"Thương Xiu hãy trao cho anh 25,8 tr sau 24h ừ thì jack đạt kỉ lục mọi thể loại 🙂",,,
"AE NÀO ĐAM MÊ KÈO BANH BÓNG THÌ QUA TƯỜNG ÔNG Tuấn TommyTHAM KHẢO KÈO, KÈO LÊN HAY VKL, CÓ LINK FB CHO AE NÀO CẦN THÌ VÀO",,,
Sợ nó nói với đám bạn của nó và mình trở thành trò hề cho chúng nó :)),,,
Hợp lý anh eiiii <3,,,
lí lẽ rất thuyết phục:))),,,
Chửi cái l linh cá lon,,,
"Trần Vỹ không biết nhục mới đi đạo nhái, những thằng fan là nhục gấp đôi vì hâm mộ thằng đạo chất xám của ng khác",,,
Danh Nguyễn Anh Khôi thấy chưa ? Cánh hoa đó khong phải cái kia đâu sáng t cảm ơn đưa v còn ch chịu,,,
Ae sinh đôi,,,
Hôm nay bỏ liêm xỉ ra xin 1 like AVATAR ạ !!,,,
Phạm Minh Duy hóng từ fan cứng,,,
Mua ở đây nhé các ông,,,
Hà Nhật đang ở nhà ko thì đi đi :))),,,
hơi tiếc k có ny xem cùng :(,,,
Đói chưa mày.,,,
cho e hỏi đường lên thiên đường cơm sườn sắp tới chưa ạ chứ dân trả phí cao quá,,,
đừng trù Gam nữa thầy?,,,
"Cần gì tâm sự, làm ván pubg r đi ngủ sớm chuẩn bị đón chờ ngày mai khoẻ khoắn",,,
"Đấy, người cá đấy :v",,,
Vinh Vo bún riêu,,,
Học sinh úc mà chơi vậy đấy,,,
Nói nhưng họ đâu có thích mình,,,
Kiều Trinh hôm qua t xem cho jack rồi nha😂😂,,,
Clip có bác Dần là chắc chắn view cao:),,,
"Đâu còn gì để chống chế các bạn nhỉ, tiền thuế đóng vào để phục vụ quan :"">",,,
Có khùng quá thì chết đi,,,
Từ từ thôi :(((,,,
chi dep lam qua tuyet voi luon chi oi,,,
Mai Lúm có thật k 🙄,,,
Táo quân năm nay người đóng vai ngọc hoàng là Idol Lộc Fuho phải không mọi người? :)),,,
Tổ Sư Bố Con Thần Kinh :))),,,
Đinh Phúc Thịnh Lan Thy ngày ấy của m nè :),,,
Xoáy,,,
Nhây thực sự kk,,,
Haizzz thằng này nguy hiểm,,,
Khi vào game anh như sát nhân đối thủ ló mặt là anh giết hết :v,,,
Clear mái tóc xanh sạch đẹp :v,,,
Hoàng Thịnh a về rồi đây🤧,,,
Mù mắt em r thầy ơi,,,
Sang hết đây :)),,,
Đẹp trai k abe :v,,,
Khóc con cak:)),,,
Nó bảo mk chờ r nó yêu thằng khác🙂,,,
Non quá thầy ơi,,,
chị minh hiếu nói chuyện quá duyên và vui.,,,
Ko có tiền thì mk quảng cáo trên f,,,
Hai anh em :),,,
Đm chú chửi ai thế? Mai nghỉ việc cho đỡ căng thẳng nhé!,,,
"Tram Nguyen ũa, nó thích ia thôi chứ đâu có chây chét như mấy con đó :))))",,,
Con này thì có cdg mà ăn?,,,
1tr súp rồi nhớ giữ lời hứa năm xưa nha thầy,,,
Thuốc lào phê hơn 😂,,,
Tóc có thể mất nhưng nốt ruồi không thể mất 😂,,,
Nhìu khi k hiu cái gu thời trang của nhà giàu nó như nào 😂😂😂 mà cũng k hiu nhà thiết kế nào lại thiết kế một tác phẩm như vậy 😂😂😂,,,
ai có link beat cho mình xin đc ko ?,,,
Đỉnh cao trí tuệ của cán bộ đảng cộng sản Việt Nam là đây...,,,
Sống nhanh vậy mọi người,,,
Nói chuyện thì đeo khẩu trang zô anh ưiii,,,
"Cuối năm rồi, mai mồng 1 đừng chửi nữa. Nghỉ ngơi ngày đầu năm hey :) k thôi xui cả năm",,,
Cầu chúc cho bác Dần sống thọ 100 tuổi để còn phục vụ nhân dân trong nước tuy bác ở hải ngoại.Rất thích Bác Dần luôn.,,,
còn đây là idol của tui :v,,,
Chúc bác trần dần thật nhiều sưc khoẻ để bảo vệ đất nước.,,,
"Dit me cai quy trinh,vao cap cuu deo co tien,deo bao hiem thi nam do di.",,,
Khoe 2 cái quần vừa mới đập hộp. 😂,,,
Quỳnh Sên e đẹp xinh ko cần son phấn,,,
"Mẹ bạn chửi hay qá, lần đầu t xem một cái clip chửi mà hay tới như z, nghệ thuật của chửi là đây, hay qá trời hay😂👍",,,
Ông Trần Dần nói đúng đấy! Tôi cũng đang nghĩ như ông là Trung Quốc sẽ trả giá rất đắt đối với Mỹ và đồng minh sau vụ đại nạn corona virus này.,,,
Rất là ... 😑,,,
Ông trần dần ko tiên tri nổi cho ô năm 75 phải bỏ chạy nên ô mới mua nhà năm 72,,,
Nguyễn Thị Luận cho nghỉ dài hạn r nha 😂,,,
Dang Khoa Nguyen đã bảo nói nhỏ thôi k nghe.ông thấy mấy đứa tự nhục vào sủa chưa,,,
Ong Lân ôi ong xảm quá hi,,,
Đặng Cẩm NhungMai LinhUyên Linh,,,
Fc nè,,,
Ghê á,,,
Ăn cơm với cá mồm tanh chết mẹ thơm người ta không vả vào mồm thì thôi 😂,,,
Tran Phuong Lieu Ở thế có chầm cảm,,,
Nói í thức như đầu buooi thì lại tự ái.,,,
Những cái chó gì mà của bọn vc Hanoi nói hay ghi chép gì cũng là bố láo cả ! Vì kinh nghiệm hơn 70 năm,,,
đù má thùng rỗng kêu to,,,
Móa đang ăn bún mắm xem bài quyền tao cừi sặc 🤣🤣🤣,,,
Cực kì thuyết phục 😂,,,
dốc bác cổ có theo dõi ko :)),,,
Em sẽ đến đơm cái lỗ nhị thầy đêm giáng sinh🙃,,,
Mấy thánh bắt ng vi phạm ntn là các thánh cũng có hành vi vi phạm bất thường rồi nhé..đứng kiểu a hùng núp tnày thì chắc chắn bắt láo mà k có kế hoạch r.,,,
reaction đi thầy ơi,,,
"Các bạn win custom, vui lòng screenshot lịch sử trận đấu và inb về fanpage để thầy phát thẻ cào nhé!",,,
An noi chuyen do van hoa vay ma than tuong,,,
Su Nhân Ngoc Thuy Le Linh Núi coi đi đồ zô zăn hoá,,,
Nên share rộng rãi,,,
"nước sông chảy mạnh, quá nguy hiểm, cầu cho các bé luôn bình an",,,
"ông anh mới đi Sing về kể, sự khác biệt cơ bản nhất là nv sân bay Changi thì luôn tươi cười vui vẻ, còn nv TSN thì như cái mền :v",,,
quá đc lun anh ưiiiiiii.,,,
Vũ Thanh Tùng chịu thôi,,,
Giọng cô mina nay nghe kỳ vậy :)),,,
hơi buồn nhưng mà k sao!! vẫn mãi iu RF mai lại thấy a Độ Sờ chim rồi =)),,,
Á đổi cap nhé,,,
Èo =)),,,
Dương vật của team :)) à em nhầm linh vật ớ lại nhầm linh hồn :)),,,
Vâng anhhhh,,,
Chuẩn thế nhở 🤪,,,
Đập chết cmn luôn,,,
Ủa ông này là ai z mọi ng,,,
1000 like,,,
má fong rộng z ma la ngột ngạt me nó,,,
chị có tặng bọn em miếng đất nào ko chị MC best cơ hội 🤣🤣,,,
Khi mày muốn mặc quần tây nhưng thằng stylist lại đưa size nhỏ 😂,,,
Không nhốt vào thạ ra lại chạy lung tinh 😏😏,,,
Nó cà khịa cụ kìa :<,,,
"vẫn mãi là một nước đang phát triển , và lạm phát ngày càng cao",,,
rick kid :v,,,
Vương Thị Ly nghe a Độ chia sẻ bí kíp để có bộ tóc đẹp l lộn kìa :)))),,,
Clear xin hân hạnh tài trợ chương trình này,,,
"Nên mua các bạn à, điện thoại sài tốt phết đấy",,,
"Cộng sản toàn lũ tư tưởng độc đảng, Qua bên mĩ còn tư tưởng độc đảng như CHINA",,,
Ở 1 nơi khác,,,
Má  ba vàng Ngọc nói quá Chất  quá hay  sdt của con 0921507879,,,
E cảm thấy rất bất công khi nhận được danh hiệu fan cứng mà k làm gì cả,,,
clm =)),,,
Cố lên ABe ơiii em tin tưởng vào TAM KÊ SBTC,,,
Sợ quá sợ quá phải ban nó thôi :((,,,
"Trọng bộ album VCD "" ĐI VỀ NƠI XA "" hay lắm giáo ơi ! 😍",,,
Chị ơi tiền đó chị để làm từ thiện đi chị,,,
"Sau này con hỏi Đây là ai , t sẽ từ từ làm bi thuốc lào thật sâu , xong làm ngụm nước và ' ngồi xuống đây bố kể cho mà nghe về 1 huyền thoại của thời bố ' =))) .",,,
quá đỉnh luôn ae à,,,
Võ Thị Quỳnh kk. Kệ lun. Chẵng lẽ cả đời k dài ra tóc đen 😂😂,,,
Trình độ mẫu giáo trường làng mà bày đặt làm tiền tri đó sao? Ông này ở vn người ta gọi là ông lên bà xuống,,,
Ở cùng một diễn biến 😆😆,,,
"Đào Mạnh An bên nó ai bị hoặc nghi bị thì tự cách ly tự điểu trị nhé, nó còn không cho xét nghiệm cơ, chỉ khi nào bạn chết thì nó mới khám nghiệm để kết luận có do virus hay không, ở ngoài đường mà đeo khẩu trang bọn Anh nó còn đấm vào mặt cho chứ ở đó mà điều trị",,,
Thuy Anh m còn nhớ ảnh lớp 9 không??? T bắt trend trước đó,,,
Ông đi đâu mà lạc sang đây đây,,,
Bi Béo Ú công nhận ha,,,
"Khi một cánh cửa khép lại sẽ có một cánh cửa khác mở ra cho ta, ngoài anh vs anh Chip ra thì các thành viên khác vẫn còn rất trẻ vẫn còn nhiều thời gian để lỗ lực để tập luyện trau dồi thêm kinh nghiệm mà 😇",,,
Cô ba vàng Ngọc cây cầu trong háng,,,
From Mixi With Love ❤!,,,
Sắp đc 1 năm r :v,,,
Quả nhạc thốn đcđ,,,
vualonemlabaonhieu cm,,,
Chi co the chi em xin so dien cua chi duoc khong,,,
😂 cười i a ?,,,
Nhanh khỏi còn về đá wc🤣,,,
Anh Trung Giả Kim 😂,,,
"Hãy nói cái thằng cha 21 đó,toàn đi ăn nhà hàng chơi tennis, đi tá lả",,,
"Người Nhật bây h ai cũng đẹp mũi cao hết ad ạ, căn bản là họ cho lai với ng âu đặc biệt là Mỹ",,,
"Đừng lấy lí do trời mưa nên ko stream đc nha anh già , anh trốn việc hơi lâu r đấy =)))) kệ con mẹ giải đi , mấy giải Thái Lan ai mà thèm , em chỉ thèm giải ao làng của anh thôi",,,
"co ba oi tang con 10trieu xai duoc ko co ba con kho lam hihi,",,,
Phá hết đi rồi chết. Cuộc sống thật mong manh,,,
Ai để ý cái đầu bút giống đầu ấy kh,,,
chất anh ưi,,,
Dm =)),,,
Qá dễ thương,,,
làm gì có fan cứng làm gì sống nhanh như mấy ông vô ý thức hihi,,,
Nga Tran lom dom :)),,,
Ncc,,,
"Xem dc 1/3 toàn thấy nói đạo lý, chả có đéo gì bổ ích",,,
Đoàn Văn Ngọc Sơn abe nhái bản quyền rồi cụ tổ ơi !,,,
Đáng sợ:))) thả tim cho abe❤️,,,
"Hanh Viet ở nhà giúp mẹ giúp cha , ở đây soi soi mã cha chúng mày :))",,,
Khung qua linh oi tôi sau ma Khung nua,,,
Dạng háng bắt Sele buscu chứ gì thầy 😍,,,
Abe đang lm clg thế?,,,
giống con cặc🤣🤣,,,
Bài này thật sự ko lọt tai một fan như em,,,
tao cũng đéo tin 😂,,,
làm giáo án xóa kênh đi thầy,,,
Hoa Vi èo tiếc vãiii tớ ở SG :(,,,
Trần Thị Ngọc Anh hơn giống loài tỏ ra thượng đẳng trong khi chả biết củ lìn gì.,,,
Cười sặc cơm,,,
Hàn quất gáy sớm ăn j :)),,,
Bây giờ anh trả lời cho tôi biết Hoài là con nào?,,,
Vũ Dung nó là cánh hoa nha m,,,
@Chipo TV gì vậy nhỉ. Cùng hình ảnh khác tên thôi.,,,
Ba dung toi bac ky la ba toi so rui nhe,,,
Phương Minn mãi mới thấy có người đồng quan điểm. thật sự nhai không nổi,,,
Coi cười toét mồm =)),,,
Haaaaaaaaaaaaaaaaa.,,,
Ngọc Ngân cuối cùng cũng có bạn suy nghĩ giống mk . Lỡ có tai nạn thì ai dễ chết hơn. Xe may hay ô tô ?,,,
Cà khịa pew,,,
Quỳnh Như chưa có hình lấy đâu ra up liền 😂,,,
Cô tui đỉnh quá ><,,,
Anh bar .,,,
Countdown cực mạnh =)),,,
lắc lắc lắc lắc mixi,,,
Trần Sang bếp trưởng đấy à,,,
Vô cùng thuyết phục,,,
database lấy từ thiên địa à :D,,,
Khi bạn muốn mặc quần nhưng k kéo đc khoá 🤣🤣🤣,,,
Hợp lí vl =)),,,
Có 1 bé này rồi mà xem xong muốn làm đứa nữa quá =)))),,,
"Chửi đi rồi ở Đài luôn nhá, vác cái bản mặt về e bảo đảm luôn là mặt vs mũi chị tăng size liền á😏",,,
Nào cưới cũng phải đi chụp ntn nn,,,
ê cho máy tỷ xai chơi coi,,,
vcl bôi cứt mũi,,,
Đầu có ít tóc mái cứ phải hất hất cơ....😂😂😂,,,
Năm mới thầy còn chơi bê đê nữa không thầy ?,,,
trời đất nào chiếm tiền của nhà nước mà thề ! nhưng bị cáo thì có! và quan trọng là tiền của nhân dân chứ nhà nước làm đách gì có tiền ! nhà nước chỉ giỏi phá tiền thôi !,,,
Đág yêu thật sự,,,
thầy giáo ba và cánh tay đắc lực,,,
Abe căng =)),,,
Ủa tôm :v,,,
Khách hàng là thiệt,,,
thế này thì sống làm sao,,,
Thối nát.đkmm,,,
"Bát gia công Louis Vuitton , mì hãng Superme , đũa Gucci , tôm hoàng đế 1kg 2tr3 tùy chỗ , chưa tính set đồ , balo sương sương cũng vài tỷ :((",,,
Cô ơi cô giao thì cô giúp đỡ cho người nghèo đi cô,,,
hahaaha thầy là thầy đấy,,,
nghệ sĩ nhân dân hài liên minh,,,
Dơ quá,,,
Abe là một huyền thoại 😉,,,
"Nếu tính ra toàn bị ở ngoài nước không chứ không bị trong nước , nước mình vẫn phòng dịch tốt phết đó chứ đùa",,,
Phim dở vl ạ hihi. Nữ chính đơ hơn nữ phụ,,,
Phải con được một phần nào cũng đỡ 😑,,,
Chỉ thích nghe câu:” Chúng ta sẽ chiến thắng như dân tộc VN nhiều lần chiến thắng” ❤️❤️,,,
đọc page này rất thư giãn :))),,,
Ảnh thật đó mấy cha ơi,,,
Mỏ này là mỏ gì đây mọi người :))),,,
Minh Hoàng chill phết,,,
Bạn mới sàm đó,,,
Con nào cũng ăn tiền từ thiện hết....,,,
Bảo Tín 😵😵 khiếp quá,,,
abe làm hết mà 🤗,,,
"Trông khổ vãi đái, mong bác quay về với tổ quốc 😢",,,
cố lên chị gái của em <3,,,
"Hahaha tiên tri? Hahaha tiên tri mà cũng dung sai từ. Đây không phải là con trùng, mà là vi khuẩn corona.. tiên tri nên đi học lại thì dung hơn",,,
Trư Bát Giới ngọc trinh dáng ngon mà cái mặt t thề nhìn tắt nứng,,,
A nghĩ sao về quan hệ đồng tính,,,
Thi hành án tử thì khác gì cái thoòng treo trên cổ chúng nó... mẹ tổ cha bọn tham nhũng,,,
Lương tháng chỉ có 7-8tr nên chúng mày thông cảm. Trước anh Độ bảo có nhận quảng cáo nào đâu. Sau đợt bắn giải đầu tư hết tiền nên phải chạy mấy cái quảng cáo để lấy tiền ăn cua Hoàng Đế với tôm Alaska,,,
Dẫn độ tội phạm TC rất hoành tráng,,,
"@Vỹ An Lạc : "" Được quyền trưng dụng....... theo quy định của pháp luật """,,,
"Đây là kết quả quan trắc môi trường do AirVisual đo lúc 4:00 sáng thứ tư 04/12/2019 tại Hà nội, Quận Cầu giấy HN và Saigon.",,,
Bình Nguyễn tối nay tranh thủ đi mai tao lên rồi . bao tao để dưới gối nhé,,,
I want tu do hơn,,,
kẻ tổn thương lại muốn tổn thương ng khác,,,
NaNa Nguyễn cánh hoa đây nha,,,
Thế này phải tìm cô nào gần nhà để yêu thôi,,,
Xaolon a ưii😆😆😆,,,
Hậu Minơ Ok 🤣,,,
Chùm cuối vẫn là K-ICM 😂,,,
Đức'x Bảnh'x ib tán luôn đi,,,
Nó lại hợp lý vl :),,,
Dàn allstar của VN may mắn lắm mới đc cùng chụp hình cùng The Shy - top lane số 1 thế giới đến từ Sa Đéc chứ đùa!,,,
Tuổi trẻ chưa trải sự đời 💁‍♀️,,,
Đáng yêuuuu chết:(,,,
Trịnh Nam Long =)). Chắc ghen tị khi họ giàu à.,,,
phải xe bà chị không hay lại ké bố nào?,,,
Còn đó bị bệnh ngu,,,
Sao không mở lại những líp nó khóc lóc xin lỗi cho nó thấy nó xấu kễ nào...nhục quá...,,,
Ai đó hãy ghép thay cái chai sting bằng cái khác đi :3,,,
Mình có cách giảm mỡ bụng an toàn hiệu quả tại nhà hoàn toàn từ thiên nhiên. M đã áp dụng thành công vòng eo từ 85cm xuống còn 65cm. Ai hóng thì ib m chỉ cho nhé. ( K uống thuốc) m mách 10 người giảm cả 10,,,
Khánh Khờ Bắc Kì con đó rồi sao =))),,,
"Éc, ko cần tiêm hockmon mà cũng nữ tính vậy luôn.",,,
Nghe triêt lya vck,,,
Đấy thế nhé. Thế là vừa lòng nhé. Chưa kể những ng kêu là không ngại nguy hiểm kia toàn là lính. Sai đâu đánh đó. Không kêu chắc tự ra làm. Mà nói là nói mấy cha bụng bự kia chứ nói gì lính lác.,,,
Ko nhận hối lộ,,,
Cô thanh niên xp độ mixi🤩,,,
Ok abe,,,
Loại này phải cách ly vĩnh viễn,,,
Bao giờ thpt đc nghỉ học mặc dù lùi lịch thi r :),,,
🤦🤦🤦,,,
Ước gì Thu Giangg add friend iloveu dấu bé ba :3333,,,
🤣🤣🤣🤣,,,
Su Sy chốn thật ý,,,
Trần Văn Trung định kéo anti cho sếp à ông,,,
"Mình k cần yêu, cưới luôn đi cMinh Hà",,,
Trunq Xuân Cao thì kp 2n nhưng cũng mấy tháng rồi :)))),,,
Rồi tân giám đốc cũng sẽ bị cám dỗ. Trừ khi có tuyến đường Cao tốc dầu giây dalat mới giảm được tình trạng mãi lộ. các bạn nên biết một ngày có tới hàng ngàn chuyến Xe rau Củ quả .Và Xe Hoa dalat Lên xuống. Xưa nay luật bất thành văn rồi muốn có tài nhất thì phải chạy. Muốn chạy thì phải mua đường. Tôi thề là không bao giờ dẹp được Tuyến đường đồng nai.,,,
Cô ba vàng mã 😂,,,
Sẵn sàng bán netflix cho những người cần nhé 65k 1 thángg,,,
Buồn :)),,,
Linh An đeo hỉu hahhaha,,,
Đào Thị Thu ui thế á. Sang dọn nhà hộ mình bạn ơi. 😀,,,
Phạm Việt nghe dc,,,
địt,,,
Thầy ơi làm giáo án susan đi thầy 🥴,,,
ủa vậy Thủ Tướng kỳ này là ai vậy,,,
Chị 3 ơi trã tiền cho cô minh hiều kìa,,,
Sống chậm thôi các bạn trẻ,,,
đang buồn nghe tỉnh cmnl,,,
Lồn đâu có. Cái gì cũng có nhưng thiếu cái lồn,,,
Cũng Khá Là Thuyết Phục !,,,
Lê Thị Trang có màu khác k b,,,
Mình đanh vĩnh biệt cao lôn đi anh,,,
Đức Thịnh ui e mà thương a,,,
"Nguoi nay ko con giao duc nua ..ko lien si .ko dao duc ,,",,,
Khánh Robinson chắc t tin,,,
Vậy trả thuế lại cho dân đi dân nó tự chống. Mọe làm không được chứ gì. Nói mẹ là cán dọng hết rồi nên làm gì còn mà trả. NGU,,,
"Em là một đứa xem chùa mà vẫn được fan cứng, em mong ad xem xét lại gỡ xuống để cho người khác xứng đáng hơn em ạ :vvvv",,,
Ai cho em cái link của bộ tộc mixi gaming với em tìm không thấy :((,,,
"Nghi Nguyen bên đó phải tốt hơn VN thì mới sang đó sống chứ bạn,",,,
"Nguyên nhân chỉnh sửa chữ bố láo gây nhầm lần hiểu nhầm,số thứ tự gây xáo trộn mất thời gian vào những việc vô ích, còn gọi ruồi bu,suy ra độc tài là những kẻ ăn cắp thời gian láo nếu nhất gốc vẫn là cái búa liềm ám dân tộc ,triệu hồi hitler sống dậy...😅",,,
Tất cả là từ ý thức như đb của mấy người này mà ra thôi.,,,
3 que còn j nữa,,,
ok a 🙄🙄,,,
Phải biết là sam và so khác nhau.và so đuôi tam giác và so đuôi tròn càng khác nhau nữa,,,
thôi đừng cãi nhau nứa lo mh đi. mh cũng nguy nè mấy đứa,,,
Ngọc Trang mua dưa leo chơi cho rẻ,,,
Gục ngã thực sự,,,
Chị Minh Hiếu đẹp quá,,,
Vừa xem xong and ông Độ vẫn cứ là giải trí hhhahahah,,,
Tuấn Nguyễn chúng tôi đánh giá rất cao trình độ nấu ăn của b,,,
NSND TRẦN CỌP,,,
Nhok Lầy: địt mẹ hay thì mày share đi. Nhai đi nhai lại như con bò. Tao khinh quá :)),,,
Nghiệp nha Tiết cưng,,,
Nguyễn Đình Huy lên hn đi cc,,,
"Một thời vào sinh ra tử vì đất nước, mang trong mình thương tật của chiến tranh. Giờ khi hòa bình người lính đó lại lao vào cuộc chiến mưu sinh với 1cuộc sống khó khăn , vậy mà giờ vướng vào vòng lao lý với một tai nạn không mong muốn , thật sự cuộc sống này có phải quá bất công với những người nghèo khổ khong",,,
Supi Trần hự hự như một cắt vào tâm hồn em.,,,
Mv này quảng cáo thôi...,,,
Bạn chả có máu hóa văn loz j cã=]],,,
Phản cảm quá,,,
Lường Văn Đức như đấm vào tai,,,
liu liu,,,
có mặc quần ko a,,,
trung sonic :)₫,,,
Ráng qc kiếm tiền nuôi vợ con chứ đừng như e,,,
Tdf2,,,
Non Nguoi hue ... kg phai bac ky,,,
Khánh Vân thích cái ở dưới kia thôi. Tóc ko đẹp,,,
Viêt nam ta cùng chung tay sē chiên thä ng,,,
"Fan cu Tiệp, =)))",,,
Cơm Sườn là thứ SÚC VẬT nên tiếp tục sinh ra những con người có suy nghĩ của SÚC VẬT.,,,
Ông nào GATO thì sẽ bảo ảnh này ghép cho coi 😥,,,
Cho em hỏi sao em xem cmt suốt ngày có Cực kì thuyết phục là sao ạ?,,,
Con điên này ghê,,,
Thịnh Hồ buồn,,,
"Paula Lưu chó là bạn, ko phải thức ăn, thịt chó mới là thức ăn",,,
Chửi mà cũng đẹp chứ bộ kkkkkkkk,,,
<3 <3 <3 Từ hôm nay Việt Nam đã có Pikachu Go để chơi rồi nhé ^^,,,
Cái mỏ con linh cá lóc ni giống như cái đít vịt,,,
Chi  Di  nuoc  ngoai  giu  gin  suc  khoe  lam  an  phat  dat  giup  do  nguoi  gia  neo  don  va  MO coi. Va tan  tat  nhe  chi,,,
Cái cố ảo chi thêm một phân bảo đảm lão chết,,,
Lần đầu đc thầy 3 thả trym,,,
Ae cần liên hệ mình nha,,,
Tu Tuan hâhhaa sao mà bỏ qua được ba tú,,,
Tao báo dlv 😂😂😂,,,
Land : aba giải thích đi thế lày là thế lào :'(,,,
sale 99% thì e mua :>,,,
Tao lao .nói chuyện hoan tưởng,,,
Clear đang gội đầu.,,,
Tuổi ông mà dính côvi là xong đấy.,,,
Hôm trước thấy bảo 2người Anh này xét nghiệm lần đầu thấy kết quả âm tính mà nhỉ? Rồi xét nghiệm lần 2 3 lại dương tính hay sao mà bệnh nhân này lại lây được từ 2du khach này ?,,,
Về nhà có em chờ các anh ơi :(,,,
Con khô wa ma ơi cho con chen cơm,,,
Nghe rất kiều phong nhưng lại mộ Dung phục,,,
Ai nhập mẻ dậy trời . hôm nay mới xem  đồ bại hoại he....,,,
Khổ bl,,,
Tết thầy mà để Sela xông nhà là năm sau tán gia bại sản luôn đó thầy.,,,
VUI QUA ONG TRAN DAN THAT DE THUONG !,,,
Hãiiiii,,,
Chán đéo nói nỗi 🤣🤣,,,
ace nào mún có đầu tóc ưng ý chơi tết thì cứ lh em nha,,,
cho mình xin giá em này ạ,,,
Tuy rằng anh nói rất Thuyết phục nhưng em vẫn phải mua ✌,,,
"Phim hồi hộp, gay cấn, nói chung là cung đáng đồng tiền bát gạo😁",,,
Toàn chửi ông bà vô tội,,,
Nhìn cánh tay là biết đàn ông rồi,,,
chị có râu haha,,,
Haiz,,,
Biết điều là tốt . Ko t cho xuống cầu SG là chít mẹ☻,,,
Đây,,,
Phương Vy da,,,
Duy Khánh nhìn chán đời vl =)),,,
Ở một diễn biến khác,,,
Unlike page,,,
má hôm qua tưởng anh Tiệp đi đôi dép này chứ,,,
Đố bể chỉ vì mỡt con vi rút tên nhung cồ lẽn việt nam ỏi,,,
BaVi :)),,,
Nguyễn kim chuẩn bị được buff cực mạnh rồi Nam Nguyen,,,
"Thích quá nhờ, vợ tương lai đâu rồi 😂",,,
Đậu xanh rau má thằng DLV nào vào đỡ dùm cái chủ đề này cái :v ? Giải thích sao định hướng XHCN mà lỗ nhiều vậy ?,,,
Bao giờ nước ngập lên đến háng thì TP HCM sẽ được gọi = Sài Gòn !,,,
Cảm ơn chị vui vẻ,,,
Chị chử là để cứu nhân độ thế nha mấy đứa,,,
Chơi tí đồ ăn mừng,,,
Dm tao buồn vl luôn ý :)),,,
có bạn ưi :)),,,
Nhi Băng haha,,,
Ông thầy số hưởng và...,,,
Không phải cứ mập là đẹp nhưng có người phải mập sẽ đẹp,,,
29:40 con kì thị lgbt,,,
Di Jenny,,,
Mình tín tưởng ở đang va nhà nước mình yên tâm lắm nhưng chỉ sợ những người vô ý thức óc xi măng thôi,,,
Chụp cái màn hình thua game =],,,
Trong một diễn biến khác. Lại có cờ mẫu quốc phấp phới đâu đây,,,
Chán thầy,,,
Shop pe xin hân hạnh tài trợ chương trình này,,,
"trước theo dõi thấy "" mày "" đưa tin cũng rất hay cũng công tâm lắm. nhưng dần thì tao k thấy điều đó. cũng k dám khẳng định hay k "" khi mày đã tạo đc uy tín và nhận tiền của một tổ chức nào đó"". nhưng điều tao đã thấy k còn. vụ này thằng kia sai thật",,,
Mua vo ao tung chao,,,
Cái giá của 1 tỷ Nhân Dân Tệ của nó !!!,,,
"ôi, bức ảnh sao quen quá ><",,,
Có sổ hộ nghèo nên được miễn giảm lỗi chính tả nhé!,,,
Thảo Nguyễn =)))))),,,
Giá như lúc này t đc về nhà và ăn bữa cơm vs bame,,,
Hoangphat Nguyen hơi trách đâu trách bà quỷ này bạn ơi.mình người miền nam nhưng nghe còn mệt hả luôn,,,
Khoe puồi,,,
"thấy thương những anh em hải ngoại , và thương luôn nhà ông trần dần , thấy tội quá",,,
Địt mẹ cộng sản,,,
Em rất thích chi,,,
"Khi sự thật nó trần trụi thì chả con bò nào chịu như thế cả. Tư duy chỉ cần thắng bóng đá còn nô lệ, ô nhiễm chết lần chết mòn, dân tộc suy vong thì mặc kệ. Chính điểm yếu này mà tầng lớp thanh niên VN bị CS dắt mũi như những con lừa chỉ bằng vài trận bóng. Sự Thật luôn nghịch nhĩ.",,,
yê yê spider fucking man đtrai vl a độ ơi :*,,,
Nhưng ở VN nó có nghĩa hoàn toàn khác.,,,
Đập đầu nó đi cô,,,
Nc lào ko phải nc ta,,,
Cô Minh Hiếu đúng kiểu Miền Tây Chất Phát. Nghĩ gì nói đó chân thật đến đáng yêu. Mãi yêuu cô LISA Minh hiếu,,,
nhớ ngay xưa vụ gján đjệp mỹ dẫn đến sự sup đổ của ljên xô!,,,
:)) cái chính quyền đu càg bỏ chạy đấy thì cũng chẳng mất nhiều côg sức lắm,,,
Trung Now never dieeeeeeeeee,,,
Dạo này nó cho truyền thông nhiều tiền nên im hẳn khá lâu,,,
Mình bỏ liên quân mà các táo lại chơi 😞,,,
Nick j ấy nhỉ?,,,
Con co rona dau mà hỏng tap vo coi mo di nay vun on,,,
Kkk xem clip cuoi nhieu ne minh hieu oi hay qua hieu nay dep qua  .cuoi muon dau bubg minh hieu noi chui nghe da lo tai luon,,,
Nạp tiền lần cuối rồi mà a tôi :)),,,
Nguyễn Phước Đạt năm đi học 12,,,
dừng luôn cũng được,,,
loại này chỉ có đút cu vào mồm,,,
đây bạn :))),,,
thật sự nhiều lúc tôi cũng muốn ns một câu thật lòng với cô gái đó là a cần e Đợi . bởi thật sự thời gian này tuổi trẻ này của a nên lỗ lực để tìm kiếm sự thành công hơn là mãi mê vội vàng yêu một cô gái mà k thể mang lại cho cô gái đó một gia đình hạnh phúc,,,
Em nghĩ là mùa sau nên đẩy line-up này vào ạ =))))))))))))),,,
Háo thắng ham vui câu nói dành cho abe,,,
Đừng chửi minh hiếu ok,,,
Phạm Hồng Minh anh chỉ có giấy hộ nghèo thôi có cần phải xuất trình ko,,,
Đẹp quá anh chị mình ơi =))),,,
ny tùng sói nhaa ❤️,,,
Chửi đi Em chị Đặng ky chửi linh loc cho chị,,,
đẹp thiệt,,,
Tuan Do Khac Lom khom nhìn tội vl =)),,,
Ngủ trên li quăng mà lăn qua lăn lại =)),,,
Trương Đình Thi lúc đầu chưa chơi đã bị sp chửi ? Xong feed dần thế là feed luôn,,,
Ty Pé bé dâu bắt trend lẹ ghê 🤣🤣,,,
Hai bên chửi nhau là công bằng thôi! Anh ko chửi tôi thì tôi chửi anh làm gì! (Lời cụ Tổ của Tiên tri vũ trụ)!😀,,,
Chân dung Chủ tịch hội đồng quản trị MixiGroup,,,
"Trần Dần tiên tri người Vn sẽ về 1 mối quá đúng lun , nhưng quên vc phải bị tiêu diệt theo tất yếu lịch sử vì chỉ còn vài nước nghèo nàn chịu luồn cúi tàu cộng lưu manh",,,
okee a ưii,,,
Bạn ấy nói thì đúng nhưng nó tỉ lệ nghịch với cái họ làm nói toẹt ra bọn đa cấp toàn nói đạo lí nên mới nhiều ng bị lừa,,,
Chim ưng vãi nhái ❤️,,,
Chúc mừng ngày nhà giáo muộn anh Ba,,,
Eo ơi nhìn cái mặt nó xấu mà ko giấy nào bút nào mà tả nổi . Đừng nói tới nó bẩn miệng mình . Coi nó còn tệ hơn đống phân .,,,
????,,,
tất cả cũng chỉ vì con mụ này ra..thể chế pháp luật lỏng lẻo chưa đủ răn đe cứ có tiền là chạy án :) 1 con người reo rắt cái chết cho hàng triệu người,,,
Rừng said :Cho còn đéo ăn được :))),,,
ok anh ơi:),,,
Chừng 1 xe hốt rác là xong hết 😂,,,
Chị ba mặc có phúc hậu bởi vậy mới giàu cảm phục chị ba,,,
Con ở cai lậy nè cô ơi,,,
"Sức nhịn cười , độ đểu của Vũ Hoàng Lân  cao thật  .",,,
Anh bom đâu nhở không cà khịa nữa à :)),,,
"Tăng tiền dịch vụ tăng hạn chế bớt cò , cong băng hơn xứng đáng khám dịch vụ . Rẻ mà đi khám như đi ăn xin thì đ ăn thua",,,
Thầy ơi giáo án mới 0177 của con nè :),,,
"Tan Levan Vì chúng ta ăn bám. Phá hoại nước mỹ. Chúng ta làm sấu mặt nước mỹ gần 50 năm.
Nên mỹ chán nó bỏ thôi.",,,
Say oh yeah ?,,,
Khúc Thị Hương die chứ sao :))),,,
Trung cũng có xe nè Mn. Anh Tiệp tuổi gì.,,,
nhìn mặt con mụ này hãm ko chịu dc,,,
Ai hợp tác tương lai làm đứa ko ??,,,
nếu cx xachlozmachay như này thì hơi căng =(((,,,
Thầy làm gì cũng được đừng ra MV hát là được nha thầy. Nói chứ dm mãi yêu thầy,,,
"học đi, mốt có gộp thành 1 cũng ko bỡ ngỡ =))",,,
Văn Thủy đây xem cái này đi nghe ổn đấy đổi cảm giác lạ😂😂,,,
Uyên Thu tag chị mình vào này,,,
Ma ba vang ngoc noi chuyen de thuong va hay qua,,,
Lê Hữu Đức xin video,,,
Thảo Đào Văn idol em nói chí phải 😂😂,,,
Chi ba dep qua,,,
Kinh doanh mà suốt ngày than lỗ.kinh doanh để ăn lol ak.dkm,,,
Ko biết có ai nghèo ở VN nhận đc số tiền tỷ tỷ tỷ của nó chưa.kể tài sản của ng khác rồi xạo lozzz của mk.Bóng này là bóng dơ bóng dũa nail chứ có cl gì.,,,
Tuy 2 ma 1 no do,,,
Dễ thương quá ❤️❤️,,,
Cụ Tám Dần sao đợt này râu tóc bạc trắng thế kia. ???,,,
Cố tỏ ra là mình ổn nhưng sâu bên trong nước mắt là biển rộng :'(,,,
Chắc ko hài,,,
anh tiôi😊,,,
"Sao mà cô chân thành, dễ thương. Đúng chất người miền Tây luôn. Tự hào thế giới thứ 3 có người như cô, tự hào dân miền Tây. Thương cô❤️ mãi khoẻ mạnh và chất phác như v nha cô",,,
năm nay đông lào chắc vào tận chung kết quơn-cấp mới mong đủ liều mocphin cho lũ cừu cáo ngơ !,,,
Chẳng làm gì cũng bị hiểu lầm😖,,,
Ai đây không phải thầy của tui :)),,,
Haizzz Nhung thì đáng trách thật nhưng tình hình như này thì Việt Nam vẫn có thể tiếp nhận thêm bệnh nhân từ nước ngoài về ((,,,
dm cứ đi vay ODA của TQ vs NHật về xay dựng rồi lại phải thuê nhà thầu vs thiết bị nước nó. Nghe các thầy bảo hoàn thành 2/3 công trình nó đã lấy lại mẹ hết vốn ODA nó bỏ ra còn lại sau này dân lại lai lưng ra làm trả cho chúng nó vs trả cả phần mấy thằng bụng bà đẻ nước ta,,,
"* Lưu ý, tên nhân vật đã được thay đổi Biểu tượng cảm xúc pacman",,,
Căng Đét,,,
Em có làn da đẹp quá.. Em dùng kem gì mà đẹp dử thần vậy em,,,
NGON quá! 😋😋😋,,,
Hong Phuc cs tật giật mik à,,,
Video phản cảm quá,,,
Neu chien tranh say ra..yeu cau bac TRAN DAN dung vo cong THAN QUYEN ..troi TAP CAN BINH  dem ve trao cho BAC NGUYEN PHU TRONG...,,,
Nói rất đúng.... nhưng mỗi người có một số phận...con quan thì lại làm quan...con sải ở chùa vẫn quét lá đa thôi bạn... ai cũng muốn cầu tiến chứ không ai muốn dậm chân tại chỗ đâu...hiii,,,
Đụ mẹ a be,,,
Do người ta thay lòng chứ khoảng cách có tội gì?,,,
Ông Ngô kỷ mấy hôm nay ko thấy vậy a Lân?,,,
cô 3 nói chuyện co thiệt nha moi người,,,
thôi đi ông tướng ah 🙂,,,
Anh tưởng anh khôn hơn ai :D,,,
Cơ mà có vẻ sỉ nhục con cá vàng quá ad :3,,,
Em nhìn chỉ biết anh già và a chủ mười mấy cửa hàng bánh mì trong sài gòn thôi,,,
"Nói có ai chịu nghe đâu, có khi mình nói còn có người trả lời là, chết là chết àh sợ gì, điếc rồi lấy gì sợ súng, chưa thấy quan tài chưa đổ lệ.",,,
Khẩu trang này đeo đi,,,
"Tu Tuan yêu ba lắm, ba mỹ <3",,,
Zalo,,,
"Út Tuyền :))) uh, đang snghi nghỉ qua t4 nè",,,
Đồng Nhung chơi với chị Nhung 17 có ai nghèo đâu bạn :>,,,
Kể ra ví mặt con này với con Linh cẩu ăn xác thối ở châu Phi cũng là xúc phạm linh cẩu .Nhưng thấy nó cũng giống thật .Tên em là Linh Cẩu không phải cá lóc nha,,,
Nghe vẻ vô sinh nhưng lại có thai :)),,,
2 người vui biết bao nhiêu:)))),,,
Dong di troi danh khanh dam xe dung be dau . No banh xac . Do thu khau nghiep,,,
Dạ 39 rồi nhé các cha mạ,,,
và sau này sẽ có có 1 bộ phim siêu trộm của vn,,,
"Mn review gì đó như kiểu phim hay qtqd, các kiểu đi để mình còn hi vọng 🤔",,,
Cho xem đi,,,
Bọn dâm loạn viên đc dạy nói xuôi nói ngược mà lại =]],,,
Đề nghị các bạn sống chậm lại xíu😂,,,
Nguyen Xuan Thanh hít keo chó là ngáo keo chó chứ😂,,,
"nhà bao việc, yêu đương chi nặng đầu",,,
Chug' nó định ăn mjk đây,,,
Nghe con cak,,,
Nói ý thức như đb thì tội cho đb quá. Đ m,,,
Hoàng tử khói,,,
Nhìn ảnh này đẹp trai lạ lùng,,,
Quang Khải hí,,,
Là xui rồi đấy chứ kkk,,,
Hoàng VânAnh yep yep 😂😂😂,,,
Ngày bòi nào chả húc nhau ngoài ấy :v,,,
Vi la ng bac nen chuyen nay la binh thuong,,,
Hay quá cô hiếu ơi 😍😍😍,,,
Chào abe,,,
Ấn tượng nhất là quả răng của cụ Dần,,,
Kinh tế Mỹ bây giờ không còn như xưa nữa đâu . Việt kiều giờ xài tiền căn bản rồi ...,,,
Chỉ có bắn chết mấy đứa mà cứ hâm mộ Hàn quốc,,,
Ai k đc điểm danh phát,,,
Tú là con đĩ của aBe hãy gọi aBe là Daddy điiiiii,,,
linh hun dữ tính nào tật nấy,,,
oke chú độ ơi,,,
OK thầy iu,,,
Hương Him cùng cảnh ngộ Phùng Khắc Hoàng Linh,,,
Sao trung tâm Thuy Nga không mời ông này làm diễn viên hài nhỉ !!!,,,
"Nhìn kỹ mới thấy là ghép, xém rớt mẹ tim ra ngoài",,,
đang nắng đẹp tranh thủ chụp ảnh :>>,,,
Dkm chửi hay lắm. Chửi hay lắm,,,
Đm admin ngu vcl:)) chăcs cậu đang tưởng mình hay vs nguy hiểm lắm đấy:)),,,
... Trần Dần là bậc Thánh minh.. Gặp Vi rut cúm..ẩn mình nơi nao???,,,
Hay.,,,
Ơ chụp rồi à. Chưa kịp chỉnh style sói said =)),,,
Cute vl =))),,,
250k ít quá nó báo là phải! thêm 2 3 số 0 nữa là êm rồi thấy hôg,,,
Thì kệ con mẹ bạn làm như bạn là trung tâm vũ trụ ai cũng cần bạn z? Thể hiện quan điểm con cak.,,,
T chắc chắn con nhỏ ngồi được makeup đó tên Nhung :))))),,,
Mỗi lần thầy cười là e lại cười theo,,,
Cô thật tình noi chuyện cưng quá,,,
Việt Yến chăc t k lau chìu gì cái chổ ở t luôn quá... xui xui phải đền nữa,,,
Cô giỏi quá :3,,,
Tùng như kiểu con mỏi tay rồi chụp nhanh đê :)),,,
From mixi with love ❤,,,
Hoaprox kết hợp với Jack nghe ồn ào không hợp với Jack,,,
dõ dàng,,,
Nguy hiểm chớt ngài trên cao tốc ..,,,
Chan,,,
Đình Quang Dã man rồi,,,
Cuời Nguoi hom nay mai Nguoi Cuời lai ...,,,
Mặt có vẻ khó ở 🤣,,,
Mà tui thấy dĩa cơm này 200k cũng hợp lý vì bình thường ăn cơm hải sản giá 70k chỉ toàn thấy tôm và mực cắt hạt lựu còn cơm tầm 1 chén . Đằng này nhìn dĩa cơm toàn mực tôm to mà giá người ta niêm yết sẵn do không xem chứ có phải ngầm ngầm chém như tô bún riêu đâu mà nói,,,
quạ bắt diều hâu tha,,,
Chán k cơ chứ,,,
Con thần kinh,,,
Cô minh hiếu chửi vừa tội lắm .,,,
Thực ra abe chỉ ngồi chỉ đạo thôi bàn phím vs chuột đều là do cường 7 núi cầm,,,
hay quá chị ba oi,,,
"Giống quá trời ơi,bên phải là hàng real,bên trái là hàng fake.",,,
- Khi nhà phát hành Iphone lại Là Thành Viên tộc Mixi :)),,,
"Hú hồn. Mấy nay lo ngay ngáy vì ko biết ai sẽ nối nghiệp Nhà tiên tri để tấu hài cho người trong nước. Adida phậc, chúc nhà tiên tri mạnh khỏe, amen.",,,
Cà khịa,,,
Game đâu game đâu?,,,
Kkk,,,
😂😂😂😂,,,
Nguyễn Trang Trà Nguyễn Chu Thuỷ t ko biết phải nói gì trong thời điểm này😶😶😶,,,
Bố cáu thằng ăn bám váy đàn bà,,,
Nghĩa cử cao đẹp của người thầy thuốc. Kính cẩn nghiêng mình tri ân ❤🙏,,,
Tốt lắm đáng để hâm mộ...,,,
Nghệ sĩ hài hải ngoại gạo cội đừng để mình bị ốm nhé đức Phật bảo vệ ông..amen.,,,
Tiền đâu mua thầy ơi áo đắt vãi đái,,,
clip tổng hợp à ?,,,
Rắn săn mồi cùng tùng sói,,,
Khánh Vân chụp ảnh thì mặc cáo áo cài khuy cho tử tế.kkk,,,
Lộc Phát cúttttttttt⛏⛏🔪🔪,,,
Quốc Huy nhạc nó khớp vl e à,,,
Đ” lquan nhưng mặt giống Quang Ngọc Trinh vl :))),,,
Chị ấy có bầu hả anh,,,
Má ơi . Bữa nay maketing oke đó,,,
Bambou Sacré đang buồn nghe cái này chắc chết cười :)))))))))))))))),,,
"Cái đmn chứ cá chết nửa tháng rồi mới xét nghiệm, bưng bít hết",,,
Nhiệt tình đi a cho phép kkkkkkkkkkkkk,,,
"vui qua, Chi nay cung qua.",,,
Nhìn có vẻ rất đáng yêu nhưng thật ra rất cute,,,
ngầuuu,,,
Hoàng Yến nó có kêu bn thử đâu :v,,,
Sao em thấy cái j giống anh bay trong vid thế 🤣🤣🤣,,,
Dkm chửi hết bọn chó vàng made in vietnam,,,
Ms bán da heo hả abe,,,
"Anh em mà phát hiện có bệnh, đừng sợ cứ đi cách ly nhé ❤️",,,
"Đào Bảo Khánh ""sẵn đồ bú nhiều đâm ra ngáo""Anh nhỉ",,,
abe cứu Tú,,,
ba ga pro vc :)),,,
Sô bít càng ngày càng xàm cái giống gì cũng lên sóng,,,
cua hoàng đế cơ mà,,,
Em rất mong các a có 1 ngày thi đấu thật tốt vào ngày mai,,,
thấy quốc sư vẫn ổn là yên tâm dùi.,,,
tao lạy tụi m,,,
Sang itali hay london mà cách ly cho đỡ ngột ngạt :)),,,
Lại Hợp Sâm wtf ?????,,,
em lập xong cho thầy r thầy ơi,,,
"Ra rả phát biểu làm như cương quyết bảo vệ môi trường lắm, nhưng tau vẫn cho nhiệt điện vào nhé tụi bay làm éo gì đc =))) đúng là đừng nghe những gì chúng nói",,,
NT Lý trend nha bạn iuuuuu,,,
Má 4h sáng nghe kể cũng phiêu lắm...thôi đéo nghe 🤭🤭sợ vl,,,
Xin video sếp,,,
Còn người ko nhậu thì bằng 100 bưa ăn pk?,,,
K thích làm công chúa,,,
Thu đi để lại lá vàng,,,
ai mua đâu mà sale :v,,,
9 xác,,,
"Nghe đâu mỗi năm mất gần hơn 900 tỷ để duy trì cái xác ấy sống mãi trong sự nghiệp cướp bóc của chúng nó. Kinh , xác cha già chúng nó mà chúng nó cũng ko tha, xơi luôn.Bao nhiêu năm rồi nhỉ?!",,,
Duck Anh mày sv đó,,,
Anh hứa trong này anh sẽ thực hiện tốt . Chờ anh đi anh sắp về rồi,,,
Mang Các giáo án từ việt nam ra thế giới,,,
nhờ Thầy đấy thank thầy Thầy Sena :3,,,
Không sợ địch mạnh sợ đồng đội thiếu suy nghĩ 🤣🤣🤣,,,
"Lê Khánh An đúng á . Trăm người trăm ý , biết làm sao cho vừa lòng thiên hạ",,,
Thầy ơi em muốn mua khô gà về cho quán bia,,,
Nguyễn Thuận cmt = não đi bạn,,,
Mày lại ngu nữa!!! Mày bị nhồi sọ đến mức không thể biết đâu là biển đâu là bờ à!? Tội cho m quá,,,
Giả bộ chửi chửi xong cho tiền tụi nó nữa àh.,,,
Lần sau mở nhạc khác đổi vận anh êi :)),,,
._. Cô 3 giàu thấy mẹ hà,,,
Like,,,
Tiểu tiểu chào abe nhé 😂,,,
Cayyy =))),,,
"Đúng rồi mọi thứ mông lung , cứ chìm vào mớ suy nghĩ hỗn độn , và mày ko thể thoát đc :))",,,
Thiên đường của cs!,,,
Một người thầy tốt,,,
Styles chống quê 🌚,,,
Chúng nó soi mói từ ca si đi đái..ngủ gật..lộ vếu..còn tin quan trọng thì đéo dám đưa tin..truyền thông toàn bọn báo lá cải,,,
Lam Pham Ai Chau add em nữa chị ưi ❤,,,
"Ak cốp 6 ""m không thoát được đâu con trai tu bi con ti niu""",,,
"Tao góp ý nhé. Ý kiến của tao là như này, tao nói ra nếu có mất lòng anh em thì tao cũng chịu, tại vì tao cũng chỉ muốn đóng góp một chút ý kiến cho anh em biết là tao cũng là một người có ý kiến. Đấy nói tóm lại là tao góp ý vậy thôi còn anh em hiểu hay không thì cũng không biết. Ai đang rảnh thì bỏ vài giây ra để đọc cmt này.... Để biết là tao có ý kiến",,,
tks thầy nha ♥,,,
Chỉ là lại từ bỏ tiền ra cho cày view thôi chứ hay cc j đâu,,,
Cừi ha ha,,,
Hiệp Đinh các cụ đã bảo là đừng bh cãi nhau vs bọn con gái rùi lại còn,,,
Bùi Cao Minh toang '),,,
Tối nay shop acc thầy Ba sẽ có nhiều acc hơn để chúng ta mua :)),,,
Con thương cô lắm. Ai lớp du chu cờ mo 😘,,,
Theo thông tin câph nhật thì dòng sông Hương đã đưa 1/2 thí sinh ra xa bờ còn 1/2 còn lại đã bị đè chớt bên tích phân 😌,,,
Được anh ơi,,,
Ông bỏ bê mẹ con tôi hơi bị lâu r đấy. Tùng sói said:)))),,,
Cái việc này làm cho mn bị tối cổ quá nhanh quá nguy hiểm 🙂,,,
Idol tuiii,,,
Nguyễn Quỳnh Anh đến khổ với ô Tiệp :)),,,
Abe đúng là thật xàm l ;v,,,
"Haha, làm xong hổng biết có còn nhận ra nhau kkkk",,,
Tội những ng sợ những chi tiết như tao,,,
From Lisa Cailay with love 🥰,,,
a tôi tốn tiền r =)),,,
Chắc hết dịch là đóng cửa là vừa,,,
Là cô my dù hả thầy,,,
Ai nhanh hơn tui,,,
1% sức mạnh của team,,,
"1 Câu nói của ông Trần Dần kg biết bao nhiêu câu "" Tứt  diên "" và ""ở Đờ "" .",,,
Lộ clip bả giả liệu từ lúc 5phut30 ae xem kỹ lại biết lien,,,
Đời cháu đi tiểu,,,
Nhắm làm lại mẹ tao hk :))) hay lắm mẹ ơi love you ❤️❤️❤️,,,
Thâm hết cả hậu!!!,,,
Dc vl anh :))),,,
Bạo dâm thì chỉ có thg pew thích thôi (trích lời tộc trưởng ),,,
Huy Germany đúng á giọng nghe khá nhỏ,,,
Cô panda đã like + share+ sub,,,
Chụp cái ảnh thôi làm đéo gì đâu mà phiền,,,
Làm cái giáo án janna ad đi thầy ơi :V,,,
Có diên ha,,,
so dien con nek 0855639826,,,
"Óc nó được nhồi đậu phụ thối mà, so sánh như thế là ad sai rồi",,,
Ủa đáng lí con gà phải là Abe chứ :)),,,
"NGUYỄN Anh Tuấn “ Dạ ...Trần Dần là 3/// nhưng mà que đã què nen không còn khả năng xỏ lá nữa  chỉ cái tội bị mắc đường bố nói xàm mà thôi 😁😀🤓”
Mỗi khi thấy lão tôi không thể chửi nửa .............mà chỉ cười tét rốn
Vì coi như xem hài miễn phí vậy mà
😂🤣",,,
Đức Thịnh 😒😒😒😒😒,,,
😍,,,
Lú luôn,,,
Hâhhaaha bó tay,,,
Không ai như anh mình du lịch khi chưa nghỉ lễ xong nghỉ lễ thì ở nhà sờ chim,,,
Vì 1 người tên nhung mà hại bit bao nhiu người,,,
Gáp pơ Trung mừ ngón from Sa đéc City,,,
Có cái áo sọc mặc Hoài vậy thầy,,,
Lưu Thị Phương Thảo Trong Nam cũng sợ quá đây cô :((,,,
KO BÍT ĐẦU ĐUÔI. CÂU CHUYỆN RA SAO. LÚC TRƯỚC HÙA NHAU CHƯỞI NGƯỜI TA.  H RỒI BÂY H QUAY LẠI CẮN. KHẨU NGHIỆP TẠO NGHIỆP.,,,
Em yêu thầy và yêu các bạn nữa chung lớp nha dấu bé 3,,,
hẳn là thủy triều đỏ =)),,,
🤣😃😃😃,,,
Di cách ly là nghĩa vụ cho cộng dồng dừng nói là bắt buộc phát biểu vô ý thức,,,
Tuấn Anh bọn nó coi như 1 loại cảm cúm thông thường.ở nhà tự cách li sẽ khỏi :))),,,
Thiếu đoạn đi bar cakdilac nữa tộc trưởng ơi,,,
"chúc idol nhiều sức khoẻ, 2022 về off fan bác nhé!",,,
anh lớn sau này chắc không trông em mà sẽ xem mèo tôm 😌,,,
Lmcs,,,
Hoàng Thiện tks,,,
cái mặt trông như côn đồ vậy =.=,,,
Dung la con linh dien dien vua thoi chang qua nt goi de choc my dien thoi con ng nhu linh dien thi ai them,,,
Cô nói quá hay,,,
Thầy có nhận đệ tử ko thầy 🙃,,,
"đuôi sam nhọn, đuôi so hình trụ",,,
Abe muôn năm,,,
dỗi lắm anh ạ,,,
Lúc nào mà chúng chẳng hô hào học tập và làm việc theo tấm gương đạo đức Hồ Chí Minh..... nhưng thực tế chúng toàn làm ngược lại.,,,
Cái này là tiếp nối truyền thống cụ nhà nó nhé.,,,
"Tội chú bộ trưởng, sống liêm chính k tham nhũng, nên làm cả đời k đủ tiền mua tvi, máy tính và smartphone nên k thể nào cập nhật được những thông tin mà báo, đài đăng về thực phẩm kém chất lượng.",,,
máy bay riêng luôn,,,
Ổng bót mà,,,
Mang K-ATM Cao Lãnh tới đây,,,
Mấy bạn dlv vào đính chính thông tin đi xem nào?,,,
Hihi minh xem cuoi be bung.,,,
Mấy ông chắc biết phải giúp tôi ntn rồi mà !!,,,
Sao mọi ng chê nhiều v em thì cày view từ qua tới h,,,
"Đọc thì cũng thấm, cũng hiểu cái ý của bài viết ... Nhưng ngôn từ hình như quá nặng nề :(",,,
Cười vào mặt ông già :v,,,
Cố lên abe. Qua đó nhớ mang poppy sách phép khè cho ae all star sợ nha anh >3,,,
Chàng trai người kinh.... à mà thôi,,,
"Coi mà thấy Cô duyên mà kiểu chân thật, nhìn đời thật tích cực <3",,,
"Ăn trộm 3 con chim của giám đốc sở bị đi tù 7 năm, còn thảm sát cả 1 thế hệ thì không ai sờ đến.",,,
Bản này lâu rồi,,,
con mô hình awp asimov bao nhiêu nhỉ :3,,,
thêm bên dưới là cái bãi của formosa nữa,,,
Tân AK xin video bạn ơi,,,
đem hẳn đặc sản ra trình làng,,,
"Thời thế có thay đổi, nhưng trình dộ toán học của Tộc trưởng thời nào cũng thế :((",,,
má mắc nếttt,,,
Chị Chan Mặc Bikini Ngon vailon =))))),,,
Ae cho tôi hỏi nhận ở đâu thế chả biết cái j luôn,,,
Phụng Mỹ e lai dưới lon e lại lên,,,
Dầu tẩy trang Nhật hàng xách tay 🥰,,,
Chầm đầm đóng hài hây lắm,,,
Fan thầy lắm đấy 3 heo à,,,
"Chúc bác khỏe mạnh, bác về Việt Nam chơi chúng tôi luôn chào đón với lòng quý mến. Mong mấy ae An ninh Việt nam thông cảm, tạo điều kiện cho bác Dần về chơi với ae",,,
Sống chậm thôi các ae,,,
Mai Vy Trang mô. ???,,,
Cooking oil hân hạnh tài trợ chương trình này =)) hạnh phúc qué,,,
pò viên phải ko mn,,,
Líp nào của nó moi người bấm vào lá cờ cho YouTube phá tài khoản của nó đi,,,
cởi mẹ đi mặc khó ưa vc,,,
Ko cần phải ngại đâu ... idol làm ko sao ... e làm thì cùng lắm là bị đánh bờm đầu thôi ... ổn mà ... đừng lo nhé 🤣🤣🤣🤣,,,
Nghe từ từ mà rụng rời tay chân luôn 😰😤,,,
Cà khịa đi xíu thầy vô chửi cm🤦,,,
cũng vì tương lai shopping k nhìn giá mà t mất bà thanh xuân,,,
TÂM THẦN ?!? CHỨ KG PHẢI TRỊNH THƯỢNG ?! CÁCH HÀNH XỬ CỦA 1 NHÓM CÓ TIỀN CÓ QUYỀN NÊN BỐ LÁO !!!,,,
buồn..............ngủ.....,,,
Ai đây abe,,,
chứ đâu như ai đó kia,,,
Virus mà nói là vi trùng🤣🤣,,,
Dọn gì tầm này nữa anh gồng lên ăn tết thôi☺️,,,
Đi xem pháo hoa cũng không được đi 🙂,,,
mua chai dầu thơm về xịt ko ra nước hư mẹ chốt? nt thì im re,,,
Trần Hải Hưng vô tình ghé qua thuiii,,,
Tham thì tù cũng đúng thôi.tự trách mình trước khi trách người khác.THP mà thỏa thuận đền bù thì sau này sẽ còn nhiều con ruồi nữa.việc nhẹ dễ làm mà.,,,
Ưng không =)),,,
Do Dat ơ hello gil cà khịa,,,
Noi tieng de thuog qua,,,
Độ khuyên mn ủng hộ cho sếp hơn view của bọn chó BTS đi :3,,,
Đem địch vào Vn hoài làm sao người dân chống nỗi đây Bác ơi.,,,
lÂu lâu đc vắn mà gáy khét quá ông giáo ơi,,,
Hau Nguyen,,,
Comeback vầy là giỏi quá rồi 😍,,,
FC An Giang chào nhau cái nha,,,
Trần Khánh Ngân thôi bỏ đi,,,
Nghe có vẻ mixi nhưng rất tộc trưởng,,,
Phương Minn k nghe nổi thì out mắc cailon gì dislike🙂,,,
Thầy hỏi Ba thầy xem hồi còn trẻ có làm gì có lỗi với má thầy ko,,,
Đung tới bac kỳ la em sẽ tiep tuc co cuoc song ko binh yen ne nhe để xem nhieu tap,,,
Lê PhượngThuan Vo Tú Võ Minh Minh đi đầu xu hướng,,,
Chết rồi con ơi :)),,,
Naut phút thứ bao nhieuy6 z,,,
Trăm năm kiều vẫn là kiều. Đu càng qua mỹ xao lol vẫn hay,,,
Nguyễn Bá Quang giống mấy con bò :)) cứ tưởng thế là hay là hài hước.,,,
Rơi vào nc nào thì nc đó sợ thôi. Rõ ràng lượng ng chết hơn dịch sars 2003 rất nhiều r mà chưa có hiện tượng giảm dịch. Như Ý đang hỏng loạn thật sự. Còn các nc xung quanh dân vẫn kiểu chắc dịch k đến lượt mình đâu ấy. Chán hẳn,,,
Em chẳng biết sao xem trên youtube thấy fan rf bị chửi quá trời . chắc cũng do nhiều bạn nói chuyện vô văn hóa quá. Mình bắn cbs thì cổ vũ còn md bắn mình thì chửi. Các bạn yêu thích rf thì cũng mên yêu thích lại ý thức của mình. Đừng để ngta vơ đũa cả nắm.,,,
Nghe nói em thích người đàn ông có sức hút ❤,,,
page này thành phản động rồi,,,
a lúc nào chả xạo lon 🤣🤣,,,
Anh Thư mấy lần đag bú cho chồng c cũng hay cười dị á 🙂 cái giờ c thèm ổng đ’ cho c bú nữa 😭,,,
Có nhe bạn còn hiện đại hơn bây giờ,,,
Vl,,,
Trà Vũ gọi ng ngoài vưa vưa :))),,,
Cực kì thuyết phục ạ,,,
Ơ thế lưỡi thầy k có đốm à :/,,,
Trần Bình An vậy không biết bạn trai của ổng thế nào ha??tò mò thật,,,
Ơ. Tưởng nhật bổn ý thức cao lắm mà.,,,
Street style?,,,
Khiếp cái quả mồm của ông đấy chắc huyền thoại cmnr 😂😂,,,
đkm dơ vc,,,
dân chủ sắp chết hết chưa ???????,,,
Ma ong nay hai thiet,,,
Vcl các thanh niên tay nhanh hơn não :)))),,,
Đang xem sờ chim hay đang sờ chim vậy mng,,,
mấy thánh im đi được rồi.có phán cũng chẳng giải quyết đc gì đâu.cứ tiếp tục cs của mình đi,,,
"Cặp đôi hoàn hảo là đây mà.Thích Mr Lân phỏng vấn  Quắc xư Trằn Dắn,",,,
Còn Tiểu Tiểu thì saooo,,,
Lớn để trải nghiệm =)),,,
"riêng tôi vẫn ủng hộ giữ án tử, <nhưng> từ nhưng ấy phải đc áp dụng cho mọi loại tội theo luật hiến pháp qui định & hây đưa trở lại tội <tham nhũng, phản quốc do dung túng ngoại xâm, mua thiết bị quân sự ko đúng yêu cầu.",,,
Hello.chi đep.em ung hô chi ne..,,,
Cà khịa,,,
Nguyễn Thanh =))),,,
Train với GAM đi anh Ba,,,
Ngưu ca,,,
Hoa Minaa,,,
nc hồ hơi thúi,,,
Người ta NÓI ĐÚNG SỰ THẬT mà sao cứ bảo là NÓI XẤU ? Quan chức chế độ này CÓ TÊN NÀO TỐT ĐẸP ĐÂU mà bảo người ta NÓI TỐT ?,,,
Nguyễn Thị Yên Vy đọc đi nè,,,
Nguyễn Minh Thu tránh được covid nhưng k biến tránh được án này k ...,,,
Mong muốn vũ hoàng lân trần dần hoàng d.hùng mẹ.nấm bên đó sớm về vn người Việt thương nhớ khúc ruột ngàn dặm,,,
Chịu :)))),,,
"Chi khanh chi Nhin ko ai, it lam viec. It hoi, a Tuan hoi ko ah.",,,
m lên báo cáo tài chính hợp nhất đó mà xem! nói ra đã thấy mày óc chó ntn rồi! lũ thổ dân mồm vẩu!,,,
Ngân Hà Nguyễn đọc mấy bác cm buồn cười kaka,,,
Thuyết phục 😂,,,
Số này cưng nè,,,
799006610,,,
chỉ biết cười :)),,,
Cũng được,,,
Akay giừ bên anh tràn lan đi ra bớt bớt,,,
Quá đáng thực sự luôn các ông à,,,
Hay quá chị oi,,,
hỏi cj trang xem cj sử ntn,,,
dc vl anh ơi,,,
Cho em xin facebook chi ba đê kkk,,,
Con này để húp chứ ko phải ăn :)),,,
Cả dân tộc đồng lòng mọi thứ dường như đã hoàn thành chỉ vì một con quay lưng cả đồng bào lo lắng,,,
Cười xỉu,,,
Đep wa,,,
🙃🙃🙃🙃,,,
Uiii chị Trangg đẹp gái thế mà sao cưới a độ xấu vllll :))))),,,
Dung Hoàng Lý Đặng Thị Ngọc Hà Huỳnh Thị Hồng Yến Hứa Tuyết Nhi sẵn nghỉ rảnh kh có gì làm nè,,,
Fan Cứng B52 ròi,,,
Vlog: ăn mừng nút bạc cùng team sbtc của thầy giáo ba,,,
Có video giải thích từ ba đời trên yt rồi,,,
Rất rảnh :))),,,
"Cộng sản là thế, muôn đời",,,
nghệ sĩ nhân dân hài liên minh,,,
On,,,
Phạm Đức Duy chuẩn,,,
Trym to,,,
Mất cắp thường là ở sân bay đi hoặc sân bay quá cảnh. Vì mấy chỗ đó nó mới soi hành lý để kiểm tra. Còn về Nội Bài thì hành lý chỉ đc bốc xuống rồi trả cho hành khách thì sao mà biết đc cái vali nào có gì mà nó móc. Chả nhẽ nó móc toàn bộ chuyến bay :)),,,
Anh Độ tính đặt tên đứa sau là tên gì???,,,
anh ba làm lại giáo án yi đc ko abe <3,,,
Trang Khánh đọc sst đy c ba thật thật kiểu gì ấy.,,,
Nguyễn Sơn tđn ghét thầy ba thế à mà tút cu nào cũng thấy cmt :)))),,,
tôm hùm mì anh zai =)),,,
"bởi méo coi phim vn, chán vl",,,
A lại làm e xao xuyến rồi,,,
Học sinh chuyên toán của cao bằng :))),,,
nếu giám đốc apple có thấy cmt này thì cho em xin vào làm với ạ,,,
Đào Nhật Thành chào cô chưa?,,,
xám khí đú,,,
cô Nói chuyện thấy cưng thật luôn,,,
Ngọc Bảoc,,,
"phụ nữ cần 1 thằng chồng buồi to như lõi giấy vệ sinh ,giống như bà phù thủy cần anh trưởng làng =))))))))",,,
Mi Phạm dô,,,
em nghĩ thầy phải đổi tên thành 781,,,
Hỏi thui mừ :( =))),,,
Bạn của em Nhung mà đi máy bay riêng về nước thì chỉ có là e chồng của Hà Tăng thôi.,,,
Quá nhanh quá nguy hiểm,,,
Nhìn hơi dơ thầy ạ,,,
Đi ko Abe,,,
bắt đầu thấy sợ thật sự,,,
cho mình thắc mắc trần đoàn với Don Nguyen co quan hệ gì mà nó lấy hình vậy mọi người,,,
Phan Tiến Đạt thấy con akali chiều nay chưa 🙂,,,
Ba khùng nữa rồi,,,
Cô LINDA nhìn vậy chứ dễ thương lắm❤dù có nói chuyện thô tục tục nhưng không sao😂,,,
đúng rùiiii nekk🙄👀,,,
Xin video bạn ơi,,,
Người ta bán hàng kiếm tiền bằng công sức của người ta mà sao mấy bạn vào nói công an vào này nọ vậy trời... Bớt khẩu nghiệp đi đời này không ai biết trước được chuyện gì đâu.,,,
"Hà Nội xuất hiện nhiều sĩ phu , nhiều tiến sĩ , nhiều phát ngôn ấn tượng là nhờ .",,,
Thầy Giáo Ba ngu như Ba Rọi Béo :)))),,,
haha :9),,,
Cầm tiền đi đường quyền cười chết luôn,,,
Kéo lên top nào mn ưi,,,
"Bác Trần có nhắc đến sau này VN sẽ có New flag, có phải là màu Trắng xanh? Nếu có anh chị em nào biết về flag tương lai của VN làm ơn chia sẻ.",,,
Đây dân chơiiii lên tiếng haha🤔,,,
Nguyễn Thành Công thầy cố tình vậy để đỡ mất công biến về đấy,,,
Mới mần xog lun,,,
Tính về quê lánh nạn ai dè h ở quê cũng như vậy thì biết đi đâu,,,
Thì điệp khúc quan ngại lại vang lên>>>Nghe nhìu buồn nôn,,,
Lớp thầy ba toàn những thánh edit mang đẩng cấp vũ trụ :))),,,
muốn mua cái này ở đâu ad,,,
Máy bay riêng cơ à-))))),,,
E của tăng thanh hà rôi,,,
Lý Thành Công 4 tuần rồiiiii,,,
Út Tuyền sát ngày vé mới cao,,,
Xin lỗi nhưng mà bạn nói chuyện thiếu i ốt vcl ra bạn Đỗ Huy ạ.,,,
Giáo án xịn sò ntn mà thầy k đem ra cho các prô lây ơ xem à thầy =)),,,
"Thí sinh xứ mình ngay khi nghe câu hỏi sẽ trừng mắt chửi MC: Phản động, phản động. Rồi nhìn cả lượt BGK: Đồ ///",,,
Mong thầy đánh tỉnh táo hơn đừng để nó lừa,,,
dù gì thì em cũng kính trọng thầy ❤️,,,
sống châm lại nào các cậu,,,
Phải quá đi ạ,,,
"Sắp tới sẽ có bài : """" Dạo phố đón Xuân cùng 9x thụ tinh trong ống khói""""",,,
Gia cát bị đồng bóng à,,,
Cháu này sắp thành anh,,,
Đm chuẩn bị đi học tiếng tàu thôi là vừa,,,
Biết sợ mà vẫn cầm😂,,,
Giác ngộ rồi 😂,,,
Thôi xong,,,
Phát biểu tới từ từ thiện là k nghe đc nữa òi :)),,,
Nóng bức. Mixi food không biết có thức ăn gì để người yêu không bị cáu gắt không nhỉ? Chứ em lỡ bắn pu từ trưa đến giờ chưa rep tin nhắn đến giờ vẫn chưa dám về phòng :((,,,
Cực kỳ thuyết phục🤣,,,
Nguyễn Thị Kim Thảo đợi tìm ra lỗi. Nó cho anh vô chỗ ngọt ngạt hơn :)))) anh cứ xồn xồn,,,
Yêu gần còn bị huống chi yêu xa?,,,
Ae em tránh ra để tui xử nó :>,,,
Cái nào không bao che cho nhau được là lôi bệnh tâm thần ra làm lá Che chắn để chối tội vậy là tưởng như căn bệnh hiểm nghèo đối với dân đen nhưng là một cái phao để cứu cho những tên cs.,,,
"Trần ĐOÀN chuyên bán mấy cái hàng fake mà nói xạo nói láo, vốn có 40k,50k một chai đi bán 200k,300k. Chưa hết nó còn dám nói hàng chính hãng vài triệu sale còn 200k, thứ lừa đảo, mất dạy. Ai mà mua hàng con này sài coi chừng ung thư da đó nha, nó bỏ ba cái chất gây nghiện vô để ngta mua hoài đó, sài vô đi rồi có ngày ung thư hỏi sao xui, thà mua chai dâu thơm chính hãng sài hơi đắt mà thơm lâu, an toàn nha mọi người!",,,
Mk ko p fan Jack mà thấy nhạc cx dc k đến nỗi khó nghe =)),,,
cô dễ thương quá à.,,,
Bả chửi mà mặt tiếu ghê.😅,,,
Bỏ hết sĩ diện,,,
Các mày dạt ra cho tao quỳ với :'(,,,
Và sau đây tôi xin giới thiệu khóa học về lỗ lực,,,
bán dạo cũng bị bắt @@!,,,
Nỗi buồn của ng mua giải🤣,,,
Cuối cùng thì Khánh cũng thành ca sĩ,,,
"hết thuốc lại ngon lành cành đào, thành nữ sinh đại học, nhân viên văn phòng ngay ấy mà.",,,
Nguyễn Hưng,,,
13:30 bài quyền của idol,,,
"Hôm qua coi cô mà tụi con cười muốn xỉu luôn <3, thích nhất lúc cô gõ vô cái thao",,,
Đó giờ xem đâyy là tập thấy hay nhất,,,
Có chàng chai năm ấy họ nguyễn tên thiệu nhé :v,,,
Nhung Kim là sao chị ơi :v,,,
Giờ a mất chất r 😌.toàn cover,,,
chốn thiên đường toà án cũng trở thành nơi diễn hài ! chẳng có tiền nào là của nhà nước cả ! tiền là do dân đóng góp.... nhà nước chỉ phá thôi ! nhoé,,,
Ai giúp tao gởi cái này cho người Nhật đi ahihi,,,
Ngô Mạnh Thắng m ở đây à e,,,
K-ATM Cao Lãnh,,,
khi nào lên A đổi tốp là đi cktg luôn đó aba ơi :D,,,
Tộc trưởng gánh team :v,,,
tr ơi nhìn thầy giống con póng quá à.,,,
💥💥💥💥💥 nổ banh nhà lầu,,,
Minh Tuấn tổ sư màiiii,,,
hẳn là qua thái ăn mì tôm :((,,,
Hay quá abe ơi :))),,,
Sốc lắm phải hông em,,,
Trc h bao năm mới biết đây là hình cánh hoa,,,
Acp em vs,,,
🌻,,,
Lê Thành đã bảo r mà,,,
Linh Chi vừa nghe beat và lời đã không ăn nhập rồi các bài kia nghe một lần đã thấy ok mún nghe lần nữa còn bài này nghe cố lắm chỉ được một phút xong là tắt luôn,,,
xin người :((,,,
Cực kì khuyết tật,,,
trưởng thành vì cao hơn,,,
"Đường đường là BTQP của 1 quốc gia mà phát biểu 1 câu bắt đầu bằng chữ ""Hy vọng"".Nãn...",,,
Vừa lên fan cứng ae ạ ;)),,,
Bùi Thị Minh Thư thees fansixlong là gì b ey? 🤪,,,
ok anh eii,,,
Beat với hoà thanh k ăn nhập lắm 🤦🏻‍♂️ chắc tại quá quen với những bài trước rồi,,,
Do Dat anh gil ơiiiiiii !!!!,,,
Ở đấy ngột ngạt quá thì đưa nó qua vũ hán cho nó thoáng mát😡😡,,,
minh hiếu đi đâu đep gái quá 🌹🥀🌺,,,
Phạm Xuân Huy quá cúte,,,
"Chàng quay phim đúng chán, thà đừng quay. Không dám quay rõ mặt tụi no để người ta tránh, cứ quay bụng với dưới thắt lưng...",,,
Tiên Nguyễn chứ ai nữa 🙃,,,
"Ai làm đc gì ngoài dùng võ mồm ca thán, thơ vịnh vè trào phúng, chửi đổng, AHBP, và xuất phát từ cái tâm vì nước vì dân thực sự? Ai làm gì đó đi chứ, đừng thủ dâm kiểu này mệt lắm :(( Với lại gần tết, ai cũng cố gắng tìm lương tháng 13 mà .. gắng cày thêm job cho tốt. Bên kia mới thưởng tốt",,,
Tử hình,,,
Kiều My có diên ghê 🙂,,,
Ấy vậy mà mới có thằng ít tóc cất công sang tận bển khom lưng hửi đít thằng Mao chó.,,,
Được ăn mâm mới sướng bm còn kêu cái gì,,,
"Julia Trần dở ẹc,mà còn hôi mùi bọ xít nữa, k ngon lành gì cả",,,
uiii đk thực sự,,,
Ảnh ngầu đấu nhưng thầy rap còn ngầu hơn,,,
Chung Tiến sv 16 hay 17 gì đó nằm ở cuối góc trái bản đồ,,,
"Em ở bàn dưới cr e ở bàn trên, cũng do khoảng cách",,,
Chết rồi cô ba vàng ngọc ơi há há 🤣🤣,,,
Riết bây ba quá bạn ơi . Tôi cô quá nếu cau like thì kim cách khác noi tiếng ma nhu vậy người ta chỉ trích cô,,,
Jack càng ngày càng tuột phong độ (ý kiến riêng),,,
"Ở Italy còn ko lo , ở việt nam lo gì hãy tin vào nhà nước , quân y , bệnh viện dịch tễ họ thật sự đẳng cấp trong chuyện này đã chữa cho 16 ng , chị nhung vài bữa nữa khỏe giờ đó , nếu ko khỏe thì mình ship cho chị nhung 1 lạng đinh",,,
Mình đang tìm con chó nhà thất lạc nó sủa cực kì thuyết phục nhé.ai thấy làm ơn báo mình.mình cảm ơn ạ,,,
"Mình cũng buồn, cũng cảm thấy mất mát nhưng không để ảnh đại diện cầu nguyện cho bất cứ sự kiện nào. Mình không bày tỏ trên fb cũng k có nghĩa là mình k quan tâm.",,,
Dễ thương quá,,,
Ám ảnh vl,,,
"Uhmmm uhmmmm, đây là t khi Tết về =))",,,
em đẹp lắm,,,
"người ta đi ăn trộm cũng rất vất vả, phải thứ đêm hôm đi canh chứ phải dễ dàng đâu, nhiều khi phải canh 3-4 ngày chứ đâu phải đùa. a ko thương người đi bắt trói người ta là a sai rồi.",,,
"Phu Nguyen sửa chữ thôi chứ ngọng gì anh,em bên tre cũng gọi li quăng",,,
"Haiz,",,,
Dỗi thật sự,,,
Chị đẹp quá... Ko nói ko bít chị là người chuyển giới......,,,
Câu 30đ của gói 80: Chim anh Độ Mixi bao nhiêu cm ???,,,
Võ Thành Toàn đây là cảnh khủng bố đi cướp,,,
Đéo ghi nguồn.,,,
Thế Vinh linh vật thờ là con quỷ dữ :Đ,,,
Hãy nghĩ theo hướng tích cực mà bạn ấy muốn truyền tải,,,
Các ông đi chơi bỏ tôi ở nhà với bà chủ kênh thế à,,,
Mình thấy cách ly có khổ sở gì đâu sao mà nhiều người cứ trốn tránh thế nhỉ 😶,,,
"Đang vi phạm thì im re, xong xuôi rồi thì mới rà soát, sau đó thay đổi pháp lý để chính thức công nhận vi phạm, hỏi sao ko xử lý kịp thời thì nhân đc câu trl là ko hay biết, lực lượng mỏng, cần thời gian kiểm tra...@@",,,
Sale 99% di thay 🤰💔😢😾😣🤩😏😚❤🤩🤗❤😍,,,
hà lội không vội được đâu,,,
Vĩnh Khang giống vcl khác mỗi cái mình và cái mặt,,,
Minh Nguyệt,,,
Thoi dai gi ma dan ba con gai an noi vo duyen qua a,,,
Quốc Anh bịt khẩu trang nhé béo,,,
Tâm Nguyễn đọc và tìm hiểu kỹ r hãy ns bạn ạ,,,
Trường Đang 🤣🤣,,,
"Nhược đại như lai sư tử được
Khắp phương thiên hạ thái bình phong",,,
Bản chất con người.... loại người này xin lỗi ngàn lần cũng không tha,,,
Để coi thằng nào ngán thằng nào??? :))),,,
một doanh nghiệp đóng thuế cả ngàn tỷ mỗi năm bị lũ ngu chó đẻ giết chết! và 1 thằng add óc éo bằng con chó,,,
Dui cùng em giây phút bóp dú bóp lồnn taoo nss mà cừ bò.,,,
Chung cẩn thận con mãnh thú nhà m cũng có cóngg nhựa :v,,,
"Nghe cô Hiếu nói chuyện cười muốn chết ,mọc mạc thu hút người nghe",,,
Tường Vy Khánh Huyền Nguyễn Nguyễn Thảo Nguyên trend mà :((,,,
Nhớ page ngày xưa vl,,,
Chinh Nguyen vấn đề là nó đi chuyên cơ riêng về chứ ở VN ngừng cấp thị thực với nhập cảnh rồi,,,
Cực kì thuyết phục.,,,
Ăn mặc còn thua ng ăn xin,,,
Tết đưa vợ con đi chs thoii,,,
Xl e hai thì à.!,,,
Lại cà khịa rồi =)),,,
Cô Minh hiếu chửi nge đã tai lun ...cô chửi hay quá  ! Hoan hô cô hj,,,
"Nhìn là đéo muốn xem rồi, dự là sẽ có những yếu tố bắt buộc phải cười",,,
hết ngủ rồi anh ơi,,,
Dừng lại hay tiếp tục 😌,,,
Chạy đi rồi trượt 1 xải dài,,,
"Nhà của c này cũng k phải là k có đóng góp gì cho VN đâu, cứ lên tra gg xem Johnathan Hạnh Nguyễn xem bác ấy có đóng góp gì cho kinh tế VN nhé ạ.",,,
Nhìn ổng dễ thương muốn xỉu🐝🐝,,,
Yoyo iu cô,,,
Đọc chêt cười,,,
bá cho cháu fb con thắm đc không hay zalo cũng đc hihi,,,
Nghe toàn thấy chửi ko,,,
"Wow đã quá, qua fb em mua kính ôm sát chống dịch đi cả nhà. đeo lên gặp sếp sếp tăng lương thêm vì kính đẹp quá",,,
Haha thầy đang nằm mơ hả thầy,,,
Sơn Hòa with love🤣,,,
Dễ thương quá bé ba ơi 😌😌😌,,,
Chia buon,,,
@Ron Nguyen Bạn trả lời rất chi là trả lời :)),,,
Toàn những người có đồng bạc đi chơi xong đem virus về nước😃,,,
Nói hay lắm !,,,
Thấy chúng nó fan cứng nói j đấy hay vl ra mà mình là fan cứng cmt nhạt vl :((,,,
Thầy tự đạp đổ chén cơm chứ ai thèm cướp :) Đang yên đang lành tự nhiên gáy đấy chứ :3,,,
nhớ đóng kín cửa nha. chúc các bạn baker hít thở không khí trong L )))),,,
Cực kì thuyết phục =))),,,
Huỳnh Bảo Dy mới bít luôn kk 😀😀😀,,,
Ella Hồ Trần HuệTrinh Yuri :)))),,,
em đen lắmmm,,,
tôi còn tưởng nó là ( đăng ký cái lồn ),,,
Chuẩn bị có luật di ỉa nhiều lần phát vì o nhiễm moi trường,,,
Chạ bù cho cty S 😞,,,
Kinh nghiệm Fifa 3 nè thầy...,,,
Văn năm này có giống năm ngoài k sao fb cứ ầm ầm lên thế nhỉ :)) 🤔,,,
"Giống tuyên bố của tq, kết quả vỡ trận",,,
tên làm sao ạ 😒,,,
Quyen Anh có có,,,
"Chính mắt thấy tai nghe Quốc sư mạnh dỏi là mừng gòi, mốt có hài coi gòi !!!",,,
quá tuyệt vời vn ơi cố lên đã có nhà lãnh đạo chỉ đường dẫn lối,,,
Chị yêu đẹp quá,,,
Chó hùa kìa,,,
Kris Nai đéo mẹ =)))))),,,
Con mụ thần kinh,,,
Con này mà về việt nam chắc người việt nam đá cailoncatkhong lun quá,,,
J ba con ne 0924588259 cho voi,,,
Tham nhũng đang rất ổn định mà 😂😂,,,
"Bài học rút ra: hãy yêu một thằng người mỹ gốc ấn vì tụi nó đa phần là dân IT và giỏi vãi lìn, có thể tương lai bạn đc làm phu nhân ceo gì đó",,,
Ae ysl ib e tư vấn nhé 💪🏼💪🏼,,,
Phương August =)))),,,
Thiếu nốt cái live là anh chăng khác gì bọn cô rê an,,,
Võ Thành Nhân lf,,,
U stab julia Jules Cesar 7 times.,,,
Hay quá thầy ưiiii,,,
Má ba thật quá,,,
Em lại gửi cô Panda 1 video của thầy nữa ạ,,,
Ông chủ đầm tôm =)),,,
Giống abe vailon,,,
Đeo hieu kieu gi,,,
Bê đê mà,,,
Trần Nhật các cụ có câu : đã ngu còn hay sủa =))))),,,
Dô văn quá!😂😂😂😂,,,
Đẹp đội hình,,,
T nghi r mà :)). Mâm nào cũng có Ông già bé Sam vào. Rảnh hánh thì chăm con đi chú ơi,,,
Mái tự cắt. Đuôi thì ngồi cày 6 tiếng với giá 600k cảm thấy ưng,,,
Troi oi cuoi muon xiu,,,
Nếu bò viên cá viên ăn nhiều ngán thì về việt nam há mồm ra bảo đảm dân vn sẽ biến cái lỗ mồm ông thành cái bể phốt. Và ông chỉ cần nhai thôi ko phải làm gì hết. 😁😁😁,,,
cái tên Thái Linh Hương nay còn đâu :((,,,
toàn chân lí😆,,,
Đỗ Vân Anh đạt cảnh tình này chưa,,,
tin rat hay,,,
Đó là lý do tsao lạ đít fai về nhà đi mới thoái mai :)))),,,
Anh bán hết nhé,,,
quạo nha,,,
Tr ơi !hãy uống nữa đi cho một giọt nước đái nghe đắng cay trong quần,,,
Xuất sắc vc các cụ ạ,,,
"Đạo đức giả là hành trang,của các quan.không thể thiếu trong lộ trình quan lộ.",,,
Và *Bùmmmm* hôm nay không có ao làng các bạn nhé :))),,,
7-8 triệu ko đủ tiền để ăn cơm nên anh tôi phải ăn cua với tôm trừ bữa,,,
Đợi thầy mãi :(,,,
Nhìn kỹ mặc cô ba giống đàn ông ghê,,,
Huy Hoàng like động viên ny à =,,,
Chị ba ơi chị thiệt là đẹp gái. Mà chị có hai cái hòn dái.,,,
Cần ăn bánh mỳ nhé,,,
Thôi hoà bình công lý gì? Làm loạn :3,,,
Không hay thực sự,,,
tao nói thiệt ... tao vẫn xem tin chúng bây hằng ngày và hằng giờ.. nhưng sau tin này .. tao éo xem nữa .. lũ óc chó,,,
"Đúng là "" vay lồn vay lắm"" mà -_-",,,
Chí Bảo nhung chứ chung cc à,,,
Còn ko làm mà đòi ăn thì ăn...,,,
Paula Lưu bạn ơi bh bạn ăn chay thì nói nhé :))),,,
"Tụi này chết chắc, bị rút kinh nghiệm nữa nè con,rút kinh nghiệm cho chết tụi bây luôn.ở vn mà dám làm bậy bạ.",,,
Người tiên trị thật sự không khoe khoang chắc cú đâu bác ơi! Người ta tiên trị bằn tâm linh kết hợp với thực tế. Giọng của bác nói trơ trơ không thể hiện chút tâm linh nao toát ra trong người bác.,,,
"Đấu tố trưởng phường, công an , cskv chủ tịch",,,
Chui háng bố độ 😂😂😂,,,
thần quyền của ông trần dần súng bắn kg trúng. dao chặt kg đứt. chỉ sợ dao đâm là chết  nhăn răng,,,
Fan cứng nữa,,,
Quả này thì vãi l quá :v,,,
Chào mừng danh hài 3///về VN nha,,,
Xin hân hạnh giới thiệu nghệ sĩ hài số 1 trong làng esport việt,,,
Cây bút siêu cutee :)),,,
from đen with love,,,
Mà để ý lần nào ăn Marinboy cũng kiểu díu díu phê phê nhá =))))),,,
Đến cả hoàng hôn đôi khi còn lỡ hẹn chân trời mà anh ❤️ Chúng ta vẫn là no1 🙆🏻‍♀️,,,
Đung la chi ba co khac,,,
nhà tiên tri đã làm bao nhiêu diễn viên mất việc,,,
t cừi 2 tiếng rồi và vẫn chưa có dấu hiệu dừng lại,,,
và mê chim mê dzú đặc biệt ít quan tâm chính trị vận mệnh quốc gia,,,
Tết chưa đến mà đã nghĩ Tết đi :),,,
Chưa thấy cho nghỉ :),,,
Họa tiết rất tinh tế :)),,,
đúng r a,,,
#VTV1 tẩy chai con đỉ Trần Mu,,,
Hay là anh cũng thử để quả tóc này đi :)),,,
"Trước mình tán em nó cũng bảo đợi em ôn thi, mà 2 tháng nữa mí thi mình thì đợi được mà thằng bé của mình thì lại không cho phép đợi,",,,
"Husband love, em want to eat noodle duck tiềm á. Minh Tran",,,
Trung đái dầm,,,
b52 ơi lứng quá B52 i,,,
"Việt Tân cái ccc, nó là cái đéo gì, mày cũng biết đéo gì mà sủa nhăng sủa cuội nói tao làm cho nó",,,
Nhìn Chú gầy đi nhiều quá. Tóc thì bạc. Khổ thân.,,,
Em đợi thầy mang lại tin vui cho anh em trong gr em sẽ đợi thầy về,,,
Like nha <3,,,
Dcm mồm đứa nào thôi dám rủa Bác tau bị codonqua.,,,
các ông cứ như tia chớp ấy :)),,,
Già mà nói chuyện mất dạy.sau này thế nào củng bị thục lưởi hêt nói chuyện.tiền mà nói như vải chùi l,,,
Hi bức xúc quá không chịu được phải chửi cho hả hơi,,,
"Nhà nước mình đang cố gắng gồng mình chống dịch tốn kém biết bao tiền của, chưa kể kéo theo thiệt hại kinh tế bao ngành, là người dân VN nếu ko góp công sức vào công cuộc dập dịch thì cũng đừng vì thiếu ý thức mà làm cả nước thêm vất vả nữa.",,,
"Thương thầy , thầy sela",,,
Ấn tượng vs cái bút,,,
Trèo cao ngã đau nhé thầy ngu,,,
Huyền Khánh Phùng đấy là với anh độ thôi,,,
nhờ tài lãnh đạo khéo léo của ai vậy ta?,,,
"Bói ra ma, quét nhà ra rác",,,
nhìn chán đời v ~,,,
Darling nguyễn kkk,,,
Đến mức muốn nổi khùng luôn😓,,,
"Ny em thức ngày thức đêm để xem stream của anh :) đêm nó xem hết ban ngày nó bật xem lại , trông hèn lắm anh ạ",,,
Tụi bay sao nỡ cướp miếng cơm của Thầy :) mà thầy nói nhưng không làm 😞,,,
Bị chơi thông đối với một đứa trẻ vị thành niên quả là cú sốc lớn.,,,
bị tam than My co giam dinh than kinh ong nay chua?,,,
Top 1 thịnh hành là điều đương nhiên thôi 😊😊😊,,,
Tú rất vui,,,
thằng búa liềm nào mà không như thế này,,,
Khói dm giốg vãi loz khác mỗi cái mặt,,,
Nam triều tiên sắp mất top miss hoa hậu Covid-19 rồii,,,
trần đòn là e linda ai mà đụng tới nó là linda chửi phụ mà vụ này linda biết khôn là im còn ngu ngục thì nỗi theo nó lun,,,
Ngứa mắt vc :v,,,
"T từng bị như vầy ,mất mẹ 1 năm bọn fb nó ms phản hồi trả acc :)))",,,
Cánh hoa mà,,,
Huyền sạc :)) nghe tên đã thấy tửng :)) xem clip thì đúng tửng thật hâhhahah,,,
Vui cùng em bóp vú bên đường 🤭🤭🤭,,,
Quan chức lương thì cũng như ta thôi. Nhưng ng nào ng nấy khi lên làm quan toàn nhà lầu xe hơi. Lạ.,,,
Ai lấy mk sớm muộn cũng thành tỷ phú vì mk mơ khá chuẩn bắt số chỉ có độc đắc,,,
Tung Nguyen tại chắc sợ bất lịch sự với khách hàng á,,,
Đọc cmt thôi mà cười chảy nước mắt :))),,,
ủa khánh là ca sĩ hả mọi người 😽,,,
Uầy. chị hằng đang nướng con thỏ ăn kìa Đỗ Giang 🤣,,,
😞 tập gym nữa cơ mà,,,
lz ma no do =)),,,
Lệ Hằng tại bữa em bị trúng lời nguyền chặt heo á,,,
tóc rừng rậm nhiệt đới à độ,,,
Vô văn hoá vl nè =)))),,,
Lại bảo đéo đáng yêu đi,,,
Một câu nói sạo lon nhưng hợp lý đến từ vị trí của Độ Phùng :)),,,
Anh Thu for u,,,
Túi xách ông Độ,,,
Phan Thị Huyền Trang dép mua đâu zạ bạnnnnnnn,,,
Bàn tán sôi nổi thế ae,,,
Em xin video với bác ơi.😂,,,
đầu trận hùng hổ vđ,,,
mốt là mỗi xe phải đem theo 1 cái phao phòng trường hợp té ao nhé,,,
Đó là 1 câu chuyện bùn)),,,
1 Điếu cho K-ATM Cao Lãnh=)),,,
..😀😀,,,
Hát hay k M.n 😂,,,
Đệt! =)),,,
Hoai Tam Truong vl :)),,,
Nguyễn Thư,,,
Này là táo liên quân k phải táo quân đâu :)),,,
Răng của cụ còn nửa mảng răng 🦷 ở hàm trên 🤣,,,
"người mình ở nước người ta trộm cướp lừa đảo, người ta sang đây làm ăn đàn hoàng thì bị khủng bố, chả hiểu nổi",,,
còn mình không đồng ý khi bảo bộ đội là chính quyền,,,
Mình không ai theo đuổi nè hỡi các bạn thích cô gái có nhiều người theo đuổi :)),,,
Nay rủ Nhung đi uống trà đá Nhung không đi :)),,,
Thử ko cho giải xem . Chống phá nhà nước à,,,
Áo ác vậy abe :))),,,
Gr nhảm lol chuyên soi mói đời tư ng khác câu like,,,
Nguyễn Thị Hồng Ngọc trông như model :)))),,,
anh ơi tối nay anh có live ko ạ ? :(,,,
Cái XH chó đàn hút máu.Triệt đường sống dân đen,,,
Anh Duy sao kì quá z m,,,
Trần Minh Hoài là hình cánh hoa nha c k phải cailoncat hihi,,,
kkkk anh tôi,,,
"Con trai mất điện thoại đổ thừa ba nên báo Công an, quá bất hạnh cho thằng con, mất ba đéo tiếc, tiếc cái điện thoại",,,
Mong bác khỏe  mạnh  để  cho ae xem cho vui ko thì  mùa  dịch này  buồn  lắm,,,
"tất ziên,tôi ,tất ziên,,,,",,,
tuân thủ đúg luật,,,
tóc anh ngày trước như mớ lông lờ vậy🤣🤣,,,
Yêu người Hồng Kông và yêu cảnh sát Hồng Kông Vì Hồng Kông Tự Do,,,
........,,,
Hãy tỏ ra là não mình không phẳng đi các bạn.,,,
Như Hằng Nguyễn uống thuốc dô,,,
Mệt 😒😩,,,
được á,,,
Cẩm Thuý Nguyễn Hữu Đức Huyền Trân bún bean mắm shrimp,,,
thiết nghĩ anh Phúc hợp Punchline hơn là kiểu này :),,,
mấy cái thứ bắt chước trộm hình của người khác như mày muôn đời nát. Kinh tởm. Người ta đăng từ hôm qua thì mày ăn cắp hình rồi comment lại câu view hả mày? Tưởng vậy hay ho nhưng ko ai ngu như mày để mày qua mặt đâu.,,,
Đi grab mà nói quá nói luôn 😌,,,
live tiếp đi a làm top 1 nữa,,,
Của mình hay của người ae,,,
1. Gạch lát nền giãn nở vì nhiệt không đều theo năm tháng dẫn đến hiện tượng kích lẫn nhau và phồng lên ở giữa,,,
dùng kem đánh răng p/s cùng Quang Ngọc Trinh để có nụ cười toả nắng,,,
Chất thực sự .bộ tộc hay nhất stream,,,
Nhìn phản cảm vl :(,,,
chị minh hiếu rất dễ thương và chân thật chất phát quá .thật yêu mến chị,,,
Thuyết cực kì phục,,,
Chill phết:)),,,
Hello 👋,,,
Cái thời gian tối nhăn tin vui vẻ hỏi thăm đó t thà đi xem livestream còn hơn :v,,,
Cái quần in hệt cái ý thức,,,
"Hello , Chuc ong duoc nhieu suc khoe . Have a wonderful day and take care . LOVE FROM CANADA",,,
Yêu cô quá,,,
"anh độ chơi đá từ bé,bảo sao không tưởng tượng ra có thằng đánh,chém mình :)))",,,
Nhưng người ta bảo hoàn cảnh thay đổi rồi :v,,,
Huyền Khánh Phùng gắt quá chị êiii :3,,,
Trần dần có chết có liên quang gì thế giới vũ hoàng lân phỏng vấn tào lao,,,
0562559893 bà giỏi bà gởi đi,,,
Cặp bot tấu hài vcsb,,,
chi de thương quá ❤️,,,
"1 LÀ NGƯỜI TA KHÔNG ĐẸP BẰNG MÌNH, 2 LÀ NGƯỜI TA XẤU HƠN MÌNH 🤣",,,
Cực kì thuyết phục <3,,,
Mời tiên sư dũ chụ trần dần về sống tại vn kkkk,,,
Happy new year,,,
Óc chó kiểu italy😅😆😄😃😂,,,
Tới chết mẹ cô mới cho cô biết,,,
Mừng quá idol chưa đứt con chuột kk,,,
Khổ quá,,,
Tên ăn hô nói tục... Đô trưởng HN...,,,
Cho mình hỏi a Độ stream bên Nimo mấy giờ v m.n?,,,
Nhìn mặt sáng sủa thế ko biết tối thì sao nhỉ. Và cái kết,,,
Được ko ae 😂,,,
Phạm Nguyễn Cát Vy cljv con,,,
"Biết người ta bị liệu ,mà còn chọc hoài ,sàm",,,
De nhi nha nuoc Tim cach tran tri,,,
Hết R rồi Abe nó hết hay em hết :)),,,
Độ chúc các bạn coi stream vui vẻ :said,,,
Idol của anh quang :D,,,
Trần Trà hi homie,,,
thiện tai,,,
Trend hây Ngân Kim Ánh Tuyết Liên Kim,,,
đơn phương là tự nguyện đau là âm thầm nhớ :)))) gán chịu đi dmm mi,,,
☘️Em đang bán 1 số loại thuốc lá thơm ☘️Ai lấy loạj nào Ib em nhe ☘️E co bán lẻ và nhận ship toàn quốc,,,
Đây là thầy giáo ba 😎 còn baroibeo là khác nữa,,,
UwU,,,
Phục vụ giải trí : cả sư đoàn. Chứ đại đội nhỏ quá a ưi,,,
Chúc bác Dần có thật nhiều sức khoẻ ạ,,,
@Phuong Tran kkkk,,,
Đù,,,
"nay coi full thấy cô quá trời đáng yêu luôn, cười gần chết",,,
Bố nhờn với mày à nhím,,,
trò này trong Sg đã chơi từ những năm trước 75 nhỉ ( nhớ có cảnh này trong film ván bài lật ngữa hay biệt động sg gì đấy )...,,,
"Cả đời thì cũng sẽ trở về với cát bụi thôi, được trở về quê hương tổ tiên thôi 😂",,,
"Nguyễn Thị Thúy Hằng fb suốt ngày share mà h bay màu rồi,thương ghê 😁",,,
"Vẫn k quên Thái Lan có Subachai Subachoc,Việt Nam có Susan 0175 :))",,,
abe kiếm tiền nuôi bò viên,,,
Vãi,,,
"Bạn nói chỉ dc cái đúng, like phát đéo biết mai có bị bọn nó đưa vào tội gì ko.",,,
Bớt xạo loz nha,,,
Cao lãnh sao ăn nổi cao bằng😆,,,
Hasagiiiii !,,,
Nói như bạn thì thế giới đâu có phát triển được gì :)) cách hãng hàng không với ngành du lịch chắc cũng không được ra đời,,,
Trần Quốc Hoàn cẩn thận e ạ,,,
Team tạ nhất hiện tại =)),,,
Nyc said:,,,
Chống dịch này còn hơn đấu quân mông cổ🤣🤣,,,
"Ngay nao chi chi em em . Roi bay h may may , tao tao buon cuoi wa moi nguoi oi he he",,,
Tùng sói độ phùng trang mixi Đứa thứ 2 tên gì ngầu đây ta,,,
Thiên trâm với sena lấy nhau chưa thầy :(,,,
Mình thì váy thái nhé 😷,,,
Mát mẻ man,,,
Anh Thy WM Từ Sơn ạ,,,
Mpv cái máu lồn đỏ như tới tháng,,,
Diep Thai Hong từ nay câu này là lời chào nha 2 bạn : Khanh Võ kkk,,,
Được vl luôn abe ạ,,,
cũng hợp lí,,,
:((,,,
Lỗi là do kinh tế có tiền đi đâu ở cũng đc,,,
Ba hưng tối hôm đó,,,
Ông già sang thái chuyển giới 🤔,,,
Có quốc thể đâu mà nhục.,,,
"Tôi bảo ô ad nhé, ô mở phim sex lên, vặn loa hết cỡ mà nghe diễn viên họ rên sẽ tốt cho não hơn là đi đôi co với phản biện với lũ tiến sĩ việt +",,,
í tưởng hay đấy a ơi,,,
Vi c/a cang tham nhung manh,,,
Chuẩn bị bỏng ngô xem live rồi mà a mất tích luôn @@ 10h anh vẫn live nhé 🙃,,,
Hàng đi AIR nên các bác khỏi lo dập date hay ôi thiu vì lúc nào “hôi hổi” DATE mới thui ạ kkk 🤣🤣,,,
Kim giông un đến từ Victoria Văn Phú-Hà Đông,,,
Gọi là phản động ba que thì lôi mấy cái ảnh của Vịt Tần ra chối :)) xong bây h lôi mẫy cái hình ra diễu cợt trong khi biển số xanh là xe như thế nào được ưu tiên như thế nào cũng đéo biết :)) ngu vcl,,,
Tại chị trẻ quá mà có 20 tủi thôi ~,,,
Nguyen Huuthuc,,,
Dân cam sành có khác,,,
Thuỷ Deema thích thì hủy. Yêu 1 người thì k quan tâm đến các cô gái khác nữa. Ai cũng vậy thôi,,,
Cô Minh Hiếu rất dễ thương và nhân hậu nữa.Đúng ko mọi người? Ai lớp du chu cà mo.,,,
Cái lồn má toàn danh hài thế này :v,,,
Cô yêu,,,
Đây ạ 🙂 một cái mái mưa ướt mẹ trán,,,
Cẩm Vy mình biết cậu lười nhưng mà phim này hay =)),,,
Trí Hoàng,,,
cực kì thuyết phục:')),,,
Chửi thô nhưng duyên duyên ghê á ><,,,
Thanh Trẻ Trâu đm :)),,,
"Nguyễn Phước uh, thế thì tia cực tím nó có tăng lên thì cũng là lỗi của Mỹ, của Tàu cả nhé, khỏi lôi ra mà chửi Nhà nước nhé, chứ cả VN này có ngừng SX công nghiệp cho các thím ngồi đói rã họng ra cũng dew bớt nóng, bớt cực tím đc đâu :v",,,
Căng,,,
Cuoc Vui Co Don what??,,,
Cảm xúc dữ dị @@,,,
Thắm ơi thắm. Thắm nói hạnh đừng chặn nick t bên gr K Sợ Chó đc k. T follow lâu rồi để tìm thú vui mỗi ngày giờ bị chặn thì t sống s đây :((((((,,,
Chị xạo lol quá chi ba oi,,,
"kiểu như Pokedex trong Pokemon á hả,thu thập tjn tức :v",,,
liêm sỉ đâu 😂😂,,,
"hỡi những người anh em thiện lành, ai có info thằng Darius vs Jarvan cho mình xin nhé, có hậu tạ.",,,
Quần cao bằng =))),,,
Giang hồ xịn,,,
Nhìn chị sang quá....đẹp ...♥️♥️♥️♥️♥️,,,
Anh tôi cà khịa cực mạnh =)),,,
Khịa nhau cái lồn.Bố mày còn đéo có yz700 fake mà đeo đây! :)))) Có giày đeo là ngon rồi đm,,,
Chào các bạn mình là Bạch Thái Long lộn Thái Linh,,,
Hello Tran Tiger,,,
Khổ thân abe 🤪🤪,,,
Tào lao,,,
Lisa nói tiếng Việt sõi quá trời đất ơi!!,,,
"Mọi người cứ yên tâm ở Việt Nam Covid-19 rất khó lây, nó chỉ dễ lây khi đứng đối diện, nói thẳng bắn nước bọt vào mặt nhau thôi. Mà người Việt lại hay nói sau lưng",,,
Còng đầu nhe,,,
Minh Nguyệt sax,,,
À ha,,,
3 sao,,,
Ghét thì ghét nhưng vẫn phải đi ngủ á mng :),,,
Hiểu gì chết liền,,,
Thầy t vẫn đẹp trai và phong độ như ngày nào chúng m nhỉ :v.,,,
"Điệu nhảy của thầy rất đáng để học hỏi , rất hay mong lần sau thầy đừng nhảy nữa..",,,
"Đéo hiểu nổi style kiểu gì? "" con c* hưng phấn "" hay gì?",,,
Lâu lâu đói lại phải vẽ để đút mồm chứ,,,
Địt mẹ tụi trung quốc,,,
Mẫn Diệu Châu :)))))),,,
Độ đi thái ăn mì còn Tùng ở nhà ngủ vs vợ độ và Tùng sắp ra MV,,,
okk anh ơiii,,,
lmao,,,
Bắp Rang Bơ thôi nghỉ làm ở nhà cho lành,,,
Còn chờ gì nữa,,,
Cam on da quay clip ngoại cua e xem cuoi qua troi,,,
Nguyễn Đức Hoàng giống quàng quá vậy kkk,,,
Việc nhẹ lương cao nhanh vào bờ nè ae Ku Di Dn Vu Tuan Le Quang Phan Tăng Lĩnh,,,
Hoa Minaa Cực kì,,,
Quý Ngọc Nguyễn :)) nhạc của quý hay,,,
Nản ba gà thật sự,,,
cml,,,
Team fan Minh Hiếu ở Mỹ Tho iu cô ❤️❤️❤️,,,
Theo em nghĩ mỗi góc anh phải treo thêm 1 quả chanh nó mới sợ,,,
Phạm Long Vũ mày cl gì cũng biet chăng may nên lam google dc,,,
Sbtc come back cực mạnh ô giáo ạ Cừu Đen,,,
Đi với đảng.... đi theo đảng....!,,,
Doanh Nguyễn y vậy,,,
"Kiểu gì việt nam cũng thành ổ dịch thứ 3, diễn biến theo cấp số cộng thì vẫn còn hi vọng nhưng 1 ngày vỡ ra theo cấp số nhân thì thua :)) việt nam coi như tiêu",,,
..nội các của đương kim thủ tướng mà !,,,
Vag chao chi chi dep wa,,,
Tròn 1 năm :),,,
"thôi nhé bọn bay, luật nó thế, vi phạm là vào tù hết. Nước khác thì nước khác, đây là nước mình, cấm có bàn ra bàn vô. Bọn bay có phải ai trong cuộc đâu mà hiểu",,,
Tuổi trẻ chưa có nhiều vấp ngã nên cần nhiều trải nghiệm nha :v,,,
Thầy các em đây,,,
Chủ ao tốm và team up cực mạnh,,,
Chấm đỡ trôi nà,,,
Chương trình chắc tìm mãi mới ra được đoạn thầy ko chửi thề😫,,,
Răng kêu ngột ngạt đồ,,,
Như Như Diên Diên Hà NhuMỳ còn các chú thì sao,,,
Thùy Trang :)) thứ điên nó v á mày,,,
"Dì, ơi coi dì mà cười chết luôn á =)))))",,,
K thik mua đồ hiệu chỉ thik mua áo 3 lỗ :v,,,
Em cong nhan voi chj be de bay gio con dep hon con gai nua .em thit chi roi do nha hjhj,,,
Vũ JB dạ dạ,,,
3 que chắc lun!!!,,,
Pháp luật cần phải có những biện pháp xử lý mạnh những trường hợp ngn,,,
Cứ tưởng thế là fashion,,,
"Hôm nay off trym động viên các e mai bắn ngày cuối a ơi,2 ngày nay rf bắn ko tốt tí nào nhất là snake",,,
Quá trời cái,,,
Cá chết là do chết đuối nha,,,
Sao lại đi làm lộ mặt người ta vậy,,,
Huỷ lễ tang mẹ m à,,,
Deoooo nhaa thầy 😚😚,,,
😂.,,,
Chai sting vô đầu nhá thầy cô lập cl à,,,
Còn hai đĩa nữa là hợp phong thuỷ tộc trưởng ạ :)),,,
Hello chao chi .chi dao nay đep hon nam ngoai nhieu đo,,,
"Noi nhu vay thi ban lanh ra ho tro thien tay giúp dan di.hay nhu co suc thiet phuc thi manh dan dung len kiu goi quyên gop di.neu k giúp dc thi im lang di.noi ra lam nhu gioi lam do.nhung that chat chi co cai mieng phat lac va doi tay,doi chan vo vung.song k bang con chùm.",,,
Hoàng Minh Đức :))),,,
Quẩy lênnnn,,,
Trèo cao ngã đau nhé thầy ngu,,,
May  trước  đay  ninh  no  chui  liên  oanh  ma  gio  lai  quay  ra  chui  no  ha  cho  may  sang  mặt  ra  chua,,,
Dương Lê haha để con ib nói sp nghe,,,
Sao k mổ cho thằng bố con mẹ lão bác sĩ chết ra đấy rồi bảo đúng quy trình? Địt mẹ chúng mày lũ sâu mọt thối nát.,,,
Corona có tha học sinh THPT ở một số nơi đấy =)),,,
Đinh Phước tao nói mày xàm lồn nhai lại như máy con bò dưới quê t thì đ ai bênh m đâu,,,
Cần lắm những bà mẹ như vậy,,,
me nhà no,,,
Anh ba sẽ là người có nút bạc nhanh thứ 2 mà đừng lo aba ơi,,,
Cười xỉu 🤣,,,
Tiểu Faker =)),,,
Nhữ Hiền Hiền oie ngay cầu giấy này,,,
Nộp Cv ở đâu ạ 🥱,,,
Khanh Nguyen :))) đau hơn là khi mình chặt đc con heo mà nó lại nói từ từ,,,
Gg :)),,,
Chị em rụng trứng chưa,,,
Ảaaaaa,,,
"Cô minh hiếu đẹp và dễ thương quá 😍, I love you chu cà mo",,,
Chưa kéo xuống còn tưởng rừng cây amazon :v,,,
đồ mua đâu mà ngon thế,,,
Nghe c kể chuyện cười muốn xỉu,,,
Cây hài của làng LMHT việt nam,,,
Hãy nghe những gì ad nói và hãy ỉa vào những gì ad bost,,,
Khác thế đéo nào được. Đờ gra gon chứ ai :)),,,
Trần Học được vl 😆,,,
Giang hôm qua ở hoàn kiếm à ô,,,
Huyền Khánh Phùng ơ chị mặt nhiều lớp thế 😂,,,
"Nếu nói củ Nghệ dùng để kho cá sả nghệ thì hiểu ngay, chứ nghệ thuật kiểu này là thua mình không hiểu gì cả? Hay đây là cái cớ để người giàu xài tiền mà thôi, chứ sự thật thì chẳng có nghệ gì cả?",,,
"Để trẻ em chạy xe ngoài đường nguy hiểm lắm ,hôm kia tui đang chạy sát lề bị 1 thằng nhóc chạy xe đạp lủi ra ép vào xe may mà tui lách ra kịp ko thôi té nó là bắt đền mệt mỏi !",,,
Ai lớp du chu cờ mo ❤️,,,
Hồi đó anh tôi tưởng thế là ngầu 😎,,,
Đm page của anh tao là nơi để chúng mày vào đây để cực kỳ thuyết phục à :),,,
"bên phải đẹp trai nam tính , bên trái hơi bê đê anh độ ạ 😞 em của anh nên hơi thẳng tính tý 😚",,,
Hoàng Nguyễn rồi câu này có liên quan đến vấn đề này k nhà văn hoang nguyen :)),,,
Em sẽ trung thành với abe đến khi susan của thầy trở thành 1705,,,
@Omar Hà Tiên nhìn mặt văn minh sao nói chuyện dân trí thấp thế chú!?,,,
"Vài hôm nüa, báo doi cüa deng lên nói nó là ng ""hiên' lành"" cho coi!!!!",,,
Nghe có vẻ vô sinh nhưng lại đẻ được,,,
"thế t quay sang m bảo :""t vs m làm bạn thân nhé"" rồi gặp thằng khác bảo ""t vừa chửi cho n k dám nói gì"". Không có người trong cuộc xác nhận, chỉ có 1 bên đưa ra tuyên bố đơn phương thì có giá trị j à?",,,
Liệu quan hệ trước khi làm người yêu có heodat và balenciaga không?,,,
chị à.. đây là cánh hoa... cánh hoa đấy thấy chưa... Sc Vương,,,
Được vl luôn abe ạ,,,
Huyền Trang xuống ôn luôn này :))),,,
Khai giảng nè :3,,,
CƠM SƯỜN,,,
Nhãn Đoàn nhắm bay đc thì biến mẹ bên đó luôn đừng có về đây bay về để lây bệnh cho ngta hay gì á nuôi mấy đứa này thiệt tiếc tiền gì đâu,,,
866446651,,,
Trà Mii tôi know mà friend ơi,,,
Chuẩn vd nhỉ =)))))),,,
Mấy thằng chó sủa bậy sướng được anh độ cho đi đóng phim =)),,,
Ido Vinh râu sẽ buồn lắm,,,
6:20 nó buồn ngủ rồi đó m dẫn nó đi ₫* đi nghe mà cười muốn khóc luôn á 🤣🤣🤣,,,
Nhìn là biết xạo lồn rồi.. hình như đàn ông mà,,,
Quang Huy n ở cái tầm rồi nha hahaaa,,,
tui tưởng bọn học trò nó ghép clip vào chứ ai ngờ nhận giải thiệt,,,
Nguyễn Thịnh như con đĩ quái thai. Bổ xug thêm con cu nưa nhé. Trứng hơi to 😁😁😁,,,
Hương Quỳnh nay e cũng chịu thua T luôn r sao e,,,
Sắm vài chiếc roll royce phantom ra biển số trắng việt nam chơi,,,
Muốn vả cho mỗi thằng 10 cái ghê,,,
Ngủ cho khoẻ :)),,,
Do Dat gil lạc trôi ik đâu z,,,
Khóc hỏng có giọt nước mắt vậy má 😬😬😬,,,
mấy thằng lờ bị nhồi não suốt ngày chỉ đi canh bợ đít cho đám CS đéo quan tâm tìm hiểu tin tức dc mẹ gì vẫn vào cmt như đúng rồi,,,
May thật quốc sư còn khoẻ mạnh. Còn được xem hài,,,
nhưng cũng đỡ vất vả hơn trồng khoai ở quê :)),,,
Kệ mẹ ngta đi. Soi mói làm cái lồn gi,,,
Đẹp trai . Tài năng . Tư duy đỉnh cao . Call team tốt và nhiều phẩm chất tốt khác nữa là những gì thầy đều có . Sena 1 người thầy hoàn hảo . Còn thằng ngu 3 gà thì chịu cái gì cũng k có,,,
Trời sinh sam sao còn sinh so,,,
đẹp trai thật sự :(,,,
"Kính gửi Barack ,Ngài nên học cách sống đế vương như bọn anh đây.. Khaaaaaa. Khaaaa",,,
Đồng ý vs bạn,,,
gửi anh Tiệp,,,
Huyền Khánh Phùng i love you...,,,
Mất văn hóa..mặc vậy bó tay.....cơm. phong cách như cc người ta.😋😋😋,,,
T xem đầu tiên :),,,
Ủa đàn ông hay đàn bà v ? 😳,,,
"Tiếc vc, đứa em thích đéo biết Pubg và thế là cũng chả biết Refund :((",,,
🙂🙂:)),,,
Mấy cái quan bệnh tật của thời đại,,,
Ác quỷ cả hình hài lẫn tâm hồn 😌,,,
Thanh Thảo quần què nầy 😪,,,
Lần đầu tiên nhìn thấy ông đã cảm thấy rất cảm tình mong ông mãi khỏe mạnh ❤,,,
"Hieu Anh thích mấy bài sâu lắng, nếu sau này có mv đom đóm chắc nghe tháng này qua tháng nọ",,,
Con này em ruột chà Mu hay gì mà ăn nói cốt cách lươn lẹo giống nhau ghê,,,
nhìn ngứa mắt,,,
Đứng hình mất nửa tiếng :)),,,
Ong dau troc oi ong hoi toi ko nhin duoc cuoi hahaha,,,
Hoàng Hải Quân vẫn giả dc đó ông,,,
Pham Yen Nhi,,,
Ngồi xem trailer 🤣,,,
Tin tưởng 😂😂😂,,,
Trời ơi kg ai xấu bằng con quỉ cái miệng rộng. Mở miệng ra dơ dái mất dạy. Nhà khổ thấy mẹ chắc đeo ba vàng giả chứ gì.,,,
Cái miệng mày chửi dẻo mỗi ngày mày khg phát ngôn từ đó là ăn khg vô phát ngôn khg ngượng miệng mày xấu mà có được nhờ ra công viên nằm ngửa,,,
team tôi đi tấu hài,,,
Võ Thanh Hiền có chứ bạn,,,
tôi là tôi đíu tin chuyện yêu xa các ông có giống tôi kh ?,,,
Chúng ta xây dựng gần xong cnxh rồi hoan hô,,,
K nhầm thì đây là ảnh bên nước ngoài báo thanh niên hay tuổi trẻ j đó đăng năm ngoái mà =)),,,
Chip nhìn ngầu thế. Đi đâu cũng mang hàng nóng :)),,,
Ok anh êi,,,
Biết đâu lại bày trò,,,
Vn mà,,,
Gái hay trai vậy,,,
"Cách ly vẫn tranh thủ tạo chút scandal câu like, đánh bóng tên tuổi, xuất viện đăng đàn xin lỗi! sợ thật sự cái anh Tiệp này 🙏",,,
pew đau lắm,,,
Cực kì thuyết được của ló,,,
Bưng bô cho tàu,,,
Yeu nhau ko bao giờ được dụ nha anh . Nhưng mà phải Liếm lôn nha a 🤣🤣🤣🤣🤣🤣,,,
Người ta có j người ta có đừng có tức mà nói người ta,,,
Lê Nhật Hào mai là thứ 4 phải 0 cả lớp,,,
😞,,,
Cực kỳ xúc phạm =)),,,
A tiệp đang bị cách ly rồi,,,
"Hello anh em , hôm nay mình cho ông già lên sóng",,,
Cực kì thuyết phục=)),,,
Đã bảo hông xem hoạt hình,,,
cơ quan điều tra việt nam giỏi nhất thế giới ....trừ tiền bẩn của quan tham !,,,
Ta ngheo ma oi muon lam ma ko co tien,,,
Con này xấu  giữ  vay trời,,,
Cạn lời,,,
Cười ra nước mắc :))),,,
Phết lo Tết 😂,,,
"cơm của nó, nó bán giá nào nó nói công khai niêm yết giá, mua hay ko là ở khách, tôi thấy nhà hàng đéo sai tý nào. Chả hạn bảo nó ko niêm yết giá đã đành, giờ phạt cũng chả có cớ phạt. Sai là sai ở khách chứ, nói gì ông ý mà trích cái câu này ra để chửi",,,
Người Hải ngoại duy nhất làm Người dân trong nước lo lắng về sức khỏe =>> Nghệ Sĩ nhân dân Nhà Tiên Tri Vũ Trụ Trần Dần ! 😂😂,,,
Hiếu Bùi giỏi qá cc j cũng biết hết â,,,
h̦̟̉̑ͨ̓̚͟i̺̞̼͍̥̰ͧ̂̈́́̀n̼̺̩̟̞̺̣̈ͩ́ͣ̒͗͆͒h̦̟̉̑ͨ̓̚͟,,,
Biển số xe là 29 kìa :)))),,,
cho xin video vs,,,
DM...thằng assmin mặt L.. Hiếp zdam thị giác...,,,
Lại chuẩn bị những giáo án mù mắt,,,
Thật là hp :))),,,
Mong anh em ủng hộ kênh mình,,,
Ủa thầy còn kênh để chuẩn bị giáo án xịn xò à ??,,,
Hàng tiền đạo áo đen ngầu quá,,,
K phải chê trách chứ giờ mình biết văn hoá lùn là ntn r .,,,
Hồ Khang đm câm mồm đi =)),,,
mấy đứa sinh viên này chắc bị biến đổi gien của HULK rồi mạnh thật,,,
Cực kì thuyết phục.,,,
Tường Vi rủ xong là khuya r đó ngủ luôn đi :)))),,,
"Đm nó biểu tình rầm rầm đòi mỹ cút khỏi okinawa kìa :v Nhật bản chất đéo khác gì mỹ,mạnh 1 tí là đòi đem ánh sáng đại đông á soi rọi cho các dân tộc man di chả khác buồi gì mỹ ban phát dân chủ cả,có cái đánh nhau thua nên chịu nhục vài chục năm,bây giờ xe tăng,máy bay thế hệ 5,tàu sân bay núp bóng tàu chở trực thăng đóng ầm ầm kia,chờ mỹ cút là vinh quang nhật bổn lại chiếu rọi 5 châu ngay :v",,,
"khi nào về thầy ơi , nhớ thầy quá rồi =))",,,
live thật luôn hả mấy ông,,,
Mỗi lần train là ổng petland đi ăn ngập mồm mới về😂,,,
Hơi rộng,,,
Yêu nghề,,,
Du học úc giờ thua du học sinh Cao Bằng,,,
Đm cú vl,,,
Cầu mong là như vậy. Bác Đam cố lên. Việt Nam cố lên. Quyết định thắng còn corona này,,,
Xe gì mà 83 tỉ vậy trời,,,
Chiếc khăn gió ấm,,,
"xa hay gần k qtrong, qtrong là mình iu nhau :))",,,
:((((,,,
"Giữa hàng bao nhiêu người Fan Cứng như thế này thì % chắc là 1% mất =))) Huhuhuhu thật buồn, nhma cũng hy vọng=))",,,
Giống vl a ưii,,,
Nhị Thắng cực địt lol mẹ mày,,,
Đỉnh kao của c nhung nguyễn,,,
"Đừng nghe những gì cộng sản nói , hãy nhìn những gì cộng sản làm",,,
Cực kì thuyết phục! 🤧,,,
Ninh Trần đi đâu cx gặp idol 🙂,,,
Lê Thương :)))),,,
Ngô Sĩ Phú ở nhà đi bạn eh,,,
0799595141 e sài mobi cho e cạc Đi chị 😆😅,,,
Bác ăn gì con cúng,,,
Chắc mình mù âm nhạc nên thấy k hay,,,
Mong anh Khánh sẽ đầu tư trả lương cho team refund để team được chơi tiếp trên con đường pubg chuyên nghiệp,,,
A tuân hỏi chu cà mo la gi lam e cười mn xỉu,,,
Kiểu như này🙂,,,
. Cuộc sống thay đổi nhanh quá :v 😆,,,
"vấn đề tấc diêng là tấc diêng, tôi nói tấc diêng là tấc diêng về vấn đề trước tấc diêng. không phải là tấc diêng nhưng tấc diêng tui tấc diêng tui nói tấc diêng có ai hiểu chi không nả",,,
"Còn 1 câu, có nước mắt đâu mà lau !",,,
Cô ơi không chừng cô ba vàng ngọc giựt dây trần đoàn đó cô.không chừng cô lên tv bà vàng mã tức nên thuê người chửi cô,,,
Nó đâu có sài gòn,,,
"AE THẤY HAY THÌ CHO XIN 1 ĐĂNG KÝ KÊNH Ạ,,,CẢM ƠN",,,
Đụ me ngu còn ghi xàm . Nó lấp đất đầy cái đồng tháp mười chứ làm thinh cái c**.,,,
Hay vc,,,
Tự Nhiên Lại xin bản ko che full hd :D,,,
Hahaha. Tao laoi Bai. Quyen.  Sung ban  khong lung Sao chem khong duc,,,
Vào đấy đang phục vụ tự nhiên nó sờ thấy chym thì......,,,
Em nghĩ mình có con mắt sau gáy anh ạ :((,,,
"Duy Nguyen this me, i should have started a thread but naw lol",,,
Clm @@@,,,
Ơ hihi,,,
Uk công nhận k hay lắm,,,
"Kệ đi ,sống chết có số",,,
Khỏi ăn 2 con,,,
Thành kính phân ưu tới gia đình thấy Đào Quang Thực . Nguyện cầu cho thầy được về cõi bình yên .,,,
":/ ai biểu xui trực ngay ca bị phóng viên quay chi, thôi xui thì chịu ... nhóm còn lại vẫn giữ nguyên công tác nhé :3 nhóm này chuyển sang bộ phận khác :v",,,
Khỏi chèn mấy cái tiếng hay hơn á ad,,,
nhìn chị đẹp quá,,,
Hồ Khang đmm. Ý kiến của m như l ý.,,,
Trư Bát Giới đi vùng dịch về ko chịu cách ly,,,
"thấy Chị Chi dễ thương quá hà. , nhất cụm từ ""chứ nhiêu"". ""chứ nhiêu"", h",,,
Từ lúc mấy bro cmt cực kì cl gì đấy là rất khó để ngó được cái cmt hay buồn thực sự 🙁,,,
bạn đã làm được,,,
Hóa ra khoe tièn khoe vàng...ha..vàng da vàng mă't nay vàng mã vây kín. Nghèo mãi khi no com cho là giàu toi nghiep quá,,,
Như này thì saoo :))),,,
Mọi người buồn thì qua page em nha page hợp tâm trạng :v,,,
Tùng Sói👶👶,,,
"Một baì viết phân tich́ và đánh giá có cơ sở rõ rang .Đanh theṕ cho lẽ phải ,sự thật .nhưng rõ rang hơn là Lưư manh coi thương mang ̣sống cuả đồng loại .ko đử tư cách và ko thể biện minh đc TỘI PHẠM NGUYÊN HÌNH VÀ CÓ TỔ CHỨC .XIN CẢM ƠN TG.",,,
Bình thường,,,
Hoàng Ngọc Phương Trinhm á đuỹ nghiệp,,,
Con này nước ngoài người ta đang lên án nó: con rối của phe cánh tả(thủ đoạn luôn là đánh lạc hướng và che mắt tình hình chính trị TG) nhờ những buổi tuyên truyền mà gia đình nó ngốn cả đống tiền. Mà các nước ô nhiễm như TQ vs Ấn Độ thì đéo bao giờ ghé tới.,,,
Lại chuẩn bị những giáo án mù mắt,,,
Cô ba giât tien cua co ba minh hieu,,,
"Chắc Ông Thầy Phong Thuỷ nào phán : vào báo công rất là xui , lần sau khỏi thắng luôn ... nên tin là cái chắc ?",,,
Lê Kim Như Ngọc má nhột qá má,,,
Nguyễn Vạn Xuân Nguyên ?,,,
Tý Trương cực hun,,,
Có não mà để tay nhanh hơn não :v,,,
này thì Hồng Nhung nè :)),,,
Ôi trời,,,
"Tôi không nhịn được cười, công nhận A Lân hay thiệt .",,,
Cao Lãnh tự hào về anh RamboBanking :)),,,
choi oi xinh qua ai lop du chu ca mo,,,
Bà naỳ căt́́ toc.măt giống dan ông hơn.,,,
"Virus này bọn Tầu sản xuất ra có tác dụng phụ kích thích ảo giác thì phải, thằng nào con nào bị cũng tìm cách đi du lịch",,,
cao cao quyen cua chu tran dan,,,
Ờm. Nếu là ARMY thật thì thời điểm đó không có làm MV reaction các thứ đâu vì tụi nó bận stream hết rồi. Chỉ có youtuber chuyên đi react mới gấp rút làm clip để đăng lên câu tương tác thôi.,,,
Chuẩn,,,
Bộ phim bắt kim thang mới còn ghê hơn:((((,,,
Sống chậm th,,,
a thôi mà,,,
em liên tưởng đến clip này :3,,,
TínhTênTui @Hà Nguyễn @Lộc Tài @Võ Minh Hiếu,,,
"Lần đầu tiên thấy page có bài chửi đúng, chửi chuẩn.",,,
tùng cưng thật sự,,,
Mấy cái người mà kỳ thị lgbt thì quá là lạc hậu. Chết 1000000000000000000000 kiếp cũng chưa hết mù nữa,,,
"COCC nó đâu nào dám cho ""cắt cổ"", điều từ chỗ này sang chỗ kia thì lại sẽ ăn theo vị trí, cái máu đã chảy trong người thì cái gì ăn được là nó ăn dọng hết thôi.",,,
được ông :))),,,
Lai ? Lai là lai chó đó sao,,,
"Mình tính mua iphone 11 pro max hoặc iPhone xs max mà đang phân vân quá, ae cho hỏi giữa bên FPT shop và TGDD bên nào váy ngắn hơn v?",,,
Hóng J97 vs B52 hợp tác,,,
Vvvbgfggff Nshsbbsna võ minh hiếu lộc tài ( bảy miếng đất),,,
Nào mới qua khỏi cái nạn này,,,
Khoa Ta trên máy bay cái điều hoà nó là vòng khí kín :))) cả máy bay thở tận phổi,,,
Trần dần bị chú hoàng Lân chơi hoài 😂😂😂😂😂,,,
Chị người việt hả chị gái.  Chị đẹp gái quá,,,
Ka ka,,,
không a ưi,,,
bớt bớt đi ông ad =)),,,
cái tay cái tay,,,
Một cộng một bằng hai hai nhân hai bằng bốn quá nhanh quá nguy hiểm đó là độ mixi 💀,,,
Cưỡi mãnh thú đi chơi đi anh =))),,,
"Đã là thế giới thứ 3 thiệt thòi ai cũng có nỗi buồn nhưng xem Cô rất yêu đời,luôn vui tươi hài hước",,,
Thật sự rất yêu Đà Nẵng và bác Thanh,,,
Đoàn kết là power,,,
anh Đức Khoa Nguyễn,,,
Đoàn Văn Ngọc Sơn abe nhái bản quyền rồi cụ tổ ơi !,,,
Khoảng hơn chục năm trước t đã chơi trò này rồi. Nhưng nó k phải cánh hoa mà là cái...l... 😌,,,
Xuống kim cương chưa Abe,,,
Đặc điểm nhận dạng người tăng động,,,
Công nhận chưa thấy cái con đàn bà nào mà có cái miệng xấu như con Linh cá lóc,,,
cười vc a ưiii 😂😂,,,
tao thấy bên 200kg ngon hơn mà,,,
Tao lao nua rui tran dan oi. Chong dich chua xong o do ma chien tranh,,,
Hướng Dương Ừ vừa lên đọc lại thì xác nhận là chuẩn,,,
Chao chi ba,,,
Là dịch những vẫn phải đẹp???????,,,
Trần Văn Hưng tia nhanh thế,,,
Dat Nguyen đôi lúc cũng có bài k hay chứ chẳng lẽ hay hết 🙄,,,
Ngu vl... tầm nhìn bọn trẻ trâu việt plus chỉ được 1 năm thôi đéo được 100 năm đâu. phá đi phá cho tan cái đất nước này đi. dân ngu hậu quả 1 quan ngu hậu quả 10,,,
Nói vậy có ngành du lịch để làm gì?,,,
Trần Thu Hằng có link hong tui kh vô được,,,
Cái cap rất bình thường đến khi t đọc đến chữ Bé:)),,,
Chi 3 la so 1,,,
Sống lố quá thể 😓😓😓,,,
Bạn muốn biết Sam hay So thì hãy thử trc khi ăn nhá,,,
Nào cùng pe pe pe pe pe cùng Độ Mixi nào,,,
"mấy chú mà có quen 1 thằng ăn chơi hoang tàn, se sua diêm dúa cộng thêm cái tính láo toét éo có tự trọng... suốt ngày mở miệng là nổ mà cứ hỏi mượn tiền...mấy chú tính sao? liệu cho nó vay bao lâu thì nản?",,,
Cũng muốn làm lắm :)) nó chúng nó bảo t toàn đi cà khịa nên ko ai xem đâu =#),,,
Và nhưng huyền thoại sẽ xuất hiện.,,,
Hương Thảo mai có xí quách em ăn hông?,,,
"hết hàu lại đến djt, bố các thánh",,,
Clear mái tóc xanh sạch đẹp :v,,,
Duma tức ák,,,
Top 1 mn êyy ở nhà xem giải mn êyy,,,
Livestream mà cũng có zic =)),,,
"F1 là fake loại 1 đúng ko, bán hàng fake là vi phạm pháp luật rồi, nói gì nhiều, kêu công an cồng đầu liền xem coi có già mồm được nữa không",,,
Thầy be trình hơn Khan nka mn :3,,,
kkk,,,
Anh có thể bớt xạo cho dân tình đỡ ghét anh đi =))),,,
"Đm, thằng giám đốc này đúng ngu hơn heo. Nó nói mình thì cũng kệ mẹ nó rồi âm thầm đì. Đây lại tố cáo thì khác éo j nhận mình là thằng mặt heo cho cả thiên hạ biết :))))",,,
Hello,,,
😎😎,,,
vừa khóc vừa cười :V,,,
Kiên lên báo này Phạm Kiên,,,
"Biết là 19/10, nhưng kênh nào?",,,
Vợ em mấy anh ơi :)) em lớp trưởng nè,,,
bá dơ quá a be ơi 3,,,
Hehe,,,
Nguyen Mai Thi cũng chung team ah c kkk,,,
From Mixi With Love 💜,,,
Cute vl,,,
Định mệnh rùi nay là mùng BA,,,
Phát Võ =)))),,,
Cười mún bò,,,
Page này còn có tâm hơn NKYN.,,,
Lan Hoa nhưng đạo nhái là kiếm được tiền tỷ còn hơn cái lũ trẻ trâu chĩa mỏ vào để cắn cho bỏ ghét 🤔😏,,,
bUồN 😌,,,
Ae ysl ib e tư vấn nhé 💪🏼💪🏼,,,
"Thôi xong, thế anh Tiệp k ra vlog chanh sả nữa à",,,
Em thích kiểu này,,,
Chac tui chot wa cuoi dau bug luon,,,
❤️Chú,,,
Cho mìh hỏi là sách j đây vậy 😦😦😦,,,
Vẫn cứ là okk thầy nhỉ :))),,,
Chán hàn quốc thật cái trend này Việt Nam chơi từ lâu lắm rồi mà bây giờ hàn mới cập nhật 🤣,,,
Chi oi chi giau qua cho bon em tiên di,,,
"Hình như page này cũng là 1 ""Chi Nhánh"" của Việt tân",,,
Chúc ông trần dần mạnh khỏe,,,
Con nay ko co an hoc nen moi co hanh dong nhu the.de nguoi ta chua minh ko nhuc a,,,
"Thảo Lê lỡ mấy ng trong khoang thg gia ấy lây cho N17 thì sao, T21 chẳng hạn. Ai biết ai lây cho ai.",,,
"Lào hỗn, dám cấu kết với giặc ngoại xâm chống lại anh hai tung cuốc àh",,,
"Cơ bản đến năm 2020 đất nước Việt Nam sẽ thành một nước công nghiệp phát triển hàng đầu thế giới, nằm trong tốp G bao nhiêu thì chưa rõ .Như đường lối của đại hội đảng đề ra,và trở thành con ""rồng lộn"" hay con hổ gì đây ...Và thiên đường sẽ sắp đến vớ",,,
Cắt cho quả mái xong nhìn mặt có chán k,,,
bất đồng chính kiến là tụi thân trung cộng ghép tội VN phản động.... khốn nạn bọn chó+svn,,,
from Quang Ninh with lovee >3,,,
From TN with love❤,,,
Giờ này thì gọi grab ship hàng thui chứ ra đường chi nữa :((((,,,
Abe Giang hồ🤣,,,
Hết nhanh như chớp h qua thách thức danh hài :)))) thầy ăn nhìu giải nhỉ :0,,,
Cho mình hỏi nick fb của chị ba là gì thế ạ?,,,
Hài vãi nằm xem mà cười lộn ruột😂😂😂,,,
trung trần dần ? D: ?,,,
Mía sâu có đốt nhà dột có nơi ai làm gì nói đàn hoàn mày chửi hết quơ đũa hết vậy mới xin lỗi lại cả cộng đồng bây giờ chửi tiếp bó tay.,,,
Ủa thầy có nói lộn hk e thấy thầy mới là người hk làm đc gì mà ???,,,
"... rút kinh nghiệm, kiểm điểm nghiêm túc và trong tháng này đồng chí trưởng Công an xã An Đồng cũng nghỉ hưu theo quy định",,,
Fan cứng dạo hả thầy lol 🤤,,,
Hoang Vo hay,,,
Aba hát hay quá!!! Nghe xong xỉu luôn,,,
Cực kì thuyết phục ☺️,,,
Thấy thầy ăn nói lịch sự như này em ko quen lắm 😑😑,,,
Ủa????? Bác làm vậy ai chơi lại bác,,,
"Ở xứ sở nào đó thì người ta lại đối xử với nhau như người rừng, chém giết nhau vì lý do vặt vãnh. THật kì lạ !!",,,
Huy Đill Lần đầu 😂,,,
Mình học theo dị nha Hai Sấy An Diamond Hien Ma Cu POn,,,
Nguyễn Mạnh Hiệp gửi mấy ộp pa :)),,,
Tụi m thấy garena.vn ko,,,
😣,,,
Về đây bên Abe nha mấy đứa,,,
Chửi bây giời thì bẩn thỉu lắm ahihi,,,
Chỉ sợ muộn quá chị ơi em đang thiếu nợ 10 triệu mà chị dám cho em không số điện thoại của em là 094 154 3172,,,
"nữ sinh chạm vào mà CA đi tù 9 tháng, CA chạm vào má chị bán hàng rong chảy máu tạm đình chỉ =]]z báo còn viết thêm chị ấy chăn dắt ăn xin mới ghê",,,
E iu a cho rờ ku..kkk,,,
Thay vì bình luận * Cực kì thuyết phục* thì chúng ta có thể bình luận những lời yêu thương gửi tới nhau cơ mà. hãy sống đẹp như những con thiên nga của Tchaikovsky bu em àh,,,
"Cùng ngành và bao che cho nhau,sao biết nó lạm quyền mà xử lý?tôi ở tỉnh xa,đi đến đây bị cảnh sát của ông trưng dụng phương tiện.rồi đợi ông trả xe ở đâu?mất mát đồ đạc,tài sản,xe bị đâm đụng hỏng hóc,biết đâu mà bồi thường?tôi sẽ tiếp tục hành trình,hay ngồi đợi ông quay lại trả phương tiện.....luật mới trả lệ.toàn nghĩ cách chộp giật.",,,
Ngô Duy Tân hợp lí,,,
Còn giúp chúng ta thành đạt nữa!!,,,
Nguyễn Tuấn Văn thắng thì k tia đâu mà thua là phải soi kk,,,
cái gì cũng ngu chỉ có chơi ngu là giỏi :)),,,
Già mà non,,,
Ad cũng biết ông này à? :)),,,
có ny ko quan trọng quan trọng là có chym hay ko thôi,,,
mk chỉ thích xem a độ đá vs a bô béo,,,
Cực kỳ thuyết phục :))),,,
Giờ trung thu nó là mùa sinh sản rồii..đêm 14 là chúng nó bắt đầu phối giống,,,
Cô 3 oi...con ham chiếc xe SH 150! lâu lắm rồi mà con không thể nào mua nó được nổi. Cô 3 giúp con 1 lần đi Cô 3,,,
Ai đó hãy ghép thay cái chai sting bằng cái khác đi :3,,,
"Biết anh làm streamer mệt và khổ rất nhiều. Nhưng em thấy phục anh vì anh vẫn có thể vừa là vitamin cho bộ lạc vẫn hoàn thành tốt nghĩa vụ của 1 người cha, 1 người chồng, 1 cái trụ cột cho gia đình. Hãy cố gắng giữ gìn những hạnh phúc này nha anh Độ",,,
Hôm nay sói sẽ đưa ông già đi ăn cua hoàng đế nhé mọi người,,,
Ai đó làm ơn chỉ mình edit Font chữ như kia vớii,,,
Hí hí dăm ba con co ro na,,,
Trần Trung Dũng biểu tượng đó ở vn là cái khác má ui,,,
được anh ưiiii i,,,
"ad nào quản lý,ib mình mua page",,,
Chửi thề t bắn m á,,,
Trung ben10,,,
"có bài sấm truyền, đọc hoài",,,
Bùn,,,
Nguyễn Kỳ Anh cùng nhau chúc mừng thầy của chúng ta đạt nút vàng nào :))),,,
Phạm Văn Lộc yên nhen idol,,,
Mỹ Hạnh hạnh là 1 bông hoa dại à 🤣,,,
Lê Nhật Trâm khúc cuối quái vật táp đứt đầu kris 😞,,,
ăn mì gói nhiều có hại cho sức khỏe đấy bác Dần ơi,,,
"Thằng này nó thuộc dạng súc sinh,k còn từ ngữ gì để miêu tả hết độ cặn bã, khốn nạn,bỉ ổi của nó,k biết thằng bố con mẹ nó nghĩ gì khi có thằng con như nó,k biết con vợ nó cảm nhận thế nào về thằng chồng thổ tả như nó, thằng súc sinh này làm dơ bẩn thế giới đàn ông",,,
Đạo diễn phim,,,
Ủa r ko chữa đc thì dùng 106 triệu mua đồ cúng mỗi năm à :),,,
Thương chị ghê,,,
"hàn quốc là phồn vinh giả tạo, làm tay sai cho đế quốc thôi",,,
@Anh Japan  Cứ ngồi đó chê người khác đi em. Quả báo cũng sẽ tìm đến em. Không sớm cũng muộn nha bé.💓,,,
Dự tuyển ở đâu vậy,,,
chào bọn sống chậm mình từ tương lai tìm cái bọn sống chậm lại để thủ tiêu bọn nó nhé,,,
Nhạc hoaxpox mix hay vl,,,
Con e vừa ngủ vào đọc đuọc quả này e cười to quá nó lại dậy.cho nghe Thất Tình nó lại ngủ luôn.V~ cả Trịnh đình quang,,,
Họ đang coi đá banh r 😌,,,
Nghe các thánh cmt mà muốn cmt quá,,,
Gia Khang tui nhường bạn á,,,
Thế này mới yêu,,,
Chào a Gil xô,,,
đập bộ PC lấy j stream,,,
Thùng rỗng kêu to ...,,,
Hay rồi a ơi. Team mình là team streamer mà đâu có train nhiều như tụi nó đc. Đc đi thái là vui rồi.,,,
Rin Tẹt :v,,,
Chi hieu dep qua da mat chi dep qua,,,
Lần nào cũng đưa con Robot này lên bìa mặt báo :)),,,
Được,,,
Yêu xa 😓😓,,,
Nguyen van Giang thắng tới nơi sủa bậy,,,
Chưa được một lần xem phim trong rạp,,,
"Đuỵt mọe, các ông nghĩ cứ sáng tạo ra cái cc gì cũng được lôi ra mà thử nghiệm hết đấy",,,
Cho Lên Top Nào Tộc Nhà Ta Ơi <333333,,,
Đặng Hải Long t sạch mà,,,
Cho vào tù cách ly mẹ đi,,,
nha tien tri tran dan co don duoc khi nao minh bi nhiem corona hay khong,,,
tụi trung + nó qua VN mặc áo dài luôn rồi ah. các bạn bò vô cho mình tí ý kiến với !!! thanks các bạn,,,
Tém tém chút má ơi :)),,,
Phạm văn rạng từng bắt dính 3 quả của pele và vô địch sea game lần 1,,,
Mặt này đâu phải tùng sói,,,
Hahaaa =))),,,
Cập nhật,,,
Úc có vẻ rất tự hào về cậu học sinh này:))),,,
Có vận dụng được vào những chỗ có tóc khác khong a ?,,,
Nam Nay Đã Lớn update dmg :D,,,
Dạo này nhìn chú em đẹp troai hơn đó...  😁,,,
"Chua to chức dam cuoi voi nhu Quỳnh thi chết the nao được ,anh lan ky qua nhe,cu hoi hoài ke hoạch 9 nam tuong lai.......",,,
Gia cát ba là e cứ tưởng tế công phiên bản bóng chứ,,,
Phan Nhuệ Anh cmt cái đồng hồ chi vậy bác 😂,,,
TOKYO Drift,,,
Cái này mặn nè thầy,,,
Sai lầm tuổi trẻ là muốn mình lớn thật nhanh,,,
idol của chị hai tui 😌,,,
thầy đẹp lắm :V,,,
NNs Dương cầu xin các bậc cao siêu nhân bớt giùm:( a mem,,,
Lau qua moi gap dep qua,,,
Hợp lý anh ưiii:)),,,
"Lời nghe và hiểu đc 2 câu, chắc t phải học lại trình NGHE - HIỂU lớp 1 😨😨😨",,,
Chào tộc trưởng,,,
"đúng thế, lòng tin của bác rất chắc chắn, ngay cả học sinh cấp 3 vẫn còn đi học được thì sợ j con virus :))",,,
uôi a à :)),,,
"Lương VN là cao rui, tăng thêm dân giàu sao :))",,,
Nguyễn Nhung cân nhắc công việc mới nè,,,
"Ông này có chơi xk ko, thấy bị điên... cũng tội",,,
Sebinz :v,,,
Nguyễn Quốc An thứ học trò lồn,,,
Đúng là 1 danh hài 102,,,
vu e bi xe qua c oi.nhung e k co tien huhu,,,
Tâm huyết cả đời thì cũng phải xin phép chứ. Biệt thự trăm tỉ còn phải phá kìa. Hay ở mỹ xây nhà tổ nghiệp là ko cần phép,,,
Được vãi loz a ơiiii,,,
"Của dân, do dân, vì dân!!!",,,
Thì bjo nó vẫn chiếm đó thôi giải thích để tỏ ra mình ngu hả,,,
Ohh,,,
TPhcm có chợ nổi,,,
iu nhau ko liếm l...nửa🤣🤣,,,
Ghép chuẩn nhỉ,,,
Bắn bỏ nó đê,,,
Nhìn chị sang ghê 💐💞💞💞😍,,,
cầu mong cho VN mình k ai nhiễm nữa😢,,,
"Anh Hồng Nhung thế mình nói vô lí ở where ?, thắc mắc thôi có được k ?",,,
Lại một thằng óc tôm.,,,
nghèo tới mức bán rẻ tâm hồn 1 đứa trẻ ư,,,
"báo từ năm 2013, lôi ra làm gì thế thằng ad, 1 số cái tôi đồng ý vs bạn nhưng cái này thì không ngửi đc rồi.",,,
Thi Thi ngực đẹp. Tao gái mà nhìn còn thích,,,
Sau bác về nước nhé bác,,,
Gia cát bị đồng bóng à,,,
Cà khịa anh Sơn mà =)),,,
Đúng như vậy và nên như vậy,,,
Tr ơi tr nc hoa gì mấy trăm Sài nc hoa hàng hiệu là bt r tiền tr một chai bự còn hàng dùng thử chai nhỏ xíu 5 mL nhỏ hơn chai thuốc nhỏ mắt cũng trăm mấy 2 3 trăm ngàn r,,,
hay velu,,,
Thật hay dùa dều rất thông minh,,,
abe cứu cậu vàng với abe ơi..Cậu vàng đi thật rùi ông giáo ơi,,,
Trần Thành,,,
Cuối cùng thầy cũng chịu mua áo mới,,,
Noway mặc áo Friday chắc Abe mặc áo Tuesday rồi :)))),,,
con cháu tay rửa chén đi chê bai người dũa móng tay !,,,
Nguyễn Hương Sen ô chuẩn r,,,
Vũ Hoàng sao bảo bị bế đi r 😂😂😂,,,
CĐLCL,,,
Anh em nào ở khu vực tây ninh mà muốn vay tiền thì alo mình à 1tr ngày 5k thôi nhé😁,,,
nhạc sĩ đa tài và anh chàng tấu hài đẳng cấp,,,
Tặng anh cả 5 bông hoa đấy😗,,,
Vl a ưi,,,
Bảo yêu nước lắm yêu nước vừa toàn làm mấy kiểu cho mọi người trầm trồ vì sự ngu không lối thoát : ) biết là dịch nhưng mà vẫn thích đi du lịch thử xem virus có thể xâm nhập không ?,,,
nhường cho còn ko ăn đc,,,
Em iu Tùng iu luôn cả em Tùng,,,
Tui cũng dân bắc Kỳ mà thấy thằng dân bắc này thật hành động cũng khốn nạn quá nó mới chửi như vậy,,,
Hay thặc sự 🤣,,,
"Sàn nhà làm chẮc chắn thế mà bọn phá hoại lau sơ sơ đã hỏng rồi, chán!",,,
con quỷ cái,,,
mai mình lại phải lên cầu giấy hít dịch :((,,,
Nhat ban 76 nhe ad,,,
Bàn tay chj đẹp quá .,,,
Trong những ng biểu tình dĩ nhiên có những ng đi vs cái tâm rất tốt,,,
Anh 3 ngu vải ra hahaha,,,
T thấy t thích bà linda bây giờ hơn :)),,,
Thấy cưng haha,,,
Becks Tran e cũng như mấy bác trên,,,
"Nghe cô kể hay dã man,",,,
Võ Thuần Nguyễn có bán Tiểu Tiểu không,,,
Choán hông 😌,,,
Công an nhưn dưn anh hùng ghê,,,
đợi đồng chí sống sót mở họp báo và nói thật lòng đống ý ấy cái đã,,,
( ꈍᴗꈍ),,,
"TRẦN DẦN VẪN U MÊ LẮM,VN LÀ MỘT NƯỚC HOÀN TOÀN ĐỘC LẬP VỀ CHÍNH TRỊ....KHÔNG MỘT THẾ LỰC NÀO CÓ THỂ ÉP VN NGHE THEO.",,,
Thương nhất vợ lúc này vất vả thật và nên đỡ họ những lúc họ cần những ng đàn ông như mình bên cạnh,,,
Ý thằng chó ad bảo nhà nước làm cái này cái kia. Rồi nó lại sủa rằng: nhà nước làm để hối lộ. Bọn phản động mà. Đi ỉa chúng cũng sủa mà. Thứ chó lưu vong,,,
Nguyễn Thị Lệ Chi gửi ảnh nhanh để mìn còn đú trend:)),,,
"Đỗ Thịnh chơi bời ntn thì chơi , đừng vầy nhé 🤣🤣",,,
Triệu Kim Nhung trầm cảm🤦🏻‍♀️,,,
Ừ OKE,,,
Long Duy Đào riêng m thì không nhé,,,
"Ngô Tấn Hưng trình Thầy Ba hơn chứ ông, Duke có bao giờ dám cầm Poppy Fl cướp Red chưa ?",,,
Võ Võ Ngọc Huy,,,
"Em ơi nhìn mặt đẹp mà kg đẹp nết tại sao là kiếp đàn ông chuyển giới phụ nử đẹp người kg đẹp nết vậy ta. Ăn nói kg văn hoá ai mà lấy , lấy về củng kg thua gì mấy con Việt kiều chửi. Phụ nử Việt nam Thuỳ Mỵ  đoan trang hôm nay bị mất phẩm chất mất danh giá bị đám yêu nghiệt này rồi. Trời ơi là trời sao bất công giới nửa quá vậy.",,,
ジェイ ホープ nghe thì vô phục nhưng lại cực kì lý thuyết cmnl :))))),,,
thầy ba đẹp trai thật mọi người ạ <3 ashe quán quân,,,
"Cái gu ăn mặc quá là cao siêu.... Chỉ những ng có tư tưởng... Siêu phẩm mới tưởng tượng nội. Mà những người như thế,người bình thường như iem đây k hiểu đc.ây za.những người tâm thần thường có những ý tưởng... Cao siêu",,,
hình ảnh thầy giáo và các e học sinh khi có giáo viên khác dự giờ,,,
Dinh Hong Ngoc vắt chanh vắt quất cho sảng khoái thơm tho,,,
Vậy thì đừng xem 😒,,,
Lê Quang Trường like,,,
Ông chồng be like,,,
okkk anh iu :v,,,
Diễn viên suất xuất nhất giải còn gì,,,
Sao không cách lý vs chữa bên nước ngoài luôn đi nhỉ. :v Sang đó định cư rồi lúc dịch bệnh lại quay về Việt Nam để chữa trị. :v,,,
Nc trung là cũng tuỳ vào từng công ty chứ ai ai cũng như anh dân đc nhờ.,,,
huy hieu de lam gi ae :v,,,
K như lời đồn 😂,,,
Mạnh Phúc quê t đấy,,,
Nguyên Nguyên ừm... chết rồi,,,
Được đó thầy,,,
Trẻ trâu đóng film hài hả 🙂,,,
Bác Trần Dần tuyệt vời!,,,
Để t chống mắt lên xem,,,
Ahihi đồ ngốk 😂😂😂,,,
Tưởng chết mẹ hết rồi 🤣🤣🤣,,,
Tội anh lương tháng có 7-8 triệu chỉ dám ăn tôm alaska không dám mua tôm nhỏ mà ăn 😢,,,
Thấy ngầu vl luôn,,,
Mắc đ*t quá,,,
Rụng trứng.......,,,
Cẩm Nhung ủa bắt trend đi chứ,,,
Hoài Thư Dương guci đi trước trend hàn luôn chớ,,,
Nhai vậy đủ rồi nhạt lắm rồi bác,,,
"Ơn dời ông ấy còn sống,ông ấy làm tôi phải buồn mấy hum nay..tưởng ông ấy bỏ diễn hài mà đi theo cô vi 19tuổi rùi chứ",,,
Uk,,,
Kể kiểu tóc mà nó chi tiết bánh cuốn vl a ạ :v,,,
"Bây giờ Nhật thành cường quốc dân chủ, có ai quay lại tạc tượng anh thanh niên kia ko :3 Nhân vật tạo bước ngoặt lịch sử, mà giờ đừng ai làm theo nhá, mệt lắm đó :v",,,
"Jack buớc đầu vs màu nhạc mới vui vui này thì hơi khó khăn tí , những sp sau sẽ ok hơn thôi. M tin vậy,",,,
Nghe rất hư trúc nhưng lại là mộ Dung phục,,,
Dân chơi nhìn phát biết ngay tối nay sẽ nở hoa,,,
"Đang có cái game mua Hàu tặng bút này a e! Dùng cái của nợ chị vợ nói là đây nhé. CH!CH khỏe, CH!CH phê, đê mê tối ngày!!!",,,
Hello chi yeuuuuuuui 😘😘😘😘😘😘,,,
Paula Lưu mình quen rất nhiều người miền nam và họ rất rất thích ăn thịt chó ạ. Và một điều nữa là thịt chó để ăn chứ đéo phải đồ cấm mà k đc nhắc đến,,,
Còn mình thì giám đốc bắt nhân viên đi cách li thay còn sếp vẫn nhong nhong 😪,,,
Quản lý hay thu thập thông tin check hàng mới :v,,,
1163 lê đức thọ.p 13 gò vấp là trạm y tế mà,,,
"Như cc vay cái qq j mà vay lắm thế, ta khinh ! Đậu!",,,
😃,,,
"Sống trong nhung lụa, ngày ăn đi chơi tối đi bay. Nay bị nhốt nên ngột hahahha",,,
Hợp lý quá anh độ ơi,,,
tối nay UTC khai giảng các bạn ơi :)),,,
May quá tóc mình đỡ đỡ :((,,,
đm vô lý 😅👀,,,
Phán câu nghe mắc địt vãi loz,,,
Được anh ui,,,
"Má.tếu thật ""lóc cóc len ken chè đậu đen"" vãi ông thật. Đang dịch cuốc sư  sao k đi giúp ong trum nhỉ",,,
vào là đập chỉ có thể là thầy ba :),,,
E nghèo quá kg có tiền nuôi con ăn học vậy chị có thương e chị cho e tiền để nuôi con đi chị.  E kg có chồng e phải nuôi 2 đứa con mà còn kg có nhà nữa chị e ở trọ chị ơi.,,,
Thanh Bình đừng quan tâm :)),,,
Nguyễn Hoài Bảo Ghe rk na :)),,,
Cô Lan bây h nhìn sang chảnh deso ..ns chx nhỏ nhẹ nữa,,,
"Lũ bất tài, vô dụng, học hành không lo, lo ăn chơi, lười biếng xong đổ cho "" Xã hội đổ nát, nhà nước vô dụng "".... Xin lỗi chứ một chục cái nước Mĩ cũng chả gánh nổi đám phá của tụi mày đâu :/",,,
lịt pẹ vỗ tay 👏👏,,,
Đập dập l nó ik minh hiếu,,,
Đhhfhfhbfhfjffhhfhfhhcchg,,,
Đỉnh ❤,,,
Mạng wifi đỉnh kout hơn nè 🙂,,,
Chị nầy mình bảo đảm là vàng thật nha mọi ng,,,
"🏆 https://www.facebook.com/thexuandoan/posts
 
 
 
 Qua theo a @Đoàn Thế Xuân
 
 https://www.facebook.com/people/Ng%C3%B4-Quang-Huy/100017339296628?comment_id=Y29tbWVudDoyOTIyNTg0NTIxMTkyNjU3XzE1NTEzNDA3MzE2ODI3NDk%3D Ngô Quang Huy Vũ Văn Thuân bro chứ
 acc clone Phúc Ssi 
 https://www.facebook.com/mariaangelica.ramirez.121?comment_id=Y29tbWVudDoyOTIyNTg0NTIxMTkyNjU3XzEyODc1MTQ3NTA0ODc5MA%3D%3D Nguyễnn Đức Khánh Vũ Văn Thuân 3p 4k2😌
 https://www.facebook.com/letrungkien2002?comment_id=Y29tbWVudDoyOTIyNTg0NTIxMTkyNjU3XzEzOTgxOTkxNzAzNTg4NTA%3D Lê Trung Kiên Biết khi nào mới đc cảm giác vừa đăng 3p đc 4k2 like nhỉ 😁
 acc clone Thanh Propk Vũ Văn Thuân bro ko phải pro
 https://www.facebook.com/nanh.251?comment_id=Y29tbWVudDoyOTIyNTg0NTIxMTkyNjU3XzIyNDg5MjQwNTE4NDMzMQ%3D%3D Ngọc Ánh Cực kì thuyết phục !
 acc clone Trần Quyết Cực kì thuyết phục !
 acc clone Giyuu Tomioka Cực kì thuyết phục :))
 acc clone Qanh Ngơ Sống từ từ thôi các bác 😩
 acc clone Duy Hưng Nguyễn Cực kì thuyết phục !
 https://www.facebook.com/myname.nhicuteee?comment_id=Y29tbWVudDoyOTIyNTg0NTIxMTkyNjU3XzI0OTE2ODAxNzExNDc5NjI%3D Nguyễn Thị Mi Na Cực kì thuyết phục :>
 https://www.facebook.com/hiep.5sonlienl?comment_id=Y29tbWVudDoyOTIyNTg0NTIxMTkyNjU3XzI5MjI1OTI0Nzc4NTg1Mjg%3D Nguyễn Trọng Hiệp VTV có hướng dẫn rồi anh ạ, anh hướng dẫn tán gái đi anh 😍
 acc clone Hoàng TuấnAnh Cực kì thuyết phục:))
 acc clone Ninhh Hồng Giống trộm chó vch anhh ạ 🤷🏼‍♀️
 acc clone Cường Nguyễn Cực kì thuyết phục!
 https://www.facebook.com/people/T%C3%A0i-Phan/100029038729979?comment_id=Y29tbWVudDoyOTIyNTg0NTIxMTkyNjU3XzEzNDYxNjc0ODAyODUyNg%3D%3D Tài Phan Ồ bấy lâu nay mình vẫn đúng cách.
 acc clone Nguyễn Đức Cực kì thuyết phục
 https://www.facebook.com/people/%C4%90%C4%83ng-Nam/100028286479855?comment_id=Y29tbWVudDoyOTIyNTg0NTIxMTkyNjU3XzI5MjI1OTc5MDc4NTc5ODU%3D Đăng Nam Anh tôi trông giống Trộm ..."" :v",,,
Việt Nam Hồ Chí Minh,,,
Rich kid có số má ở VN lun á.Em chồng Hà Tăng,,,
"Mình thấy nhạc của anh nghe lần 1 chưa thấy hay đc ạ. Các bạn nghe lần 2,lần 3 cơ. Phải nói như thế nào nhở. Các bạn cứ thử đi ạ. Đúng là so vs các bản hit trc thì bài này ko hay bằng. Nhưng cứ coi như lần comeback này a thử sức vs dòng nhạc mới đi ha. Cảm ơn các bạn đã đọc cmt của mình nè",,,
"- Dạ kính chúc cô luôn dồi dào sức khỏe , để cô giúp đở những người nghèo khó..",,,
Luôn tin tưởng bác và nhà nước,,,
E đz như thầy,,,
T bực thật sự 😒😒😒,,,
Bạn hãy đổi tên thành hiệp đầu chó,,,
Tâm Dương unknown Brain - Matafaka nha,,,
Ây da.. cô dễ thương quá 😘 anh Tuân cười như được mùa 😆,,,
Sướng quá cũng kêu,,,
Cuộc sống ở thiên đường,,,
Dạy học sinh k tốt này said : Hiệu trưởng tiểu Levi,,,
Nhưng tha cho THPT nha :),,,
Thế này có phải yêu ko,,,
độ bad trip 😞,,,
con này nó làm mất hết hình tượng người phu nữ vn  .cảm thấy buồn,,,
Gương mặt tỉ lệ vàng ghép vào ảnh đéo nào cũng hợp :))),,,
Sếp đã đẹp trai còn nói đúng👏👏👏,,,
Cài tóc đánh bài cho hăng ạ 😌,,,
Dương Kỳ hắt xì vẫn toang =)),,,
Mai Xuân Tùng fan ruột nha bạn :))),,,
Đúng rạch mồm nó,,,
Trần Thị Nhung con ng chứ có phải con c** đâu mà suốt ngày nghỉ. HN bị tuần sau còn phải cắp sách đi hc nữa là chỗ mk. Nằm mơ đi e,,,
Chửi sai thì đính chính lại đi ad :v,,,
Lũ pede xạo xự. Mới hơm qua chúng tâng nhau lên mây. Nay chúng siủa cắn nhau như chó tháng 7. Hahaaaaaaa,,,
Cực kỳ thuyết phục:)),,,
Đi mĩ là phải vậy,,,
Cô hiếu này xinh,,,
Giày mua trên sóp be trăm rưởi :)))),,,
Nó In tiền như in giấy lộn thế này bảo sao không lạm phát.,,,
Dfs,,,
T chán quá mà,,,
Có bàn chân lặng lẽ...,,,
:v có ai đó cười ở đằng sau,,,
Vang gia ma sao em deo nhieu zay em kg so may thang xi ke no bop tai .cai toi deo vang gia do em .,,,
C.A việt nam mà mượn xe cái mẹ gì. Mấy ông công an phường ở SG toàn thấy cướp giật là chạy lên lề trốn liền. Sài Gòn nhiều chốt dân phòng vậy mà ngày nào cũng xảy ra cướp giật mà toàn là hiệp sĩ bắt cướp không à. Mấy ông dân phòng chả biết để làm gì nữa. Haizz.,,,
Nguyễn Trương Bửu Tấn bạn nghĩ virus nó sống ở đâu nào :))).,,,
khi những con sán dây búa liềm phát biểu y như rằng tấu hài,,,
Con xài sim mobi,,,
Ngọc Hiếu hot trend đó nha 😂😂,,,
"Mày mới gọi là nhảm đó,đồ chó đẽ",,,
Cô ba giàu quá à con mà được một phần nhỏ mong tay thì con đó khổ quá  co ơi,,,
Nói gì vậy lão vô văn hóa,,,
Tĩnh Que còn hát cho nhau nghe đc thì dăm ba cái chúc thấm đ' gì nhỉ,,,
"Trần Dần tỉnh ngộ rồi sao, Trước lúc khuất núi kêu gào thảm thương",,,
:))) chào nha,,,
Triệu like,,,
Nói về mấy ông bụng phệ ở trong chích quyền thôi nói cả đời vẫn ko hết chuyện...mãi cũng ko sửa đc..nó ăn vào xương vào tủy rồi.,,,
Tui mà thấy anh lên fb tối nay là biết tay tui nha 😀,,,
Phương Trinh ok =)),,,
Mấy đứa đạo lý toàn sông như bướm,,,
"Không yêu nước, tinh thần này nọ, vượng vin , kệ xác nó..cứ Toyota, Honda, Mazda , bèo cũng Hyundai, Kia ...mà chơi cho chắc cú.",,,
Thấy ghê dị🤣,,,
Quần què,,,
Nguyen Nam :),,,
Các em nên nhớ:trượt tốt nghiệp hay k đỗ đh chưa hẳn là hết hi vọng.biết đâu sau này mấy đứa nó đỗ đh nó lại là lính của các em,,,
Fan,,,
"Năm ngoái thì vườn rau Lộc Hưng. Năm nay tới Biên Hoà. Nếu dân Việt Nam không đoàn kết, đồng lòng như dân Hồng Kông. Cuối cùng sẽ không có đất để chôn thân. Vì CS sẽ giao hết cho tầu cộng rồi hạ cánh an toàn ở nước ngoài. Người kế tiếp mất nhà.. chính là bạn.",,,
Không xâm lược mà giờ Hoàng Sa không còn là của Việt Nam :v,,,
ok các cháu,,,
Hoang Trung mấy ổng đc truyền máu đây :)),,,
Đừng quá tin :)),,,
yeb,,,
Quảng Nam lại thêm 1ca nữa ạ,,,
toang toang thật sự Sóng Vỗ,,,
Tối này thầy live k nhỉ,,,
Quyền riêng tư của người ta mà mỗi người một số có ai muốn vậy sao khi dễ người ta. Bạn đã sai,,,
"duma hỗm em trúng dc 20k k dám chơi nhiều thầy ơi, so anh ba giáo án xạo lz",,,
☻,,,
"Ko lẻ bất cứ nước nào nhận lao động nước ngoài thì nước đó trình độ kém?? Ngu vl. Ngành luyện kim: mổi cty mở ra đều đưa nhân viên ra nước ngoài thực tập( chủ yếu ở Trung Quốc), vì chuyên môn yếu với lại thiếu chuyên cần, bất cẩn. Các nhà thầu TQ hầu n",,,
Vơ đũa cả nắm thế ai chơi lại ông?,,,
Adam Dark dậy thì sao 🤣,,,
"chuẩn, cũng chỉ đủ bằng 2, 3 bữa nhậu đều đều ngày ngày, hàng tuần của các quan thôi mà, không tăng phí, tiền đâu đi nhậu ?",,,
LA 😥,,,
Chị ba ơi em khổ quá,,,
Yêu chi ❤❤❤ maria veria,,,
hélu,,,
"Đừng lôi mẹ người ta vào, tao địt vào miệng mày Vũ Long Bảo cấm lôi fụ huynh vào nha ^_^",,,
Bác sĩ chữa khỏi bệnh cho một người trả tiền cho bệnh viện nó khác.,,,
Ông đạp tý thì rụng điện 🤣👍,,,
Sếp nhà ngta :),,,
Đếu bao jo t un cua THP nữa..,,,
Xem on Tran dan noi chuyen cung co cai hay😀,,,
Cám ơn anh Lân đạo diễn nhiều vở hài hay phết!😀,,,
Ghi Ta chúa said : ta tha thứ cho con,,,
Con bóng già h mới lộ :v :))),,,
uầy chơi gắt thế :)))),,,
nên xem từ phút 7:00,,,
Thành Đạt lồng cái nhạc mắc cười lạy 😂,,,
Hanh Viet tôi thấy 1 bông hoa giữa 1 vùng cứt,,,
Cũng hay,,,
"Lễ đêm 24.12 gọi là lễ Vọng Giáng Sinh, nghĩa là chờ mong, mong ngóng Chúa giáng sinh. Chứ ko phải là do giáo dân nóng lòng quá rồi sinh ra chuyện làm lễ ngày 24.12. Lễ ngày 25.12 vẫn là lễ trọng, giáo dân nghỉ việc xác vào ngày này. Anw, bài viết rất hay. Cám ơn tác giả",,,
Hưng Thấy sao nhờ,,,
Chỉ biết nói là..... rất viêt nam,,,
Lanh dao nuoc ngoai noi nhung cau noi tro thanh kinh dien.con lanh dao vn noi toan nhung loi vo van.vn toi khi nao moi phat trien day.,,,
Trào lưu bà Cô lên giá 🤣🤣,,,
Đuoc cua ló,,,
Sống chậm thoiu,,,
"@Thảo My trước kia tục thật nhưng chửi hay còn bây giờ thì ko đc vậy. Với lại mình củng thích chị này thật nên hay vào fb xem vs like hình nhưng nhiều cái thấy bả quá đáng lắm. Nhiều người vô cmt đàng hoàng nhưng ko vừa ý là bị chửi tới cha mẹ ông bà liền, fan thì vào bảo ngu hay sao mà ko biết chị chửi giỡn. Khi người khác lên tiếng chửi lại đùa giỡn vs mất dạy  nó khác nhau lắm thì clip này ra đời. Bản thân chửi cha mẹ người khác thì cho là mình chửi giỡn cho vui còn người khác chửi lại thì bảo mất dạy, coi vô lí vl ko 😂",,,
Trend này tui theo lâu rồi,,,
"@hoa buitôi chửi nó để  trong ngoặc đó bạn , chứ tôi biết thằng ba rọi này mồm nó hơn cống công cộng , từ thiện mà sủa như quái vật vậy, mồm nó độc quá ,mồm nó chửi tục vậy thì tâm nó chỉ tà kiến và ác gian tham thôi.",,,
"về cơ bản làm cán bộ ở VN dễ vl ra ấy cứ việc nghĩ ra ý kiến linh tinh giống như việc cải cách giáo dục thi đại học ,đề nghị giảm học phí cho con e cA , ngực lép ko lái xe , hay bộ y tế đề nghị thay áo blu , giờ thì bình chữa cháy v .v và v cứ nêu vd ra nếu dân ko có ý kiến gì thì làm nếu chửi cho thì lại thôi éo cần phải động não",,,
"vừa share song thấy đồng nghiệp có tin nhắn nhận lương hết r,’mà mk chưa thấy đâu🥴",,,
Ơ thầy nhớ giữ lời với giáo án thác loạn nha thầy 🙂,,,
Nếu là sela thì mọi chuyện sẽ k dừng lại ở đó ❤️,,,
Đây là thời trang cho người à?,,,
Cực kì ám ảnh :)),,,
Giờ ban hành quy định ai trốn cách ly hoặc nhập cảnh không khai báo y tế tra ra lập biên bản xử phạt là sợ ngay ấy mà. Vừa gỡ gánh nặng y tế mà còn kinh tế :)),,,
đợi mùa 3 thôi team:)) ReFundGming With Love <3,,,
Lương Kiều Trúc Uyên phải quyên góp 1/2 tài sản để phòng chống dịch tại nó mang dịch về,,,
Hiếu Đặng bay qua đi bạn,,,
hành động siêu cute 12:06 quay lại like tui nhé,,,
Linh Chi cưng anh kaka,,,
Xe này kg dùng vân tay vn dc.,,,
Tuyệt cmn vời,,,
Chúc mừng đội tuyển Pháp vô địch World cup ❤️,,,
Iu chị,,,
Cực kì thuyết phục :*),,,
Mời tắm xong rồi còn phải đãi tiệc hải sản cá nướng này nọ nữa mới đúng bài bản,,,
Nát hết cmn rồi,,,
Vào nhóm giao lưu nhé,,,
thót tim nhưng p dài chút nữa thì hay hơn,,,
"Thua keo này ta bày keo khác, kh có giải này còn giải sau. Miễn sao là ae vẫn còn chơi với nhau, bên nhau với nhiều kỉ niệm là nhất r <3",,,
Đúng zậy tui chưa gặp bao giờ,,,
cười xĩu má ơi,,,
Sau khi dùng,,,
Tối ngủ đất a nhá,,,
"Nhìn thấy cái kia Chị xỉu 3 ngày, tỉnh lại nhìn thấy xỉu nữa haha.....",,,
Qua VN chữa trị,,,
Cờ đỏ vẫn khoái Idol nè :),,,
Nghe thông báo có vẻ như là chăm lo cho du học sinh lắm....nhưng bản chất việc làm của bọn mang tiếng LSQ như cái Lon coca.....,,,
Quá đáng lắm luôn 😂😂😂,,,
Thế nó đáp xuống Trường Sa thì là có hèn không?,,,
Chất thì thôi rồi,,,
Ông bố tôi còn trẻ con lắm anh em thông cảm :)),,,
"nếu nó niêm giá thì lỗi do người mua mất cảnh giác ! sống ở thiên đường mà mất cảnh giác là sa chân xuống hố ngay tức thì! đi xe ôm cũng phải hỏi giá, mua bánh mì cũng hỏi giá....đến hối lộ công an hay bác sĩ còn có khung giá ! ko hỏi thì đừng trách .... thiên đường khốn cmn nạn !",,,
"Nguyễn Hiển ko còn gì để nói nữa, ck cẩn thận!",,,
Thôi chú ba ơi con từ bạch kim học vài giáo án của chú là con rớt tới vàng 4 rồi,,,
Haizzzzzz. ..😕,,,
Lê Vân xem nào,,,
Tao cũg cay lắm,,,
"Nào các em để chị dẫn các em vào ""NGÀNH"" nhé =))",,,
Có người bảo: “Anh đẹp trai lắm”. Thế là anh tôi ngồi cười suốt buổi stream. Yêu anh.,,,
Thật may “Hổ ca” của em vẫn còn khoẻ. Vậy là chứng táo bón của em vẫn còn chữa được:)),,,
Con người yêu đỏng đảnh thật nhỉ,,,
Lén j mà lén nó ngang nhiên ấy chứ làm j nó 😂😂😂,,,
"Cần cấp thiết xây sân bay Long Thành, sau đó đập sb TSN đi để lấy đất làm sân golf. Đó là ý của bài báo này kk",,,
Hahaa không thể ghét ông trần dần đc mọi người ạ,,,
😋😋🙃,,,
Nguyễn Thư chắc chắn là ko pk mik nhé :)),,,
Cực kỳ thuyết phục =))),,,
Nói dối làm tin tan nát,,,
Mãi yêu thầy 'dấu bé 3',,,
rất hư trúc nhưng lại mộ dung phục!,,,
Con lợn này,,,
Nguyễn Trọng Hiệp thấy ông cũng tội để tôi cho ông mượn con huracan còn dư nhà tôi :V,,,
gần ra phim như này chưa thầy,,,
"Điển hình của việc ""làm theo năng lực, hưởng theo nhu cầu"" của XHCN mà còn than gì nữa! Muốn tiến lên Xã nghĩa thì chỉ có cách duy nhất này thôi!",,,
Mong bình an cho các bạn dũng cảm .,,,
Tin nhắn của thủ tướng đổi ra chắc đc cả tỉ bạc chứ k ít. Lũ lụt đến chân ng dân thấy tin nhắn thủ tướng chắc mừng rơi nc mắt :)))),,,
Em thích chị cực thích từ lúc chim chưa mọc :v ....,,,
Bắt cô lại ko cho đi,,,
Nhưng trong 5tr ng có phải ng nào cx thấy hay đâu,,,
E chủ tiệm nói chuyện rất dễ thương,,,
TRẦN DẦN LÀ CỘNG SẢN NẰM VÙNG ĐẢ ĐẢO ĐẢ ĐẢO TRẦN DẦN HAHA😂😂,,,
@ pham thanh :))) vui quá,,,
Trốn,,,
"Vẫn k quên Thái Lan có Subachai Subachoc,Việt Nam có Susan 0175 :))",,,
919.495.452,,,
Chao chi hieu chi dep pua de thuong nua co pua my goi chp em ngan do nha chi,,,
chj mjh hiêu ơi con trân đoan nay no thuê nha ơ đo ...no ban đô dom không ha no ơ đông thap chj ơi...,,,
Lạc Bảo Xuyên rõ ràng là no việt thiếu ma c 😂,,,
Nguyễn Thảo Vân là nn,,,
Nghĩ chán không,,,
Đúng vậy 🤪🤪,,,
Vẫn là abe =))) nhưng ở 1 nền nhạc khác,,,
Mấy bạn còn lại kiểu :,,,
"Cũng ko ngạc nhiên jì lắm, gần hết 2020 xăng xái cho đạt yêu cầu quan thầy ấy mà, riêng cái điều này coi bộ khó đạt í,có thằng chó nào ra đường nói tiếng tàu với đồng bào,đồng nghiệp,bạn bè bằng tiếng tàu ko,lúc đó nó cho vào bệnh viện tâm thần thì bỏ mẹ,hay về nhà hôn vợ,nựng con nó có nói tiếng tàu được vợ con nó chắc ngạc nhiên lắm vì nghĩ nó bị khùng,hahaha",,,
chú trần dần mà bị covid-19 cắn thì bọn trẻ trong nước bọn cháu tìm đâu ra clip mới của chú mà cười .à quên chú ơi  ! ( răng của chú rụng hết rồi kìa ) chú đoán xem năm bao nhiêu tuổi răng chú mới rụng hết,,,
Nguyễn Đình Sang haha lạ l v bạn,,,
Mong thầy luôn có những giáo án chất lượng để chúng em có thể tiếp thu và sánh vai với các bạn khác,,,
Ông này cộng sản nằm vùng?,,,
Bòn Chú Kim Quyen Tran Hằng Lệ giờ còn hận luôn á =)))))),,,
má mất dạy 🤣,,,
giống nhau đến ngạc nhiên,,,
Quyển tiền vào mặt nó😂,,,
cũng giống như Yêu lâu sẽ chán người ta sẽ đi tìm một người mới làm người ta hạnh phúc hơn =)),,,
Toàn cõi Việt Nam chỉ có 2 giai cấp :,,,
Xin hỏi nhà tiên tri.sau đợt dịch này bọn 3/// liệu có bị tiệt chủng không,,,
Chào ông Trần Dần mong ông mạnh khoẻ,,,
Cảm ơn thầy @@,,,
Khi phim chiếu rạp cũng là hôm sinh nhật bồ em 🤣,,,
Hùng với Tư Nha thì ra là nhân vật hư cấu :v,,,
Kick nó đi Abe,,,
Vũ đạo đỉnh cao hơn cả Lẹc Pin,,,
#NAME?,,,
Vây hoy đi nha,,,
Over Power :D,,,
Cưng chị Hiếu quá dể thương thật thà vui tính.,,,
Chị gái chả không sưng mặt lên ib,,,
Quả bút nhìn thấy chất =)),,,
Tôi mong đảng và chính phủ sẽ trừng trị nhưng trường hợp vi phạm tôi cảm ơn,,,
Dùng bố để khều donate xong đối xử chả khác gì con ghẻ :((((((,,,
Sờ chim a ơu,,,
192 hàm tử phải ko ae,,,
trái tim nhỏ bé,,,
Giàu quá trời mà nhà cha mẹ anh chị em ở VN ko có lành lặn con cháu nghèo mạt đi làm kiếm từng đồng từng cắt nghe mất ói quá con bóng nổ banh xác,,,
Link này nhìn chất lượng z,,,
Maruko Linh buồn nhễ !,,,
lịch off tôi thông báo từ năm trước rồi nhé :))),,,
Hay vl,,,
Cầu truyền hình trực tiếp tại Yên lãng =))),,,
Khùng khí chuột,,,
Ai hát vậy,,,
Tại sao abe phải trả lời bạn ? 🙂,,,
Dm bị band cmt trong gruop,,,
Ba Subin vl bạn tôi 😲😲😲,,,
Phàm :)) vlon thanh niên,,,
Cảm tình ziên diệt cộng miễn bàn :v,,,
"Trăm mấy chục triệu như con bò rụng cọng lông, như cây me rụng lá 😆...",,,
Con bóng vẫn là con bóng. Con chó suốt đời vẫn là chó..,,,
May xạo lồn do am binh,,,
Nói nói hát hát nhưng vẫn không quên khịa con ba vàng ngọc 😂,,,
Nghe nói a Độ bỏ Stream rồi à. chuyển qa đá cho Đức r a e à,,,
bóp băng thông và phao tin sửa cáp..,,,
Yêu cô quá ❤❤,,,
Ai đánh moá bóng già này thì hú tui đánh tiếp,,,
Linh Vũ Toi xin video,,,
FB phụ Lan Trinh: https://www.facebook.com/my.the.1297 ☺❤,,,
xn cne,,,
Sàm quá. Lam nhu tien ben my tu tren troi rot xuong .tuong sao con linh noi tuc .minh cung vay,,,
"Dưới đất thì nước sông ô nhiễm, trên trời thì bụi.",,,
Thu Hương,,,
Giang hồ cỏ Cao Bằng nhé :)),,,
Tộc trưởng live tiếp điiiii tấu hài cực mạnh :v,,,
Ghe qua kok muon coi mat net de so coi toi ngai dum ba do mat net,,,
Nhìn hài hài,,,
Nuôi gà cho người ta ăn đấy các ông ạ🤣,,,
"Đất nông nghiệp đòi đền ngang đất ở, rồi kêu oan, đến hài và kém hiểu biết",,,
a có ý định bán vợ ko a 😂,,,
Mé,,,
Mẩn Phan đọc xong động lực trôi ngược mẹ hết ráo,,,
Thay ngáo đá,,,
6:05 vâng lần đầu tiên tui biết 1 căn biết thự 28 triệu,,,
Đợt nay hinh nhu mới 40k mấy sub à chắc ổng k ngờ giờ 1tr sub thật,,,
cayy nhờ :))),,,
Sang Quốc Fan nhiều thể loại lắm ô,,,
"Giờ ngân sách thu được ở địa phương nào thi chỉ chi tiêu cho địa phương đó. Saigon là nơi nghèo đói, vì bị bọn Mỹ ""Ngụy"" kềm kẹp, bóc lột lâu năm, được CS vào giải phóng, cứu đói, cứ để cho nó thu bao nhiêu xài bấy nhiêu. Không đủ chi thì kệ Saigon, cho nó chết !",,,
Trần Thiện 30 nhưng chữa hết 16 rồi,,,
Cay :v,,,
"Thế mà chúng nó giật tít cộng gộp lại. Tít lẽ ra phải là : ""Muốn giết người? Hãy làm công an""",,,
"Từ thiện cái máu L gì kiểu này. Có lòng sao đéo đến cái mái ấm, xóm nghèo, xóm lao động mà phát gạo tận tay. Dm khoanh chân 1 chỗ bỏ 1 cục tiền mua 1 đống gạo xong vứt 1 đống xong ghi 3 cái chữ kiểu GẠO FREE ĐÂY BU ZO BU ZO MỖI NGƯỜI 1 BỊCH :)",,,
Thuyết phục quá nhể🙃,,,
Korea bây giờ mới cập nhật trend này à :v,,,
Cảm ơn Anh làm đầu đã cho e ăn tết ngon lành,,,
Tào lao Trầng Dầng .... trồng răng đi cha trước khi lên show ... tàu lao ....kkkk,,,
"ok thầy,cố gắng nha thầy iu <3",,,
gáy sớm ăn gì?,,,
Ko biết là 10.000 công nhân hay 10.000 lính @.@,,,
Phạm Thùy Dương tí @sếp vào thả haha bây giờ 😄,,,
Ma.o.cay.lay.ma.tuon.ma.o.co.chi.chua,,,
Tui học trò cưng của thầy nè,,,
Night nay we eat beef leaf lốt nhé wife love 🤩 Thảo NG,,,
con mèo tệ nạn :)))),,,
địt mẹ thắm :)),,,
Tú said : cái lol j vậy abe,,,
Ngó lên trời,,,
Các bạn gái xinh xinh ghé fb mình lựa ít đồ nha,,,
Nguyễn Kim sale mà nhìn chiếc ảnh tưởng thầy sale 50% ạ :)),,,
Khi người t đã hết yêu dồi,,,
Đứng ở ngã ba mà k biết nên đi hướng nào,,,
Úi úi,,,
Cực kỳ thuyết phục đấy,,,
Abe chưa bao giờ làm ae thất vọng :)),,,
Chúng ko chửi thì còn lâu mới ló mặt ra xin lỗi😑,,,
Dep.sang wa c oi.,,,
@Linda Bui lên mở clip cô minh hiếu nấu vàng đi cô minh hiếu lúc đó đang rửa vàng á,,,
Khóc mà cũng giả,,,
Phạm Anh Thư Ha Nhat Tiên Nguyễn nè bây,,,
cả nguồn sống bỗng chốc bé lại vừa bằng tờ biên bản....,,,
Dịch ở nhà chán quá thì ib mình 🤭,,,
Nhà k có gì ngoài đk :)),,,
Tự nhiên thấy con đó cái xễu lên xễu xuống à ko biết... 😂,,,
Cười muốn sỉu thôi má ơi,,,
A nằm kế bên đẹp trai há???,,,
Tổ sư mấy đứa thích thể hiện nè -))),,,
VN hãy Chung tay đấy lùi co ro na hãy cố lên VN ơi,,,
Toàn Trịnh đạo đức +0,,,
Thầy có cho em chân đi jungle không ạ :v,,,
"Bậy à, éo phải cơm sườn mà là cháu ngoan Boác Hù",,,
Bộ nào bộ hằng hải. Ngu thì ít thể hiện đi. Lắng nghe nhiều vào,,,
Ong noi nay khung khung ngao da ma,,,
Anh chỉ cần mang phong cách quần đùi áo ba lỗ thôi anh ưi,,,
Ông chủ tiệm bánh cùng nhân viên đi xem khu vực nuôi tôm và cua Huỳnh đế mà ????,,,
Oanh nhớ đeo khẩu trang khi ra đường nha 🤧,,,
Bảo My add em cô ơi :((,,,
Nhà tiên tri-nhà chém gió -nhà khôi hài của nhân loại!!!,,,
"Ko dám nói to đâu, nhưng mình cứ liên tưởng đến Nhà nước hồi giáo tự xưng IS. Tụi mà chuyên đi khủng bố thưởng dân ấy...:v",,,
riêng t chả thấy dơ à,,,
Tiểu Levi said : m vừa nói gì :)),,,
Đéo phải aba t rồi,,,
Đáng iêu vãi chưởng :3,,,
Thôi a im mẹ mồm đi :V,,,
Trung như con CHÓ,,,
"Tưởng chia bắc kỳ nam kỳ ad phải sướng mới đúng chứ. Thôi, cứ bình tĩnh đã",,,
Ad là con Thắm nhé,,,
Tú Carol có lẽ nó rẻ bạn ạ.,,,
: D,,,
Đập chetme nó đi abe,,,
chưi hây qua chi ơi.,,,
tôisẽ đập PC ông già nhân lúc ông đi Thái:),,,
Thanh Vo giống i như m :))),,,
"Lạy chúa, con đạo phật",,,
gáy là tốt đến từ tooc trưởng mixi,,,
Anh Ba nhận họ hàng đi này =)),,,
Nam nữ giong nhau. Đàn ông k bjo nhịn bủm ah?,,,
K ICM làm ca sĩ luôn rồi à 😢😢😢,,,
tao cung~ dang ranh~ nen ghim may :),,,
Cánh Diều dẻo,,,
Bình tĩnh thôi anh em :>,,,
"Nhà bói mù Trần Dần coi cho tui một quẻ ,tại sao bây giờ nhân dân trong nước lại hát bài:”Ngược thời gian Trở về quá khứ phút giây chạnh lòng “",,,
Noi. Cho. Nhieu di.  Chu.  Mai. Mot. Gia. Nam ia day. 1 cho.  Luc. Do. Muon. Noi. Cg. K noi. Dc.    Hi,,,
Lại là do chế độ nát chi dao chj kho anh nong dan chồng cay bn nam co thang den thu hoach hộ,,,
Ít ra cứ phải chúc mừng Hồng Kong cái đã. Chắc còn phải được hưởng dân chủ thêm chục năm.,,,
"Không sợ kẻ địch mạnh, chỉ sợ...",,,
Tết nên lì xì bao nhiêu =)),,,
Minh Hieu nói chuyen vui quá!😂😂,,,
"Ngu là ngu làm sao , bn giải thích cho tôi hiểu vs đc ko ?",,,
Hiền Lương cc,,,
👍❤❤❤❤❤❤❤❤,,,
Đào T Trang mh còn đang nhiều tiền quá kbiet làm gì cho hết đây này 🤣🤣,,,
Ai cho lũ chống Tổ Quốc về nước? Bọn mày mơ...,,,
Ôi kho than Cho may doi sau lam sao ma cha no dc chu .ôi phuc ôi la phuc ôi,,,
lớn quá ko a,,,
Chán ông già vl,,,
Chưa biết cảm giác cãi nhau mí người yêu :”),,,
Thu Huyền lại còn nấu cơm cho grab nữa cậu,,,
Tài Thi xin video,,,
nghe nứng wá thầy ơi,,,
"K có mà trường nào cũng đăng, dân tình hoang mang như thế mà cứ oang oảng la k có chuyện....",,,
Tuấn Mạnh Thật bác ạ :)),,,
duo với levi khác hẳn so với tiểu levi :)),,,
Phạm Đinh Hoàng Yến Yến hôm qua đâu,,,
"có nút vàng thì lì xì đi thầy, hok lì xì hok có tiền trả tiền học nữa 😞",,,
Đù ..đăńg qúa,,,
"Chu choa ơi lâu kg gặp,  thần sắc hơi s...u...y ... đó",,,
"Tội a tôi lương tháng có 7-8 triệu k có tôm rẻ tiền để ăn, toàn ăn alaska vs cua hoàng đế",,,
nhâm phẩm kém vá sena😂😂,,,
"2 con y chang, đặc điểm nhận dang, nếu chỉ có 1 con bò riêng lẻ thì là con so, còn 1 con bám trên con còn lại để di chuyển thì là con sam",,,
Ngao ngán quá !,,,
trời ơi là trời chủ thớt ơi i live you....,,,
Chị đẹp lắm,,,
B52 bị ngưng sử dụng:)),,,
thằng nào dám cho nó địa chỉ nhà để đến thu tiền ko =))))),,,
Cái nhập code này từ hqua hôm kia r nha,,,
Ví anh làm kiểu gì mà trong ví lúc nào cx nhiều tiền vậy ?,,,
Huỳnh Văn Tặng,,,
:3,,,
Lượng cho thủ tiêu đi chứ tồn tại ở nơi dân cư làm gì nữa. Ng ta lo ăn lo hc sợ rớt tốt nghiệp. Mk thì cứ đòi nghỉ 😌😌,,,
Lúc đó tui mới thấy ủa sao kì zậy??,,,
Bọn chó,,,
Lay cai quai zi lam nen tang,,,
thôi em cũng ạ thầy,,,
:)) có ai đọc bài chưa nhễ,,,
Dep nhu con gai vay á,,,
Nghe hợp lý và thuyết phục anh em =)),,,
Trend Hàn quốc học mót Việt Nam 🤣🤣🤣,,,
Cu tùng xe cái này thì nó sẽ ko hôn anh nữa đâu kkk,,,
Nó chuẩn bị dizz thầy thật r thầy Ba ơiiii =))),,,
"Mày làm như lên cái là hết trộm cướp ấy, với cái xã hội này chỉ có thể hạn chế thôi là đã mừng rồi nhé",,,
Yêu quá đii❤️🙆,,,
ủng hộ abe ủng hộ abe,,,
Bùi Văn Lực,,,
Thằng cha tập qua đây dân mìh nó xem như choá :))))),,,
Nguyễn Huỳnh Bạc yêu cl,,,
Hướng Dương lên google search Tim Cook nó cho hàng nghìn kết quả nhé.,,,
Khó vẽ nụ cười,,,
Mốt lại có vài đứa lại hỏi thầy ơi sao acc em trên shop của nextgen,,,
Vl :v,,,
Năm mới zui zẽ :v,,,
Em dậy thì thành công quá mn. Khác nhau có mỗi cái mặt :)),,,
nghe tới bạn bè óc nổi cục ... ớn xạo lol hok hà .. thứ ăn cháo đá bát em thấy nhiều chị ơi ...bớt giận bớt giận 🤫,,,
Ai cho xin mấy video của mixi đầu video này vs,,,
Còn bạn này nữa thầy ơi,,,
ừ,,,
Xuân Thái Xuân Bảo Ben Đăng Mạnh Nguyễn Phan Huy Nam 02,,,
og tran dan co biet  CHIEM TINH GIA HUỲNH LIEN  truoc 1975 o bih duog ko. biet noi nge choi . hoi do toi o gan  nha og ay..,,,
"Văn hóa xứ Bắc hà có khác, thô tục",,,
"Đố mấy bạn ...có bao nhiêu chữ ""Đụ"" 😁😁",,,
cần lắm địa chỉ mua Hàu,,,
hay lắm nó đi họp cổ đông bị virus thì chết trùm !!! oke hay lắm nghèo khổ có nhau,,,
Chi ba em kho qua cho em muon mot it,,,
Luc truoc  nghe loi  thang nguyen  thuan  chui nguoi ta te tua  roi bay gio  bi  thang  nguyen thuan  chui lai  cho ba ghet,,,
Chào các bạn,,,
Hôm bữa có tú probuild nay có aba probuild,,,
Nhà giàu đúng là có gu ăn mặc khác hẳn,,,
"thêm chữ kì chi zay bạn. Nó ko có hay, còn bạn k hiểu thì mình cũng k giải thích thêm.",,,
Nhìn mặt nc . Là Bik bộ mặt giả tạo . Bữa đó lôi tên cô mình Hiếu vo trước . Giờ nói kiểu xạo lol,,,
Ae nói xem nên băm th này như thế nào =)),,,
"Suong ,",,,
Nguyen Binh t cũng thấy vậy,,,
Cảm xúc sau khi nhận được huy hiệu fancung :₫,,,
😌😌,,,
"mới gặp face lần đầu nhưng cảm giác kết rồi đấy, ĐKM admin phát làm quen nhé :v, cơ mà cái tên admin vl thật :p lẽ ra 4 chữ T luôn cho nó hoành tráng lệ",,,
Oke Hasagi chết mọe đi 💀,,,
Anh em học trò thầy ba like avt hộ tôi :((,,,
Ông này rất thật thà đến mức còn kể ra cả chỉ thị 15 k hiểu sao h lại liều thế,,,
Ôi 1 thằng bede,,,
"Trần Vỹ thật chất thì giọng k thích hợp với bài này , như mấy bài trc nghe còn có chút gọi là nhạc quê hương , giờ thì khác r",,,
cố gắng lấy lại hue hiệu han cứng nào =(,,,
Đỗ Thu Trang đi học hộ,,,
"Chiếm đoạt tiền dân thôi. Giờ toàn thề thốt chơi chữ. ""tặng quà"" chứ không phải là hối lộ. Thằng cựu bộ trưởng đổ thằng thứ trưởng, thằng thứ trưởng đổ thằng bộ trưởng. Một lũ lãnh đạo mà thua thằng giang hồ ra tòa hay những người chân chính bị bắt vì ""chống phá chế độ""",,,
Chuong Pham có hai chữ khởi tố đó cụ,,,
Oke anh trung,,,
chó sủa thì kệ cmn :D,,,
khó mõm nó lại 😏,,,
"Hỡi những con bò hãy cày và nuôi lũ này, mọi chuyện cứ để nhà nước lo 😂",,,
Sao lại nói bắc nọ bắc kia bậy rồi,,,
Sena lúc này,,,
Cô mắc cười quá :)),,,
Cà khịa quá đáng,,,
Huyềnn Khánh z hả kk,,,
Cực kì thuyết phục thầy ơi,,,
Cho phép cái đéo gì mà cá sống ở tầng nước SÂU cũng chết . Đm,,,
Tăng theo ngày à bâyyy,,,
Bã mướng con bóng già nào chửi chị á Minh Hiếu,,,
Yêu xa chẳng qua mình là người thay thế họ mà thôi :)),,,
Lê Thương hợp lý ahhaaha,,,
Nhìn anh rất giống gờ đờ ra gon,,,
Ò ó o,,,
cái đụ má lỗ gì mà lỗ hoài z,,,
Tao cũng hóng,,,
Vũ Hà chiếc pút hư hỏng,,,
Ông sống hơi lâu rồi đó,,,
Bộ tóc huyền thoại ❤,,,
Mỹ Nguyễn cẩn thận tuyệt đối đó,,,
Si đa mà xông pha hiến máu là có thật :)),,,
Phương Linh Mai Anh trend đây nè haah,,,
"Nhà tiên tri cũng có nhiều câu cũng hay đó,9 câu hài hước,cũng có 1 câu cũng hay ho. Mọi nghe kỹ xem,nhà tiên tri vũ trụ này hư hư thật thật, hư nhiều hơn thật.",,,
Nứng qá abe ơi :)),,,
Okela sơnbamtp,,,
Vẫn cứ là okk thầy nhỉ :))),,,
Nay cô đẹp nhất đêm nay,,,
"Tao lao wa ,toan noi bay ba , vay ma tuong hay lam ha",,,
"Giữa tháng 5 trời đông lạnh giá
Lạnh này là lạnh của nước đá
Lạnh này là lạnh o ngoài da
Lạnh của chị 3 vàng ngọc chưa trả tiền
Ngủ trên ni băng mà lăng qua lộn lại
Sao em nhớ đến tiền của chị Ba
Sao chị đi xa mà giật nợ ở quê nhà
Chị đứng là con gà công nghiệp nhe chị 3",,,
Chỉ này đẹp va,,,
May chu di củ toc giong giống của mày mới vừa lòng dân,,,
Jack có ước mơ cả đời cũng không bao giờ có thể nhiều lượt dislike và trơ trẽn như Khánh đâu 😏😏,,,
Phương Trang dạ chiều nay tớ cũng mới xem thời sự rồi ạ😅.,,,
Cực kì thuyết phục!,,,
Nguyễn Hoàng Hoài Thương,,,
Dễ ăn 500tr như thế mới sướng,,,
"Nghĩ ở nhà nhưng vẫn on máy lên mà làm việc phát triển bán hàng .... , chỉ khâu sản xuất thì vẫn làm thôi",,,
Chị oi ! ai cũng muốn mình đẹp mà khổ nổi ko có tiền,,,
Chán dì đâu Rex Nguyễn,,,
Ông chủ đem nhân viên đi khảo sát địa hình nuôi tôm,,,
Nghe trần dần thấy cười đau cả bụng,,,
Và trong “Sena” cũng địt có chữ G nào luônnn :33 (j4f),,,
Yêu cô,,,
Sống chậm lại đi,,,
Cá nhân add nhiều lắm là cỏng ng vượt lũ rất tốt.nhưng add ko thể đứng lên vận động số tiền lớn để giúp đở hàng chục ngàn ng nhé.1 ng sao bằng 1 cộng đồng lớn dc.với lại anh ấy la ng nổi tiếng nửa.,,,
Đ**,,,
"I love you chu cà mo . Chúc cô và gd thật nhiều sức khoẻ . Mong chương trình ngày càng thành công hơn nữa , để ngày càng có những mảnh đời , những góc khuất cộng đồng LGBT được chia sẻ , lan toả sự cảm thông từ tất cả mọi người ❤️",,,
Miệng đời ai nói kệ họ. Chửi chi cho mất Phước báo và mang nghiệp vào thân.kiếp này cô giàu sang phú qúy. Ắp kiếp trước cô biết tu,,,
"Có ai suy nghi, nếu lỡ hên hên bị ung thư rồi thì còn vài năm đừng có chữa trị, gi hết, lên kế hoạch trả thù ( trả thù ai để đại nạn này cho dân việt đó ) giống phim SAW😂",,,
Ad ngày càng thể hiện bản chất xàm loz tốt hơn trước :))),,,
E thấy tư duy anh Ba không thi Siêu Trí Tuệ bộ môn Marco thì hơi phí,,,
nứng nứng hóa,,,
Giờ dao kéo thì chưa đẹp mai mốt tới cuốc xẻng mới đẹp như ý,,,
ThanhTâm Nguyễn e từng như vậy à,,,
"Hạnh An ồ việt nam gan quá, chắc tụi mình k phải là ng việt nam r, và lúc chết do víu chắc lúc đó cũng kêu là không sợ, ồ nhưng bố sợ bố muốn nghỉ học cho nghỉ học đi t sợ chết :(((",,,
Chị cho e biết tên chị đi.chị,,,
MONG MNG GIÚP ĐỠ,,,
Hồ Thị Trúc Phương uak..khoảnh khắc huyền thoại ra đời 🤣🤣,,,
giật đ trượt phát nào đến từ vị trí của Độ Tày,,,
"Người ta không bán hàng, ngta bán sự khác biệt.",,,
Hải Hằng đúng ra chị cẩm lan phải đứng đầu mấy người này mới phải. Không tôn trọng người tạo ra trend gì cả,,,
K- ATM Cao Lãnh.,,,
"Dì ơi giàu có thì hưởng đê, chứ đừng có tung lên mạng , chỉ để cho người khác chửi rủa thôi cái thứ con người không biết coi trọng đồng tiền , thì có đi ăn xin cũng không ai cho đâu, lòng nhân từ của tôi cũng có giới hạn 👌👌👌👌👌👌👌👌👌👌👌👌👌👌👌👌👌",,,
Thế con trai bảo đợi thì sao?,,,
Càng nói càng ngu.. học bk nhìu qa đâm ra bị lú... cũng tội mà thôi cũng kệ,,,
chi dep gai len sai gon tim cho bang dc con di cho do danh thay me no nha,,,
chúc mừng em đã trúng thưởng event lần này nhé! em inb về fanpage + hình ảnh cmt này nhé! Thầy inb em ko được <3,,,
Phan Thai đệt t về liền nè,,,
The shy sa đéc góp mặt tại Allstar năm nay =)),,,
Cực kì thuyết phục😎,,,
Công an xã là nơi nhiều cái chết bí ẩn nhất,,,
Hợp lý nhé,,,
tết đi lẹ đi mệt tết ghê😣,,,
GrabExpress chỉ giao hàng thôi ông nội muốn ship người vui lòng chọn GrabBike :)),,,
Levi làm quả call quá chi làm suất sắc =)),,,
"Mé ơi , bã phun câu nào cười ỉa câu đó yêu cô Hiếu",,,
cho em hỏi ngủ tí...10 năm trước là 2010...lúc đó có tính năng livestream của fb rồi hả mọi người??,,,
Quảng C:),,,
Đừng đem Việt Nam! Ra so ở tầm khu vực ngại quá qua châu phi đi...!,,,
chắc chết với anh Ủn quá,,,
Kien Chelsea :v,,,
Còn ba trăm liếm cái chùm lông trời ơi chắc chết wa đi,,,
Các chú để anh,,,
dc nha😎😎,,,
Trần ĐứcAnh,,,
Quan trọng là bọn Phi làm gì biết dùng nụ cười để giải quyết khó khăn như quê tao 😅😅😅😅,,,
Hello abe,,,
Mô phật làm ơn đài phố bolsa tv phỏng vấn trần dần xin dùm tui facebook chính chủ của trần dần để fan tụi tui có thể vô xem hài của idol AMEN 🙏🙏🙏,,,
Giải thưởng danh hài xuất sắc hả thầy,,,
Anh Trung sonic :)),,,
I love u pặc pặc 😘,,,
Xin link dạo hả abe,,,
MƯA BẢO SAO KHÔNG LÊN SÓNG ĐƯỢC... BỘ LÊN SÓNG Ở NGOÀI TRỜI HẢ,,,
Mắc đ*t quá,,,
Bảy Miếng Đất Official em yeu anh cho rờ ciu,,,
Ở 1 diễn biến khác..,,,
Buổi chiều vui vẻ nhé🍓,,,
Hết lòng tin vao các bác rồi... thương dân miền trung lắm... cố gắng lên,,,
Lê Thư bớt ngu,,,
giống MTP vd ae ạ,,,
Ếch Xanh bút này chym bé lắm k mua,,,
Đánh răng hết mẹ phim,,,
Ana Đoàn Thư đú trend sớm thế,,,
Đạt thơ đâu vậy 😅😅,,,
":( em ở bên czech, đeo khẩu trang cũng bị dân chúng nó nhìn nó kỳ thị đây!",,,
Ai muốn làm cv bán tời gian ib mik,,,
Vậy trc h là con Bóng Long Xiên??,,,
nhin`nha` que vl 😒,,,
C sửa riết nhìn như bị hư,,,
cái này là ảnh thật nha mấy ông kia là chị Trang á,,,
"Nhạc hay , nhưng mà mn có nghe đk lời bài hát ko",,,
thời gian vàng bạc 😑😑,,,
Cua nhỏ ko dám ăn ăn mấy con cua thế này cho đỡ tốn tiền,,,
Lời tiên tri,,,
Nhưng mà ngt chỉ trách kế toán thôi!🤣,,,
Nguyễn Nhật Vy nhạc hay lời nghe muốn chảy máu tai,,,
Đang quạo mà bắt chụp hình 🙂,,,
lừa hết các bạn ạ=))),,,
Sách lược diệt chủng dân tộc Việt Nam của Tàu cộng!,,,
Bông Xù tầm hồn :))),,,
Ủa sao đăng ảnh nhóm HKt vậy a?,,,
Phan Linh nó họ Bùi ý thức như đầu buooi là đúng r,,,
Đéo mang đặc sản của thầy ra cho chúng nó nếm,,,
Đấng chíp chất thật,,,
"Ái chà chà, Tèo ơi a ADD e với Cùng họ cùng đệm luôn =)) ae cùng cha khác ông nộii",,,
Nguyễn Thị Hồng Ngọc bên trái là uốn r,,,
Tự hào quá Việt cộng ơi. Xuất khẩu nổi nhục đi khắp thế giới.,,,
Cực kì thuyết phục=)))),,,
Cuối cùng đ/c Trần Dần đã giác ngộ lý tượng cách mạng,,,
Be de ma chui thi thoi roi.,,,
CEO apple Tim Cook là gay thì phải,,,
Chỉ Có những người ngu lâu dốt bền mới khoe của,,,
alo a độ ơi,,,
Nguyễn Nhật Long vl nắc,,,
ok ah,,,
Quà lủng không thầy ?,,,
Hay lắm ad ơi 🙂,,,
Trend này hot hơn,,,
Bn ơi bn bt gì về nước hoa ko,,,
Đc vl anh ưi <3 <3 <3,,,
Uốn cho tỉnh đi thầy =)),,,
Chị ko nói thì kệ chị,,,
Đức Mạnhko dẻo đâu,,,
Đi xe đạp cho vui xe điện làm gì =)),,,
MCVMedia  may dung co so sanh lisa tui  do di cho,,,
Hoan hô nhà tiên tri Trần Dần,,,
khi nào tùng đủ 18 bán cho em nhé,,,
Chuẩn men luôn a ơii,,,
Good luck to me 🤗🤗,,,
"Di bai quyen qua chuan, hao kingfu",,,
chu cà mo  (cho cà mu )hahaha,,,
Xuân đương tới là xuân đương qua,,,
Đừng có đụng tới cô Minh Hiếu đụng tới cô Minh Hiếu là fan☄️ biết rồi đó 😈,,,
Top 1 không cần xem cũng biết:)),,,
đc cái xl là hay😆,,,
Chúc gia đình thầy 1 ngày chủ nhật yên bình,,,
Ảnh gốc của aba đây nha,,,
Chiều thì bị chị Trang trêu. Tối thì bị anh Độ khịa. Anh đen lắm người mìn ạ 🤣,,,
Haizzz. Tiền mà kamf như giấy roi sẽ nhận quả báo,,,
sừng mọc thì sao a🤣,,,
Cho xin chỗ đăng ký visa đi Anh một chuyến 😆,,,
Chương trình đổi tên lại thành táo liên quân?,,,
Tui nghĩ con má đó nếu có hết bệnh thì nó cx phải xứng đáng là nhận án tử hình,,,
Dỗi vl . Cay vl :)),,,
Tai sao người ta.kg trêu chọc người khác mà lại trêu chọc bạn...việt nam có liên quan gì đến ban mà chươi..mặt bạn cũng để cho người ta đăng vậy..hiếm người đc quan tâm như bạn hà..hết chỗ nói,,,
Chim to như lõi giấy vệ sinh sợ gì chết đói,,,
Thuyên Võ chây thì chết condime với tụi mình r :))),,,
😂,,,
"Trần Dần đã tỉnh trở lại, đã nhận thức được sự thật lịch sử và nhiệm vụ của người VN hiện tại... Chúc mừng ông đã trở về với chính nghĩa tổ quốc và dân tộc",,,
Tròi má cười xỉu á,,,
Tộc trưởng vẫn khỏe như ngày nào:),,,
Bảo Tín lại còn k biết bơi 😭😭,,,
Ơi cô em cái miệt dzường,,,
"Cô bé nói đúng, giáo viên dạy sử mà o truyền được cảm hứng cho hs thì làm sao các em o chán được. Tôi nhớ hồi trước 1975 tụi tôi may mắn được học với một người thầy dạy sử rất hay, vào tiết thầy vừa dạy vừa kể chuyện và còn làm điệu bộ rất sống động làm cho tụi tui rất thích, vào tiết của thầy học vừa o căng thẳng vừa dễ nhớ nua",,,
Thương Bác 😢😢 mà sao Con nhìn Bác Bác đẹp thế nhở😗 nói tới thì lại nhớ con Nhung!,,,
Sub lại kênh cho thầy nha mng và nhớ là kênh mới là kênh kĩ năng nha,,,
/ff,,,
não chó thì câm đi,,,
Bác Đam và Việt Nam cố lên 🙆🙆,,,
Chj đang có vicorona sao chị đi  chúc chị đi vui vẻ,,,
Cô chua rât hay chua trân đoàn là đung,,,
Đáng yêu k :v,,,
Zalo(079202079)sdt nay nhé co3,,,
Nghe có vẻ vô lí nhưng nó lại hợp lí vl,,,
Nhanh vcl,,,
Du lịch về r nhé😌,,,
vậy giờ nói sao để nó đền bù đây? nói bao nhiu lâu rồi ?,,,
Ông im mẹ mồm đi,,,
xin vid,,,
Anh Duong Tran tình hình trong đấy thế nào rồi,,,
Thứ giật tiền Minh Hiếu,,,
Chi oi ! Song binh yen chi oi,,,
Vụ khu phố mẫu ở HN,,,
"I am searching for beautiful girl in the comment section, so that i can reply her and send friend request later, in hope that she will become mother of my children, who are waiting for her at home.",,,
mình lỡ rồi giờ bỏ sao được 😞,,,
"Vũ Thanh Huyền Tôi chẳng hiểu sao bạn lại nói ngta như vậy, Bạn nói vậy cũng chẳng chứng minh bạn tốt đẹp hơn ngta đâu, Ngta cũng đâu có muốn bị nhiễm virus họ đã rất khổ rồi bạn nói thế nghiệp đó bạn.",,,
chuẩn giáo án cặc to,,,
Cô hiếu nói câu nào tuii lộn ruột câu đó,,,
Khau nghiep qua,,,
"Vũ Đức Long mấy cái thằng nhà giàu suy nghĩ của chúng nó khác..ví dụ như chị nhưng, a tiệp ấy...😁😁",,,
phải công nhận hôm này ngài tiên tri trần dần nói haykkk.... hôm nay ngài dám đội nón cối rồi,,,
Nguyễn Thành Luân có nhưng phải đạp xe đạp chứ éo có xe điện,,,
cảm ơn ad nha,,,
Ok nha thầy,,,
Hard thế hard nữa vẫn thế =))),,,
Đừng hút game khi chơi cần,,,
Anh nói chuẩn luôn 😌,,,
Có văn hóa nhé,,,
Clear gầu clear luôn cả chuỗi,,,
Lê Hậu trend gì trông hay em nhờ 🤣🤣,,,
"Nhà nước vn là một lũ cặn bả, chó má nhất vũ trụ",,,
Đánh răng chiếm mẹ 2/3 Mv rồi :),,,
thầy ơi chỉ em với sao em không cài đặt được phím trang bị,,,
NT Trang Như Ýi,,,
Mn bây giờ có ý thức bảo vệ sức khỏe của bản thân bằng cách béo khỏe mỗi ngày,,,
con chó phải không,,,
Hôm sau bật stream của mình và xem lại belike:,,,
Nút này dc làm từ vàng hả ae :v,,,
Giết người dấu tay đây mà,,,
Sau hôm nay mặt Cuốc Sư xệ quá vậy. Nghi nhiễm corona lắm nà( a men tiết nhiên tui là đạo phật mà),,,
Anh em ai thiện chí giúp tôi thoát nợ với,,,
T nghĩ đây là djchip :)),,,
T đã đy trc trend này mừ mấy năm r...lạc hậu quá,,,
Rồi những người không có Smartphone thi biết làm sao :(,,,
"Tuân ơi anh đẹp trai quá anhh ơii, em mà làm con trai là em húp anh luôn rồi:v",,,
Mắc cười quá đi châu ơi,,,
"Ông tuân thấy cưng,, cho e hỏi nhân vật hùng với tư nha khoẻ ko ạ?? Vl",,,
"Ai cho anh mược cục sạc dự phòng đi, dây dợ loằng ngoằng quá",,,
có khi nào bạn ăn nhầm phải con so nên nó mới có mùi vị như vậy mà bạn ko biết ko 😕,,,
Năm nay là Táo Quân Vi Hành b ạ kphai Táo lên chầu như mọi năm,,,
Ví dụ 2 con bị cụt đuôi thì phân biệt nó như thế nào nữa,,,
chỉ uoc,,,
Tôi đã từng cố gắng,,,
Kathleen Nguyen đừng đi grab nha má,,,
nghe quen thiệc sự,,,
bốc bốc hửi hửi :)),,,
Hoa trên giấy dẫu không sương hoa vẫn nở :((,,,
Tấc nhiêng lờ nếu không có 75 thì k có nhân tài đi khắp thế giới để rồi trở về xây dựng 🇻🇳 vn thành con rồng 🐉 .,,,
Chủ nhật năm nhà HÓNG.,,,
Tự nhiên nhận mình là ...,,,
Ok abe sonic,,,
Sói a chuẩn bị ra rìa 😂,,,
Đừng có vậy nghe hôn m 😂😂,,,
Ở chỗ tôi người ta ko nghĩ đây là cánh hoa.,,,
uoc gi cung dc vay,,,
"ô mọi người chửi tiếp đi , vui quá :)))",,,
Nghe khá là mixi nhưng thật ra nó lại là Iphone🤣🤣🤣,,,
Nó lại hợp lí ah,,,
"Quốc Anh singed quỷ thư , mũ kèm 9 lửa :))",,,
M xem hết video chưa ??,,,
Mong anh có nhiều nghị lực tâm vững trí bền để nhiều người tiếp bước anh đi tìm ngọn đuốc tự do dân chủ.,,,
Biến lun cho đẹp bầu trời. Tui qá mệt mõi rồi,,,
Áo đẹp vậy anh be,,,
vào vietnamfootball mà xem,,,
A trung sonic,,,
K lấy vợ sớm là thầy cua luôn ngọc trinh r,,,
Nguyễn Minh Triết vãi,,,
sẵn ạ,,,
đc a ưi 😂😂😂😂😂,,,
nhìn bê tha quá,,,
Chán mọi thứ đang diễn ra 😔,,,
Tìm ra sự khác biệt nào mấy mem 😂😂,,,
Bác không phải là ông Trần đâu bác ơi!  Đừng có mơ! Ông Trần là Đức Cố Quản Trần Văn Thành đó bác Dần ơi!,,,
*Không biết ông già mình định làm gì nữa đây?*,,,
Ninh Trần idol của em ~ cũng from mixi with love à :v,,,
Đăng ký ở đâu vậy.,,,
Coi như năm nay đen thôi mình vẫn còn nhiều giải để sửa sai mà. Cảm ơn tất cả mọi người trong team RF đã mang đến cho chúng mình những giây phút tuyệt vời nhất,,,
mình không hiểu được vì sao một nước nông nghiệp chăn nuôi xhcn lừng danh như đông lào mà thịt heo lại đắt gấp đôi gấp 3 thịt lợn nhập khẩu tư bản được nuôi tít bên kia nữa vòng trái đất mang về tận cửa nhà !!!!,,,
Bớt gáy lại nha abe,,,
Con thấy cái đó con xỉu 3Ngày😂,,,
"sao lại có lắm thằng "" tài giỏi"" trong việc sáng tạo ra những thứ hại đời hại người thế nhỉ, chả hiểu học theo đạo đức của ai !",,,
tren tuy ms ở hàn vs tên gọi cánh cmn hoa nhưng ở vn nó đã là trend từ thời ơ cmn kìa vs tên gọi lá cmn mít :3,,,
Ít nhất ngta cũng làm từ thiện đâu có như cái thứ của m con linh cá lóc. Ko đóng góp mà còn chửi việt nam nx,,,
Học sinh chuyên toán tính vậy =)))),,,
"Thấy chán ad page này kiến thức thì nông cản cái gì cũng auto sủa, cái nhìn thì tiêu cực, nói chung là dốt còn nát",,,
Duyên dáng quá.,,,
Tóc em càng dài càng quắn anh thế thôi ha ha :((,,,
Qua tường em lựa váy xinh mặc tết c e oiiii 😋❤️,,,
Sting vô đầu,,,
Yêu cô quá ❤,,,
chọn như này hả :,,,
okeeeee,,,
Minion,,,
Tú Nguyễn đi văng đâu sai đâu bạn,,,
Vớ vẩn. Tầm UVTU thôi cũng đã đc trang bị hệ thống lọc không khí chuẩn Thuỵ Sĩ ở tất cả mọi chỗ hắn hiện diện rồi.,,,
"Cần nhân giống bò này gấp ,để sau này đi nghiêm thu công trình .Cứ cột mỗi con 1 cột điện,nếu kéo không đổ thì chất lượng công trình oke....",,,
Khốn nạn - mất nhân tính !!!!,,,
https://youtu.be/Fpgqg9PpeOw đây là nguồn cơn mọi người nói chú trần dần bị mắc virut,,,
"Thiết nghĩ nên kết nạp đảng cho ông Park, để với tài năng của mình, ông sẽ kết hợp với đường lối chính sách của đảng tài ba, sẽ dẫn dắt bóng đá VN đi theo con đường xã hội chủ nghĩa, tiến lên đại thắng tất cả các đế quốc bóng đá trên thế giới :)))",,,
Mấy ông đánh giầy kia ko là dân à? Cũng lỗi của dân đi :)),,,
16:51,,,
đc vl,,,
Top,,,
Đoàn Thu Ngọc đừng Sam nữa nhé sợ lắm,,,
A hỏi nhà tiên Chi xem Bai giờ hết dịch,,,
đã làm chủ thì ai cũng sẽ suy nghĩ tìm tòi nhiều phương án tốt nhất để giúp nhân viên của mk. Bất đắc dĩ người ta mới cắt giảm nhân sự,,,
Nguyễn Thanh Thúy giọng chú còn đi đc vào sâu hơn nữa cơ ơ ơ ơ,,,
E xin video vs,,,
Địt cụ thằng add ngu như 1 con lợn. Giỏi cái lồn mẹ nhà mày à.. giỏi sao k đi mà hack bọn khựa ý. Hack của quốc gia làm gì. Dm thằng add óc chó,,,
Ả con nè ba,,,
Thpt bình thủy chưa cho nghỉ :),,,
"Khau nghiep khong chi doc Ma con ac ,day la tinh cach cua con nguoi hay Sao ,,  ???",,,
Thầy 3 đâu ????,,,
Chả hay gì cả.mới xem xong,,,
"game này thật thú vị, quà hấp dẫn",,,
Nguyễn Đức Tiến vui tí cx có chết ai đâu 😐😐😐,,,
Thề đc mấy năm :)),,,
cháu nó lại được bố cổ xuý cho kìa,,,
train làm gì anh Ba. malphite thần kiếm mana còn dạng được mà 😂😂,,,
Sống như lồn ok,,,
Bác dẩn rất vui vẻ chúc bác khỏe trẻ mãi không già,,,
Hoi giong danh hai kieu oanh,,,
Abe chào cô lan chưa,,,
"Ngưu tầm ngưu , mã tầm mã",,,
Tối có cái mà xem r,,,
Yêu nhau đến khi có thai thì cưới 🤧🤧,,,
Dùng độ mixi thay cho tên iphone XI,,,
"Cái lồn j thằng ad cx nói đc, bới bèo ra bọ móc máy nọ kia vớ vẩn, k có giấy phép chả thế thì lsao",,,
Lí do khoảng cách chỉ là một trong một đống lí do thôi.,,,
Em chia sẻ lên bảng tin cho chị.   hứng cho tiền,,,
Ờ cứ mơ đi =)),,,
Sức mạnh của đoàn kết.,,,
"Mấy thanh niên, còn gơ lắm",,,
:)) Khánh Phương nổi nhất bài chiếc khăn Piêu😁😁,,,
Nhiều bn sống nhanh quá hay sao mà ns sống chậm thôi,,,
Trung Quốc chỉ có chính quyền mới vô nhân tính thôi còn dân của họ vẫn văn minh ý thức tốt..đâu như ở Việt Nam 1 số thành phần người dân quá thiếu ý thức giờ sự việc nghiêm trọng cứ tiếp tục thì hậu quả khôn lường,,,
Anh em chuẩn bị chiến đấu nào ;)),,,
Yêu tiền đã :v,,,
Không đập đá nhưng ảo tưởng có thừa!,,,
E đâu biết chị minh Hiếu là ai đâu...sao m xạo lồn quá vậy cđl,,,
Đâu là real đâu là fake=))))))),,,
Cùng nhau chống dịch,,,
NGUYỄN Anh Tuấn cộng sản nằm vùng nhâ,,,
lại thíc như em NHung rồi :,,,
Giàu mà khẩu nghiệp quá,,,
M.n lên google tra trần dần thì thấy ông ấy mất 1977,,,
phòng có vẻ ngột ngạt quá dọ 🙂,,,
Học công nghệ sản xuất kem chống nhục và phẫu thuật cắt dây thần kinh xấu hổ,,,
thường họ nghi ngờ đến khi nó phát nổ...giữa thủ đô ! khi ấy người ta chuyển sang nghi vấn đó là vật liệu nổ ! hehe,,,
Trần Thanh khi nào mà m nhắn qua cho t câu “đuỹ lone khốn nạn ghê” là t hiểu r đó,,,
không hiểu các ông sông kiểu gì rồi nhìn đâu cũng thấy thù với địch,,,
Con năm nay mười ba tuổi con xin má cho con được gọi bắng má nhá  con có ba có mẹ nhưng ba con đã bỏ mẹ con con lúc con vùa hai tuổi mẹ con để con ở với ngoại đi làm ở malaysa  rồi lấy chồng bên đó và không về nuôi con được  nên con ở với bà ngoại ngoại con bị mù một mắt bán vé số nuôi conđên nay con bị bỏ học rồivi ngoại con đau chân không đi được,,,
Anh Tuấn Hưng có ý thức hơn Duy Mạnh dù đều là ca sĩ :v,,,
Ohhhh. Tiến lên miền Bắc là chỉ được chặt một cây 2 thôi hâhhaa,,,
Cô đẩu ko thấy. Cảm thấy thiếu mà hụt hẫng 😧😧😧😩😩😩,,,
bạn nhìn cũng dễ thương lắm ^^,,,
Giờ em mới biết móc cứt mũi ra bôi cũng cần có kĩ thuật kĩ năng cả,,,
"Quá troi xl , đm bán hàng 10 năm , bớt đi cd oi",,,
Nặng bà cố luôn hả thầy,,,
Cực kỳ thuyết phục :))),,,
cô nói chuyện thật thà mà dễ thương quá bởi v không có gì khó hiểu khi có rất nhiều người thích cô,,,
"Trần Tân Kiệt Jack hát hay chứ, là do nhạc không hay bằng mấy bài trước thôi",,,
Cung chuan ma..ket ban xong ko quan tam nhung gi ho dang thi xoa ban dj cung dc...mat cong xem nhung gi chung no dang...,,,
Con sô cô la này đáng sợ quá,,,
☺️☺️☺️,,,
Thầy ơi,,,
Tien Dang live là ai ?????,,,
"Công an lên làm thủ tướng nên se ra luật có lợi cho bọn công an. Luật sư cái chó gì ở VN. Tòa án nó muốn thì nó mời. Ghét thì nó đuổi chạy như chó. Ngoan ngoãn nghe lời thì Luật sư có cháo húp, không nghe lời nó đánh trào máu như vụ 2 luật sư bị đánh. Ai đánh đây?",,,
Cô k lên chương trình là con k biết cô thuộc LGBT luôn á❤️,,,
Việt Nam vô địch 💕,,,
Bóng đời,,,
Vãi cã bài báo 3/12/2015,,,
"cái thằng tung cựa...nó lại đi trước chúng ta ah ! đã duyệt bao nhiêu cái tượng đài, tốn bao nhiêu tiền tỷ rồi mà... ko có cái nào to nhất để đập là sao hả...các đồng chí ! về viết kiểm điểm hết cho tôi...",,,
"Thực ra bọn anh nó bùng dịch rồi, mà bọn nó thì k chịu mang khẩu trang vs phòng dịch nên mang dịch đi khắp nơi",,,
Không biết sơn có quà cho abe không nhỉ ?,,,
"Mấy em cứ quăng miếng BVS ra đây, rồi xài cái hiệu gì... Chị 3 tài trợ cho xài tới mãn kinh luôn.",,,
Facebook của chị là gì vậy,,,
Con mắt nó bj gi vậy  cà,,,
hí anh em 🤣🤣,,,
"Thầy bói Ba cl gì gì vậy thầy, đem con susan ra thế giới à",,,
B52 If J97,,,
Hoàng Đức Ngọc joke cái lồn chứ joke =)),,,
đã tăng 2 đến 7 thì dân lợi cái lồn mẹ chúng nó à,,,
thoại cc nhá thầy,,,
Tướng chạy bần hơn cả Black bi nữa thầy ơi,,,
Cần người hợp tác sản xuất 😙,,,
Liễu Tiểu Long mua phải cẩn thận,,,
nhìn cái cảnh này buồn cười vch 😂,,,
Có ăn có học có tiền nhưng không có Ý THỨC và ĐẠO ĐỨC .,,,
Trend của Việt Nam lúc này,,,
Sắm latex mang cho dáng thì mặc gì cũng đẹp het nha ceee,,,
đc anh ouw,,,
no noi dua` may dua bay tuong thiet a` :)),,,
threecardo,,,
"đéo hiểu sao 1 thằng đui và không có não mà lên dc bộ trưởng, chắc chỉ có tại nơi đây :))",,,
"Nhìn a độ y như rằng quay lẹ đi tao còn đi ngủ, mặt k có tinh thần lun",,,
ThanhHuy Nguyen nào -.-,,,
"Bây h tại trung ương thành đại la toàn đỉnh cao trí tuệ, nơi những con bò tự hào luôn rống lên rằng vn vô địch, ra đường người với người thì luôn tỏ ra ta đây hống hách về nhà say rượu đánh vk như dog, có chuyện lên phường thì cúi đầu im thin thít tìm người thân quen để bỏ phong bì, dưới chân thiên tử mà như cc 😤😤😤",,,
Đéo bjt là mua hay là thu :)))),,,
Yêu chẳng biết đc lâu k ..cưới🙂,,,
Trư Bát Giới đã viết ae cho sập cmn đi,,,
Thiệt là đỉnh kout,,,
Phi Quý lần mình xịt như tắm v đó mặc áo khoắc vào kín k dám mở mở ra nó k tới 15p nữa b. nghic bán hàng ok,,,
Việt Nam muôn năm,,,
Phạm Gia Huy bình định nữa nhé,,,
Cứ thịt chó mà phang chứ sam so gì 😁,,,
Sói hai kiểu gượng gạo ép buộc,,,
"có đứa nào dám cá là ko có ai bị xử tử, cùng lắm chỉ vài cuốn là cùng ko. t cá 1 ăn 200",,,
Vi Do kiểu này vũng sình r,,,
From to Cà Mau with love. Ai lớp du chu cờ mo,,,
Hội bảo vệ người tiêu dùng ăn lương thật nhưng toàn là người ảo?,,,
Tuận Đình Nguyễn vâng bác ạ đúng là con sâu bỏ dầu nồi canh,,,
Con rơi abe nè🙂🙂,,,
Nguyễn Hạnh tiền nhiều để làm gì?? Để đi mang dịch về cho đất nước :((,,,
"Face chỉ dành cho người nói chuyện với nhau, sủa bị block là đúng rồi thắc mắc gì? Muốn tham gia thì đi học tiếng người đi ha cháu ngoan bh!",,,
Ôi thủ đô!!!,,,
Luật là tao tao là luật ý kiến cặc gì lên phường,,,
Hoàng Ngọc Huyền : cha mạ ơi,,,
Thanh Vân Linh Marrie làm tí k các bạn. Lou lắm k xem phim rạp :)(,,,
Thằng Tủn gì đó nó kêu là bán nc hoa F1 =]],,,
Chuong trinh xam,,,
Cảm ơn các bạn. Chả là mình bị tắc đít mấy hôm nay.. may nhờ có các cmt của các bạn mà mình cười phụt cả cứt ra rồi 😱😘😘😘 tks nhiều.. :3,,,
"12 năm tạm giam - ai đền cho Hải, bao nhiêu có thể bù đắp cho tổn thất về tinh thần và sức khỏe, tuổi xuân, trí lực mà cái phòng giam đó lấy đi.",,,
Andy Quách thật nhé lên mạng nó đăng cò nhiều kiểu biến thái hơn,,,
Đại hội vạch mặt con bạn thân cũ. 😂,,,
Trung tốc độ :)) Trung 6 dú :v,,,
Tóc đẹp lồng lộn thế nào thì trong túi phải có thật nhiều tiền thì mới có nhiều gái theo :))),,,
Thủy Tiên nhưng ở siêu thị có bán đâu 😭😭😭,,,
Mày có loz hả,,,
"có ai để ý chữ ở biển xanh xoay tròn kia ghi "" Tương lai chung ngồi nhà "" :))",,,
"Cncs là quái thai của nhân loại, nó có sức mạnh không thế lực nào có thể tiêu diệt được, trừ chính nó ! Câu nói của một người nổi tiếng và đã được lịch sử xác định",,,
Đc vailin anh ui 😇😇😇,,,
Cụ nói Mỹ xóa ván cờ. Vnch chỉ là con cờ trong tay mỹ thôi. Cụ điên khùng là bước chuyển giao trước khi đầu hàng cộng sản.,,,
tran dan này nhìn hai vai hoi 3/// này trần dan phong độ nhất,,,
Fb a thẩm mỹ viện đó tên j v chị,,,
"thấy xong xỉu, xỉu 3 ngày tỉnh dậy thấy xong xỉu xuống =))",,,
Thiện Huno,,,
Nam Nguyen,,,
Áo sơ mi trắng cùng bộ tóc át rô làm nên thương hiệu!,,,
Đeo vào nhanh lên,,,
Giáng sinh năm nay toàn người mẫu đẹp tham gia 😂,,,
Nguyễn Hà ko ăn con sam với hải sản lạ,,,
Nhìn ik như bà liễu..sợ,,,
"Phân biệt nhờ phần đuôi nhé, sam đuôi kiểu hình trụ khi sờ thì có gai gai. Còn so đuôi tròn hơn và sờ vào nó trơn mịn",,,
Derby vùng Ruhr cuối tuần này cũng có khán giả đâu😞,,,
A làm chồng e đc ko e,,,
Trần Hữu Đương sao mình xem không có vậy bạn,,,
@công danh nguyen thể chế chính trị khác hẳn tư tưởng xã hội nhé. Con cờ hó china liên quan cmn gì?,,,
Cung que.cug cho mih o luon sao k bit c nhi,,,
Chào Độ của 2020 nhá,,,
Bcuoi vl,,,
Anh Tuân : I love you chu ca mo ?????????,,,
"Nguyễn Thuận cmt 1 cái bị chửi như chó, thôi ráng bữa sau cmt nhớ lắp não vào nha",,,
Minh Hoàng,,,
Thương chú. Chúc Chú thật nhiều sk để cùng 90 triệu dân vn đẩy con corona đi xa xa...........,,,
Toàn giáo án máu lồn chảy ngược,,,
Tội nghiệp ông Hùng với bà Tư Nha quá. Biết tới cô là clip ông Hùng đụ bà Tư Nha nín thở..,,,
Bò đỏ khá cay trước thắng lợi của dân Hongkong,,,
Bravo!,,,
Ai lốp du chu cờ mo. Nếu cô muốn nhận con nuôi thì con xin sẵn lòng làm con cô,,,
Có ai quay bên Nimo toàn được vàng mà đéo được kim cương như tôi không :),,,
"Admin chắc chưa biết tiểu sử về thằng này rồi..Quá khứ hack của nó rất trẻ trâu, thích thể hiện.. cái này không phải giỏi giang gì cả, phá hoại là từ diễn tả chính xác nhất. :P",,,
thôi chắc ngta chết các bạn mới vừa ý,,,
"Cảm giác như dân mình giống thời kì bị đô hộ vkl. Sưu thuế ngập mồm. Mà bị đô hộ khéo còn phát triển đc chứ đây chả thấy đc cái méo gì, còn khổ thêm",,,
Cẩm Hà Mai Lúm Sa Hoàng sếp nhà người ta không bao giờ làm mình thất vọng mà 😌😌,,,
Ahihi :3,,,
Ngọc Quang phú thọ kìa anh,,,
Ib tui tui gửi cho nè,,,
Đức Mạnh gaga,,,
Quan ngại sâu sắc,,,
Bùi Thị Minh Thư k ngon mà,,,
Tôi nhận ra khi ông iphone là fan cưng của tộc trưởng,,,
Cô xinh quá top 1 trending quá cô ơi iu cô i love you,,,
"các chú các bác làm ở sân bay ăn no mòng, khách bị ướt đéo phải việc của các bố ấy :)",,,
team refund này bắn chắc anh em đi rửa mắt hết anh à 🙂,,,
Loại này thả nó và khu bảo tồn thiên nhiên cho về với giống loài của nó chứ ng Việt Nam ta có cùng giống loài vời hắn dc đâu🙂,,,
Abe về sg chưa để biết tối nay ra đơm abe nè. :)),,,
Nghưỡn bác Trần Dần vẫn khỏe như thanh niên.,,,
Hiếu đẹp quá,,,
chi phi cong trinh bj bon no cat xen chia chat voi nhau het roi.tien lam cong trinh rat thap lam sao co chat luong.,,,
BREADTALK là minh chứng cho câu nói trên :)),,,
Chủ quán bánh mỳ team up cực mạnh,,,
Anh Độ hồi xưa cũng pảnh như giờ luôn nhỉ,,,
Đăng Dũng con cá chép đó bạn,,,
Con cò be bé đây rồi🤪😂,,,
Vậy là anh muốn vô quan tài ở hả,,,
Bác Dần ơi Ngô kỷ đang ngỏ lời thách đấu với bác đó,,,
;((,,,
Mr Plan  is funny. Kkk,,,
Để em mặc quần xong đi mua đồ mới liền nè thầy,,,
Mấy cháu dạo này tệ thật..,,,
Long Nguyễn do não m khôn hay ngu thôi,,,
kenny you bảo thích ăn gà abe ơi,,,
Này là clip củ mà,,,
Cực kỳ thuyết phục! 😳,,,
Kjo Sai bài bốc lên 3 phỏm ù luôn =)),,,
"những đứa như ad với m chỉ suy nghĩ được z nên mãi làm dân ngu cu đen thôi, chừng nào tính được 200 tỉ mà ăn được bn mới làm lãnh đạo đc. thân ái",,,
Thu Nhung này là hình cánh hoa nha,,,
Nghèo có nhau,,,
Chúc mừng.Em hồ duy hải.mong sự công bằng cho em...,,,
quảng cáo cho liên quân,,,
Chao chau,,,
"Thảo NG :v thua, av giới trẻ Việt Nam 9. k :v hồi nhỏ má a k cho a học av haha",,,
Ghép như này ác quá không thầy,,,
Cho e hỏi kênh mới của thầy để em vô sud ạ ?,,,
Múp quá Abe ơiii,,,
"Hải Yến kệ cm m luôn, tụi t thích là đx :))",,,
em muốn làm fan cứng,,,
Sao em k thấy hiện fan cứng ?,,,
Đề nghĩ mấy đứa rich kids não phẳng ngoài Hà Nội bớt hãm lone bênh con điên kia! Tao muốn bay ra vả cho mỗi đứa một phát vào mõm!,,,
Người ta bị liệu bạn ơi,,,
sử dụng tuyệt chiêu bổn môn tam kê gáy đi thầy iu😅😅😅,,,
thế cơ á 😂,,,
Để đây và không nói gì :)),,,
Vừa nhận đc áo thích quá chời,,,
Trần Uyên đã nghe chưa 🥳,,,
thầy book giáo án mới cho e:(( a be cứu e vs,,,
Mpv cái máu lồn đỏ như tới tháng,,,
Duy Anh Pham dm,,,
Ủng hộ Abe nào mùa sau thi đấu cko skt,,,
Có chỗ nào bán tóc giả k anh em,,,
đang làm gì đây abe,,,
"cc, t bắn 3 phát rồi đấy, ngon vcl ? m đui à ?",,,
Như Quỳnh Kiều Trinh Tết nay tui hong dề đc ràu 🤧🤧,,,
"Tháng trước nước ngập tới háng , bi chừ thì không khí ô nhĩm ....",,,
Chúc anh eng bộ tộc nghỉ lễ vui vẻ nhé,,,
Quá vui,,,
ok a êiiiii,,,
Tâc nhiêng ông trân dân con manh khoe  .. chuc ông khoe con noi zui nghe...tâc nhiêng....ok vây la ca thê gioi quanh no luôn viêt nam pha tan đai luc thanh 6 nuoc tâc nhiêng Tran Dan noi nho Trump.....tâc nhiêng....BINH TRI TU BÊ...,,,
Làm tui với😝,,,
buồn của mỳ ý 😥,,,
Anh cho hỏi tối nay bắn đúng ko ..... Mấy h vậy mấy bác,,,
Em xin chia buồn với Hàn Quốc một đất nước thượng đẳng :((( nhưng em cũng muốn nói ditmevualonetaolam :))))),,,
Tuk :)),,,
Abe nóng quá,,,
Ở một diễn biến khác =)),,,
Bình Bảnh Bao Thằng Cười năm nay có đánh không. chi 10k hay 20k đây. =]]],,,
Chi 3 ơi con ếch chết vì  lổ mệng nha  chi 3 . Đời lên voi xuống cho mấy  hồi nhà chỉ 3,,,
Hoàng Thanh Trung xin video vs ng ae,,,
Giao va cho a xin 1tram do coi,,,
♡,,,
tém lại thầy ơi :'(,,,
Yeu coô quá.,,,
Bạn nữ nào âm đạo dãn rộng thâm đen,,,
Ông thầy số hưởng và...,,,
.....,,,
Huỳnh Đạt haha 😂,,,
Lớ ngớ phát đẹp trai luôn,,,
Công nhận,,,
"Dẻo vang nhieu qua vay minh hieu, em đẹp qua, khi nào di my vay em. Di khi nào ve vay em",,,
Ở Hà Nội đánh nhau như phim trung quốc chắc đạo diễn báo CA rồi nên không có đi kiểm tra. Có quay cả cờ vô nữa bảo đảm tụi trung quốc không làm phim này,,,
Nản ngực giá bao nhiêu vậy chị,,,
15p nuac gặp a iu,,,
Minh Đức ho thôi chứ hay thì em k có nha,,,
23:28 chị thấy cái đó là xĩu 3 ngày,,,
chặt cuu,,,
Lên báo miết mốt anh bị đô thị hốt vì hớt tóc không có tiệm đàng hoàng bây giờ .,,,
ko có vần mà,,,
Đc vãi,,,
Mật danh susan trong phim mr bean là có thật =)),,,
Ai muốn thoát kiếp,,,
mày không thể nuôi được đam mê,,,
Bó tay Anh phóng viên🙈,,,
Ly Ly up lên liền 😉,,,
Bộ mà ko dc phép của chính phủ. Của Bộ chính trị thì bố của bộ cug đéo dám quyết !,,,
"Truong Anh cả dân VN đều biết, chắc ăn gian lách được luật =)).",,,
Đù mẹ.,,,
Sena ám bỏ mẹ,,,
Chậm thôi các ông...,,,
Khúc cuối anh cười cảm động thực sự,,,
Dk me khong biet tang thue moi truong de lam gi ?,,,
Hoàng Thiện em xin clip được không bác .-.,,,
idol của tui,,,
"nhỏ nầy nói chuyện ngong cuồng ,mày có làm đc hôn",,,
thầy park trốn phỏng vấn đi gặp nữ y tá người nhật trợ tim rồi,,,
Đừng qua chùa hà thăm a nhá =))),,,
12h đêm cừi như 1 con điên😂😂😂🤣🤣,,,
Ăn nên làm ra là phải ĐẦU TƯ 👏🏿👏🏿👏🏿👏🏿,,,
so vs ông này thì sao thầy 🤣,,,
triết lí,,,
công nhận giống y đúc. khác mỗi cái mặt,,,
Ám ảnh thật sự,,,
TROI UI BA BEDE NAY CHICH HOC MON NHIEU WA NEN BI KHUNG VA NO BANH XAC ...HAH HAH,,,
Hi vọng chị Trang k nghe được câu chuyện này,,,
Hình như anh này CEO C Group này :3 từng tuyên bố thiết kế điện thoại made in Vietnam mà mình chờ mãi ko thấy,,,
Dân InDo chuẩn,,,
Lưu Tuyền sắp đến mùa rồi cô ạ ai rủ buôn đừng buôn 😞,,,
:( v,,,
"Lúc hoạn nạn đấm nhau với mẽo ko thấy ai . Giờ phất lên 1 cái ai cũng muốn khoác tay làm bạn , cái thế giới này có kinh tế trong tay nó sướng là thế đấy",,,
Minh Hiếu nói chuyện thật thà lắm .,,,
Hí anh em ❤,,,
Tết nay,,,
Kệ nó đi .mùa dịch bệnh đang lo cho mọi người tâm trí đâu mà hóng ba chuyện tào lao,,,
Thằng điên văn vở câu like rẻ tiền----CÚT,,,
T đã dự đoán trước nha ae,,,
Văn Thị Cẩm Vân con sam ý hả bạn ? Mình thấy ngon mà ta ! Nhưng có ngon mình cũng ko dám ăn lần nữa vì sợ bị nhầm thì toi 😭,,,
Chị đẹp quá chị ơi chửi linh cá lóc đi chị mà em rất thích những người mà chửi linh cá lóc lắm mà nghe đã lắm chị em đặng chị 4 like new luôn,,,
Đạt chân có vẻ nuột nhưng tay kìa,,,
"Thật ác độc quá đi,ảnh chỉ mất show thời corona ạm thời thôi",,,
Nghỉ hè luôn,,,
Ad m éo làm đc cái chi mà tối ngày đi vạch lá tìm sâu mà nói! Có tài thì bỏ face và làm j đó thực tế đi.,,,
Haha vậy là bạn không biết thì đừng la lớn,,,
Đúng rồi cô ơi cô mình hiếu yêu cô 😍😍😍😍😍,,,
Ở nhà nó lụi vô đại cười rớt nước mắt,,,
Thảo Đào Văn anh khôn thế thế cx giầu với nhau thag nào lm sếp thag nào lm công nhân hả a,,,
"coi mà cười muốn  xĩu , dễ thương hết sức",,,
Tấu hài vcl,,,
Khánh Vân trêu tí thôi đừng cáu nhé 😁😁,,,
Xao lôn k co gi vui ..chung ta k nen xao lon..,,,
Trần Thanh Tâm chia sẻ đi,,,
Ngânn Lào Keyyy =)),,,
k thể tin nổi.thế giới trẻ vn đã đi trước thời đại hẳn hơi lâu à,,,
Anh nói hay ghê á :33,,,
"Anh dần lên sóng nhiều chút,,,chứ ở nhà ko đi đâu buồn quá",,,
Phương Nam 1 hộp 500k bán ko?,,,
Cô Minh Hiếu dethw quá à 🥰,,,
Duy Trần xin link ytb,,,
Nguyễn Trọng Thái :(( nhân giống,,,
Nghe có vẻ đáng yêu nhunge lại raats dễ thương,,,
Cứ tính ngìn tỷ đkm sợ thật,,,
PhẠm mạng của bạn thế nào ấy chư :v,,,
Seri ảnh cưới đc nhiều người xem nhất,,,
DIễn tập chống khủng bố ở Sài Gòn.,,,
CHỊ BA  SỐNG LANG THANG NGOÀI ĐƯỜNG TỘI CHỊ BA QÚA,,,
Hello thầy,,,
Nếu tính như các nc tiên tiến thì lấy đâu ra tiền để con dịnh cư ở mỹ,,,
"Sau đó thấy mọi người nhắc Trần Dần quá trời, lên mạng tìm hiểu mới biết",,,
Xin nhà tiên tri đoán xem dịch covid 19 này 3/ ở Mỹ ngoẻo mấy em 😊😊😂😂😂,,,
Nghe có vẻ Xe Mẹt Xịt đấy nhưng lại rất Mi Xi,,,
Chị em mà,,,
chiu,,,
200kg chắc mang quần này mới vừa,,,
@Đại Phu Miền tây nói ngọng chữ V thành qu chứ chữ gốc là đi văng hoặc li văng chứ không ai viết là quăng cả.,,,
Toàn những ông vua k ngai nhưng đầy quyền lực và đặc biệt rất giàu..,,,
Bé Ba vailone:))),,,
Sao lon,,,
call me Ppoong mày là người của 3/// hả? T nói k đúng sao? Phản động chả lẻ pải được tôn trọng sao.,,,
Ôi cái đất nc tôi,,,
Review đề thi toán chiều nay : phòng thi nóng vcc đc cái giám thị xinh và đề cx dễ( hơn năm ngoái ) nên cx khá ok,,,
"Tôi cũng đọc ,thật tuyệt vời dưới ngòi bút tác giả .Vũ Thư Thiên ông đã để lại cho đời một tác phẩm bất hủ và gần như là một quyển sách lịch sử hay nhất tôi từng đọc",,,
"Cảm thấy ngột ngạt quá thì đưa a vào rừng ở, ở đấy không khí trong lành tha hồ mà a tận hưởng.",,,
Ghi Ta t mắc ỉ4 everywhere đi đâu cũng mắc ẻ mà gặp mấy này ôi thôi 😞,,,
Trần Đặng Thái Sơn tên phim sẽ phải là ĐỊT MẸ Về nhà=)),,,
"Cái này là nta nói mấy người ỉa mất lịch sự, dơ dáy ha, còn chị chỉ là mắc ỉa thôi, chứ luôn sạch sẽ nha.",,,
Mh o California mun kết bn zalo voi châu. 0919677682.châu kết bn mh nhe,,,
Quả múa chung được phết thầy ạ :v,,,
Còn thằng b Phạm em lớp 15 rồi mà éo ai yêu..,,,
"Bất cần đời, but cần em :3",,,
và để chế độ,,,
Tùng đẹp trai :^)),,,
Thương Thương 😂😂,,,
Liên oanh xem lip này chăk bả cười ỉa,,,
Phạm Lê Chiến Tuyến thoii tự giác ở nhà,,,
là rõ :))),,,
Hoai Thuong Bui tụt ra chắc còn đẹp hơn :(( nhìn ứa gan thế kb,,,
Hay lắm a ơi,,,
anh lân hỏi toàn câu hóc búa và trot tên dần này .lão lại càng lên cơn thần kinh nặng hơn .nước mỹ chưa có thuốc trị bệnh thần kinh cho trần dần thì chữa làm sao virus19 được kkkk,,,
Chỗ này ở đâu ấy ae nhỉ :v,,,
Cô dễ thương quá ! 🥰,,,
Sung ban kg chung tui muon thu duoc kg tui ban kg trung thi ong lay mang tui do tao lao thu kg dien moi nghe ong 9mm ban chet kg do dien ba chon wa,,,
Hông có chị kia hả,,,
😬,,,
duo với levi khác hẳn so với tiểu levi :)),,,
có cái tàu xấu xấu bẩn bẩn k đk thử nghiệm mà nhặng cả lên =))),,,
Nguyễn Đình Tuyên hahaa lạc hậu,,,
Du học sinh Úc đấy😂,,,
@Tủn 3k rồi ăn nhiu tiền r mà binh dữ,,,
🤣🤣🤣 thanh niên lấy le nhà gái cho hay 🤦‍♂️🤦‍♂️🤦‍♂️,,,
Ông im mẹ mồm đi. 2010 lần đầu tiên tôi xem ông tiên tri “năm mão nước việt đổi cờ” ... 10 năm sau cờ mới vẫn chả thấy đâu mà chỉ thấy việt nam chúng tao ngày càng hùng mạnh .,,,
Mn đừng ns này ns nọ chị ấy. Khẩu nghiệp mag ts tụi bây quả báo đấy con ạ.,,,
cute,,,
cũng có lý,,,
Ý thức của chị Nhung còn ít hơn cả nhân bánh mì của t :)),,,
chúc abe được nhiều sub,,,
Thầy 20-10 vui vẻ,,,
Tao xem mà tao ngủ đc 1 giấc. Xong tao đi về m giờ vẫn k hiểu nội dung là gì. Dỡ ẹc,,,
Đc Nhung add lứng quá các ông hâha,,,
Lát try hard đi abe sẵn kể tụi em nghe luôn dấu bé 3,,,
Quảng cáo cc,,,
"Mượn xe, mua cua trả góp để mừng mấy thằng em. Khổ lắm các ông ạ",,,
Bớt tạo nghiệp lạil đi bà ơi,,,
"Xin chào Đệ nhất Quốc Sư Trần Dần , chúc Quốc Sư khoẻeeeeee",,,
Cô hư tại thầy,,,
câu cuối nghe thấm thật,,,
Tô Ngọc Cầm game liên minh huyền thoại mobi của riot sắp ra mắt =))) nên nó phải mạnh mẽ chứ :))) sợ bị lật ngôii đó mà,,,
Thuy Le :)),,,
Chỉnh sửa quá đáng cho abe,,,
Con Trai Kưng,,,
Linh GiaChuối sếp nhà ngta :))),,,
Học sinh như cái đách l abe,,,
Em của sói tên gì đây :)) Ly Bíu,,,
Xuất sắc mẹ luôn👏,,,
Keu con linh cá lóc về vn đi c hiếu đập vô mặt nó,,,
"Trung Phan when m về, go eat bún bean mắm shrimp, but t sẽ eat with water mắm =))))",,,
Làm wen bạn đc ko,,,
Nguyễn Ngọc Gia Uyên,,,
Đau tim,,,
Yêu làm cái j,,,
Quang Chivas bố tổ sư thằng bại não,,,
Ngô Hiếu rp m h,,,
Cố tỏ ra là mình ổn nhưng sau bên trong.....,,,
riết thấy xàm dislike page cái kiểu muốn lấy độc trị độc này tao quem quá,,,
Hít hết mẹ r còn đâu :))))),,,
cô tôi hehee,,,
Rất vô lý mà lại rất thuyết phục,,,
"Vụ ko đc nổ súng nghe đã nhảm rồi :3 Nếu sợ ko dám đánh nhau đến mức vậy thì chỉ việc rất đơn giản là ra lệnh cho các tàu rút về, xong. Bày đặt dựng chuyện cũng ếu thấy logic :3",,,
Bo này bố tốn mấy chục hộp sữa của sói đấy...🤣🤣,,,
Mới nêu được thực trang. Nêu được giải pháp thì đáng nể,,,
chửi sướng mồm thì thôiiii :)),,,
Giữ vững bản lĩnh chính trị vững vàng 😷😷,,,
khô gà thì ít. lá chanh thì nhiều.,,,
tại sao phải vượt !,,,
Kia là bức tường toàn súng ống đằng sau camera stream,,,
"Nhìn Trần Dần răng, tóc, mặt mũi đang phong độ ri ko biết có đợi đến 2022 về lấy lại nhà được ko đây?",,,
Dân chơi Cao Bằng :))),,,
Công nhận giông nhau lắm a độ ạ chỉ có khác mỗi cái mặt thôi,,,
Huyền Võ thầy của bạng nè bạng iu,,,
"Tuấn Kiệt à , có lí!",,,
"Duyên Phạm nghỉ cũng đc í, mà nghỉ ko lương nha :))))))",,,
Cai vu veadan cung the thoi. Dit cmcm um xum len dc cai cc j,,,
nghe rất vô sinh nhưng lại mang thai :v,,,
"đc dậy là hay rồi , mấy sân bay khác trên thế giới sao làm được như dậy :3",,,
Chi dep qua c oi.su con cho do di c.con mat day con cho phan quoc.,,,
Sao lại có những người khốn khổ tại thiên đường này chứ. :(,,,
Em đi viện bảo tàng ở Vĩnh Long thấy ông này trong hình sao giống thầy quá k biết có quan hệ gì k ạ 😂😂,,,
Xin lỗi vì thích em vào thời điểm anh k có gì trong tay,,,
Ân Phan xanhh :)),,,
Add tin ng vãi loàn. =))),,,
Lai chim ma ơ ngoai đương ko chưng to la ko co nha chi minh hiêu noi đung,,,
"Cô là người miền Tây giống con, nhìn cô chất phát, thật thà đúng với con người miền Tây vậy con rất mến mộ. Con luôn theo dõi và ủng hộ cô ❤️",,,
Cho đi học múa bale luôn,,,
Đồ dỡ hơi,,,
Đéo phải là ngu mà là 1 lũ tham quan ô lại,,,
điểm danh hội người yêu Tùng Sói cái nhẹ :v,,,
Lâm Đình Khoa bô atm cao lãnh,,,
✪ 𝗤𝘂𝗮̉𝗻 𝗹𝗶́ 𝗳𝗮𝗻 𝗰𝘂̛́𝗻𝗴 !❤,,,
Popy đi Thầy,,,
còn thiếu nè,,,
Kien Tran có 10 tỷ gì căng =)))))))),,,
Thanh Trẻ Trâu đm :)),,,
CON QUI CAI CHUYEN DI LUA GAT... MAY GAT CHI MINH HIEU ... SAO LON,,,
Đm lần đầu tiên bố địt vào mày ad ạ.,,,
"phải chi Nhật có một vị ""cha già dân tộc"" như ông Hồ thì giờ đã phát triển ngang ngữa đông lào cmnr ! tội nghiệp",,,
"Sam đuôi nhọn và kích thước lớn còn so nhỏ hơn, đuôi hình trụ.",,,
"Theo ad thì nên làm gì? Người ta ở đầu nguồn và giữa ngồn ng ta còn làm đc đập, chặn đc hồ, chứ nhà mình ở cuối chặn làm ao à. Cái gì cũng đỗ lỗi cho nhà nước. Dân mình chỉ đc cái nhìn trước mắt k lo cái lâu dài, dự án chống xâm lấn ngập mặn nhà nước đ",,,
"Phí vai lin ra, thgian bố đợi có khi tán đổ con khác mẹ roii =))",,,
Dung la y nghĩa dan giàu nuoc manh luon,,,
Mong là k lủng như năm qua :v,,,
Vitamin Nhung cđ m chứ ai nữa 😁😁,,,
Minh Anh Mai Xin mọi người 3s để like và follow cho fanpage của mình nha.,,,
Diện Trần óc choá thật.,,,
bắn chết mẹ nó đi,,,
Anh Trung lòi dái :)),,,
Trần Hoàng Long ph..?,,,
Chơi kì vậy chời,,,
Anh tôi đấy :) ước mơ 1 thời làm ...,,,
Sbtc levi,,,
Diệu Linh anh có nên làm quả đầu mới chơi trung thu không tar,,,
Tuyệt vời luôn ạ❤️,,,
Xin ở cùng bé Nhung 1 ngày,,,
"Đánh răng như vậy chảy máu lợi, đau lắm đấy. Clip gì mà hại răng miệng quá đi",,,
Diện Trần có con rồi mà như thằng trẩu :)),,,
Ccc,,,
Thúy Nguyễn 🤣🤣như phim hành động,,,
Mạnh Hùng hehe,,,
Nhat Tran tào lao quá nờ,,,
Tai sao xe dep ca xe biển xanh.toan bốc dc bien đẹp.,,,
Chuẩn,,,
Vâng :) vậy mà THPT bình thủy vẫn chưa có động tĩnh nào,,,
😥😢,,,
"Còn mùng còn Tết, hết mùng qua mền ;)",,,
Chương Nguyên mé 34 tuổi mà già ngang bà t nữa,,,
Riot Tiến Trần K để ý vs cả k có tn chờ nên k chấp nhận 😂,,,
Thầy cởi quần thịt luôn,,,
Thể hiện sự bực tức để v hiểu c,,,
Trend tao có từ ngày 19/2 rồi,,,
quá chuẩn giáo án luôn,,,
"Họ đã xin lỗi rồi, sao bạn còn lấy quá khứ của họ đăng lên để mọi người chửi như vậy bạn ơi,video này lâu lắm rồi nhé các bạn, đừng hiểu lầm mà chửi họ.",,,
Loại ng ấy phải phạt nặng tối đa là cho đi tù ít cũng phải 15 -30 năm cho thoả đáng gian dối lọc lừa hại bao nhiêu con ng xong kinh tế của nhà nk và trung là thiệt hại rất nhiều cần làm nghiêm,,,
Tội ảnh lắm anh =))),,,
Trung đầu nấm,,,
Ng dân Cao Lãnh xin chân trọng đc tài trợ chương trình này :)),,,
Nguyễn Ngọc Vũ hóng nào,,,
Việt nam toàn siêu nhân vậy mà đi đc,,,
Biet chung nao co tien nho noi thoi dung lam dai tram trieu,,,
A ba chụp hình với hyuna à :)),,,
Đứng đầu mẫu nghi thiên hạ,,,
Chị ơi e nghèo nè chị. Làm cong nhân không dũ ăn nè,,,
A mixi đã hợp tác vơi apple để có iphone 11,,,
- yêu cơ,,,
"Ôi mày cbi lại lên làm thánh phán. M thử nghĩ lại xem gia đình mày, họ hàng mày và bản thân m cống hiến đc cái gì đã. Còn t thông báo luôn cho m biết ng dân việt nam còn tiền muốn sang nhật vẫn sang bình thường thôi. Mà ng ta sang bên này theo cấp số mũ chứ k phải cấp số nhân đâu nên m lo cho cái bản thân m, gia đình m trc đi r hãy phát biểu cho cái làng xã mày đang ở",,,
"Dạo này ông già trái gió trở trời, nên mình đưa ông già về quê chơi, hẹn gặp các bạn vào t2 tuần sau nhé =))",,,
Linh Nguyen K-pop bắt trend của Bin chậm quá =))),,,
thịt gà mà,,,
Tất diên và tất diên.,,,
Bán hàng siêu thị xác định rồi 😩😩😩,,,
572 le quang dinh là dai ly ve so nha chú ơi,,,
Dm cạn lời với bọn này,,,
😄😄😄💐,,,
Biết là đẹp rồi 🤣 muốn đi làm nhưng mà tiền kg có chị iu ui 😂🤣,,,
"Dkm, chan Vkl",,,
Chị ao cam la chị hương duyen.o gan nha chi duyen.,,,
"Ktyt 4 lớp kháng khuẩn có kiểm định, có công bố muốn an toàn và chất lượng về với đội của em",,,
Tóc tai trông như cái đầu....,,,
Đoàn Văn Ngọc Sơn Abe dám cà khịa Sơn Đậm Sâu,,,
Trang đừng nói nữa,,,
Lo cho Bác lắm luôn,,,
Nghe có vẻ vô lý nhưng cực kỳ thuyết phục :v,,,
Nguyễn Bích Tb sang thì k tiếp nhá c,,,
Tụi con đều đồng lòng xin nghỉ mà lại cho đi học :(,,,
Đáp máy bay từ mọi miền đất nước để đông vui rồi cách ly từng đợt từng đợt. Cảm thấy sợ hãi lắm luôn.,,,
Chúng cháu tình nguyện nghỉ học ở nhà để các bác các chú yên tâm chống dịch,,,
Đường hư hỏng là do các thanh niên ngồi tọa kháng - 1 bò đỏ cho biết,,,
quá đỉnh luôn ae à,,,
Con điên con hâm con chập cheng,,,
Mental Kung fu 🥋,,,
"Xin chào các bạn, hôm nay Sói sẽ hướng dẫn các bạn cắn kẹo xê xủi hương cam :v",,,
Vậy là e yên tâm r :)),,,
Nam Chu nhiều chuyện lắm...,,,
Miba young,,,
Con đó hk bt đừng nói,,,
Kg co vang nhu chi hieu,,,
Mai Ngọc ò,,,
Hợp lý,,,
Chi ba de thuong qua ha,,,
ThanhHuy Nguyen :)))) dc làm fan cứng chưa,,,
"Trần long Ẩn, Lê Cung. Hai đứa mầy mở mắt ra xem thiên hạ chửi.",,,
"Nh ông kbt chất lg giày cứ cmt ý ạ rep thường, rep 1:1 ,sf khác nhau đấy ạ?",,,
Làm công việc mình đam mê là bước đầu của thành công đấy a :))) làm việc mà ko có đam mê thì sớm muộn gì ko nhảy việc :))),,,
Tem tem caj net laj dum,,,
Toàn chó đàn,,,
Hoàng Thu Hà táo quân năm nay có idol của Ca luôn,,,
Chất :?,,,
trong cái rủi có cái may vn cố lên nhất định thắng dịch bệnh,,,
"Nghe chán, ko cuốn như mất bài trước.",,,
Co 3 đep qua co 3 oi...,,,
Tui bi k là sẽ có bản này mà chủ mời cô mà nch có 15p thì phi👄♥️,,,
Xạo lồng quá mầy ơi,,,
"Thằng viện kiểm sát kia con cười, thằng chó",,,
"Vài năm nữa Kỳ Anh là huyện ung thư, Hà Tĩnh là tỉnh ung thư của VN :3",,,
Trong mọi tình huống khó xử,,,
Nguyễn Nhật Băng gớm dị má,,,
Rất thuyết phục:)),,,
Mau lớn rồi kiếm fuho mà làm chứ ăn cơm với tôm cua alaska khổ lắn con ạ :)))),,,
gáy đê thầy ơi,,,
"Nhìn lướt qua thì trông chất vl, nhìn kỹ lại thì trông như cái đb ý",,,
Lâu lâu xanh đc ván :))),,,
Trần Phong tôi đang nói dựa trên sự cà khịa của Khắc Việt ok,,,
Cái củ cặc gì cũng nói được hết :)),,,
Mong thời gian nhanh lên 😿,,,
"Vừa nhận hàng từ anh shipper, tối cho thằng chồng dùng thử xem thế nào",,,
buồn nha,,,
ae nào đi ăn k. đang tìm quán lẩu mà nhìn ngon thế kia cơ mà😂😂,,,
Hư cấu,,,
Nguyễn Thúy Nga Bù Tây 2 em thấy thế nào,,,
bạn có thể giúp mình tìm ra thằng Chửi thuê này ko?,,,
Từ Hân Ly lay má 🤣,,,
Đã share hy vọng các e nó sớm vào trại,,,
Nguyễn Vinh :3,,,
Dừa lắm :)),,,
bệnh hoạn v lin,,,
Hôm nay t bán vé phim cho Nhím ae ơiii :))),,,
Hay qua chi MINH HIEU oi!!!! E ung ho Chi!!!,,,
Khùng quá chuỵ ba ơi,,,
con chó. tưởng mày đc tung hô à. lũ chó bánh mỷ nước lọc đó xl cái cc. éo bik luật về nhà mà học ra đó đeo biển làm cc nhà mày à,,,
Yêu khánh:,,,
Không hay lắm hơi hụt hẫng xíu,,,
😓😓😓😓,,,
Thương thầy <3,,,
vâng ít ra ngta còn có làm bạn à . làm việc thiên thì ko nên so đo đúng sai chỉ cần thấy tâm mình làm đúng là được rồi bạn :v,,,
.!,,,
Dũng Nguyen có khi nào cũng là admin ở đây,,,
v cut,,,
Lê Quang Trường đi ko,,,
anh ơi em muốn vào group bộ tộc thì làm sao ạ?,,,
Page dây gì với cô Lê Na kính mến thế 😂😂😂😂😂😂,,,
Cách diệt trừ tụi hai quan viet nam hay trôm đồ,,,
Nói v là mất quan Điểm quá nha :v,,,
ジェイ ホープ thơ hay vãi đái😆,,,
Đang mùa dịch mà chị iu,,,
"Vậy mà mày nói tiếng VN, đẻ ra tại VN đấy ad chó ah",,,
Sấy lòi mắt ng xem🧐,,,
Nhà tiên tri duy nhất còn sót lại trên thế giới này nhà tiên tri trần dần,,,
Moé chiều nay vừa đi tập gần đấy xong 🤦🏻‍♂️,,,
Nói chug la oam cách gi nó củg tìm cách ăn cho bằng đc . Trừ khi là dẹp mẹ cái bọn chó ức hiếp dân lành đi mới mong ko còn cảnh này .,,,
Tú chúc mừng anh ba,,,
lên rừng trốn thì bị sốt rét 😱😱,,,
Phạm Vũ thật hài hước😓,,,
Đây mới đúng là ván bài lật ngửa..... Ha ha ha ha....,,,
Trinh Te ơ chả đúng. ngta hứa thế nào thực hiện đúng thế thôi 🤣,,,
"Giao thông kinh dị bậc nhất TG. Mấy anh Tây lúc trước ở cùng phòng ksạn hay bẩu môn thể thao mạo hiểm, giao thông điên cmn rồ :))",,,
Muốn phòng chống thì phải viết sách nghen😂,,,
Kim Tiêm,,,
Đúg thể loại t thích mà đ có ai đi cùng 😂,,,
Nguyễn Đức Khải á đù fan cứng cơ đc của ló😆,,,
"Nhớ mua bcs nha thầy, cẩn thận dính bầu thì lại mệt",,,
o nhiem bien roi no ngam vao nuoc dan dan r cung chet thoi,,,
Do dân vì dân mà :))),,,
Để đây và ko nói gì😤,,,
Nhiên An đã nói mấy hôm trước rồi ko nghe à em! Miễn phí đến khi khỏi bệnh!,,,
"Thân Thị Bích Quyên cái này là những con người phá nc, bán ns",,,
Sống nhanh lên các bạn ơiiii😌,,,
Tạo nghiệp sẽ bị qua bao,,,
Ad lại sủa,,,
Mong chị Nhung sớm khoẻ để đoàn tụ với tổ tiên 🙂,,,
Chị là người khẩu xà nhưng tâm phật. Chấp nhất gì vs cái thứ đó chị ơi,,,
Không có tiền mà xạo lồn,,,
Ai dè 0155 rồi nên tính làm 0175,,,
Chỗ đó có trị tàn nhang ko chị gái,,,
Tâm Nguyễn người tay có y thức bảo vệ cộng đồng thuê hẳn chuyên cơ riêng về mà cũng nói được. Ca này chịu @@,,,
Đéo làm even nho nhỏ giải nghiệp đi abe :)),,,
ở nhà mong thủ đô khỏi bệnh đi học mà buồn quá trời,,,
Phạm Đức Thái kẹc :)),,,
Sống nhanh lên ae ơi :)),,,
"Trí Trần Xuân ""Anh thương em nhất mà"" nhé bro",,,
đi phố bô sa tìm danh hài hải ngoại chưa thầy,,,
Chuyên mục Tư vấn tâm sinh lý tóc tai :)),,,
"Ông trần là bậc thánh minh
Lạc ra hải ngoại ẩn mình nơi cao
Phá đòn mới chịu ngẩng cao
Bấy giờ thiên hạ rủ nhau tìm về
Cùng nhau bình trị 4 bề
Nước nam lại đổi quốc kỳ ziệc nam",,,
Nghỉ làm ở cty nhưng sẽ làm ở nhà 👌,,,
Gọi qua cho xương.,,,
Ngủ ngon vlon anh à,,,
tư bản giãy chết và kết quả là chúng nó vẫn cho con cháu gd sang đấy giãy chết =]],,,
"Tiệp có thể vào rừng ở thay bộ đội sẽ thấy siêu thoáng , siêu mát , siêu tự do. Trả chỗ cho ngta về nghỉ ngơi đi :))",,,
Thằng ngu người này ai đi làm mà chả đóng thuế . Doanh nghiệp lớn kiếm nhiều lợi nhuận thì đóng thuế nhiều. Thế theo mày đóng thuế nhìu là muốn làm gì thì làm àh.,,,
ae thấy hay đừng quên đăng ký kênh,,,
Thiện Huno,,,
Chị nầy là giàu thật.còn thần bóng râu đó nó sạo lồn mà.chị đừng chưỡi ba mẹ nó.e thấy tội cha mẹ nó chi ơi.chưỡi nó đi.,,,
Hồ sơ ứng tuyển ở đâu thế ạ,,,
Cũng do cộng sản luôn? :))))),,,
K sợ kẻ địch mạnh chỉ sợ đồng đội ngu như bò hhh,,,
Siêu cường uống bia =))),,,
"Tứt nhiên là ông chỉ là một diễn viên hài,  nghe ông nói tui mắc cười quá, Việt Nam tôi không thích dựa vào ai cả trung quốc cũng như mỹ,",,,
Paula Lưu m ns hay quá vậy m ăn chay chứ,,,
chán anh vl,,,
Triệu chứng ghê quá,,,
Bộ phim triệu view,,,
Đặng Yến Ngọc em thông cảm mà,,,
"Xương máu của đồng chí mà chúng nó còn trục lợi, thì mạng sống dân đen có là gì.",,,
Cực kỳ thuyết phục :))),,,
Đơn giản vì mấy đứa kia ăn tiền thuế của dân thì nó phải nai lưng ra làm vì đó là trách nhiệm. Còn a a là người làm vì tâm không vì tầm. Thì so sánh thế đéo nào dc add nhể. Đã vậy chưa kể người ta chỉ cần ng minh bạch thông tin chứ không cần người tung hô hoa hòe màu mè bông cành sương sa hột mít như mấy đứa làm màu. Add nhể haha,,,
Đón giáng sinh nào!!!,,,
Nền âm nhạc Việt nam bùng cháy =))),,,
Trung bị dính lời nguyền :)),,,
Mày ko thay đổi thì ko những bị khóa mõm và khóa luôn cả tay mày luôn,,,
Chậm thôi các bạn :v,,,
Dân bầu sai lãnh đạo thì chẳng lẽ là lãnh đạo sai ?,,,
Sáng mai gáy cho cả làng dậy a ưu,,,
thích khoe quần sọt đùi mà bị bắt mặt quần dài,,,
rì ắc sờn kenny you abe ơi :)).,,,
tiệp corona,,,
Nay em vừa chọn được vài bịch,,,
Trọng Lượng cháu chịu😆😆,,,
Tập để cho nó biết mình cùi bắp sao ah. Đâu có ngu ! :3,,,
Từ khi nào tui cũng thích nhảy rồi,,,
Stream hôm qua à a,,,
Hulk cao bằng,,,
Huỳnh Châu chết cdm thầy rồi,,,
"Da anh đen nhưng lòng anh trắng😁, anh đi phơi nắng nên da anh đen 😂",,,
Ahn Ahn ủa kì dạ :))),,,
Cố gắng lên top 1 sever,,,
"Đụ mẹ tay ghi , não đéo kịp suy nghĩ . Vừa rồi có con đĩ nào ăn 6,1 tỷ tiền cứu trợ của dân đây , xe "" chính thống "" nào chở hàng từ thiện cho dân đi bán cho buôn lái ..v..v Sao m kg kêu ca 2 cái chuyện đó lên ?",,,
Thái Nguyên nóng vãi nồi chú ạ,,,
Cũng biết tụi nó ngu nhưng mà -_- quá ngu,,,
BA GIA NAY KHONG DUOC BINH THUONG ...HAH HAH ..CHAC BI DUT MAY DAY ...,,,
Đọc nội quy đéo buồn cười tới cái tên phun mẹ nó nước miếng 😂,,,
Candy Vo m nói mới ghê á má tém tém lại,,,
huhu làm thế nào để đc fan cứng giờ T_T,,,
Doãn Thành Vũ lắp scope vào sư phụ,,,
Liên quân,,,
Khẩu s686 kia để làm gì thế :v,,,
"Chúc bác dần nhiều sức khoẻ nhé, VIỆT NAM MUÔN NĂM 🇻🇳",,,
Đêm phia mà Cười k nhặt đc mồm :) rách cmn.cả miệng,,,
Netflix đồng hành cùng mng trog muàaa dịchh đeii 65k 1 thângg đêii,,,
Ủa xem kết quả GA ở đâu vậy ank em ?!,,,
Ủa bh ms v,,,
😕,,,
Sóp pe trả phí quảng cáo đi chớ,,,
Thu Hà cắt mỏ chừ,,,
Em rất không hài lòng với cuộc sống hiện tại không một đồng dính đít,,,
Mặc caia quần khó hiểu ghê,,,
sao nhập ko đc ta,,,
Tao biet rôi cung se co ngay này mà hahaa,,,
học trò lol,,,
Trần đức bo trần thanh tâm trần đòn,,,
"Thôi xong . vn là điểm đến của hòa bình, điểm đến của những danh lam thắng cảnh đẹp mà đâu p nơi di trú hay hay tạm chốn nạn đâu?",,,
Hell yeah!,,,
Rất gì và này nọ,,,
"Không thấy CS đâu hết, thấy có 3 con chó. Có ai giống mình không ?",,,
"Xin lỗi :(( 10 năm trc bán hàng onl còn chưa dc phổ biến lắm :((, nói chi là có livestream lúc ấy :((  Con này nó xạo vl :<",,,
Mến cô ghê...,,,
Ae nghe kỹ lại nhé.bà này giả bộ liệu để làm clip chứ bả ko có liệu thật nha ae,,,
Võ Thành Nhân lf,,,
Ý luôn là quả tạ của châu Âu 😨,,,
Bệnh viện mắt trung ương hân hạnh tài trợ pha sấy này 😂😂,,,
Vcl nghe xong chỉ thấy buồn cười 🙈,,,
Đồng chí Độ nghe lệnh đây hãy đưa cả 1 đại đoàn của đồng chí lên máy bay giải phóng Bootcamp pochiki roesot đồng chí đã nghe rõ chưa🤣🤣🤣🤣,,,
Đã tìm ra anh em song sinh của iphone 11,,,
"ghét tập này nhất luôn hok xem hok like   hok chê người thế giới thứ 3. chửi mà cứu nhân độ thế bó tay   nghiệp  nó dè cái miệng, nhìn hok có cảm tình",,,
Tại không phá đảo được game này nên mới bảo là game cho con nít chứ phá đảo được thì lại ghi là game dành cho Độ😆😆😂,,,
Tay nay ma nhiêm thi  co lê ông trơi goi vê rôi,,,
Sao không ở luôn bên đấy đi,,,
Gờ đờ ra gon đấy anh em ạ,,,
Thằng assmin nhãm shitt...đành rằng page này là CHỬI. Nhưng mày là assmin thì chỉ nên viết gợi ý thôi...để mem nó CHỬI...mày dành CHỬI kiểu đó thì chơi thế đéo nào...,,,
Hy vọng công bằng và công lý sẽ được thực thi,,,
😊😊😊,,,
Nhật bản hẩy kiện thằng chủ tịt Hanoi cho nó biết thế nào là bố láo !,,,
Thầy lúc nào chả khổ 😂😂,,,
bộ đồ hàng hiệu,,,
Nghe rất vô lí nhưng cực kì thuyết phục,,,
Em Vợ thì chắc chắn là đc 1 chiếc rùi đúng ko a ưi,,,
Phan Nhật cà khịa hơi cay đấy:)),,,
"Mấy bạn chửi chị này bê đê này bê đê nọ bớt cái mõm lồn lại Ngta bê đê hay ko bê đê ko cần phải đề cập đâu miễn sao họ đẹp hơn cgai mẹ mấy đứa cmt chửi này chửi nọ  ok thích thì xem k thích thì biến ngta có làm j m đâu mà vào cmt chửi
Còn về chị Linda cứ sống thật là mình e thâý chị quá tuyệt r chị đâu có ăn hết của cha ông cố nội tụi nó đâu . Nên lời nó nói hay chửi cứ xem như chó sủa đi chị ơi .
Chẳng lẻ tự dưng mình đang đi trên đường có con chó điên lại sủa lại cắn mình k lẽ mình cắn lại nó
Mãi bên Linda cố gắng phát triển kênh ik chị",,,
Hơi giống,,,
Cầu 1 chiều đi nó phạt đúng rồi la làng gì nữa,,,
Ai như con nhung háng rộng kia :))),,,
Đoán đéo trượt phát nào là K-ATM đứng đầu mà,,,
"súng bắn không trúng,dao chặc không đứt.hài vcl,;)",,,
Hài thế 😂,,,
Yêu cô gê á,,,
uissss uissss. Ghéppo hàiii vaiiil cácc ôngg ạ = )).,,,
Các ông đừng có khinh thường khả năng bôi cứt mũi của tôi,,,
"Cả bà mẹ nữ sinh giao gà nữa. Oan hay không, không rõ. Nhưng chứng cứ kết tội rõ ràng là không thuyết phục. Chỉ dựa vào lời khai của bên đối nghịch mà kết tội được thì giỏi thật",,,
Cực kì thuyết phục 👏,,,
"Anh Ba thật đẹp trai và sở hữu 1 bộ não cực kỳ thông minh và nhạy bén trong công việc. Đó là anh Ba Tú, còn anh Ba gà thì ko có",,,
Quốc Quy,,,
Trịnh Nam Long ô về nc vs gia đình chữa bệnh có gì sai? @@,,,
Đoàn Văn Ngọc Sơn Sơn Ben10 vs Trung Pokemon?,,,
lên luôn a ơi 😹,,,
Trần Thanh Phong,,,
Khác bọt quá anh ơii,,,
Anh tớ giờ đang ở quê bắn khỉ nha,,,
"Nguyễn Diệu Ái thì hồi xưa đã chào kiểu thân thiện vậy rồi, thế mà ng khác bảo mình bậy bah",,,
"Nội chiến .. tạo cơ hội cho những kẻ xâm lược ""ngư ông đắc lợi"" Đoàn kết là sức mạnh.",,,
Cái ghế nhìn lạ nhờ :v,,,
Nghe rất hư trúc nhưng lại mộ dung phục,,,
Cao bằng :)),,,
Ủa đây là đâu hả,,,
chúc mừng năm mới <3,,,
Nghe có vẻ apple nhưng lại sam sung,,,
Xấu vlol,,,
Ngáo thế,,,
"Paula Lưu người miền đéo nào mà chả ăn cơm , ông này bị hài à ? dựa vào thịt chó chỉ là cái cớ để phân biệt vùng miền :/ không bằng cả con chó rách",,,
Cho mình hỏi nếu muốn theo dõi idol nudetiger của mình. Thì phải xem ở đâu ạ ( trang cá nhân hay link youtube) í,,,
Đảng cộng chó,,,
Vụ chi rứa các bẹn,,,
thành đạt rùi anh,,,
rất vô lý nhưng cực kì thuyets phục,,,
Cái này là thẻ thần Kỳ... Của tương lai nhà giàu con đi du học,,,
Thúy Linh tuii nói k sai mà :))),,,
Nói chuyện Yêu ghê đó trời.... 😂😂😂😂,,,
Đây là cô Nhism,,,
Co j em cha on chi sau,,,
Ngứa dái quá thầy,,,
Huyền Khánh Phùng chị đã nói đúng lại còn nói to😅😅😅,,,
Mỹ Dung Trần nhớ nha chưa,,,
Tao cừ tao ỉa chảy,,,
Mang vinh quang về nha thầy 🤣,,,
Phan Hoài Nhân có vẻ hay,,,
"\""Chuyến bay định mệnh\""",,,
Phan Nhuệ Anh có cái đồng hồ trang fage nào cũng khoe??? Uhmm bạn có tiền bạn khoe 😂😂,,,
Trần Thảo xin info bạn bên trái ạ ^^ mình cảm ơn :vvv,,,
Nhò son phân thây e cüng tam düöc nêu e rüa māt hêt son phân nhin e nhù Môt xác chêt biêt di mà thôi kkkk,,,
"Chuẩn,k anti nhưng bài lần này nghe k vào",,,
Cô ơi mai mốt có ai chửi thế giới thứ ba cô kêu con con chửi tiếp cô,,,
"Trần Sinh Đức chụp ảnh thôi, ko bấm chuông hay lộ địa chỉ là đc",,,
Sống chậm thôi mấy bạn,,,
"Đánh lạc hướng đó bà con,nay xử vụ tham nhũng lớn chưa từng có",,,
Sap tet...bon cho ca khu vuc sap di xin tien xin bia xin ruou tây....và van cho tui ban chiem ve hè long hanh.,,,
Nguyễn Ngọc Dung k hết tiền k về :)),,,
Chất từng câu nói của cô mẹ mình hiếu  !,,,
Hình nhu mũi co bị lệch,,,
Quách Trường tự nhiên có hứng thú đi xem phim cậu ạ,,,
Thầy mặc size gì vậy mng,,,
Nghĩ mà chán 🤧,,,
Tien tri cau tieu,,,
địt cụ bọn này k con zề để bàn nữa rồi,,,
Ai giàu 3 họ.... Nhìn tởm,,,
"người nghèo thì bị chúng đó đàng áp cho không ngốc đầu lên nổi, nghèo thì cho chết hết . đất nước thiên đường của người giàu.",,,
Ý thức để dưới đít à,,,
.anh quay phim chọt 1 phát.,,,
"Mãi yêu cô, chúc cô nổi tiếng quài quài nhaaa",,,
con chào ba chồg ạ :)),,,
Toàn dân toàn thắng thì chị Nhung về nước :((,,,
Gia Bảo vậy chi,,,
Giáo án về One champ Lee bú đá và rụng mất xác,,,
Thật sự là chị này rất giống con gái... Xinh và rất nữ tính,,,
có thể suy ra 84% nhất trí là máy thằng ml tham ô :))),,,
Nhìn mặc ngu ngu . thấy thôi đã mắc cười Zồi.,,,
Chúc e bình an,,,
Sau bao lần thề xoá kênh thì thầy đã đc nút vàng 🙂,,,
Trần Thanh Hà hậu hoàng là ai hả b 😂😂😂,,,
Đẹp trai k abe :v,,,
Minh Quân max yêu cầu,,,
"Cũng đồng ý vs ad nhưng bạn m từ khi tham gia và đọc từng câu từng chữ bài đăng của ad thì thay đổi hẳn,từ đứa ngoan hiền thành láo xược,có tí chuyện là chửi bới um lên,1 lol 2 lol. Buồn hẳn :'(",,,
"Tòi Súng said: Hôm nay như mình đã hứa, mình sẽ đưa ông bà già nhà mình đi mua cua hoàng đế để ăn mừng Refund gaming đạt top 1""",,,
Idol về VIỆT NAM off fan meeting đê ông đã cải tà quy chính chào đón ông,,,
Ngu xuẩn nhất nhì là TT Mỹ (thơ trần đăng khoa),,,
Bưu điện ko thích điều này :(,,,
the minh khong phai nguoi Viet Nam roi ;v,,,
"Nghi ""vu khống"" à :)))",,,
907197167,,,
cháu còn nhỏ đừng xạo loz theo bố cháu nhé tùng,,,
sena cũng có có tuổi nhưng tiuooir lôn,,,
Thiếu 120 triệu ko trả,,,
đông phương ba bại:)),,,
Cũng muốn làm lắm :)) nó chúng nó bảo t toàn đi cà khịa nên ko ai xem đâu =#),,,
Thanh Tú,,,
M làm cc j mà đăg cái bài ngu vậy ad? Cho chúg vào chửi ngược à????,,,
Ngọc Hà âm tính r. Cơ mà nay Hạ Hòa được lên báo🤣,,,
Kien Chelsea được ko e :v,,,
"Ko biết từ khi nào mình không màn chuyện chính trị nữa, chuyện gì đến thì kệ mẹ nó cứ làm việc mình đam mê",,,
Mày k thoát được đâu con trai,,,
Và nhưng huyền thoại sẽ xuất hiện.,,,
Thích chị hiện tại,,,
Cứ miết dần mất đi tình cảm r chỉ vì 2 từ đó thôi,,,
Thanh Trường,,,
"Lâu nay để ý...bãi cức, cống,rác thải các loại đều có dấu răng của thằng AD hết......báo ngta đăng h nó copy rồi sủa vài tiếng ẳng ẳng cứ như mình là thánh biết hết rồi.....",,,
dỗi thực sự:)),,,
"Xa qúa sau đi
Cái răng xa lắm em ơi",,,
đổi thành kênh du túp luôn à mấy bích,,,
Chào cô,,,
Giờ này chắc con mụ này nhục lắm đây.,,,
"Yeah, Refund win rồi các bạn oiwiiiiii =))))",,,
"Hướng dẫn con mẹ gì, giống như hút thuốc lá thế thôi.",,,
Nguyễn Quang Huy chạy ngay đi,,,
"Phạm Tuong không có cái gì cũng tự dưng lôi anh tao vào , cái thứ dòng đỗn lì , không khịa anh tao thì m bị ngứa tay à 🙃",,,
bê lon chạy xung quanh :)),,,
Nghe như bị hiếp dâm vậy đó :)),,,
sau 1 năm chắc 50% dân số VN bị ung thư cả rồi !,,,
Hoàng Gia Bảo còn Hồng Thái thì chả có tư duy đâu a nhỉ :)),,,
Sốt thực sự :)),,,
cái này nhai đi nhai lại quài chán vl ấy,,,
có anh oiiiii :bb,,,
Đoàn Duy Diện lên fan cưng cơ à :))) căng đấy,,,
Nguyễn Trang ủa bữa e nghe a độ nói chị Huyền là con của chú phải không ạ,,,
"mà khổ , con mèo nhà anh Độ thì nhậu nhẹt suốt ngày, có khi lúc đó đang say xỉn vs mấy con hàng xóm ấy :V",,,
Nguyễn Tuyến ko phải đóm mèo chó gì hết :v,,,
Chúng tôi sẽ khen tặng huân chương độc lập hạng nhất cho đồng chí :)))),,,
em đang tìm gấu áo xanh AD ơi =)),,,
Trend này ở Việt Nam đã xuất hiện rất lâu r. HQ đi sau thời đại wa..,,,
Hương Nguyễn ok my sis,,,
Bố láo với giang hồ đất cảng à,,,
Chúng mày làm gì có văn hóa mà lập ra bộ văn hóa,,,
Chut j ba Nhiu sức khoe nha,,,
Thuyết phục vcl =)))),,,
t thấy m giống ảnh 1 lắm :V,,,
"Phạm Thanh Tùng dm t cười , rảnh éo chịu",,,
Câu hỏi ngược lại ' có nên theo một ngừoi con trai có quá nhiều em crussh'???,,,
Người ta giàu nhưng ngta vẫn muốn đi xe máy 🙂,,,
Chứ cánh hoa gì mà giống cái bêb vn vậy má ơi,,,
Đã tẩy chay nó từ lâu...quân khốn nạn,,,
Đen lắm :),,,
KimThy Lê sao bít cu nta tí hon,,,
Ok thay,,,
Các bạn có đang hài lòng với cuộc sống mình đang có? Câu hỏi của anh khó thực sự...,,,
Làm ngực đâu lâm,,,
Ảnh về với điều kiện tay chân ảnh lên :3,,,
fan one piece :v,,,
Này thì đáng sống. Mịa nó.,,,
Vinh hạnh là một fan cứng của mixigaming,,,
Hoàng Thanh Trung xin clip đi ông,,,
nhism :))),,,
Jack mà mang mấy cái đồng hồ ghẻ này à.)),,,
Ưng vl =)),,,
Diệu Diệu cầu giấy r đấy. Cẩn thận nhe,,,
Thuỳ Dung hợp cmn límm chắc mua mấy bộ đồ bộ đc r.. 😂😂😂,,,
và trên báo nói là trong thời gian trên,,,
Ôi thầy tôi:((,,,
Toàn bọn vô công rồi nghề ngồi sủa ăn lương tháng chứ vinh quang gì? Bản thân hiểu rõ hơn ai hết nhưng vì đồng tiền bát gạo nên vẫn cứ đi cắn sủa vậy đó. Tôi chỉ quan tâm sự thật chứ mấy loại này riết chán chẳng thèm phản biện 😩,,,
- thằng chánh án quan hệ với nữ kế toán tại phòng làm việc thì sẽ chủ tọa xử án hiếp dâm !!!,,,
Tụt mẹ m ra cho nhanh đỡ phải mặc,,,
"Thua cả trung quốc , thế mà suốt ngày chửi người ta.",,,
may lại có r,,,
Tiếc diên là kênh của tui ai thích thì zô ko thích thì zô. Zô Zăn Hóa,,,
An tâm vài nam nữa bị đuổi cho coi,,,
Thằng này ko dc,,,
nhím thì bỏ qua đi A,,,
Nguyễn Tiến Đạt hình như bạn tôi fan đội này :>,,,
Định hợp tác sản xuất âm nhạc hay gì v Thầy 😂,,,
Cờ kia là đại diện cho hội nào vay ?,,,
Minh Toàn,,,
3 que duy nhất ko bị ghét,,,
Lại phải nghỉ học:((,,,
Thế tình hình bình quân 5s anh tôi bị giật một phát à ?,,,
Blue nó cũng bt chọn thằng nào hay để trao cho :)),,,
Phạm Minh Tuấn cày vew nhiều quá mà. Nghe 1 lần là bt như nào r,,,
Con điên có gan nói mà ko có gan mở cmt cho người ta. Bình luận,,,
"Trăm mấy chục thì nó không có nhiều, Con bò rụng cộng lông cay me rụng lá.😚",,,
Thầy Khổ Lắm,,,
Nhìn mặt pố m giống đang đùa ko :)),,,
#ERROR!,,,
chi dep qua chi o,,,
Idol của tui dễ cưng quá!!!,,,
Hỏi thui mừ :( =))),,,
A trọc chơi ác lão già.,,,
Nể nhất mấy thằng đéo biết lại bảo ghép ! 🙂,,,
Huyền Khánh Phùng hệt nhau😆,,,
Đất nước tao đáng sống nha,,,
"1,1 tr like 6tr view",,,
Vũ Thanh Huyền không đồng tình với ý kiến có tiền là phải đi từ thiện 🙂 người ta làm quần quật kiếm tiền để phục vụ cho bản thân chứ không phải phục vụ cho mọi người 🙂,,,
Trung ám ảnh,,,
"Cảm ơn thầy, yêu thầy",,,
Hoan ho bac TRAN DAN...nguoi viet phai yeu nuoc VIET...bat tay nhau xay dung mot dat nuoc hung cuong...,,,
Chứ còn mẹ gì nữa . . . Câu view trắng trợn,,,
2 triệu nè. Con chưa cả gội 🤭,,,
Nguyễn Thị Hương cùng suy nghĩ,,,
Thầy nhờ anh quang cuốn hay sena đánh hộ vậy,,,
addf e vs cụ tổ ơi :v,,,
ai mua đâu mà sale :v,,,
Ông này vẫn biết điều suốt ngày ở tỏng nhà ko ra ngoài ko sợ virus ok đấy,,,
Váy kia làm nhism mà,,,
TTuấn AAnh thấm nhuần tư tuong a độ 😂😂😂,,,
Thơ hay quá bác ơi triệu like,,,
Nguyễn Thịnh xin ảnh pro,,,
Làm cho nhà nước là có quyền thua lỗ và... nhàn. :),,,
Chua thay thang bede nao sau nhu thang quy nay no banh noc,,,
Cứ tưởng thế là ngầu,,,
Nguyễn Dũng @@ thì vậy mới nỗ lực để vượt lên,,,
:v bác đen vl,,,
Thật khâm phục ông phóng viên báo Lao Động bỏ 1 tháng đi làm ngoài công trường để thu nhập tin tức !,,,
Họ bấm cái j thì kệ họ đi,,,
Mua giày sốp pe để đc giá mềm nhé:)),,,
Nghe nói anh tôi đag cà khịa,,,
Lại cà khịa r a ưiii,,,
Đánh răng lâu v~ 😑,,,
Chị trông phúc hậu quá,,,
Cae team off luôn hả abe,,,
Cái thớt IDOl Live này đăng tin toàn để chúng chửi : )),,,
Chết là phải toàn thành phần óc chó đua xe không,,,
Nguyễn Bá Quang Thì cái đó nó lan từ Bộ tộc mình ra mà,,,
5:05 10 năm và 9 năm là 18 năm best toán học trần dần :)),,,
Lâu rồi ko xem . ủa lúc trước thân lắm mà,,,
Chị hay quá chị ơi,,,
Con so bên nào vậy,,,
Cho mình xin video với bạn,,,
Game j thầy oi,,,
hq k còn ca nào nhiễm vì nhiễm gần hết,,,
"Đụ má, em ức chế quá.",,,
Lana Trinh thế rốt cuộc nà mặc hay cởi đây,,,
hinh nhu ba noi nay luc truoc chui lon voi mu noi ben my kia phai ko cac ban??,,,
Nghe đoạn gần cuối chúc Bác sống thọ 200 tuổi luôn.Cầu mong ngày nào đó bác trở về thăm quê hương nhé.,,,
. ai khịa thầy là chetme đó nha,,,
Ăn điêu nói hớt quen.,,,
bên kia nó k cho vào viện hay xét nghiệm gì đâu,,,
Chinh Nguyen vn có cấm nhập cảnh đâu. Vấn đề là khai báo và sau khi nhập cảnh thì đi cách ly ngay.,,,
Nguyễn Phương Thảo c ơi cẩn thận nè,,,
đoán xem haha,,,
Dc lắm con gái về già cô cho con 5 cây vàng :v,,,
Xím chút thì còn 6 miếng đất😌,,,
Đcm cmt tục vkl😂😂.,,,
"Nguyễn Việt Nam ,  Ủa cứt 🐕‍🦺 vàng 👈 mới biết đó nghen. 🖕",,,
Ông này kiểu đéo sợ chết mà,,,
Sợ vl đi lấy le vs gái chịu,,,
Nhiều người nỗ lực từ lúc đầu thai nên sinh ra đã ở vạch đích 😂😂😂,,,
Quỳnh Phạm sao nào hơ nì?,,,
Anh sấy tơi đất lắm rồi các em máy nước vào rồi bừa đi để cấy,,,
Thôi toang rồi 🤦,,,
"Chị ba nói cai gì chị bà củng có,  z chị ba có con cu hok, con có con cu nè",,,
Được luôn bố chồng ạ ❤️,,,
Thầy địt mẹ giả tạo vl =)),,,
Thay co bo quan áo  mac hoai,,,
Những thằng luôn bảo ko quan tâm chính trị thì đây...cái này là chính trị đấy...có bệnh thì chữa bệnh giả...ôm bệnh về người...rồi lúc phát bệnh nặng thì chúng nó đổ lỗi sao ko đi xét nghiệm sớm..giai đoạn cuối r....gia đình fai nhọc công chăm sóc...đôi khi fai bán nhà mua thuốc chữa trị r lại fai uống thuốc giả...để rồi....haizz ...tụi mày là quân giết người...,,,
Chăm học mới là cháu cô Minh Hiếu nha :)),,,
"cầu anh Dần không bịnh,nhưng mong muốn ngu kỉ và trần nhật gió dịch covit 19 nặng à nha để bolsa  được sạch.....he he he",,,
Bùi Huyền nghe đồn năm nay chán,,,
"200 tỷ này, tao mà là nhà nước, tao đem tao nghiên cứu xe chạy = gas hoặc solar xog tao mở nhà mày rồi cho công nhân vô làm ~.~ vậy mỗi tháng công nhân gửi về quê đc ít nhất 4triệu :)) vẫn hơn thằng ad rồi :v",,,
😊,,,
Học sinh nam định lúc này :,,,
Huy Tien dmm,,,
Trần Thị Huyền Trang chán ha 😜,,,
chào mừng các b đến với Thiên Đường <3 <3,,,
"Anh im mẹ cái mồm đi, hôm deo nào chả lí do :)",,,
Ha ha!🤣,,,
Đúng rồi 🤣🤣🤣,,,
Bác mạnh khỏe nhé bác,,,
Chí Bảo chỉ xem có tốt thật không thôi mà 😂,,,
Không được đẹp mà kệ zạy🤣,,,
Phoanh Lee đọc đi cho đỡ buồn :)),,,
Dương Quốc,,,
"Vui thôi :putnam: đừng vui quá <(\"") Em thề em thích câu này rồi đấy, Thềềềềề~ !!!!",,,
"Cô chú cũng chúc Tùng và "" Ông già của Tùng"" cuối tuần vui vẻ ! <3",,,
Style quần lả lơi =))),,,
Hít hà,,,
Du học sinh Úc pewpew,,,
Anh Châu nói mẹ Kim hát túp lều tranh đi,,,
anh Lân ơi còn ông ngô kỷ thì sao anh,,,
1 phò cho hay,,,
tộc caaaa,,,
anh ba đi để lại mohamed sela ở nhà,,,
nghe giọng k hay bằng trước . Đề nghị bác độ để giọng cute khác đi .,,,
Tr ạ tui bị bạn lừa rồi 😂😂,,,
Nguyễn Thị Thịnh xem ở đây chuẩn nè bạn,,,
Mọe,,,
Huyền thoại Runeterra,,,
Phuong Mai,,,
"công danh nguyen mỹ nhiều đảng văn minh thế dịch chết nhiều, mà sao mày chuâ mắc phải kkk",,,
Trần Chánh Hiền Thô nhưng thật😂😂,,,
Thầy làm em xúc động qua',,,
Em là fan của cô Lê Na nên luôn dõi theo cô bác ạ 😁😁😁😁,,,
TD Nguyễn trong khi cô trong clip chỉ đi con xe hơi 600 mấy chục triệu và là 1 trong những thành viên đa cấp chứ k giàu cái cm j,,,
IQ người tau,,,
Bê đê hả ??,,,
Có cái cc cái gì cũng vịn vào khoảng cách :)),,,
Xin vd pro,,,
Con linh cá lóc xấu người lại xấu nết chưa ai có cái mồm xấu như con đó,,,
Đạt Con cáo là ai,,,
Sao bn chuyến bay từ lúc có dịch ở anh đến h k có chuyến nào bị có mỗi chuyến này bị dính dịch,,,
Xong nó bán nước ta cho trung quốc rồi!,,,
Giờ tính sao :)),,,
anh Độ độ quả đâu ` cho hai bố con đuok quá,,,
Hí,,,
Làng này là căng đét,,,
Chịu,,,
Nghe review đã thấy phim nhạt nhẽo rồi :)),,,
Phan Mạnh Cường một học sinh ở thủ lô Hà Lội vừa cho biết ý kiến,,,
Xem chục lần r vẩn cười,,,
Fan cứng điểm danh,,,
Gáy thì phải gọi là cực nhanh từ vị trí độ mixi =)))),,,
Phạm AnhQuân không cái live chat ở dưới là thật cái live chat ở trong video là fake,,,
Già rồi còn đéo gì mà ráng nhoai lên chứ địt cụ,,,
Theo mình nghĩ là lủng bao mới đúng :v,,,
nghỉ lâu thế thầy :(((,,,
"Xem hay mà, cả phim sẽ có 1đoạn mà tim thép cũng phải giật mình",,,
Thanh Tú,,,
🤣,,,
phũ thì vãi,,,
Game j vậy thầy,,,
Team up cực mạnh đến từ ông chủ đầm tôm,,,
Nó lại đẹp trai vl ra,,,
Nguyễn Thuận ý kiến của tụi tao thôi thì thấy không hay thôi mấy bài trước điều được riêng bài này cảm thấy không hay cho lắm =))),,,
Trinh Dương giống tui ghê,,,
Sancho à Tộc Trưởng,,,
má giàu,,,
Bạn chả có tí hành kinh nào văn hoá cả,,,
Ghép làm chó nha ae,,,
Thiên đường xhcn là đây :v,,,
Em được làm fan cứng luôn rồi nè ❤️ reaction quá hay quá cute coi mấy giờ này quá hợp lí =]]],,,
rách háng như chơi,,,
abe của tôi,,,
rất chi là đẹp trai,,,
Tắc đường xuống đi bộ,,,
Tức nghiêng là a cũng rất zui nếu dc làm quen với e,,,
"Đizz mẹ nó giết dân từ từ hết chuyện này đến chuyện khác lũ chó quân ăn cướp chứ đéo phải là quân iu nước , bây h nó còn rước giặc tàu rồi mở đương cho tàu qua giết dân ta cho nhanh , đưa formosa zề giết dân ta bàn chứng cụ thể ai ai cũng thấy",,,
Mong thay co nhung giao an xin xo de em hoc hoi va ko lam ganh nang cho team nua😁,,,
Kiểu này bắt đi tù là vừa ở đó còn che tên.,,,
😢😢😢,,,
Mặt đúng kiểu né kill rồi mà,,,
stream đi anh,,,
lói kkk,,,
Tui thích bà này ghê á 😂 dễ thương quá tr 😂❤,,,
mui lenh r chi oi,,,
Hết ngày chưa bước dc ra khỏi nhà Mễ Mễ,,,
Đạt Royal nó k chịu cách ly vì trong đó ngột ngạt,,,
Có 2 cái cầu tiêu ở sài gòn,,,
Em Tu ánh sáng soi đường cho Abe🤪🤪🤪,,,
link đâu con mẹ m,,,
cưng vll,,,
Số điện thoại của em là 0934424727,,,
Nát hết rồi,,,
Cực kì thuyết phục 😌,,,
Thaich chi hieu nay roi nha de thuong,,,
Ở Vietnnam tụi nó ăn tiền bồi thường ô nhiễm của người dân. Ở Việt Nam! Tụi nó ăn tiền để làm ngơ formosa gây ô nhiễm.,,,
Sdt e ne chi 0909108914,,,
nhìn thấy chú Tự Long mặc đồ vàng chứ không phải bác Quốc Khánh là thấy sai vcl sai rồi =))))),,,
biến đi nghĩa,,,
Nguyen Thi Tuyet Anh bạn chỉ đc cái nói đúng 😂😂,,,
nói dối bị môi Trang khóa ngay,,,
Có anh đến nhà nó chúc mừng nó để nó biết ko có nó mik vẫn sống tốt anh ạ!,,,
"Thương anh í quá, sao chính quyền không cho ông cách ly ở nhà tang lễ cho tiện nhang đèn, hòm gỗ kèm nến lung linh cho ấm áp!",,,
Dù iphone 12 ra đi nữa thì crush nó vẫn đ thích mình 🤷‍♀️🤷‍♀️,,,
:)) dm thối nát,,,
Bao nay dung la bao doi,,,
Vũ Thanh Tùng chồng con r tán cẩn thận gãy răng :)). Mà bạn ấy chưa j đã vào sủa phun toàn cứt kiếc thì ai dám tán :)),,,
VN TOÀN THẮNG ẮT VỀ TA .,,,
tội cho anh ấy tới bước đường cùng rồi sao mà khổ vậy,,,
CHI MINH HIEU THAT DE THUONG,,,
Mưa thuỷ tinh,,,
Ông châu nhìn luởi điêu luyện ha chác rành rùi ha,,,
Pho ruồi bâu,,,
Nghèo khổ có nhau chứ giàu có chắc k =)),,,
Bú bóng cao su ha gì cười ghê z abe :)),,,
Hoàng Thiện thế a cần dùng loại nào?😌😂,,,
M tính chơi bê đê à,,,
năm mới nghèo theo cách anh Ba,,,
2 năm....,,,
"Năm ông là năm ông, Lục Tổ là Lục Tổ, sao lại năm ông Lục Tổ. xưa kia Lục Tổ Huệ Năng là Tổ thứ sáu được Ngũ Tổ Hoằng Nhẫn trao Y Bát!. Năm ông , Lục Tổ của bác công lại là 11 ông Tổ phải không bác???",,,
Vào like ảnh đại diện của em vs mn ơi,,,
Ông chú da black thích nhuộm màu tóc yellow 😁,,,
"Kiểm điểm, rút kinh nghiệm",,,
192 hàm tử phải ko ae,,,
Linh Chi t thấy k hay thì nói k hay thôi,,,
Lê Phương Linh thì mình tự nghỉ 😌🤣,,,
Phương Thảo đi chưa ra gì ko,,,
Ly Phương đứng view nãy giờ á,,,
Bà này chắc coi hài kiều oanh dử lắm đây,,,
Anh be ơi 🤭,,,
Thế chủi nhau ko ad. Đang ngứa mồm. Ức chế công việc quá,,,
Oanh Thư 🤟🏻,,,
Hằng Reus có Hằng đó chơi ai,,,
Cứ mưa ngồi bus là xong :)),,,
Huyền Khánh Phùng tội nghiệp chưa🤣🤣,,,
Đừng vào nữa mn ơi,,,
Lê Thành,,,
Trần Quân,,,
Idol của tuổi thơ tao:((,,,
Tết để quả tóc tomboy loi choi :)),,,
Thuốc lào nâng cao sĩ diện,,,
Có lẽ đom đóm hay hơn bài này,,,
ấu siệt !!!,,,
Cô My ơi ở lại với e đi :)) kệ mẹ thg lozzzz ba gà :)))),,,
Ngô Thị Hoàng An Ngày nào cũng suy nghĩ đắn đo =)),,,
"Dự là 9 phủ nhật chơi tới bến vụ này, lắp đặt camera các kiểu quan sát, liên kết với chính phủ việt coi có kẻ phá hoại tiếp không làm xấu hình ảnh nước nhật đây mà 🙈🙉🙊",,,
Ở một khía cạnh khác,,,
Sống chậm tí các bạn,,,
Lũ đấy đang ngồi đếm tiền chia chác kiếm dc sau vụ đút lót dã man đấy,,,
"Thoại Trần bạn đã viết đúng chính tả chưa mà nói họ? \""Chính tã\""",,,
Nhớ wa trời,,,
Chết em thầy ba ơi,,,
Huy Hoàng thua,,,
Cái lùm má,,,
Nữa đêm coi mà cười muốn xĩu😂,,,
"Cái lồn mẹ ở đây người ta nói chuyện công ly chứ đéo phải tống tiền nghe chưa con chó ngu , dizz mẹ mày cty đem tiền tới họng mày thi may làm sao con chó , người này nghèo ko có học thức bị tụi nó chơi , hiểu chưa con chó ngu , nếu mày cảm thấy thp an toàn thì cả họ nhà mày mua dr thanh uống nhìu vào",,,
"Nam Quảng việc gì b phải cmt và nhấn mạnh là "" Hay ho đéo j bài này. Hay lại câu like mất facebook"" ạ. Như vậy là ko hay rồi. Chứ hay hay ko hay là ý kiến riêng của mỗi người rồi ý. Bọn mình chỉ muốn b cmt lich sự hơn thôi ạ ^^",,,
Lương 7-8 tr :)),,,
bạn đã đoán đúng 💋,,,
Thấy vô phục nhưng khá thuyết lý,,,
Em chồng Hà Tăng. Nhưng cô này ý thức tốt gấp mấy lần bạn nó.,,,
Chức năng của iphone này có khả năng tính toán nhanh như a Độ =)),,,
chậm thôi,,,
Xin vid ạ,,,
Nghiệp Ks một chút hoyy 😁😁,,,
Lữ Văn Thánh đó là ý do tôi bảo ông trẩu,,,
"Các ông chỉ nói mõm với ấn phím là nhanh,mà k nhìn nhận sự việc theo hai phía,lúc nào cũng kêu nhà nc thế này thế kia,nhưng k nghĩ lại xem k có nhà nc giờ các ông đc sống đc ngồi đây mà gõ phím chắc",,,
Đây chi ngủ nè..nghe  em chi ngồi vậy liền..hi hi,,,
Dân tui!!!,,,
Ý tưởng và ảnh bới Kanny Nguyen (,,,
Cô Ba quý tộc 0934085769 Cô Ba muôn năm,,,
Cà khịa là niềm vui,,,
Dậy mà đi hỡi đồng bào ơi,,,
Lê Anh Duy bên bển có thường đi bar đi búp quẩy tung chảo gì không,,,
Sống chậm lại là an toàn à❤️,,,
ok anh êiiii,,,
ngủ đi,,,
Sáng gửi thư tố cáo..,,,
Thôi mấy ông ơi tâm với chả sự giờ là lo bản thân trước đi =))),,,
Chúng m thử kéo chuột ghìm tâm với cái biểu cảm như a tao xem . Hộ cái,,,
Quốc Thắng ơ bắt bạn phải vào tl cmt của tớ à ơ lạlol ghê,,,
Thôi ồn im mẹ mồm đi 😆😆,,,
Nghiệp từ đó mà ra,,,
Không biết sơn có quà cho abe không nhỉ ?,,,
"“Ông già đem hết tiền đãi bạn,dm tháng này thiếu sữa rồi” :)))",,,
"Tiền nhiều làm gì ??? Câu hỏi ấy được rất nhiều bạn trẻ và người lớn đã luôn đặt ra , vâng ngày hôm nay tôi xin được trả lời cho câu hỏi của mọi người là tiền nhiều dùng mua Khô Gà Thầy Ba , khô gà nhà thầy ba , rất ngon , đc xé nhỏ vừa miệng , dưới bà",,,
Sang năm mới nhiều giáo án mới hay hơn nha abe :)),,,
Sau khi dùng,,,
Chị xinh thế...Chị chửi vẫn xinh..,,,
Chịu á =)))),,,
Anh đi nhận nobel toán học mẹ đi🥴,,,
😂 chân dung của a ấy đây ạ,,,
Moá Bích Tuyết kia t còn chưa về nhà nữa 😒,,,
Hoàng Đức đánh chết cha m h chứ ở đấy mà cực kì :)),,,
A châu đẹp zai ghê ák trời. Dì kim dthw quá ik,,,
Cực kì thuyết phục 😅😅,,,
Đây là gay hay 3d vậy,,,
Chạy đúng tốc độ cho bắn đến năm sau lêu lêu,,,
Quốc Củn hề,,,
con hơn cha ... rồi 😆,,,
Sống slow thui các bạn,,,
Mixigaming lên tên anh,,,
"Thầy đánh như thế là ổn áp r, đặc biệt cái giáo án nhường shutdown cho quái là quá ổn áp luôn, yêu thầy :3",,,
Đào Mạnh An bố chị ý tin VN nên cho phi cơ riêng đi về thôi có gì phải thắc mắc,,,
Mạnh dạng tuyên bố concept của Iphone năm sau,,,
Cayyyy😂,,,
Ở nhà ngủ có phải sướng hơn k,,,
"Và họ kêu ngày ấy là ""giải phóng"" miền nam 🤣",,,
Thật hả Minh Minh haixx tui là người Hậu Giang nè nếu thật là như z thì mất mặt cho người HG quá 😪😪😪😪,,,
"Tất nhiên là nhà bác Trần Dần gần kho đạn, tất nhiên là nổ quá xá. Tất nhiên là tất nhiên như vậy đấy .",,,
Thôi thôi ông im cmn đê ... 🙂,,,
Hợp lý chú ơiiiiiii,,,
"Bạn nào điểm thấp cần nâng thì liên hệ mình ngay nhé, mình photoshop cho",,,
"Thang cc nao ma chang the dc,",,,
"Như con cặc,",,,
Mình nhận in thiệp giá rẻ nhé cả nhà 😊😊😊,,,
Nguyễn Hoàng Anh Tú huhu sợ qá.K chạy grap nữa.về phog ăn ngủ đủ giấc,,,
Chuẩn vl ko cố gắng thì nó cũng ở một lấc thôi không lên được,,,
Cty nhà người ta 🤣🤣🤣,,,
Hat nhu lon 🙂,,,
:((( nhà bố mẹ không bắt wifi nên k coi Anh stream được chỉ đứng trước nhà hút ké wifi hàng xóm để tải video Anh cắt về máy coi,,,
Thứ nhất : Quyền của CSGT trong TT 01-2016 Không có gì mới so với TT 65-2012. Nên quan điểm cho rằng luật mới ra để kiếm tiền là chưa chịu đọc qua Luật mà phán. Thứ hai: Việc trưng dụng không phải là mới mà tại Luật cũ cũng đã quy định CSGT có quyền tr,,,
mỗi câu đấy nhai đi nhai lại trông chán vãi lồn,,,
thu dan ba mo miệng  ra nghe thui như dong cuc,,,
Nta xạo lồn hay k kệ mẹ đi. Nghe vui vui giải trí là dc r. Còn vào khẩu nghiệp lri cho tội con cháu,,,
Bảo Nguyễn um tuy,,,
Nguyễn Đức Tùng tớ bít mà,,,
Để từ từ... suy nghĩ đã:)),,,
"Bạn bảo bạn yêu nước, bạn thương nước. Thế mà bạn lại mang dịch về nước nhà à, đấy là hại nước mình rồi!!",,,
Lê Hoàng Trọng bác cho tui xin vd đc k bác,,,
Thick con gái dâm đãng😋😌,,,
Không 1 cái phẫn nộ vì quá chill :3,,,
💖❤❤❤❤💖💖💖💖💑💑💑💑💑💑🐄🐄💓💓💓💓💓💓💓💓💓💓💓💓💓💓💓💓💓💓💓💓💓,,,
chúng nó nhập viện để chữa tai rồi thầy à,,,
:))),,,
á à ..,,,
Báo tuổi trẻ cử phóng viên đi quay rồi muốn gì nữa -_-.,,,
Sau khi ông này khỏi bệnh nên cho đi khám não,,,
Chọt dô đít sela,,,
Tấc nghiêng tôi :Nhà tiên tri vat,,,
tan cửa lát nhà,,,
Cười xỉu =)))),,,
Được thầy ơi,,,
Yêu cô quá đi ❤,,,
dây truyền bằng vàng trắng 😤,,,
Bị mất chút đỉnh + bị xin tiền thôi chứ mất hết sao được,,,
Là một thằng con trai,,,
Nhin cung mác cuoi  giong hê qua,,,
Ngụ ý của anh bảy vịt quay là???cả đất nước Việt Nam chỗ nào cũng có bọn tàu cộng nó nắm đầu hết.,,,
Mô phật,,,
Mua vài cái về chơi,,,
Tien tri gì nói chuyện k đâu ra đâu. Lạc đề mấy chục lần vậy ô noi.,,,
Tiên tri Trần Dần nói chuyện rất hay: người VN phải yêu thương lẫn nhau.,,,
Hinata Miyukina :(,,,
nói nghe hào hùng lắm nhưng mà công nhận đúng vl anh uwiiiiii :v,,,
Phúc du anh son beat tạo nên 1 bản rap hoàn hảo,,,
Yepp,,,
Vlog: ăn mừng nút bạc cùng team sbtc của thầy giáo ba,,,
Gặp ai,,,
Thân hình làm chị e bốc lửa 🙂,,,
Boi cai mieng chet roi mai mot xinh loi nghe linh loc,,,
Phản đối thì phản đối nhưng mà cầm lá cờ j thế??lại phản động kích động rồi,,,
Sao chi dep wa vay ta,,,
Chó ko mọc nga voi...bê đê như thế nào  vẫn bóng gió  nghe,,,
Ngọc Huyền Mai Nhi Phương Tâm Ngô Tuyết Liễu Trần Khuê Việt Upin Lương Mỹ Phương Mỹ có thờ có thiên có ziên chết liền :),,,
Vỗ tay,,,
"Haha, vừa đặt hàng",,,
Là 1 thằng bê đê,,,
:)) quỳ :)),,,
nhít từ từ được là hay rồi :)),,,
Ai lớp du chu cờ mo 😅,,,
1 con sâu làm rầu nồi canh :3,,,
đọc trị độc,,,
"Có vẻ như mày CỐ TÌNH QUÊN dòng này nhỉ :""Tại Đại học Quốc gia Singapore (NUS) sáng 7-11"". Nó nói chứ có ai đồng ý không?",,,
Hóng quá đa :v,,,
Coi mà cừi xĩu. Cô nch dthw :3,,,
Chết em thầy ba ơi,,,
Pst 1p30s.,,,
Nhận order balo giá bèo,,,
"Nv Hải tai nạn sống chết có số, k ns xe máy hay xe ô tô dễ chết hơn đc",,,
Nguyễn Thuỳ Dung khá quan trọng nhể :)),,,
kho than ta sinh ra nham dat nuoc nay` =)),,,
Đẹp mà ý thức như cc thì vứt 😁😁😁,,,
Đoàn Duy Diện,,,
Kkk chửi long thần,,,
Xét nghiệm ncov tốn nhiều thời gian để có thể họ bỏ qua chăng,,,
Mọi người đều xanh... trừ thầy :)),,,
Xài chị Trang phá thế kia ai cho hôn nữa,,,
Bác Dần vẫn múa quyền đc là vui rồi. Chỉ lo bác dính bệnh thì khổ :D,,,
Cũng thường nếu ko sub thì cũng ko nghe rõ,,,
Hợp lí vl :v,,,
"Cứ ngỡ đâu sẽ lặng ai ngờ tăng như giá khẩu trang :\""(((",,,
Kinh...,,,
cô duyên dễ sợ :)),,,
Con linh này nó k biết nhục sao mà còn đua cái mặt lên cà..,,,
Tonight phodiwalk nha mah friend Thục Yến :))))))))),,,
Cô Mina trốn học đi chơi net thầy ơi,,,
Lại bảo không giống đi :)),,,
ha ha ha hãy cười trên con cá chết >>>> dân chết >> chính phủ không biết,,,
"Chử, ""lẻ"" =))",,,
Dầu của nó y như nước lã ai bị gạt r mới hiểu,,,
"Tôi khoái nhất pho bolsa phỏng vấn nhà Tiên tri Vũ Trụ Trần Dần. Rất là khoái chí trong khi toàn cầu đang rơi vào tình trạng u ám vì dịch bệnh, Đây là trương trình giải trí hữu hiệu nhất khích lệ chúng ta tin vào ngày mai ..Dù nhà Tiên tri có đúng sai không cần biết...! Nhưng ít phút được nghe nhà Tiên tri phán là khai thông dân trí.. Chỉ có người Việt Nam mới được nghe nhà Tiên tri phán thật là Tự hào vì chúng ta là người Việt.Mỗi khi được xem và được nghe thì mọi lo lắng tương lai sống ,chết, cơm ,áo ,gạo ,tiền đều không thành vấn đề.. Mong  là phỏng vấn nhà Tiên tri nhiều hơn để cuộc sống tốt đẹp hơn!",,,
Trần Vinh nhai lại cc,,,
Hoan hô ông Trần Dần!SK của người ở độ tuổi của ông thật sự rất tốt!,,,
Cái beat quen quen các ông ạ. Nếu tôi không lầm thì nó giống như beat của Young B trong show the money mùa 6 thì phải =))))))),,,
Nghe vô lí nhưng vô cùng thuyết phục,,,
🤣🤣🤣 chất quá idol ạ,,,
Cosplay Dr.Disrespect =))),,,
Cẩm Nhung bắt trend đi,,,
Mấy bác cứ tự nhiên đi 😂,,,
Chào chị,,,
" Non xanh mấy độ trắng răng mấy kì => Quốc kì không đổi được => Câu cuối của Sấm Trạng "" Trong bản Hương Sơn Quốc Ngữ """,,,
Gửi thầy :)),,,
Anh độ gáy thử xem nào 😂😂,,,
Trong ấy cướp lộng hành kinh vậy,,,
Chị chẻ quá lè,,,
Cô dễ thương quá,,,
Nhiều khi người ta chưa phát bệnh nên k biết mình bị ấy b ơi. Phát ngôn cũng phải nghĩ 2 chiều,,,
Mốt thấy ạc treo trên shop :)))))))),,,
gửi fan mỗi đứa 1 ngàn đô có luôn hả chị chị chịu chơi quá hà,,,
"Vâng! Báo từ tháng 12 năm ngoái mà lại chê trình độ của người nhậm chức năm nay, Vãi bướm quá",,,
Giàu quá mẹ ơi sao lon,,,
Cái thằng kiểm tra k hề nhận phong bì,,,
Cơ to quá,,,
Giải trí thui mà abe,,,
"Nên chọn đúng vợ mà cưới , nếu chọn sai thì nên buông bỏ và lấy vợ mới",,,
Công ty ko có gì ngoài điều kiện ❤️,,,
Anh huanrose còn ăn mỳ tôm vs bụi tiên cơ mà :))))),,,
@Hung Nguyen nhân dân VN tức là cờ đỏ. Còn đám cờ vàng là lũ súc vật lưu vong. Hiểu hông?,,,
Ông qua cơn khó thở. Cận thận trật khớp,,,
Tiền bợ dái của thằng đăng bài là 2 xị. Nó đi ỉa xin vào bóc cứt ăn nữa để được trường sinh bất tử. Địt mẹ m thằng đăng bài!,,,
Không thể tưởng tượng nỗi. Nộp thuế nuôi ai đây? Lúc nào cũng chê lương thấp.,,,
"1k năm đô hộ giặc tàu mà... lai tàu và tính tình phong tục vvv... nói chung là 8,10 so với TQ",,,
Cj ba giàu vậy vậy cho em xin 60 triệu mua chiếc xe chạy đi chj ba ơi,,,
Quỳnh chị nhìn xem có quen k? 🤣🤣🤣,,,
Con nay da vo mat no cho đa,,,
Ming Quânn từ trúc bạch đến cầu giấy có xa ko. Nguy hiểm quá :v,,,
Đéo ai làm thế,,,
phê cần e,,,
Cmt chỉ để khoe mới là fan cứng :)),,,
Thịt mèo xào xả ớt anh ưii =)),,,
Chuẩn cmnr.,,,
Ong ay bi tam than ma.   Dung chap. So tuong. Minh la tien Tri.  La co Văn.   Oi troi oi.,,,
Bộ phim triệu view,,,
Chào chị ba vàng ngọc,,,
Clm @@@,,,
Nguyễn Thảo My hâhha đi ngủ hk để tui dắt đi nè :))),,,
1 ng thì giết 1 mạng . 1 ng thì feed tụt lol,,,
"Nguyễn Bình vì a ấy giỏi,a ấy là chủ 1 cty.A ấy hơn chta.Nên chta có quyền tôn trọng a ấy😊",,,
Nhac nghe chan vl,,,
Nếp nhăn trên não cũng né ổng rồi,,,
Hình như đợt MSI thì phải,,,
Lê Phương Linh nếu có nghỉ thì sát ngày nó ms tbao cho xem. Lúc đó chắc phải mua vé rồi chứ,,,
762871239,,,
Do Dat gil,,,
Hoàng Đức Trung phúc thì fuck,,,
Ae cho xin 1 like ăn tết,,,
Nguễn Trường vcl intro,,,
Rất tỉnh và dep trai,,,
"Đứa nào bị quay thì đình chỉ 1 tuần,đợi rồi cũng làm lại thôi,rút kinh nghiệm zậy cũng sâu sắc rồi",,,
"Mà say oh yeah là của anh mình mà , ad bị lag hay gì vậy 🤬",,,
Cả nước cũng thế :D,,,
"Cái ni là tiến lên miền nam nha má, nên tứ quý có thể chặt dc, t chơi ở zing mấy năm trời",,,
Trang Đỗ cháu sang theo đi,,,
Ngu gia truyền,,,
thik xem vi co ong Tuan ca chį Chi....A Tuan nhin cung qua 😌,,,
Hôm nào em cầm mã tấu qua thử nha bác Dần.,,,
Không còn 1 từ nào để diễn tả về hành động này,,,
bây giờ muốn xem r sau này MixiGaming thành Mèo Tôm Gaming bé Tùng mất chỗ đứng :))))),,,
Nguyễn Ngân Thấy mãnh thú của anh tôi thế nào??,,,
"Yêu xa hay yêu gần không quan trọng, quan trọng trên đầu có bao nhiêu cái sừng thôi !",,,
Tết về trên xóm nhỏ,,,
Giận Pínk người 😡,,,
Thanh Nhat Nguyen oki cảm ơn bạn,,,
"Nghèo chết mẹ,thiếu nợ người ta chết mẹ.Bộ mặt con mẹ gì.NGUỴ BIỆN.",,,
Chj này nhìn có nét giống cs cẩm ly.chj nên tham gia thách thức danh hài chỉ cần nói thoi là vui rồi.,,,
Rất thuyết phục 😁,,,
Hoàng thị bé six 😆,,,
Dăm ba con virus 🙂,,,
Thiết nghĩ cái quầngggg này đẹp chỗ nào????,,,
Vội đi chơi xong về còn đi cách ly,,,
Diệp Hy :)))) thích thì mai m,,,
Phải có những lúc trân trọng nó mới thấy ý nghĩa,,,
Vivo có lợi thật :)),,,
Luôn ủng hộ thầy,,,
Hồng Thái nhưng m thì có :)),,,
Khi bạn kéo chuột thần thái vcl nhưng vẫn mù mắt,,,
Thương cô<33,,,
Shaco phá nhà hay phết thầy ơi 😂 😂,,,
Netflix đồng hành cùng mùa dịch chỉ 65k 1 thángg thôi,,,
"Le Viet Anh nếu nhà t có ng bị thì sẽ xung phong đi cách ly chứ ko để lâu ngày đâu mà bị lm sao cả, chỉ có mấy loại cm trốn cách ly ko chữa kịp mới chết thôi, loại như cm thì nên chết sớm ko lại lây ra cộng đồng",,,
Võ Sơn Hải 🥴🥴,,,
đc vl a ưi,,,
ta nói rầu ghê :))),,,
Chậm thôi abe,,,
Góc ý thức ng nhật 😇😇,,,
Không phải thích khoe mà là sở thích của cô thôi nha,,,
"Đây là bài cmt tự động để xin like trắng trợn thích thì like ko thích thì like , ok",,,
dung tuong chi minh Linh la biet chui rua,,,
Chi co 🍌🍌🍌,,,
Siêu phẩm cho người GẦY muốn,,,
cho e cacvjna 100 dj 0947887738,,,
Cứ hình sự hóa cái tội bỏ hóa chất vào thức ăn và quản lý hóa chất nhập về VN thát kỹ vào.,,,
Đẹp hơn sơn Tùng ạ,,,
Cực kỳ thuyết phục,,,
"-_- Ngày thường cũng kẹt thê thảm ,tết tới thì bọn nó cho bán vỉa hè lập ra cái gọi là chợ hoa -_- Đi ngang qua đó ngắm hoa thì ít hành xác thì nhiều !",,,
Nguyễn Trọng Hiệp Là cò tè 🤣,,,
Mì tôm hay tôm mì ???,,,
abe làm hết mà 🤗,,,
"Xe tắng thiết giáp đáp lồn má mấy thằng ở trên,cmt ngu vl",,,
Phạm Việt 100% khuyến mãi thêm đạo đức của bạn à?,,,
"Cái miệng nói vậy, chứ m không thấy hả. Nó mê tk đó như chết đi sống lại",,,
toàn thanh niên nghiêm túc :v,,,
Anh nói em khóc cmnr anh ơii,,,
tỏ tình với anh độ 😂,,,
Con gia nay chuyen gioi ho nhin ge qua,,,
Hài vl,,,
Em gái Tùng sói 😂,,,
Hê lô mãnh thú,,,
"Bị thằng nào chơi ác, hack face xong đổi tên face luôn. Đáng lẽ phải là S0aj cA",,,
Ngu + phong bì + cấp quyền = loạn ngôn..,,,
Xin mời người Nhật nói tiếng Việt lên tiếng biện hộ cái,,,
Trần Hưng Quân thôi dịch ni thì chạy đi mô,,,
hợp lý thế pro,,,
Thằng già kia đứng cười chứ :(,,,
Trần Như Quỳnh Thôi đi về :)),,,
Học đến mức phát giỏi =))),,,
Mv cực chất...,,,
Cực kì thuyết phục:),,,
"Nhiều lúc thế này thì lại khỏe, thật thà quá thì bị dụ, khôn lỏi đanh đá lại bị hiểu lầm",,,
Có ngày sẽ có tin con này phơi xác.,,,
Bé ko học lớn lên làm toán học ;))),,,
Mình nghe thấy hơi thiếu thiếu gì gì đấy 😔,,,
abe vào xem cô 7 chửi bậy tiếng việt đc rồi á,,,
Uồiiii bạn Tùng kìaaaa,,,
Trần Ngọc Duy nơi anh bước chân đến khong 1 ai dám cản bước a đi. Kkkkk,,,
"Thứ nhất thời đó thì ông thanh đang làm chủ tịch Đà Nẵng chứ chưa lên làm thanh tra, lấy gì mà ổng bắt sai phạm người ta? Phe phái quyền lực phía trên nó chơi nhau nên lính lác mới chết, chứ ong Thanh lên làm thanh tra cũng chỉ dưới quyền, chưa kịp độn",,,
Duy Trần vô văn hoá đúng là cha nào con nấy,,,
Qá tuyệt vời 😍😍😍,,,
cái địt con mẹ m,,,
Lâu lâu xanh đc ván :))),,,
cảm ơn phồ bô sa !,,,
Buồn vl:))),,,
Anh ba tới ngay,,,
"chị Trang ơi,anh Độ đòi làm đứa nữa này :v",,,
Tiến Dũng =)) ghét đéo đâu haha,,,
Lê Văn Quật xin vid vs ông ơi,,,
"Đm, đéo hiểu sao cái đầu của nó lại nói ra đc những lời đó, so sánh nó với con chó thì nhục con chó qá",,,
dù gì thì em cũng kính trọng thầy ❤️,,,
Dung rồi. Gi trùng qua học.  Lâu roi mới gặp đc trần dân,,,
Khúc đầu nứng quá thầy uii,,,
Thanh niên ngồi ngà phán thì cái gì chả có lý :))),,,
Nguyen Thanh Nhan hahaaa,,,
Góc ý thức ko tệ :),,,
Bich Miu thợ có tâm vl đó :))) dm thợ của t chán đ muốn nói còn kêu tóc hỏng phải cắt hết,,,
Muốn quay lại cái thời vô lô vô nghĩ Kệ mặc sự đời đeesn đâu thì đến 😌😌😌,,,
Nguyễn Trọng Hiệp cấy tội xl,,,
"E vừa lên fan cứng còn nhiều bỡ ngỡ,mong các fan cứng đi trc chỉ dạy 😂",,,
Võ Minh Hiếu,,,
Ko biết a rắc muối toang chưa 🤣🤣,,,
Vậy :(((,,,
Khịa nhẹ =)),,,
Nguyễn Hoàng anh nó éo chữa nên phải chạy về vn thôi,,,
Theo kinh nghiệm FIFA 3 thì thầy cứ cộng đại đi thì tự lên thôi...,,,
Mì tôm hùm à anh :))),,,
Nguyễn Long Nhật k phải thánh nhưng về Ý Thức thì Nhật đứng số 2 TG ( nước nào cũng nể ) - Còn VN số 1 nha😁,,,
xin clip ban oi,,,
"Ông nay đã khá già , vừa trải qua cơn bạo bệnh , chỉ mong ông khoẻ mạnh để còn làm nhân chứng lịch sử",,,
Dủ chơi thì kêu hết pin rồi vào thấy đang chơi vs đứa khác :)) hớ,,,
Đm Gội Làm Lồ.n Gì!,,,
Tượng đài nghìn tỷ :P,,,
Mạg ng rẻ vậy s?,,,
Nhớ Hằng em. Kkkk,,,
"Dăm ba cái giải tream 1 tuần là đủ mua 10 cái giải như thế rồi, tiếc nuối gì anh mình bắn tầm cỡ thế giới rồi, về thôi a :)))",,,
Fox Anh oh honey you want to eat me now :))))))) but no yes chuyện that where 🤣🤣🤣🤣🤣🤣🤣🤣,,,
Quảng cáo lộ quá,,,
"Rõ là nhà vệ sinh có nước có vòi xịt đầy đủ mà nhiều thành phần cứ suy nghĩ là đồ công cộng nên méo cần phải kỹ,lạ lùng zị đó.",,,
Anh còn ở CB không em lượn qua xin kiểu ảnh huhu,,,
Ngồi taxi nói chuyện thế giới,,,
mào Phạm Quốc phạt cho ăn khoai vào,,,
Cô iu quá dữ,,,
Mệt vl =)),,,
Ok được thích phong cách này =)),,,
Thật cảm động trước tình thương người của anh biết sắp chết đi hiến máu để cứu nhiều người khác ...,,,
"Mà xoạc nhiều quá, nát mẹ nó người",,,
"Xin up bản full k cắt ghép, chính sửa",,,
Chuẩn bị xóa kênh nha thầy =)),,,
Hihihi nói tổng thông cũng nghe . Tổng thống có điếc đâu mà không nghe...,,,
Captain đang đi uống trà đá nha ae,,,
"Vào đọc hộ cái xem từ bh,thiển cận vcl :))) auto chó hùa",,,
+ sản đã làm cho nhân dân bị bệnh kiệt kháng ( sida ) hết rồi.,,,
Julia Trần youtube có chỉ cách phân biệt bạn nhé,,,
Lam Hoang Tuan Anh,,,
Có ai từ tik tok mấy đứa bn bơ vô đây k 😂 h trường e ai cũg bt cô Minh Hiếu,,,
Thử một lần nhắm mắt ấn bừa số xem có may mắn :v,,,
Chị oánh :))),,,
"Theo t, trên chuyến bay rất có thể có 2 đến 3 nguồn lây bệnh, vì mình nhung ko thể lây cho cả chục ng như vậy đc",,,
Nóng thật,,,
"Phương Minn tất nhiên có ng này ng kiaaa, hi vọng là bạn nói đúng vì bạn ko nghe đc, chứ ko phải bạn thích đi ngược số đông... Hihi",,,
"Mở mồm thì kêu suy tủy mà suốt ngày kêu đừng im lặng, phải lên tiếng đi",,,
Diện Trần khó thương nhiều vào để đất nước nó lớn mạnh trở lại rồi lại đi cướp nước ngủ còn sủa,,,
Abe đẹp trai :),,,
"đéo phải cái gì thích thử là thử đc nhá,nhất là những thứ liên quan đến vũ trang hay chính trị,giờ m sáng tạo ra bom mới m cũng mang ra thử nghiệm ak",,,
Mi Rose no,,,
yêu xa tự dưng thành nữ thần tự do :)),,,
trông mặt funky biểu cảm vc,,,
thả ❤️ đc k anh mình ưi :)),,,
Quỳ,,,
Cảm giác ông cố nội tiệp lúc này :))) trong đó thiếu quần xì của Ngọc Trinh hửi nên buồn phải rồi 🤣,,,
Con linh ca’ vo nay dang bi hien tuong nung lon gio’ rat nang..dang can bi hiep’ dam khan cap... ca’c ban dong y’ cho mot like 😜,,,
Về tết thôi bà con,,,
Douberkill,,,
Sao tôi nhận k đc vậy,,,
Khô gà nhiêu kg vậy thầy,,,
C tre mai ko da vây c yeu,,,
3 tiếng :)),,,
Thương hiệu mãi theo năm tháng abe ơi,,,
Trọng lú,,,
Cực kì thuyết phục ???,,,
Anh cứ mỗi ngày hay mỗi.tuần ra 1 quote đi anh ưii,,,
Lan Bánh Bèo chỗ c gần đây k xế,,,
Đừng quá tin :)),,,
Tream k anh ơi,,,
"5 ông 6 tổ,,, :D))",,,
Phờ Thờ Lờ Hờ là sao hở c e k hỉu :))),,,
nha bao việc. :)),,,
❤❤,,,
Tân AK cho em xin video anh ơi,,,
:)) trúng 1 lô vé số 20 tờ cũng chưa đủ mua nó :)),,,
TẠI DÂN THÍCH LÀM NÔ LỆ .CHƯA THÍCH LÀM NGƯỜI .ÔNG TRỜI CHO TỰ DO QUYẾT ĐỊNH .TẠI SAO KHÔNG CHỊU LÀM NGƯỜI MÀ LÀM CHÓ GIỮ CHẾ ĐỘ CSVN,,,
Khiến chị em gục ngã,,,
Huyền thoại Runeterra,,,
me too =)),,,
Ông trân dân.ko so.tinh bao.hoa nam.luôn .ha la ông gia.ko so.,,,
Độ!,,,
Em chào chị,,,
Tui cháu nguyễn xuân phúc  nè.,,,
Nhìn làn da của bác...,,,
Thầy Ba lên 2 :)),,,
Tram Nguyen nữa:)) kì gê á,,,
haha,,,
Hoàng Thị bé ba😔,,,
"Xem các em đá mà thương quá, các em thu về thể hình, nhưng các em rất khéo léo, kỹ thuật rất tốt.",,,
Ae sống chậm thôi 😬,,,
ai biết FB bả không,,,
Đẹp trai quá abe ơi,,,
Thôi ồn im mẹ mồm đi 😆😆,,,
Mấy thanh niên kia bị nhồi sọ im thin thít luôn :3,,,
Nói chuyện cực kỳ cực kỳ  duyên luôn,,,
chửi cái dcmmm,,,
"Đường sắt Cát Linh- Hà Đông cũng vậy,dân cũng đóng thuế để nuôi cẩu quan và Tàu+!!!",,,
Minh Hiếu đã bắt kịp trend chưaaaaa,,,
Ủa ngta không lây bệnh cho ai cũng tự cách ly ở mb riêng mà vẫn bị nói??? Khó hỉuuu,,,
cùng nhau học hỏi về tựa game lmht nhé,,,
cái bút này như con ciu của học sinh cấp 1 :v,,,
"nguyễn thị mỹ linh nhiều lúc tối ko nhìn thấy j luôn ý, kể cả con quái vật",,,
Chia buồn cùng Team ạ.,,,
Cao Đức Thắng 👌👌👌😄,,,
"Bình mới rượu cũ mà, cứ rượu cũ là ngon rồi.",,,
Đâu phải ai cũng hợp đâuu,,,
Cảm ơn a lân vì lúc buồn xem  kênh của anh có nhà tiên tri trần dần thấy mình như đang ở thế giới nào đó quên hết những gì mình đang sống hiện tại.,,,
Ngon thì đt ta chửi cho mà nghe nè 01202657462,,,
Anh ơi em đăng kí với,,,
Xa xôi phí thanh xuân lắm 😂😂😂,,,
Anri Nguyễn style này châu âu thôi..vN hiện tại nóng cm.. mún ở chùn.. kêu trùm 2_3 cái quần..😂😂😂,,,
Hóng link vào đây là em gái ngon ngọt nc,,,
Em iu thầy thầy sela ạ,,,
Văn Yên đeo để những ng ủ bệnh k lây cho ng khác là chủ yếu b ạ. Còn nếu ng bệnh dính nói bắn ra đâu họ chạm tay vào xong k rửa tay cjo lên mắt mũi miệng thì vẫn dính bt. Vì vậy phải combo ktrang và rửa tay thường xuyên sau khi txuc đồ vật,,,
Lên fan cứng rùi hế hế =)),,,
@Anh Japan Chào bạn ^^,,,
Qua Đông Lào du lịch mà làm kiểu này nó đấm cho vỡ mồm :)),,,
Tịch An cuối cùng cũng có người cùng quan điểm vs t,,,
Top <3,,,
Quỳnh Như 😊😊😊,,,
"Fake thì cũng là giày , còn hơn đi chân đất , fake thì sao? , Hồ bao của mỗi người khác nhau mà , có giày đi là may hơn mấy ông ko có rồi vào đây gáy rồi",,,
Tối nay hóng tộc trưởng live phim cuối tuần cho ă,,,
Chụp màn hình làm cl gì thế con bò :))),,,
Tụi nó chỉ là đi trc vài năm thôi mà,,,
Đi bằng máy bay riêng lun :(( gke dọ,,,
Trần Nhật lý do em đồng ý là sợ anh k chịu đợi đó,,,
Thắm cho xin tí vần điệu,,,
Vl,,,
ủng hộ abe,,,
Cay chứ :v,,,
Thẩm mỷ vien tên gì vậy chi hieu . Cho e xin địa chỉ và tên của thẩm Mỹ viện e cảm ơn chi,,,
Em còn chưa giận đây :v,,,
"Trần Thị Ngọc Anh bản thân đi hiến máu trong lúc đại dịch là sai , bác sĩ không có trách nhiệm trong việc xét nghiệm cho người khác trước khi hiến máu cũng là sai",,,
Số like cmt còn nhiều hơn số like avt của tui :( ae vô like cho tui đi,,,
"Day la y kien tam huyet cua rat nhieu tri thuc :phai dan chu hoa thi moi bao ve duoc dat nuoc ,nhung hinh nhu dang cs van chua tinh ra ,ho vua dien tap chong “khung bo “ma ke khung bo lai cam co do sao vang !",,,
Có mấy thằng cộng nô lên mạng đọc báo lề phải cũng tin răm rắp,,,
Tăng nhanh hơn giá mì,,,
Làm hết mặt mũi + tắm trắng luôn hết nhiu,,,
Đời còn dài giải còn nhiều mà a🙂,,,
Sống chậm,,,
sống chậm lại,,,
Hot trend cách hoa của hàn quốc Đỗ Trí Cơ,,,
Tóc ăn tết ☹️☹️,,,
Khong em thich toc nay :((,,,
Hấp dẫn quá anh ơi,,,
"Nhiều khi khiển trách các bạn nam củng khó lắm các bác ơi ! Vì dù gì thì bóng đa nam no có sưc hút hơn nử , các bán thấy các giải bóng lớn nhất thế giới hay các giải bóng các cbl nổi tiếng trên thế giới củng chỉ là nam chứ nử thì chưa dc quan tâm lắm ! Nó ko phải trọng nam khinh nử mà nó tuỳ sức hút của khán giả thôi các bác ạh",,,
Thảo Quyên Nguyễn be l chay xung quanh :))),,,
Đang trong nhà xem hài hải ngoại là số một 😁😂,,,
Các em nhớ subrai kênh của thầy để thầy được nút vàng trước khi đi sing về nha :))),,,
Gội và chải :)),,,
Cát Thịnh Idol đú trend quá chậm =)),,,
Hoàng Quốc Trọng ok hahah,,,
"Sữa mủi bị méo rồi chi ơi ,,,,,,",,,
Mình nghĩ vs khả năng sấy AK+X6 của mình có thể sữa dắt team Refund vô địch.- A độ said,,,
Anh Trung bóng lộn sa đéc,,,
Sally Tran lmfao,,,
quả tóc chất vđ =))),,,
"Ông trời ban cho những người TGT3 toàn là quý tướng giàu sang có tài Ko nha , mới người Ko nên kỳ thi TGT3. Giới tính Ko phải cái tội nh",,,
Phạm Minh Hải vkl :))),,,
Trần Dần có phải 3 que không để biết lối còn chửi?,,,
Nhớ diễn hài thật hay nha abe 😙😙😙😙😙,,,
Chị đâu có biết ông Hùng bà Tư Nha là ai..chị chửi đại..trời ơi chết với cô..,,,
chắc ông này sợ dịch bên mỹ nên nói theo phe cộng sản việt nam để được về nước:))),,,
Lê Phương Linh liều. Vé cao chết mẹ,,,
Chế độ luôn,,,
Dell hiểu kiểu j,,,
"Chứ còn đéo gì nữa 🙄 k tự chủ đc về kinh tế thì ngta sẽ gọi là đú đởn. Còn khi có tiền để làm thứ mình thích thì ngta gọi là thú vui, đam mê bla bla 🤣",,,
Lưu Thanh Tâm Hãy bắt FPT đi,,,
Tiên trí chưa chết à?,,,
Nhìn miếng thịt trâu :v,,,
Best nhây 🤣,,,
3 pro player phải gánh 1 con gà 1000kg,,,
Dù thế nào ông vẫn thức khuya phục vụ các cháu🤣🤣🤣,,,
"còn nhớ vụ gài đổi 100usd để "" tịch thu "" cả tiệm vàng nhà người ta năm 2014 ! làm cho những ai biết chuyện đều liên tưởng đến chiến dịch đánh tư sản X1,X2,X3 của ông nào đó ko đáng nhớ...",,,
Đọc xong thấy nản,,,
From USA Thor with love chúc anh Độ và Anh Em lễ 2/9 vui vẽ ❤️,,,
Biệt đội siêu ăn hại,,,
Lê Minh Hậu thôi b ạ 🙄,,,
Ae cho phím 1 đuổi Abe để cô Dolce quay trở lại nào 😞,,,
Mn nghĩ ntn vs cái tên loạn thế âm binh?,,,
Các ông rảnh hay sao mà còn chúc sinh nhật nyc -.-,,,
Bá Phù Tôn =]]],,,
trung sa đéc đã xem,,,
"Chi 3 nói hay quá, chị ba ở nước nào chị",,,
Ma dong suk lúc này.,,,
Em đi nội địa ko à,,,
Mẹ mày. Đang họp đấy bọn ngu,,,
"Bọn nó chọn tôm hùm, cá mú khơi ... nó đéo chọn cá gần bờ",,,
HN Thu Nguyên hoặc cho nó xuống đất ngủ thử cho quen hơi đất,,,
Nhị Thắng hay lắm bạn trẻ,,,
Khánh Chi lúc nào cũng trẻ đẹp mặc đồ gì cũng đẹp . E hâm mộ sắc vóc chị lắm 💕,,,
Tu bi không tình yêu...,,,
Hanh Viet cho ông lên top để đỡ thấy mấy câu đấy đm cmt đúng 1 câu ko chán hay sao,,,
Nghèo bày dạt nỏ.bién di me oi,,,
Trend này thì thua :))),,,
Xóa kênh đi ông giáo êi. Quân tử nhất ngôn chứ. =)),,,
Cái lỗn cát khôg 😂,,,
Ko có gì bất ngờ. Chỉ là sớm hay muộn nước Anh sẽ toang thôi. 😏,,,
được a ưi,,,
"nge hoài chán miết...có biến ỏe biển đông chưa vào đọc đã biết "" QUAN NGẠI """,,,
Nút thả haha bị hỏng hay sao ý ae à,,,
Cám ơn thầy nhaa,,,
Vi Kimi Anh Quyen Le Trần Băng Linh Khánh Trần Quỳnh Hoa muốn kiếm tiền mùa dịch hông nè,,,
Hải Yến có câu nói là ( ko thích nhìn đéo ai bắt xem ),,,
Cười mún rụn hàm 😂😂,,,
Haha lại ba que xỏ lá,,,
Ninh Trần xin beat nhạc với huheo :<,,,
Hôm nay nó k đi sinh nhật mèo hàng xóm à anh Độ😂,,,
Ông già nhà thằng tùng đi đâu r để tk con ở nhà chơi một mih z :v,,,
Iu me dt va con coi 2 3 lân luon ma k thay chan,,,
Thì ra hàn lạc hậu vậy VN đã có từ xa xưa :)),,,
Dáng selfie mới m ả Nguyễn Vân,,,
"Chj noi chuyen duyen  pua,,dung chat mien tay  💗💗",,,
"Ngày xưa thầy giáo tao đã khuyên bọn con trai lớp tao rằng: “ Bất cứ việc gì trong thiên hạ, cứ đem về hỏi vợ, rồi làm ngược lại là xong”",,,
Trend này việt nam có lâu lắm r mà 🤣🤣,,,
viêt nam sẽ chien thắng,,,
Voliber nữa,,,
"Hồi nào tới giờ cứ ngỡ Lưu Vĩnh Phúc là anh hùng tàu giúp dân Nam diệt Pháp, không ngờ hắn là thổ phỉ còn ác hơn cả quân Pháp.",,,
Ẻm này người đâu ý chứ Thái Bình quê tôi k có người như này 😞,,,
Phong Thanh 🤣🤣🤣,,,
Mới xem mà thấy ngưỡng mộ cô,,,
Co deo vag nhieu cho lih loc mat hon,,,
Trung tretrau :))),,,
lên con cac gì nữa lộc phải là yên nghỉ chứ,,,
Liên oanh vui lm.cho xem,,,
Chợt nhận ra ô làm điều đó để tăng tương tác,,,
Chủ tiệm bánh mì tộc trưởng và ng bạn?,,,
camera xuất sắc một chiếc điện thoại tốt cho ae nào cần,,,
Fan Mềm đâu vào điểm danh rồi tự an ủi nhau đi mấy thằng lol :((,,,
Nam Nguyễn cố lên nha cy 😗,,,
Huyền Khánh Phùng Cực kì thuyết phục!,,,
"thật sự xin lỗi các bạn, con chó tên là Thành Lê nhà mình xổng chuồng lên đây cắn càn, để mình nhốt nó vào chuồng :( thật sự xin lỗi",,,
Ngưỡng mộ lòng hảo tâm của các mạnh thường quân đã hết lòng giúp đỡ người trong hoạn nạn. 🙏🏻,,,
Gần toàn gái xinh mà hành xử kém quá.,,,
Phim hay lắm,,,
sống chậm thui mn :))),,,
Búi tóc tùng đâu?,,,
thầy đéo xoá kênh kêu gọi học trò report cho bay kênh thiệt luôn :)),,,
Chị giàu quá mà sao thiếu tiền minh hiếu chưa trả dị chị,,,
Trước e xem anh trúng cái chuột mà 2 tháng r còn chả thấy họ gửi,,,
"Dăm ba câu hỏi làm khó đc a t, câu hỏi tiếp theo: Tộc Trưởng nhìn giống ai nhất ?",,,
bà hà thâm hơn dái chó 🤣🤣,,,
Minh Nguyen sắp đc thịt ch trưởng thì nghe tin động trời,,,
chuẩn giá án rồi,,,
Dễ thương quớ à,,,
Lâu lâu được một pha là cứ đem ra khoe hoài :),,,
Hello chi ba chuc chi ngay moi vui ve va hp .0966349773,,,
đeo ít vàng thì cướp nó rình rập chứ đeo nhiều vàng là cướp nó sợ chả dám hỗn nhìn thế lực thế cơ mà,,,
Oce,,,
Lại Hợp Sâm wtf ?????,,,
Duy Anh Pham dm,,,
Ò ó o,,,
tháng kiếm đc có 7-8tr mà mới mua con laptop Razer đang trả góp nữa thì sao đủ sống anh ơi 😂 😂,,,
Đm chúng m k đi ngủ à...sống chậm thôi,,,
Tạ Đình Sơn ko bật sub hơi khó nghe thật nhưng nó có sub r mà,,,
Vải của now tốt nè,,,
Bay đến đít rồi mà h vẫn la liếm ở đây,,,
Bê lol chạy quanh nhà 😂😂😂,,,
😁😁,,,
Bông Xù Ngọc Hiền Le Hoang Phuong Uyen Quynh Nguyen đích thị là cô giáo,,,
- là lỗi của chị Nhung nữa :<,,,
Nguyễn Trọng Hiệp thuê nhưng không được cắm bạn nhé. 😂,,,
Nguyễn Phạm Quỳnh Vy Thuyên Võ tao nhớ tới con Sim Nguyen liền luôn á :)))))))))))))),,,
Cô Ba vàng Ngọc giật tiền của Minh Hiếu,,,
Cực kỳ thuyết phục :))),,,
Mong bản thân có thể vui vẻ mỗi ngày.,,,
Cái quần què gì thế này chời :))),,,
Sống chậm thôi các má =)),,,
Ở đấy ngột ngạt mà còn đi lại được :)) ở chỗ kia thì đeo có cơ hội đi như vậy đâu mà ngột vs chả ngạt hihi,,,
Mình đã nghiên cứu và kết luận là tại thuỷ triều đỏ nhed,,,
No banh lon  dam danh nguoi ta k chac de yen cho may danh,,,
Cùng là nghệ sĩ mà người hưởng ứng cách ly,,,
Cho hỏi cái này thật ko ad,,,
"ngủ ngoài nhé,tối nay chúng ta sẽ k thấy anh Độ live",,,
Trung tâm thần :))),,,
Tuổi như ông thì ông Trump muốn cho chết rồi đó. May cho ông làm cố vấn 3 đời cho tổng thống Mỹ nên ông mới còn sống. Nếu ông chết thì hơi buồn vì mất đi một diễn viên tấu hài.,,,
Minh Doan cái mô pk mới ăn nghe cha,,,
Chi oi co cach nao lam giau giong nhu chi ko ? Chi cho e voi cam on,,,
"Yến Nhi ừ thì hoa, còn mình thì bắn tymmm",,,
Kay vl đang ngon bỗng nhớ lại mấy chuyện sân si suýt cười ỉa =)))))) Triệu Huy Tú,,,
Ơ tưởng thầy chơi gay 😢,,,
Cay quá nhỉ,,,
Sully Hồ Tuân Anh Trinh dạy hư nhỏ k,,,
Có đứa nào muốn như anh độ k làm tí với t 1 mũi tên trúng 2 đích luôn😌,,,
các bạn xem thời sự vn lúc 19 h tối qua mới thấy đáng buồn cho cái chế độ này.biển đã như vậy mà chúng nó vẫn cố khuyến khích ng dân đi biển để phát triển du lịch.lợi ích chúng nó vẫn đặt lên hàng đầu con ng chỉ là muỗi thôi,,,
Giang hồ c nói xạo khi nào nó bắt con quỷ này trực tiếp lên mới tin chứ mấy thag giag hồ ra quai vậy thôi. Chỉ đc cái mieg,,,
Đã chắc là tiền túi bỏ ra chưa?,,,
thế cơ mờ,,,
Dụ dì v tụi bây,,,
chở về núi thì chở xe máy chứ đòi xe gì !,,,
Xin tên bài nhạc,,,
hay quá abe,,,
Nguyễn Thị Hương thế sao ko ở bên đó luôn mà chữa nhỉ,,,
Anh Lân thật biết chiều lòng khán giả khi phỏng vấn Trần Dần :)),,,
Mỹ Mỹ m có ở p đâu,,,
Bait :))),,,
Như thắng dien,,,
Việt Nam giờ luật con mẹ nó rừng hết rồi!!!,,,
From Mixigaming with big big loveeee,,,
qua 8/3 rồii mua làm gì nx Ad 😏😂,,,
Hợp lí quá,,,
Quách Trúc ko lẽ h tao lại ngoèn rủa hả Trúc =)),,,
Ai lớp du chu cờ mo,,,
BaroiBeo X tieu tieu,,,
Thầy Ba cân hết,,,
Anh Lân nhịn cười tốt thật :)) Quý bác Dần quá.,,,
Anh Lân nho hoi cu Trân Dân ve chuyen Tinh cua cu voi Ca Si Nhu Quynh the nao roi khi nao to chuc Đam cuoi,,,
Được vail anh ưu,,,
Ai cũng có cái cách sống riêng mà anh . Như em đơn thân cơm áo gạo tiền . Không lo vừa làm vừa chơi thì tương lai k có anh ạ . Xin lỗi cái này anh hơi sai ý . Em cũng muốn vừa làm vừa chơi như anh vậy . Nhưng mà cuộc sống của em k cho phép,,,
Bánh tráng chỉ xếp thứ 2 sau pha lật mặt của Vũ Khắc Tiệp,,,
"con này thực sự nó giống như con thú nhốt lâu ngày, nó chửi cả dân tộc, cho dù thế nào chăng nữa nó cũng phải được truòng trị để làm gương cho những kẻ khác việc nó xin lỗi mọi người có chấp nhận chăng nữa chẳng qua là một tình tiết giảm nhẹ thôi chứ còn tội của nó thì không thể tha thứ được.",,,
Canh nhạt thì thêm muối,,,
Tào lao,,,
Táo liên quân à mấy má,,,
Việt nam chiến thắng,,,
giáo án lập kênh mới đến đâu r thầy ?,,,
Cởi thì cởi mẹ ra không thì mặc mẹ vào 🙃,,,
3 que có cờ ko?->,,,
Té ghế. Kkk,,,
Boy Lion tập tành nói dzị cho sang,,,
Chao chi dep.,,,
Đúng thực sự😂,,,
ba bá dơ :)),,,
vl cứ thấy cờ lạ lạ là bảo cờ phản động =)),,,
nhất trí a ơi :>,,,
Chẳng lẽ nó không xem máu đó có phù hợp để truyền không á... 🤔🤔,,,
"Xuân ở đất khách quê người, xuân vì phải chạy giặc, nhưng giặc ngoại lại thì tổ tiên kiên cường chống trả, ác thay giặc lại chính là dòng máu đồng bào :(",,,
Phim séc hả :)),,,
:D thẻ này ngoài học viện cắm dc 60tr,,,
Thư Ngọc Lê sever nào thế,,,
Chuyên môn của bả là đi bắt lăng quăng trừ hại cho dân,,,
mua đồ quanh năm đồng nghĩa với việc mua đồ tết rồi đó :))),,,
"Ad tính đâm ai à??? Nên nhớ là lúc đó nhật đã đa đảng rồi, ko làm đc thì moi mấy cái này lên làm gì. Hay để xúi dục mấy thằng nhóc làm theo rồi vỗ tay",,,
trend này việt nam đi cả thập kỷ rồi nha bọn hàn kia 😂,,,
Và rồi nước ngoài sẽ mua bản quyền và công thức về để chế . Cái này gọi là chảy máu chất xám,,,
Chậm lại đi mn,,,
@Đầu Bò TV nó điên á,,,
Sợ luôn,,,
Phúc Báo dịch thì sát đít mà đi du lịch như đéo có chuyện gì rồi mang về Việt Nam đéo hiểu mấy đĩ nhà giàu này,,,
Hoa Bỉ Ngạn haha sao biết,,,
Buồn nào rồi cũng sẽ qua,,,
Dễ thg,,,
Con này đúng là sạo lồn 9 phương Củng ko chừa phương nào hết,,,
"Tức ngực khó thở là biểu hiện để phân biệt giữa cảm cúm bình thường với Covid-19,mà cô này không khó thở vẫn bị nhở hay do bị chưa nặng,có ai rành giải thích cho em với các bác?biểu hiện bệnh kiểu này khó nhận biết lắm.",,,
La hoi cứu nước ma k biet a,,,
dm m,,,
Sửa ngay là quản lí page,,,
Osaka hôm bữa có đi biểu tình hơm :)),,,
Chi hiếu chị đất nhiều quá cho em xinh một cái nên nhà đi chị em nghèo lắm chị ơi,,,
Chị minh hiếu ơi đánh son đập len,,,
Trịnh Quang Công đấy. Ngta còn muốn sống như đứa trẻ kìa ck 😁,,,
Chau Nguyen,,,
"Chồ ui ,ăn mặc sẹt si quá chị Minh Hiếu ơi !",,,
Vẫn thua Sky,,,
Tứ chi phát triển mà não đéo phát triển 😔,,,
Vui vẻ k quạo😌,,,
Nhật Anh vui thôi đừng có vui quá hong thôi lại mất vui nheee :))))),,,
Mixifood đi cùng Độ Phùng G Dragon,,,
Luôn ủng hộ những nhà báo đăng tin minh bạch không khoan nhượng như vậy,,,
Ý kiến cái củ cải . Lên phường mau,,,
liệt dương luôn thì còn làm ăn được gì nữa,,,
Thầy mới mua cái áo vui quá,,,
bv quận 2 hân hạnh đồng hành cùng chương trình nài,,,
Cai miệng ba nay chua hêt nghiệp lai tao nghiệp nua roi.phu ni gì ma tho tức miệng co doi ma thui nua,,,
Minh hiếu quá người mẫu đó chửi nhưng dịu dang chửi nhưng dễ nghe nhất là bài quyền của em nhìn mà yêu lám,,,
Em hâm mộ cô Ba Minh Hiếu lắm,,,
tập cover ko m Ngọc Thủy,,,
Chào bố con là con dâu bố đây,,,
Nghèo thì sẽ hèn :)),,,
"Khinh ng,khẩu nghiệp,sân si,có ngày tr cho bà ăn xin đấy nha,hok có đất mà chôn thân đấy",,,
nhờ Thầy đấy thank thầy Thầy Sena :3,,,
mặt anh như vậy rồi ai dám trao cái gì cho anh -.-,,,
Như th điên xóm tau.,,,
Được anh ưiii,,,
Thằng nào kêu tao dạng háng leo rank là ăn ban nha 😣,,,
Khi đang chăn trâu mà mấy bác bắt chụp ảnh :)))),,,
Tối bảo Sói hát khều donate đi anh ưii,,,
Cực kì thuyết phục 🙄🙄🙄,,,
Cô ở miền tây hả cô hieu,,,
Đéo 🤣,,,
Tuấn Kiệt 🙂,,,
Comment dạo để đc fan cứng,,,
May quá mỗi lần chơi đồ bọn mình toàn gửi hết điện thoại ở quầy lễ tân😁,,,
Thích chị quá chị nói chuyện dễ thương quá,,,
chơi v ai chơi :(((,,,
"coi như xong các cầu thủ không nên vui mừng quá sớm không khéo lại xôi hỏng bỏng không (lũ chúng nó tiền của nạn nhân chất độc da cam,trẻ em tàn tật,đồng bào lũ lụt,tiền trợ cấp xh",,,
Chúng ta là người việt nam mà . Hay yêu thương và đoàn kết nhau . Quá khứ hãy cho vào dĩ vãng . Để xây dựng đất việt ngày càng vững mạnh .,,,
Mẹ chứ hk phải vợ đâu,,,
Già mà non,,,
"Tưởng quần hở khe như a Bảnh là đẳng cấp rồi, không ngờ anh Tiệp có quả quần đẳng cấp hơn :v mặc như không mặc :v Minh Duy",,,
Sặc mùi :),,,
Mat lon linh ca loc nay choi xuong lam,,,
Đây nè tâm linh k đùa được đâu,,,
Văn Qúy check ib xin vd với,,,
"Ngân quỹ dân đóng bị rút cạn r, các bác phải tìm cách rút trực tiếp từ túi dân thôi.",,,
Các bạn cố lên để lên làm chủ tịch.ngta làm dc sao mình k làm dc. Hố hố .,,,
Thoại Trần chính tã ?? Chó chê mèo lắm lông..gạch đá đủ xây nhà chưa b,,,
Cố lên Việt Nam ơi 🇻🇳 ❤,,,
Đức Nguyên Phạm nỗ lực thôi 😉😉😉,,,
"Báo chí vn như cái củ căc vậy,tụi nó có con có cháu có ba có mẹ,mà ăn ở k có đức,v thôi cho con ở nhà mẹ di,cho di học làm mẹ gì,an nói xạo xược,ăn k nói có mà cũng bày đặt đẻ con,giáo dục con,cho con di học đm t khinh cái xã hội vn,khinh cái đám báo chí",,,
Thấy nước ngta thấy ham nhìn lại xứ vịt ngan chán,,,
"Trời ơi.da c đẹp ghê luôn, bóng mịn căng nữa💜",,,
m nói láo chứ ai,,,
A xit đang chờ nó sẵn rồi bạn,,,
Mỹ Hạnh trend mới 🤞🏻🤞🏻🤞🏻 haha,,,
Kk.kk.kk,,,
Lee Sin lạy hồn=)),,,
Lời hứa mấy ông này như trò hề. Còn nhớ cái ngày ông Dũng lên làm thủ tướng ông ấy hứa nếu k xóa đc nạn tham nhũng thì sẽ từ chức. Và thực tế thì nạn tham nhũng tăng lên. Còn ông có từ chức mẹ gì đâu,,,
câu nói vô dụng nhất game,,,
Đồng tiền vô giá trị nhất nữa.,,,
Rồi khi nào Ba Gà mới xoá kênh ???,,,
"Kinh tế thị trường, cung nhỏ hơn cầu thì giá tăng. Năm nào đến đợt sát tết dân lại chả găm, giá đợt tết lên gấp rưỡi. Thanh niên nào nuôi lợn mà bảo không găm, quanh khu vực Sóc Sơn, Hà Nội bán kính 100km, pm tôi đàm phán giá, được giá xúc luôn, làm ăn lâu dài.",,,
Anh tôi như con loăng quăng ấy,,,
Nói chuyện thì nghe đạo đức mà nghe ai xuối là đi chửi người ta nghe nói buồn cười,,,
Huyền Khánh Phùng buồn ngủ nữa 😂😂,,,
from gà rán ?,,,
"Sẽ có 1 ngày những người ủng hộ tự do, chống độc tài sẽ bị đám cầu thủ đỏ chửi bới, tục tằn ko khác gì đám bò đỏ chửi",,,
Cô cưng muốn xỉu.,,,
Khá tú,,,
Tẩy chai các sản phẩm của Tân Hiệp Phát..,,,
Iphone lấy mẫu nhưng ko xin phép :)),,,
Nhìn chung là mắc nhưng chữa được thì họ vẫn coi là bệnh như cúm thường thôi. Chẳng để tâm mấy đâu.,,,
nhầm kênh 🙂,,,
lkkk,,,
Add ngu vãi nồi,,,
😂🤣🤣,,,
Tao đã hút cảm cmn động cho đến khi biết thằng đăng là,,,
abe làm hết rồi đó < 3,,,
"Bạn nào ủng hộ mình với , please 🥺🙏",,,
Được anh 😂,,,
Ngày trước nhận là ny Khánh phương 😂😂🤪,,,
Lê Thư what mày want to eat :)),,,
Trang Luu mốt tụt quần của ngta 😂,,,
"Quan trọng là nó làm nhạc hợp vs Jack hoặc là mình nghe quen rồi, người khác phối nhạc nghe ko quen",,,
Thái Thuỳ Trang ok bro,,,
"Bình Boong Đuổi kịp rồi, Thái đợi 15 năm nữa nhé!",,,
Ý thức như L..,,,
Thế thì e chịu :)),,,
Đá stream cực mạnh,,,
Mong ông mạnh khỏe để có thể tấu hài tiếp =))),,,
Tôi Bắc nek có sao,,,
Ý thức như cuối đầu bài,,,
Bố mấy con bệnh....dcm chúng mày.Làm bố đau cả cứt,,,
logo của sói đấy,,,
Con đàn bà lèo lon,,,
"Nhà nước mk phải xử lí nghiêm những trường hợp như này,xử thật nặng",,,
"Ở anh họ éo chữa nên phải quay về việt nam, cứ chê vn này lọ nữa đi",,,
"Tự khen mình đẹp, quỷ 😈",,,
Mắt thấy tai nghe..... con di chùng nói tiếng việt :v,,,
CEO apple Tim Cook ông này nổi tiếng thế bạn kh biết à 😅,,,
trời ơi . đay là con trai ha trời . nhìn giống  phụ nử ghê . nhìn k ra con trai luôn...,,,
Tuan Nguyen haha 😂,,,
Thất thủ rồi :3,,,
Sợ vl,,,
À nhân tiện 20/10 e muốn hỏi thầy là khi nào xoá kênh ?,,,
Anh lên anh đấy mai anh tính xiên NuNu thế nào cho xịn chứ NuNu edit vcl lắm :)),,,
Sắm cây AUG đạn thạch mới ra treo lên đi tộc trưởng,,,
"Lên nhanh quá, không phân biệt nổi số nào là của ai, chỉ nhớ mỗi số 17.",,,
Vừa ra đường lỡ dơ tAy như vậy thì bị đấm 😢,,,
Nghe có vẻ HONDA nhưng lại là YAMAHA,,,
Ông co noi gi đi nua thi ông cung ko dc chết trên đất nước vn đâu phẩn động,,,
Vừa bước xuống là thấy toàn ám khí k rồi,,,
Hiếu Beat mặn vậy bro?,,,
Tôi phục 2 mc có thể ngồi nói chuyện trong khoảng thời gian dài vậy.,,,
"Nguyễn Bình thì fan thích thì gọi v, t cũng có gọi ST là chủ tịch đéo đâu. Cơ mà fan ngta thích thì sao cấm đc",,,
Phạm Thanh Tùng lên top all the time:))),,,
"Xưa có câu , tham thì thâm",,,
Pé Nguyễn : mày bị não phẳng à. Tao chửi bọn nhai đi nhai lại. Chứ fan cứng đi chửi boss bao giờ ? Hay thì share. Thuyết phục con cặc nè,,,
xin video di bro :v,,,
Cậu Đồng thế ông đi lên công ty làm là ông bỏ nhà ra đi à ?,,,
Kênh Là Ba Rọi Béo sao nút Vàng ghi là Thầy Giáo Ba nhỉ ?,,,
#MCVMedia #ComeOut #MinhHiếu Cười ỉa,,,
Chiêm tinh gì tài lao.,,,
Phạm Duy ở nhà đừng đi mô ltung nha,,,
nhớ chuyển đổi giới tính cho nhím MVP nha anh :)),,,
Ninh Trần về oánh đờn,,,
Tran Thanh Liem Ngọc Hà hihi,,,
Clm :))))) Trí Xuân,,,
Thầy ơi,,,
Thất đức quá.,,,
Mc đang vắng Kevin thì lại dời,,,
Các ông bố đi tìm rể cho các con gái :))),,,
Toang =)),,,
Con C.A nhổ nuoc bọt voi danh dan thì xloi song huề,,,
Cho cháu xin ít ảnh refun chú ơi,,,
Càng ngày càng tệ,,,
chị ba đái đứng,,,
Lâm Quốc Huy chấp mày đi nước cờ đầu tiên,,,
Vi Lấy chồng đi m ơi:(( đi học là out luôn,,,
Lệ Thủy khác gì sơn nhà đâu chứ :v,,,
Long Duy Đào,,,
Gdinh nó có công vs cmang. Còn gdinh ad trốn chui lủi như chó. Thấy nó giàu và béo hơn mình thì ghen tỵ😂😂😂,,,
"Tiền ăn sáng còn ko có đây, mua bán dề...",,,
Tấn Phước cô bé trong hình là người bị ngộ độc hả bn??,,,
Ok homie Hung Khanh Vương 🌝,,,
Loại này cho vài trái sầu riêng vào mặt là còn nhẹ :))),,,
có tiền mua tiên cũng đc,,,
Mặt khá là nhăn =))) lương hơi thấp suy nghĩ hơi nhiều =))),,,
:)).ở thiên đường mọi ngành nghề đều hợp pháp nhé.đặc biệt là nghề cướp đường.làm thế bỏ tù 6 tháng còn nhẹ,,,
"Các a các chị cho phép e xả chút ạ. Dkm mấy cái thằng hãm lol đi hát cái kiểu ki bo kẹt sỉ . Ăn mà ịt muốn ỉa . T thanh toán suốt rồi nhé ịt thèm chặt chém cái hội chúng mày mà mấy cái thể loại kêu t chặt chém. Loại mất dạy , chúng m động mồ động mả hả",,,
Ngô Tấn Hưng ire 4/1 kêu chơi với lính?,,,
Toy chắc sẽ không dùng fb nữa 😞,,,
Phương Loan trend của tít ngày xưa😂,,,
"ko khám cho kỹ, rồi người ta bị sida cũng lấy máu luôn.😑😑",,,
Tôi thích Pết,,,
Ai khóc nỗi đau này :v,,,
Vẫn chưa có người yêu thì ít cũng phải có táo quân để xem chứ,,,
Đang lên truyền hình chứ lai chim là con ba vàng mã banh xác với cô rồi :)),,,
hahahaha câu chuyện buồi cười vl cảm ơn ad có câu chuyện hài hay thế nhé :3,,,
Nhìn thấy sợ mẹ rồi ăn cc j nữa,,,
bạc như người yêu cũ của bạn vậy :(,,,
Buồn thật sự,,,
Kb - FB nha trâu Bé Mèoo,,,
Ok đẹp trai nhé abe,,,
Phan Trung Hiếu thế bài sao em vô tình như thế nào. Có đỉnh như BP với SG không,,,
Đôi khi cũng nghĩ cuộc sống n đơn giản lắm .,,,
Hai bố con có hai con cạo lia ở đũng quần mà bố ngắn hơn con,,,
Vui vẻ có quạu abe ơi,,,
Ngọc Diễm,,,
38:47 . đúng rồi mấy người nổi tiếng do live câu like câu view là ko lâu dài . bé đang chửi chị bạn linda của bé đó . bởi ta nói lời nói nhanh hơn não là biết con người ntn . miệng thì nói ko đụng tới ai mà nói chuyện trên đầu cha người ta . đá xéo móc họng ngta kiểu đó . hk ai rảnh mà chị minh hiếu đi ganh tỵ hay kiếm chuyện hãm hại cái con như m . mặt méo mặt tròn của mày hay tên hay họ của m chị minh hiếu còn chả để trong tư tưởng . còn chả thèm biết con như m là con nhỏ ất ơ nào nữa . làm như m ngôi sao hạng 1 ở vn ko bằng . bán hàng thì bán đi . miệng thiên hạ thì phải chịu . đừng có lôi kéo đá xéo ngta kiểu đó bú fam rẻ tiền,,,
@Tủn 3K bởi nói ngu bây ko nhận,,,
Ông ấy không có mưu đồ chính trị ji đâu. Nói xàm xàm cho vui ấy mà với lại người ta cũng già rồi ông ấy khác bọn việt tân,,,
thuơg cho gia đình e bé. cũg thuơg cho người lái xe . nhìn qua tấm ảnh nhìn bác khắc khổ qá. thuơg tật chiến tranh. mình k binh ai k bỏ ai. đặt trên cán cân tình cảm thì k dễ gì trách bác ấy. đến cuối đời mà mang bản án ấy thì qá sức với cựu chiến binh r. trách số phận bác bạc bẽo. cuộc đời bạc với bác qá.,,,
Cái đám chết chạy đấy thì nó ghét cs đến xương tuỷ còn gửi tiền về? Gửi đc bn khi làm nail culi lo cuộc sống chưa xong dư dả quá ha :)) còn Việt kiều thành đạt kiếm tiền còn gửi về tổ quốc thì chắc chắn ko có time mà lên fb share 3 cái tin rồi chửi ch,,,
này đẹp hơn này :v,,,
Mồm loz adm ns ngu bm.,,,
Hiệp Đinh nói như bạn thì chịu. trc khi bít. tức là ngta đi trc đó rồi mới phát bệnh mà ủ 14 ngày k thể bít dc mà. thôi miễn bàn luận thêm,,,
Đoàn Thị Thảo lại có hả chị,,,
có cái nút unlike mà bấm rồi phắn cmmd,,,
Não chó,,,
Quỳnhh Hoa nhà ko về tính về đâu?,,,
Có tâm thế 1 bên là con sam.1 bên là( con)chang bit con gi lun,,,
Anh trung tấu hài all star 🤟,,,
"vẫn biết là cái gì cũng không thể tuyệt đối được , nhưng nói như vậy hoá ra người ta mổ chết là do thiếu may mắn à . địt mịa chúng nó nữa , làm đéo có trách nhiện gì cả , mổ thì chết người , tiêm phòng trẻ em cũng vậy . ... định trốn tránh trách nhiệm đến bao giờ . bảo sao người nhà hành hung bác sĩ . làm ăn tắc trách vậy bố thằng nào chịu được",,,
E chưa tỏ tình,,,
Quang Tùng Khoa pew thích bạo dâm ;)),,,
Đấy bảo là lương a tôi có 7-8 củ một tháng các ông không tin.! Còn cái bữa hôm nọ là tiền a tôi dành dụng làm việc nhà được chị trang tip cho thôi hyhy,,,
Anh em nào ở ITALY điểm danh gấp,,,
Này thì thần đồng,,,
Nguyễn Thuận trước khi phát ngôn ko chịu suy nghĩ xem chủ tus nó nói gì...thì ăn chửi là đúng thằng ngu ạ :)),,,
Trần Nguyên Khôi,,,
Ad rất bắt kịp phong trào :v,,,
Ơ anh à :)),,,
Nguyễn Quốc Thy kkk. Mới tương tác có 1 lần. Bắt con chó sau nhà bóp mỏ tụi “CKTP” lại lên tóp cái sáng nay lên fan cứng. Ghê thiệt 🤣🤣,,,
Vui quá chừn :))),,,
Tạo nghiệp,,,
nhìn tóc là biết anh,,,
Thế mày ăn rồi ỉa k đc cũng tại cs á,,,
"Do la nuoc hoa fake  ma loai fake cui nhat,ma loai do con thoi xit phong con bi nong nua a,ham re thi chiu chu chai auth tam 2,3tr tro len mua vai tram no cho nuoc loc la phai",,,
Mạnh Trí Hà đcm =)),,,
Hàn quốc thượng đẳng lm lên ae khỏi lo cho Hàn quốc chi cho mắc công ha,,,
Trần Thảo thoáng thôi ư? Cũng đặc đặc đấy!,,,
C Chi càng ngày càng đẹp gái ngê nhìn quài ko chán,,,
thằng ad chắc mới bú đá xong,,,
Lộc Phát vui đến lúc gia định bạn bị có vui ko :)) hay ngồi cùng nhau cười,,,
Lê Nhật Trâm ngta dính bệnh mà bạn cười vãi thật 🙂 bạn k dính bệnh nhưng sẽ bị nghiệp đó bạn ơi .,,,
Văn Long Nguyễn style mới à 🤣,,,
Paula Lưu dân bmay thích pbvm nhỉ sv,,,
Choy hahaa. Who was Mei Hong?,,,
"Khi bạn thừa tiền, và ko biết làm gì cho ngầu =))))",,,
"Tui cho ad bốn cái ảnh chụp màn hình đấy. Ko phải suy nghĩ nhiều, đã có tít bài cho là Phản động rồi đấy.",,,
đúng anh ơiiii,,,
Đẳng cấp DLV.,,,
ai tag hộ ông em Nh.. à mà thôi :v,,,
NgọcAnh Trịnh khỏi trình bày,,,
Quốc Dũng : vấn đề là ở chỗ Luật sư cũng chỉ nhìn khía cạnh luật mà không có con mắt sâu xa .CA chức năng có quyền mượn xe như nếu bị hư xe hay tổn thất về xe cơ quan nào đứng ra chịu trách nhiệm .Hay là bọn dân đen cứ phải đến chầu trực ở cửa quan .,,,
Cực kì cute có nhiều tài lẻ 🙂 nhất là cà khịa,,,
ông này là ai vậy mn?? chờiii má kbt gì luôn =))),,,
Vcl lag nó thấy thì nó chụp liền chứ vừa thấy chưa kịp chụp đã 2k 3k like,,,
Tối nay thầy lại ngủ ngoài rồi,,,
Haha từ hồi tớ thấy hình diễn viên hài Công Lý đc in trên sách luật. Tớ chợt hiểu ngay ý nghĩa của bộ giáo dục muốn truyền tải thông tin. Pháp luật là thể loại hài hước :v. Sợ rừng rú quá đi thôi,,,
Nhìn quả quần muốn tụt mẹ nó xuống 🤨,,,
Bài này có hay ko 🤔,,,
"Đậu má, Chiều hôm nay kẹt xe kinh vkl. Chạy từ Huỳnh Tấn Phát về Ng~ văn Quá mà mất gần 3h.",,,
BảoBảo đọc cmt đi,,,
"Không gọi là fan đc, vì lỡ góp gạo nuôi chồng tương lai lớn r, nên phải nói là bố Độ và chồng Tùng 😞",,,
Hơi lố ạ :)) em high lắm nhưng em phải nghe nhạc nữa chứ rống á á á á lên vậy thì sao mà nghe được :),,,
Sai ngay câu đầu.,,,
K xem cút mẹ mày đi,,,
Tôi cmt dạo được 10 tuần🥶,,,
Thu Trúc best freestyle 2018 beat hình con khỉ á,,,
siêu cứng,,,
"Hmmm, khá sệ",,,
"Giàu sang vì cái tâm tốt nè, tâm từ bi giúp bà con nghèo chân thật đụ má nó",,,
mình k thích đi ô tô thích xe đạp nên khỏi cố,,,
Phong Thanh 🤣🤣🤣,,,
"Sợi dây ""kinh nghiệm"" không biết là từ đâu ra mà rút hoài đéo hết. Dây cái chi mà dài vậy ta.",,,
Nguyễn Thị Thủy em chồnghh,,,
Em thích,,,
muon tan 1 phat vao mat,,,
Theo tôi cp sẽ nhập một mớ siêu xe để phục vụ công vụ. Sau khi thanh lý chỉ giá rẻ mạc....,,,
Chắc lại mua phải chuột rởm rồi anh êi,,,
Hiệp Vũ Minh Khánh Hải Yến ước gì...,,,
1 diễn biến khác,,,
Hàng ko giả mà là F1 thơm từ 6 tới 8 tiếng,,,
định lí piano à anh kkkk,,,
Em cho phép a tuyển em vào cty của a,,,
Tiên cha chug mày trong đó chỉ có vị bộ trưởng bộ văn hóa thể thao và du lịch của Việt Nam và ông trần anh tuấn phó chủ tịch VFF là phó chủ tịch thường trực của liên đoàn bóng đá ĐNA và các quan chức thành viên của liên đoàn trao thưởng chỉ là chụp hik lưu niệm mà cug nói là quan chức lũ ngu à,,,
Đáng sợ quá abe,,,
Ma ba ơi con khổ quá ma giúp con đi,,,
chế độ 2 người 1 máy cường 7 núi cầm chuột còn anh Ba cầm miếng lót chuột :))),,,
"Đi mô chú ý khẩu trang, bao tay cho chắc ăn nghe m Thảo Kim",,,
Anh tôi lên bố lần 2 mọi người ạ,,,
"Mày đang quay phim nó, nó liền ""trưng dụng thiết bị kỹ thuật"" của mày. Nó sẽ xoá hết những cảnh quay mà nó vòi tiền hay làm luật với mày từ nãy giờ. Hiểu chưa thằng ngu",,,
Kiểu đi làm về muộn cơm k muốn ăn có mỗi mình một phòng nằm lại suy nghĩ ltinh,,,
Cho hỏi admin của mixi gồm những ai vậy???,,,
"xin dự án ntn để ăn chia kiếm chác thôi . như lời bộ trưởng xây dưng nói: ' dự án 10 tỷ tham nhũng 1 tỷ là may rồi"" . 200 tỷ chắc còn 100 tỷ. xong lại mong gió bão đi qua để có tiền sửa :V .",,,
nứng nứng,,,
Hay cố gắng nổ lực hơn để người ta thấy mình có thể chăm lo đc cho người đấy,,,
Số like cmt còn nhiều hơn số like avt của tui :( ae vô like cho tui đi,,,
Trà Ly em lại là 1 tấm gương sáng hơn 1000 lần :)),,,
1 tỷ không bằng đeo dây chuyền bạc :)),,,
Cmt mãi không được fan cứng là saoooo,,,
Mấy chị này hồi xưa làm trong hội bánh trán 😂😂😂😂😂😂,,,
cs làm ra =)),,,
Trong Hoang d,,,
Dương Lê =)) chị đó bạn sp hả,,,
Xích hết lại . Cầm cờ gì kia?,,,
"Lương mặt =6t/tháng,trừ bh, điện,nước,xăng xe,tiền vệ sinh,thức ăn hàng ngày hỏi còn bn,nếu có người ăn theo nữa chỉ có âm suốt.vay mà ăn đồng nghĩa làm cu li cho NN suốt đời không ngóc đầu lên đc.bố mẹ mà không có nhà cho thì chỉ ra gầm cầu mà ở",,,
"Chúng mày làm nên cái mịa gì nên mới bảo k có vô dụngncar lũ, hiếp đáp dân lành là zõi",,,
Chào cứng :v,,,
Bắn bỏ bớt,,,
"Thấy cái đó là xỉu vậy giờ bà cũng có cái đó đó cuối xuống nhìn có bị xỉu k, nói chuyện xạo quá",,,
Tui mua rồi chai 400k mà sịt cái tầm 15p cái hết trơn. Hôg thơm j hết mua 1 lần rồi thôi,,,
Quan kiểu này chém chết,,,
"Nghe lần đầu thấy dở, nghe 2 3 lần (có loa) lại nghiện",,,
Chi chui hay qua chi oi chui may dua ma an ngang noi ngược an cua than ban thanh,,,
16:51 😂😂😂,,,
Nó đéo phân biệt được giọng miền Trung với giọng Bắc. Các anh miền Bắc bị Oan rùi kkk,,,
Khánh Chi vừa đẹp vừa thông minh.....hiếm có người nào trước khi chuyển giới chuẩn bị trước sanh đứa co rồi mới chuyển giới 😍😍😍,,,
Dờ.... đéo phải đờ nghe chưa thằng hl :3,,,
AiLan Huynh ghét!!!!!! 😡 😡 😡 😡 😡 😡 😡,,,
Clip hay nhất tạo nên tên tuổi của cô ba vàng ngọc.hhh,,,
xã hội chủ nghĩa chỉ là 1 phiên bản cải tiến của chế độ phong kiến,,,
Quần cao bằng:)),,,
"Đạo đức cao hơn cả núi,dài hơn cả sông :))",,,
Óc chó mà cũng học chửi! Trung quoc giúp cam bố mày àh!,,,
Trời ơi ! cái con này kêu giang hồ tìm nó đánh cho nó tet mo nó . thấy nó chửi mà ủa gan,,,
nhiều lúc t muốn thế này : 🙂,,,
Phải khóc giống tùng nhá,,,
Sao các nước không thi nhau xem ai bị bệnh nhiều hơn như lúc đấu tranh ý nhỉ?,,,
hello cô Minh Hiếu,,,
Nguyễn Hừng Haha. Cm con Nhung rồi.,,,
"đấy, cái địt mẹ cái bọn thành phố cứ đòi bình đẳng chuyện cộng điểm đi, sao chúng mày không về đây sống thử đi hộ tao cái\",,,
Ad ngu như 1 con chó....xh nước nào mà ko có cướp giật.....chẳng qua là kéo giảm chứ làm cc j hết tuyệt đối.....mày ăn cức nên não mày ko phát triển hả ad!!!,,,
Bay từ London về lại khoang thương gia nên nhiều người nước ngoài là dễ hiểu thôi. Đề nghị có chế tài xử phạt với cô Nhong,,,
đẹp trai quá anh ơi :)),,,
Tường Phương bà chị đâu cũng thấy có mặt nhỉ,,,
"Anh cứ viết lên Facebook đi, chúng tôi đang chờ vào để chửi anh đây :D",,,
Kick nó đi Abe,,,
Anh ba phải sinh hoạt lại giờ giấc.. chứ thấy là thiếu chuyên nghiệp lắm.. những cựu tuyển thủ vcsa.. yêu mến SBTC nên em mới góp ý,,,
Buồn quá tự nhiên em bị band khỏi bộ tộc :(,,,
"t ko tìm đc nội dung chỉ thị này nên ko khẳng định chắc đc. nhưng vì chỉ thị 15 này là nhằm bảo vệ đảng nên điều này có thể đúng. Theo như số liệu của Tổ chức Minh bạch Quốc tế (TI) thì Chỉ số Cảm nhận Tham nhũng (CPI) 2015 của Việt Nam đạt 31/100 điểm, đứng thứ 112/168 trên bảng xếp hạng toàn cầu - 1 con số khá tệ, cho thấy tỉ lệ tham nhũng ở Việt Nam thuộc top cao trên thế giới",,,
Cố vấn tổng thống Mỹ chậm quá. Ông phải lệnh cho trump. Cho toàn dân mỹ uống thuốc sốt rét và lấy máu của người có bệnh truyền cho nhiều người chưa có bệnh để miễn dịch cộng đồng. Nghe nói ở thủ đô có thuốc rồi mà ở Cali chúng tôi chưa có thuốc.,,,
An Nam công khai hồi nào ? Nếu ông tìm dc 1 bài báo chính thống nào công khai tui ghi rõ họ tên nó ra thua gi tôi cũng thua. Còn nếu k có ông thua tôi lại nha. Dám chơi không,,,
mỗi lần xem lại k nhịn đc cười,,,
Không còn 1 từ nào để diễn tả về hành động này,,,
Cảm nhận riêng là tao thấy cái bài này nó chả đặc sắc gì mấy! Chắc tại gu nhạc tệ,,,
Cực kỳ thuyết phục =)),,,
Mai Nguyễn hoa kỳ là nc nào vậy..câu hỏi ngộ nghĩnh quá 😃,,,
Nguyễn Quốc An một giọt là nước suối tinh khiết,,,
Chi 3 đẹp pua giau pua vậy uoc gì e dược 1 chi vàng cũng dược,,,
Hây lắm chị ơi bán hàng mà cũng kêu lô tô được luôn hây thế,,,
chúng ta sắp lên thiên đàng dòi,,,
"Du ma lai tang thue,dit con me no,da an ban roi,con cai con cac j de dong nua",,,
Tội chị quá Em cũng buồn cho chị,,,
Cà khịa thầy vl :)))),,,
"người VN khỏe thật, như phim chuởng ý mới gạt tay nhẹ đã vêu mõm rồi",,,
Chi nay thi rat dep nhung phien co Dung chuoi nua De minh gay nghiep do Cô,,,
"Tôi không nghe, tôi không thays",,,
Tạ Hoàng Thái bạn mình tốt bụng quá,,,
Đi qua đi lại nhìu nên nứt là bình thường,,,
Bao giờ nước ngập lên đến háng thì TP HCM sẽ được gọi = Sài Gòn !,,,
Chi gap lih ca loc chi dap cho no mot tran,,,
Úi bát giới chưa bị thịt à mọi người ^^,,,
"Ơ kìa, thật hay ghép vậy",,,
"Tau vn con bi chia sung,thi tau ngu dan lam dc cc gi.",,,
Đào Bích hoa đấy :)),,,
Coi vui ghê,,,
Lên lấy tiền youtube kkk,,,
Thôi ăn lol rồi thầy ạ 🤦‍♂️,,,
Quốc Dũng vậy luật sư có thể phổ cập luật tại đây không ? Nếu luật sư bảo google ko tính phí vậy xin luật sư cho biết keyword để search là gì ?,,,
me may du,,,
Bay kênh rồi :))),,,
Dương Dương tôi tkấy bạn hơi vô duyên roi đo...rũa ta coi chừng bạn ranh hết đo chỉ la hình bình luận chơi thoi ma làm quá,,,
Về sau vụ này kết quả như nào ấy nhỉ,,,
Đang định nhác bomman đâu à mà thôi,,,
😍😍😍,,,
thằng tập cận bình mà vào quán này ăn bảo đảm mai quán này dẹp chắc,,,
Nguyễn Đăng Khoa burn real là gì dmm đọc méo hiểu,,,
Ko nhanh chậm nha,,,
Nên v chứ cách li lâu v sao dc 😊😂😂😂😂,,,
Nói đúng còn nói to chị 3,,,
Chị Ba đẹp gái vậy cho em cái thẻ 0383717916,,,
Cắt mi  mắt  bao nhiêu  chị,,,
2 mẹ con de thương quá,,,
Giáo án hay nhất mà e học từ thầy :)),,,
"có làm không đây abe -,-",,,
"Ngài hổ đã giác ngộ chân lý dân tộc hay sao mà nay nói hay thế :)) Đoàn kết dân tộc là trên hết , không phân biệt đảng phái chính trị, tôn giáo ! Hiện giờ ĐCS đang lãnh đạo đất nước rất tốt, đó là sự thật và là lịch sử không thể chối cãi !",,,
Coi kỹ bà Linh bả nói,,,
Anh độ giọng giống ythằng ngày xưa chơi game cùng mình. Thề. Giống vcđ,,,
"Con số thật đáng sợ, vô đây chăm sóc da mặt cho đỡ sợ nè",,,
z,,,
Nóng như này phải đi biển chứ còn đi đâu nữa Tùng Sói🤨🤨,,,
Tao có súng đó,,,
Hình như hqua anh này có donate xin reaction nèeee,,,
23 tuổi chuyển sang đọc rap rồi 😂,,,
group nay nhieu suu nhi wa nhi =)),,,
B52 👍,,,
Uon mien nuoc chuoi tiep haha vui,,,
Nguyễn Vĩnh Sơn bé gai là bé gì ?🤔 ( đọc văn bản đi),,,
Ko biết thế nào mà con Mẹc giống của K-ICM qá 🤔,,,
Ae ơi. Fan cứng r 🤣🤣🤣,,,
Anh Ba dữ quá,,,
Sờ-ti-le đấy Mn ạ,,,
"B52 ơi, Bé hư lắm nhaaaaa =)))",,,
"Hi vọng bác không bị ""nhiễm phóng xạ"" như bác Thanh.",,,
electric,,,
"Được nghe giọng nói của ngài Trần Dần thật vui, chúc ngài luôn khoẻ mạnh trường tồn.",,,
"Nước mỹ phát triển bao nhiêu năm rồi . Xứ văn minh , giáo dục tốt đào tạo ra những con người tốt ...",,,
Trui oi toi cuoi xiu,,,
Ăn nói dậy trời hổng đánh là mai,,,
Đăng Thảo ôi công chúa wen cần,,,
ngồi nghe r tự mỉm cười❤️ tự hào❤️,,,
"Bê tông cốt giấy 😁 nhớ hồi đó trg e xây cũng tiền tỉ, đạt chuẩn QG. Sau 1 năm, nền gạch thì bị lún, tường thì bị bong ra hết",,,
Lương Linh chất,,,
Táo liên quân à,,,
"Anh đến 60 Dương Khuê ăn bún, anh tung tăng đi lấy cao răng. Và anh tiếp xúc 79 người. @@ hoang mang về anh thực sự",,,
"Tuan Quoc so sánh vs con gái, chửi con gái ngta đ* này đ* nọ, đéo biết mày có cc không nữa, hay não toàn phân bò",,,
Chọt dô đít sela,,,
Nguyễn Tiên Lý 39 rồi,,,
hard làm cc gì nưax thầy. Cứ đanh Man Phi Te như vậy là ok rồi. Chắc chắn lên vcsA,,,
Năm mới zui zẽ :v,,,
"có gói cứu trợ phát là bùng dịch nhỉ tội cho cô em tên Nhung, không hiểu mô tê gì thành vật thế thân chuyển hướng dư luận :))",,,
"Lấy thẻ đảng làm kon mẹ zì trời ? Miếng giấy lộn mà cũng gạt đc người, còn cảnh cáo nữa chứ",,,
"nó nói đúng mà, nó bảo nó ko đi lâm lược vì nó bảo đấy là đất nó, nó chỉ đòi lại thôi :v lách luật chuẩn chứ cần j giữ lời, đảo của mình nó cứ bảo của nó, bảo đưa tàu ra bve thôi",,,
Mất dạy,,,
Huynh minh duc,,,
Phạm Cường buồn,,,
Con nhìn thấy má con rất nhớ mẹ con má rất đẹp,,,
"Pewpew đã nói : không có ba mẹ nào ngăn cản đam mê của bạn cả, nhưng chỉ sợ bạn chết đói vì cái đam Mê đó thôi.",,,
Bực mình :)),,,
Ha Anh Tri nếu là so thì giờ k cmt dx đâu,,,
Chứ m muốn gì ?,,,
Ông này chế mấy câu thơ đâu vậy ae?,,,
Bh mới cập nhập trend này à :))),,,
vl dấu bé ba :),,,
"gọi là đổ thừa, lại là chuyện hài nhà sản",,,
"Nói quá đúng , chỉ buồn con người VN hiện giờ đã quá sợ hãi trước sự tàn ác của cs nên họ bịt tai ,bịt mắt ,bịt miệng trước nỗi đau của đồng bào ,đồng loại nhưng họ ko hiểu rằng ""hôm nay là chuyện đã xãy ra với anh ấy , ngay mai nó sẽ xảy ra là chính mình"" . Bởi thế có bịt tai ,bịt mắt cũng vô ích , hãy liên kết để hành động vì sự thật ,vì lẽ phải.",,,
Xong rồi lại phải lên thi lại. Ôi cuọic đời 🙃,,,
mỗi lần phỏng vấn Anh Lân có trả tiền cho Bác Trần Dần không anh,,,
Tạ Tường em vẫn trẻ đẹp như tình yêu 2 năm về trướcccc,,,
Được của ló cô ơiiiiii😹😹😹,,,
Bị vậy lâu chưa?,,,
Tới già ngồi coi a live mới vui nè,,,
Nghe nha chị cứu nhân độ thế nha  nha nhớ nha,,,
ko xài thì bị thu đồng hồ =)) vô lại đồng hồ 10tr =)),,,
Đúng là thứ lạc hậu. Trend này Việt Nam dùng hồi sơ khai lập địa rồi 😔😔😔,,,
Đào Thị Thu sang Hà Đông yên tâm k dịch.:v,,,
Cực kì thuyết phục!!,,,
Lê Hà Sơn,,,
:v :v gì dzay ape,,,
Thg con: ông già t già rồi nên t tống con mẹ ông về quê cho thoải mái :))))),,,
From 81 with love,,,
dễ thương quá cô oi,,,
Đau bụng quá chị ơi😁,,,
"Thế đ' nào mà trưa hôm lại sục đc vào cái page này!!! Sướng vãi... Ở đây có thể thả cửa tẹt ga... kiểu như muốn bủm thì bủm đ' gì cứ phải nhăn mặt nhịn làm gì. Nhiều khi cv, vc xảy ra mâu thuẫn xô xát muốn xả quá mà k biết thả vào đâu. Thôi thì từ h xả vào đây vậy :)",,,
a xi đăng là qq gi vậy bà con,,,
phim hay mà,,,
Phía bên trái thì thấy 2 ông CSGT đang cầm kẹp tài liệu và 1 phụ nữ đang cầm di động,,,
😆😆,,,
Phương Noble's tóc gì làm vậy P,,,
"Tiên tri đoán chuyện đã rồi , Sao không la sớm để dân tình đỡ lao đao , đừng nói nhà ông có đầu đạn quả xa , bắn ra một phát corona tieu đời 💣🤪🙏",,,
"Ở xứ người đứng chửi Tổng thống cũng chả sao , dân chủ thật sự, còn bị phạt như nội dung trên là lòi cái bản mặt dân chủ giả hiệu.",,,
Sếp nhà ngta kbh lm mình thất vọng 😇,,,
Lisa Cailay dễ thương duyên dáng hết sức à :3 I lớp du chu cà mo,,,
Nhìn chị sag gương mặt rất dễ thương .tuy ở mỹ nhu van giu phẩm chất người phụ nữ truyền thống. E ủng hộ .e chúc chị nhiều sk & hp .chúc chị thượng lộ bình an. 😍,,,
Clm nó dơ như chó rách,,,
Ủa thầy còn kênh để chuẩn bị giáo án xịn xò à ??,,,
"Một cô bé chợt nhận ra có tóc mọc giữa hai chân . Cô ấy lo lắng và chạy đi hỏi mẹ về đống tóc đó . Mẹ cô ôn tồn giãi thích phần tóc đó có tên là khỉ , hãy tự hào rằng con khỉ của con đã mọc tóc ."" Cô bé cười . Vào bữa tối cô nói với người chị "" khỉ của em mọc tóc rồi !!!"" . Cô chị cười và nói : "" chưa là gì đâu ,khỉ của tao còn ăn chuối rồi cơ :))",,,
Quả bút thâm thúy vãi =)))),,,
"đm bẹp dúm oto thế kia còn j là người, thanh niên bây h hết việc làm toàn ra đường quậy phá xong lên mạng đòi tự do @@",,,
"Vui mà,có tính giải tri cao",,,
Mong mọi người bình an,,,
Chụp hình nét như lày thì bảo sao,,,
K biêt vụ này ở đâu,,,
Nắm tay nhau thật chặt. Giữ Tay nhau thật sâu. Cho chắc ăn. Dân sẽ mừng. Cũng như Mỹ xấu ăn thịt người. Mà Vc pháo kích thì cứ chạy tới Mỹ và Ngụy để được giúp chữa bệnh. Làng Mỹ Lai.,,,
Cười ỉa,,,
tóc này hkt học theo ah tôi nè,,,
Ngứa hết cả cặc,,,
Mỗi lần train là ổng petland đi ăn ngập mồm mới về😂,,,
K-icm là ca sĩ??? Hát khi nào vậy,,,
To Be Conti niu,,,
linh vật chứ a =)),,,
"Bởi vậy hể nói đến cộng sản là phải nói đến cái ác ôn , láo cá , lưu manh , mọi rợ của bọn quan chức vc !",,,
Trị ơi con Việt kêu hàng nó qua mất dạy rồi,,,
Thầy Giáo Lu vcl thấy giáo lu =))),,,
Khâm phục 💗,,,
fan cứng,,,
Anh tôi kể chuyện ma thành chuyện hài mẹ luôn,,,
Để em kêu Tú Bảnh đơm chai sting vào đầu noway cho. Anh Trung sky cứ yên tâm :)))),,,
Võ Ngọc Mỹ Duyên ừa haha mấy anh mấy chị hỏng biết đó nà cái lồn đâu bé=)))))),,,
Phương Minn mk cũng vậy...k cảm nổiiiii,,,
Thoại Trần bé gai là do người ta gõ thiếu dấu thôi chứ cái này mà bắt lỗi sai chính tả là bạn sai à nha,,,
Sai lai cang sai dien lai cang dien,,,
Hau Nguyen rảnh loz hả bà nội,,,
Ghi Ta zô group này rồi sớm muộn cũng bỏ học 😂,,,
Phạm Quỳnh Chi 😂 ra thế,,,
Tao đang có công việc rất chi là ổn định và không thiếu ăn thiếu mặc trong bộ phận nhà nước nhưng ng phụ nữ của tao lại khuyên tao nghĩ làm ở đó và trở lại nghề củ là lái taxi theo mọi người tao nên nghe lời khuyên này không???,,,
😆,,,
1 là jason statham,,,
Bê đê dì mà gâu gia   Minh hiếu said,,,
Phan Tiến Đạt múa dẻo như khánh sky,,,
Quả quần truất vcl,,,
Con nít còn biết cá chết do đâu mà -_- !,,,
Hết cực kì thuyết phục thì đến sống chậm thôi,,,
ok chi,,,
bú cu không thầy,,,
Nhism,,,
Streamer là có :v,,,
Cười muốn xỉu luôn á kkk,,,
nó lại hợp lý vcl anh Độ ạ,,,
Danh Nguyễn Anh Khôi thoi mai mốt để mình t làm dc r cảm ơn m,,,
Ph Quyền,,,
"Con sẻ nghe theo lời cô Minh Hiếu ráng làm kiếm tiền để thành bê đê giàu có , bê đê nghèo là su bà nai chết.",,,
"no more Korea, no more EU 😭",,,
"Cho em hỏi xem giải ở đâu vậy ạ? Trên youtube có mỗi thái dúi trực tiếp, nghe chả hiểu gì :((",,,
Lên bắc cạn mà tắm hồ 😎😎 khửn mà nọong tiếp,,,
- Có tiền thì tiêu thế nào :)),,,
"3 que , diễn viên hài Trần Dần muôn năm hú hú.🤩🤩🤩🤩🤩",,,
Khue Kim Tran ?? :D ??,,,
Cầu mong bạn ấy ko sao!!!,,,
Cám ơn salon đã cho mình bộ tóc ngon lành ăn tết :)),,,
AFang :v,,,
"Những người sống lỗi thường không thực hiện lời hứa, nhưng tao nghĩ thầy tao đúng là loại người đó :))",,,
Thích chế quá chửi nghe đã.,,,
Siu phẩm hả abe 🤔🤔🤔,,,
Giau Lê nó phải xét nghiệm rồi mới truyền.. :v,,,
Lương tháng có 7-8 tr :)) tiền điện mất mẹ 5 tr nên giờ chỉ biết ăn mì tôm với cua hoàng đế thôi 😞,,,
Toang :)),,,
ăn vào máu rồi:)) ở Đức cũng vậy,,,
Sa Hạnh lm một chuyến đi du đấu xa đê :)),,,
Trần Mạnh Hải do hình có ghi nguồn rồi nên anh ko ghi cre nha chú :)),,,
Co 3 😍,,,
Đứa nào kêu tao vậy,,,
Ngáo thế,,,
Sống nhanh lên các bé ạ,,,
Oke abe,,,
- rơi ngay vào ng đi tiếp xúc nhiều mới đau :)),,,
Trung Thu,,,
Đúng rồi đéo thể tin được. Đáng lẽ phải cào bằng ra mới đúng. Thật không thể tin nổi. Phải cào bằng ra mới được,,,
Mọi việc đã có đãng và nhà nước lo các cháu xê ra một bên :)))),,,
"Chỉ có 1 chữ ""Thương""",,,
✪ Fan Ba Gà,,,
vuốt tóc bằng tương cà.,,,
Pham Hanh b này la ng Lào ha,,,
Thề thằng nào cắt tóc cho tùng sói kia,,,
dnn thay ba nhieu hok tro` tot vc :L)),,,
"hỡi đồng bào ( người dân cu đen vn ) đừng có tin và nghe lời của kẻ đang cầm quyền lãnh đạo toàn trị + độc tài + hút máu chúng ta.Vì bản chất chúng là LOÀI THÚ HOANG,+điên -lên đã quyết bảo vệ quyền lực phạm hạnh PHÁT XÍT +PHONG KIẾN CỰC ĐOAN VỚI TƯ T",,,
Chúc abe 20/10 vui nha,,,
Bạn đen lắm 😌😌😂,,,
Cayyy,,,
I love cô minh hiếu,,,
Cln lồn này xàm lồn,,,
kho bạc nhà nước mà... có phải của dân đâu... nên mấy chú mấy bác ấy thích thì xài thôi .... :3,,,
Sống chậm thôi đca ơi 😂,,,
như vầy thì cái ảnh nó auto đẹp,,,
Việt Nam Hồ Chí Minh.Như có Bác Hồ trong ngày vui đại thắng lời Bác đây là chiến thắng huy hoàng 🇻🇳🇻🇳🇻🇳🏆🏆🏆🇻🇳🇻🇳🇻🇳,,,
ns mãi cũng thế,,,
Nhìn cô ấy phúc hậu xinh đẹp,,,
Kk,,,
Phò thì sao? Nó ko ăn trộm ăn cướp. Nó cũng ko lừa đảo của ai thì có gì đáng khinh?,,,
Đây không phải quảng cáo . Anh tôi thấy nó tốt thì anh tôi dùng . Tôi nhắc lại đây k phải quảng cáo :))),,,
Yêu chị quá,,,
🌝,,,
Hóng phim ra rạp :)),,,
8/3 là chủ nhật ad ơi,,,
Nhập v rồi nó đơ luôn là sao v các bro,,,
ơn ... à mà thôi,,,
Mắc gì tui phải trả lời câu hỏi của anh ?,,,
Hồng Xuyến Giờ có MV rồi Tuấn kệ Tuấn😁. Mà nói thật chưa có cái FC nào vui như FC mình luôn á,,,
Em học sinh nghèo thầy có miễn học phí không,,,
đây là dân chủ theo mẽo đây,,,
Truyền nhiểm bệnh là phải 😂,,,
Lê Hà Thư,,,
😄😄😄😄😄😄😄😄😄,,,
Quang Nhã có tiền mua sữa vs tã cho tùng sói,,,
Chửi ngu,,,
vcl “đợi không mất thời gian” =))))))))) đme cười ị,,,
đéo hiểu sao em mất mẹ fan cứng of có 1 buổi😂😂,,,
Vậy ra cô cũng không biết thằng Hùng dí con Tư Nha là ai 🤣🤣,,,
phạt cho ớn,,,
"Bữa tôi coi kênh Asian Food Nextwork,có chương trình giới thiệu nhà hàng trung quốc ở HongKong,phụ đề còn đóng mở ngoặc HongKong (trung quốc) ấy mà.Chắc mấy ông sợ lộ liễu quá lại bị dân chửi là bám đuôi mẫu quốc...nên chắc chỉ dám ủng hộ nhẹ nhẹ thôi",,,
Ăn đủ đường,,,
má t cừi chết,,,
Thầy ba của các e đây =))),,,
Rồi anh có định làm tour du lịch sang chảnh ở khu cách ly không,,,
Hoho thêm sk mới xl từ độ tộc trưởng,,,
Ad ơi lần sau trích cái link dùm mọi người với. Một thao tác mà ngàn người khỏe.,,,
tôi của 30 năm sau các bạn ạ,,,
Thuế má đóng đầy đủ! Làm đéo có chuyện t nợ 29t.,,,
Hà Hoàng,,,
Covy thích đi nước ngoài với đi máy bay quá nhỉ 🙄🙄,,,
Mỹ Vân :)) ăn cứt lun,,,
Nghe rất bình thường nhưng lại không bình thường =)),,,
L cô gái khmer trắng tươi à hổng có đen thui,,,
Kicm ca sĩ từ khi nào :)),,,
Cái cuộc chiến nồi da nấu thịt thì tự hào rồi nhồi nhét bao thế hệ. Còn cái bọn trung cộng nó xua cả triệu quân xuống tàn sát đồng bào thì mấy dòng qua loa.,,,
tết rồi thầy ơi,,,
Nguyễn Thị Duyên tự dưng thấy ad ở đây :)),,,
Vô lý,,,
"có khối Ng khối dn rồi cn.....cứ nói đừng quan tâm đến chính trị chính em gì chi cho mệt, cứ lo làm kiếm tiền nuôi thân nuôi gđ.....mà đâu biết công sức làm ra thì phải chịu thuế phí vô lý liên quan đến các dịch vụ vận c",,,
Lúc đấy tòi súng chắc stream thay ô già,,,
Sex nắc ak nhằm sắc nét :)),,,
nhanh thôi,,,
Địt mẹ mấy thằng sếp và những thằng liên quan của t luôn.,,,
bảo thương học sinh mà vẫn bắt học sinh đi học =)),,,
Quảng cáo con mẹ nó quảng cáo hoằ,,,
Hữu Tân Nguyễn thử rồi làm chuyến xuyên Việt bạn ơi,,,
Thu Hít,,,
Hợp lý hơn nè abe :),,,
Đừng có y y bệnh cả nước k đủ thuốc là ăn lol luôn chứ ở đó,,,
Thiên Hương Lê Hồng Ngân quá nhanh quá nguy hiểm :)),,,
"OK nhưng thời gian từ nhà đến trường rồi từ trường về bãi đỗ xe bé làm gì ngủ à,trùng hợp nhỉ bà Quy quên, tài xế ko kiểm tra hay vệ sinh xe khi về(rất ít) đến cô chủ nhiệm ko quan tâm vl trường quốc tế.",,,
19:43 hài vãi,,,
Ko bik bao nhiu từ tức nhiên,,,
Thinh Nguyen ct chứ đâu má. Tự cách ly rồi. 🤣,,,
Do ăn ở cả :))),,,
Sao báo không viết là nhiễm nước C2 nặng cho hay nhỉ?,,,
Đây là chú tôi nhá ae,,,
Thu Hít k nghe thì thou bớt khịa dùm.,,,
Nguyễn Tâm Anh ai zậy 🤣,,,
việt nam cố lên 🥰,,,
Em cùng ngày sinh với a nè nhưng khác năm thui,,,
anh ơi ra đường kiếm đi,,,
nhạt vl,,,
một ông là Chung Tô Lịch môt ông là Chung bóng đá ! ... ko hổ danh Vozer...heheh,,,
toang :(( Nguyễn Phong Sắc tôi ơi,,,
Mình vui nhưng anh chủ quán đuổi mình về 🙂,,,
Hi cháu cô Minh Hiếu từ Hậu Giang nha~,,,
Cường Sirô Khắc Đông Lào 🙂,,,
"Khó vừa lòng các bạn quá. Có người này người kia. Không thích thì không nghe ,mắt coi như không thấy đừng nói mấy lời nặng nề. Người khác thì khó chịu mình thì mất duyên",,,
Sao lại có an vy vậy :v,,,
hay quá thầy ơi thả tim,,,
Diệu Thuu ảnh này giống vl :)),,,
Lan Bông khủng khiếp quá,,,
anh tôi lại lói không hụt phát lào =)),,,
Có 4tr8 lượt xem àk,,,
"📌https://www.facebook.com/thexuandoan/about
 
 
 
 AE CHƠI CÁ ĐỘ BANH BÓNG CẦN VỀ BỜ LIÊN HỆ @Đoàn Thế Xuân . KÈO LÊN FREE TRONG NHÓM KHÔNG THU PHÍ , KO LỢI DỤNG AE . RẤT CÓ TÂM VÀ NHIỆT TÌNH . RẤT NHIỀU AE ĐÃ VỀ BỜ . AE CỨ QUA THAM KHẢO .
 
 
 
 acc clone Thư Lê Chung Tiến k bt xem sv
 
 https://www.facebook.com/chungtien.thai.5 Chung Tiến Thư Ngọc Lê sever nào thế
 
 https://www.facebook.com/people/Nam-Ph%E1%BA%A1m/100032131115918 Nam Phạm Team công Túa kính chào thầy :v
 
 https://www.facebook.com/muabenai1261 Mưa Bên Ai Ae mua giày của shop này thì cẩn thận, nó quảng cáo trên kênh abe nên m mới tin đó
 
 https://www.facebook.com/people/Duy-Nguy%E1%BB%85n/100009626378204 Duy Nguyễn Trung trải đời, Trung phong trần, Trung giang hồ
 
 acc clone Kẻ Giấu Mặt Ok thay
 
 https://www.facebook.com/trunghaulecm Le Trung Hau Sela chỉ là con đ* qua đường của abe thôi sao.. !
 
 acc clone Đặng Ngọc Vũ Yêu liền
 
 acc clone Hiếu Phan Anh Trung Nghiện Ngập
 
 https://www.facebook.com/people/Ho%C3%A0ng-Nam/100038656787864 Hoàng Nam Sim số đẹp ib e nha
 
 https://www.facebook.com/people/V%C5%A9-Tu%E1%BA%A5n/100033773855731 Vũ Tuấn Thơm thầy cái nè
 
 https://www.facebook.com/Daradevild Quang Đại Đừng bao giờ tin thầy giáo ba đánh liên quân
 
 https://www.facebook.com/hqi.le Lê Việt Hải Thầy ơi
 
 https://www.facebook.com/vegeta0103me Bao Pham sẵn ạ hơi vã ạ
 
 https://www.facebook.com/truong.vuquang.3781 Quang Truong 2 ông chết với tui
 
 acc clone Đỗ Tấn Vương Giận nhăn người
 
 https://www.facebook.com/minhthang.huynh.5076 Huỳnh Minh Thắng Sp hay vậy mà🤣
 
 acc clone Phi Đang Học Bài Thâm thúy vlon4
 
 https://www.facebook.com/people/Tu%E1%BA%A5n-Anh/100006525856403 Tuấn Anh Bền
 
 https://www.facebook.com/chuong.thien.7758235 Thiện Chương Cho những ai quan tâm=))
 
 https://www.facebook.com/nguyenvanquymkt Nguyễn Thị Thanh Vy Tứk á
 
 https://www.facebook.com/people/Ng%C3%B4-Nguy%E1%BB%85n/100020270507927 Ngô Nguyễn Hãy gọi to tên anh3 Trung tấu hài 😂
 
 https://www.facebook.com/people/Nam-Ph%E1%BA%A1m/100032131115918 Nam Phạm Nick của chị team con chứ ko phải con chơi 😅
 
 acc clone Đăng Nguyển Một diễn viên hài và 1 huyền thoại
 
 acc clone Minh Huy tài năng trẻ với tài năng già :(((
 
 acc clone Trần Thanh Phong Lé giần né vơ đai :))))
 
 https://www.facebook.com/people/Drakin-Th%E1%BB%8Bnh/100036857641337 Drakin Thịnh Abe vô địch 😂
 
 https://www.facebook.com/people/%C4%90o%C3%A0n-Minh-T%C3%A2y/100005650848230 Đoàn Minh Tây Huyền thoạiiiiiiiiiiii
 
 https://www.facebook.com/phim.nguyenngoc.50 Ng Ng Phim Xin link nhạc lofi ạ :((
 
 https://www.facebook.com/people/C%C3%A1o/100020230269047 Cáo 
 
 https://www.facebook.com/hoangtu.mocoi.3 Trần Thanh Tuấn Nó bị gì là sao vậy mấy bro
 
 https://www.facebook.com/gia.luan.378 Luân Gia 
 
 https://www.facebook.com/people/Tu-Nguyen/100006426327290 Tu Nguyen Dancer Bacardo
 
 https://www.facebook.com/people/Nguy%E1%BB%85n-V%C4%83n-N%C4%83m/100012208298770 Nguyễn Văn Năm Tao bắn à nha
 
 https://www.facebook.com/thainanghn Đỗ Quang Năng Văn Vũ Trung sẽ vì Vũ làm thơ tình ái.
 
 https://www.facebook.com/SonqGoldsmith Hồng Gia Anh 2 ông già dễ thương vl =)))))))
 
 https://www.facebook.com/caothanh.chung.160297 Cao Thành Chung Edit tuyệt vời quá
 
 acc clone Hoàng Kiệt Anh ba rãnh làm clip qua nét của QTV đi a
 
 acc clone Dương Công Thức Bây h chú như nào
 
 https://www.facebook.com/nhok.huynh.9440 Tiến Con Cực thích a vũ vs aba đi kế nhau nha :))
 
 acc clone Nguyễn Hoàng Phú Bền gì tầm này nữa
 
 https://www.facebook.com/The.ky.0406 Nguyễn Thế Kỷ mọi người nghĩ gì về đồng tính 4.0
 
 https://www.facebook.com/ngochan.lethi.927980 Lê Thị Ngọc Hân Luân em chết thay anhhh :)))
 
 https://www.facebook.com/nhoc.haykhoc.39 Để Mai Tính Trí Dương để e chết thay a 😀
 
 https://www.facebook.com/arsenal.son.161 Nguyễn Sơn Bền chỗ nào z ?
 
 acc clone Chun Phạm 
 
 acc clone Chun Phạm 
 
 acc clone Hoắc Vĩ Hồng Giống tui với quí dị quá Dũng Chí Vương, amen
 
 acc clone Tấn Lực Abe đổi kèo đâm lỗ nhị với người khác rồi😥
 
 https://www.facebook.com/transs.hungss.90 Hưng Minh Tran Kì thi lần này có công của thầy nha :v
 
 acc clone Lâm Tuấn Kiệt Lên
 
 acc clone Tạ Quang Hùng Cái kết của việc k tin vào chuyện TÂM LINH
 
 https://www.facebook.com/thugiang.nguyenthi.961 Nguyễn Thị Thugiang 📌https://www.facebook.com/thexuandoan/about",,,
Phim hài ABe 🙂,,,
cô nhất quyết không tha bà ba vàng ngọc  hahaha 🤪🤪🤪🤪,,,
Phim Xịn vãi đái 😮😮,,,
Link đâu thằng kia,,,
Dau đầu quá mọi người ơi,,,
Đông Lào nó vã cho tét mồm nhé :)),,,
so vl,,,
Tự cắt nha mấy đứa,,,
Nếu thấy cô không livestream 3 ngày là biết cô bị sao rồi đó nha :)),,,
Cực kì gần thuyết phục,,,
Nhiếp ảnh điện toán bờ po.n chụp phải cỡ như lày.🙂,,,
"Bùi Thị Quỳnh y tế ko lo đc cho em , a sẽ lo cho em , bên a dịch vụ mai táng tặng kèm hòm louis vuittion , giá hữu nghị",,,
Nguyen Quoc Tuan - tấc nghiêng tấc nghiêng ...,,,
Mất công tối qua nghỉ stream động vien,,,
Nghe thì hư trúc nhưng rất mộ dung phục,,,
Mỹ Hạnh l dại thì có choe hoa dại,,,
Xem phim nhớ mang khẩu trang nha :))),,,
Bắt dc bắn thấy mẹ nó lun,,,
Chán bh HN loạn lên cả rồi. K thể nào kiểm soát đc người bị nữa chỗ nào cũng thấy ng lây,,,
Nhìn sơ  tưởng cẩm ly,,,
Hoàng Quyên :))),,,
"Phạm Văn Đồng hình như ở đó k cách li và khám chữa như mình đâu bạn, họ khá thờ ơ và yêu cầu tự cách li, hôm qua mình có đọc trên page nào ý",,,
"Cháu yêu ông Trần Dần, chúc ông luôn khỏe, ông rất dễ thương ❤ ❤ ❤",,,
Từ từ thôi,,,
"Haizz các bạn ko thấy anh tôi khổ thật à, ko phải ngày nào cũng có cơm mà ăn đâu, lâu lâu nghèo đến nỗi phải chắt chiu từng đồng để ăn cua hoàng đế, tôm hùm để cầm bụng đấy, mà có sướng gì đâu còn phải giúp đỡ mấy đứa em nữa, từng đồng ấy giúp cả team Refund cầm bụng sau giải để đủ sức sang Thái. Ai cũng bảo a Độ lừa, không hiểu sao",,,
Như Mỹ thiệt chứ,,,
Vy Mai Trần Hiền Mỹ Phương mới hôm qua :))),,,
Quang Vinh ăn món đấy trên BL đi,,,
được vl anh ơi,,,
Dùng lời nói đàng hoàng chúc. Nói chuyện không lựa lơi ai để 6 xem chi,,,
J vẫn hợp nhạc🌲🏧 hơn. Mặc dù hoaprox đẳng cấp,,,
ngu đừng có sủa ghen với người giàu à họ về nước chữa trị tự dưng qua bên kia cách ly,,,
Coconut,,,
Có ai nghĩ như mình ko,,,
thầy thì kinh rồi ráng làm giáo án popy sách phép là ok,,,
Cực kì thuyết phục 😪,,,
Cuteee zclll :>,,,
Hàng hiệu cao bằng quê anh tôi đấy cac bạn ạ :v,,,
Người tốt thì ko ai chơi,,,
Nguyễn Tuấn Anh 🤣,,,
Hay lắm anh Trung Quảng Cáo,,,
😏,,,
"Nhảm thiệt. Ông Park là HLV, đây là nghề nghiệp của ông ấy, vậy nên ông ấy chỉ thực hiện công việc của mình thôi, mắc mớ gì vận động người ta nhập tịch. Đầu óc có bệnh à. Chưa kể bây giờ còn là kì trăng mật, tung hô ca ngợi, đến lúc ông không mang được thắng lợi tới lại đuổi thẳng cổ thôi, ở đó mà nhập tịch với chả giữ tịch.",,,
Đm đc vl =)))),,,
Bố mày lúc này đấy,,,
Cười xỉu😄😄😄,,,
Ô mình tự hào quá 😂😂,,,
So sánh quá khập khểnh hả thầy 😂,,,
Dê Kiên lỗi đéo phải do m.mà là ngta do ngta đéo xứg.hiểu k ???,,,
Tuổi lờ =)),,,
Đụmámài,,,
Vũ Đức Duy t cũng thế m ạ,,,
Tuấn Phong Quang Hải giờ...:)),,,
Linh khách sạn nào vậy bạn,,,
Ngày xưa là bao lâu mà nghe nhạc của xuân mai mà còn gọi là bé ơ,,,
ko nằm trong khối eu = ko phải trời âu :D?,,,
NaNa Nguyễn nhung cũng k rõ lắm,,,
Bon Silvv =)),,,
"Nhìn mấy fan trẩu vào bênh hài vl, ng ta nghe k đc thì ngta nói k đc chứ ngta có chửi idol tụi m đâu mà xù lông lên, m bật nhạc jack lên cho ba mẹ tụi m ông bà m nghe đi, thử ba mẹ ông bà m có chê thì m có chửi ba mẹ m k",,,
Cực kỳ thuyết phục!!,,,
Chuẩn luôn Bùi Ngọc Ánh,,,
Họp thò thụt,,,
Thầy ơi aaaaashiba😂😂,,,
Bat no thuong,,,
Nhân cách thua con gấu bông nhà t🙂,,,
Giang Nguyen :)),,,
Nguyễn Hiếu kêu hiếu lợn mua,,,
"Vài bữa mà ho như chó sửa, thì bắn mày luôn nha.",,,
Do Dat anh toàn đi lạc vậy !!!,,,
"Đm cả ngày trương lone đánh bài với đám bạn, mặc đồ chi cho đẹp đúng không cả nhà?",,,
dep qua che oi,,,
Nhạc nền ldoi của tui,,,
"Anh giỏi a có đầu óc kiếm tiền giỏi ra sao tôi không cần biết nhưng tôi thấy ý thức a thua cả học sinh lớp 5. Nói ý thức kém thì thấy không đúng cho lắm, phải nói a không có ý thức mới đúng.",,,
"Bá ý khẩu nghiệp nặng lắm nha,đầu thai ch hết khẩu nghiệp nx",,,
"Cháu tin vào cách chống dịch mà bác đưa ra, tin vào các y bác sĩ của chúng ta.Nhất định VN ta sẽ chiến thắng, cố lên Việt Nam ơi",,,
Cường Sirô mồm thì to khéo ăn vạ =)))) toàn các bố giang hồ mõm,,,
Cười thế này mới đẹp,,,
Phạm AnhQuân,,,
đó là một câu chuyện buồn,,,
hóng vl thầy ơi =)),,,
Tết đến rồi mn ạ ><,,,
"Lương tháng bố có 7,8 tr nên chả có con cua hoàng đế hay tôm hùm Alaska nào con chưa được nếm qua cạ :((((((",,,
chán,,,
ăn hết .trừ con gì nằm ngửa là không ăn ',,,
Huỳnh Ngân xinh nee,,,
Biệt đội siêu ăn hại,,,
Cuộc đời ngắn ngủi sống sao đi dân nhớ ở dân thương . Chứ sống chỉ mặt chết chỉ mồ thì phí đời.,,,
Đr,,,
Dieu Anh Do còn Việt Nam thì cho nhân viên đi thay =)),,,
Vũ Khánh Ngọc z m cx ns đc,,,
Cộng hòa xã hội chủ nghĩa VN in trên tờ tiền ấy bạn móc ra mà xem,,,
Co ba cho tien con,,,
Thế cơ á ^=^,,,
Vào link xem mẫu mọi người nhé,,,
Du hk sinh úc đấy,,,
Chiều cho ship cho mình qua Thanh Xuân nhé.,,,
Con rơi abe nè🙂🙂,,,
"Yên tâm đi, ở việt nam thằng nào nguy hiểm có nguy cơ kéo cả dây chết là nó sẽ bị ngã cầu thang hoặc ngã xe ngay lập tức. Giấy chứng nhận tâm thần được coi là kim bài miễn tử. Nói chung chỉ cần không ngã cầu thang và có chứng nhận tâm thần thì có thể sống khá là dai!!",,,
Do Dat uống nc = chân đi anh 😊😀,,,
Hiển Trọng Nguyễn Thanh Tuấn,,,
"Reveiw thác Bản Giốc phong cách Độ Mixi, cười tím người :)",,,
"Tốt nhất nội bất xuất ngoại bất nhập, chứ theo đuôi như thế này sớm muộn gì cũng chết cả nút",,,
Khi bạn có cái quần trong đắt hơn cái quần ngoài và muốn khoe nó=)),,,
ThanhHuy Nguyen kém :)),,,
😂😂😂 Kí hiệu huyền thoại rồi,,,
Cay đỏ dái,,,
A ơi cho em con 35 600đ,,,
Bọn được hiến lúc này belike,,,
😎,,,
Nguyễn Thanh Tuấn em gái cô đâu ra,,,
Chơi game còn giận :))),,,
"@Tủn 3K bớt bớt lại đi, nc hoa ng ta 3 4 triệu, về VN + phí thuế + vận chuyển + marketing + NV các thứ, tri ân kiểu gì 500k 4 chai =]]",,,
Ngoài những giáo án xịn sò thì đây là những gì anh em ta sẽ tiếp thu được từ thầy. Cám ơn thầy và xin đuỵt mọe thầy =))),,,
🙂🙂,,,
Tô Tô gu cậu à 😂,,,
Chắc lại nghe lời chú Mạnh chốn dịch,,,
Cựu du học sinh úc đấy :3,,,
Lon roi an noi mat dai,,,
Bãi cức nào cũng có dấu răng của AD ^^,,,
Becks Tran link b ơi,,,
Đặt túi ngực bao nhiêu tiền,,,
anh bar ơi cứu tú:v,,,
Yêu xa khó lắm a ơi,,,
Trường Giang ý mình là họ đều không có ý thức như nhau cả ..biết mình có mang bệnh trong ng mà chẳng chịu đi cách li rồi mang mầm bệnh trong người đi lây sang cho ng khác tội cho ng ta lắmm,,,
Nghe ông đọc mà mặt đầy cảm xúc :)),,,
nhin`nha` que vl 😒,,,
ThanhHuy Nguyen dơ vcl=))),,,
Đặng Thu Trang =))))),,,
😄😄,,,
Sena lúc này,,,
Thắng 2 ván lun :)),,,
Chuẩn vl,,,
Hoài Phong sinh ra cái miệng để ăn để nói lời hay k nói nói cái gì ngộ gke,,,
Cko e 50t di,,,
Đoạn đầu có lẽ hop lí ...đoạn sao k thuyết phục cho lấm,,,
"Tình hình ni sang năm học vẫn kịp ,chứ học hành gì tầm này",,,
"Đm nhớ cái thời này vl. Đã trở thành quá khứ rồi, dĩ vãng rồi. Nhạt cmnr! :(((",,,
"Điệp Còii :)) đến giờ còn ko biết, chịu ông lun, Cáo là em Sói💁‍♀️",,,
Phim best hay mn ạ 🤗,,,
Chúc mừng ngày nhà giáo vn,,,
Vinh Râu sẽ buồn vì điều này!,,,
Noi chuyen tao lai nguoi ta hoi ong mot duong ong tra loi mot neo tao Lao,,,
cô tao xinh ngất ngây,,,
Cho hỏi tôi đang xem j vậy,,,
ba uon thuoc chua troi😨😨😨,,,
👍🏻,,,
Cuoc Vui Co Don thuyết phục thật sự,,,
Nhin cai mieng Linh  toile   .....going cai Cau tieu we,,,
Quá trình thực,,,
Trà Vũ gọi grab vưa vưa thôi :)))),,,
2thag ôn con đến cửa hàng xe hơi đòi mua siêu xe.,,,
Nhã Thư chịu chứ why zero 🤣,,,
không liên quan lắm ! xl quá trời quá đất à,,,
Đẹp trai <3,,,
Chỉ khó cho người sang sau này thôi,,,
Đây xuất phát từ đây ☺️,,,
Đẹp quá chế Hiếu ơi😍😍😍,,,
i love aba ❤❤,,,
Mẻ khoe củ ai ai k hà.vậy mẻ có sơ múi gì trong đó.tài sản là gì.hay có mỗi cái nùi giẻ,,,
Phòng tránh đặt lên hàng đầu,,,
clm cuoi ia,,,
J97 nhiều anti à?!,,,
Đm abe giống bóng vcccc,,,
"Đức Hạnh ở Anh nó bắt tự cách ly, thế thì ở bên đấy chờ chết rồi mới đem xác về à?",,,
"page riết rồi như loz. Nội dung thì chỉ hướng đến đã kích người khác. Ăn nói thì nhảm loz vcc, biết cc gì về khó khăn người ta gặp phải mà bày đặt ý kiến. Nhớ ngày xưa page này quần què gì cũng chửi dc, nhưng mà chửi vui, chửi giải trí. Bây giờ thì toàn đả kích người khác. Zzz",,,
"\""trước giờ chơi bóng thua nhiều, may tuần trước được bạn giới thiệu theo kèo a Sin mấy trận tuyển quốc gia xong về bờ luôn. đêm qua win 7 /8 trận VL euro. thấy hay quá nên chia sẻ",,,
Hạnh phúc zậy 😂😂,,,
Bảo My add em cô ơi :((,,,
Tấc dziêng là cái qq gì dzạ mn,,,
Sđt con nè 0817263827.,,,
"Sinh nhật mình còn nhớ đ nổi, nhớ tđn được sinh nhật nyc :)))",,,
Ngô Kì Long,,,
Đừng anh êii. Tùng sói đẹp lắm rồi,,,
Chào ngày. TIÊN TRI VŨ TRỤ. TRẦN DẦN. QUỐC SƯ BA ĐỜI TỔNG THỐNG MỸ .( Cao hơn bộ trưởng MỸ) chúc mừng QUỐC SƯ. ha ha.,,,
10k tỷ là bằng tiền thuế đất 400 năm ! cầm quyền mấy chục năm để lại hậu quả di chứng mấy ngàn năm !,,,
Nhimskorea a ưii 🤣,,,
Dễ thương chịu không nổi luôn à,,,
S,,,
Tien Dinh cạn lời vs ng bán luôn 😣,,,
Kem đánh răng ông giáo ạ :>,,,
Cũng chưa hiểu rõ về tuổi thơ cô lắm,,,
Nguyễn Chí Danh vui hết sức,,,
Thằng ad lại sủa.,,,
Đây là một sự so sánh đơn giản giữa lý thuyết và thực tế :>,,,
Trần Trang trend này quá là quen thuộc với bạn trẻ VN 🤣,,,
Huyền Khánh Phùng hợp lí,,,
Nguyễn Trọng Hiệp :v nghĩ lại thì thấy mình chơi khôn vl,,,
Từ Tây phải về Việt Nam nhà mình chữa 🤣🤣🤣,,,
hahahahaahahahahah,,,
Trung lô đề :))),,,
Ông là tiên tri.. ông thử đoán xem bao giờ thì ông chết. Và chết cách nào ?,,,
Vy Thao Nguyen,,,
Nguyễn Trọng Thái khoảng thời gian trống còn lại đó nó dành sự quan tâm cho thằng khác rồi,,,
Thủ tướng lương nghe bảo tầm 15tr 1 tháng.. 10 Căn nhà.. Căn cấp 4 xây sơ xài ở quê giờ cũng 300tr là ít . 10 căn cho 3 tỷ Đi. Lương thủ tướng 1 năm 180tr. Cho là ông ta không xài gì Đi vì nhà xe. Cơm nước đảng lo.. Vậy chắc phải làm thủ tướng gần,,,
"Mai Phùng Mạnh ừ nhầm mất, quê quá điiiii :(",,,
Okk hehe,,,
"Nguyễn Ngọc LinhLinh cậu không đọc hết ảnh à, truyền cho 9 người rồi kìa",,,
Maruko Linh thanh niên này tên Dúi nha.. 😐😐,,,
Trần Dần nằm vùng,,,
Sống chậm lại😑,,,
@Nga Do sao v bạn,,,
Vinh Nguyễn Văn c.i vừa sinh baby hơn 2 tuần r á e 😁,,,
Phê bình “ Trầng Dầng” khi múa võ bị thiếu đạo cụ diễn đấy ông! Đúng ra phải cài một bông hoa mướp lên đầu rồi mới “ múa quyền” sẽ hay hơn!,,,
From. Hậu Giang,,,
Đợi cc ang nhỉ,,,
cái ll cát không,,,
An Đặng Travel official bả giờ chảnh lắm mày page của fan lấy hình làm meme chế clip mục đích vui bả nói chuyện kiểu như không cần ấy rồi report động nulo cũng vậy làm vậy fan đổi qua anti bả luôn,,,
Bắn bỏ đi thứ lắm Tiền mà cặn bã xã hội,,,
Kiểu tóc ko bao h lỗi mốt,,,
nhớ hồi trước anh độ nói nếu tôi mà là con gái tôi sẽ xung phong đi nghĩa vụ xong phục tùng các anh em trong đó,,,
Quỳnh Như vô like cho idol chưa thế🤣,,,
khi nào senna ra thầy nhớ làm giáo án nha thầy :33 mãu iu thầy dấu bé baaa,,,
Chẳng qua là chính quyền trở nên vô dụng nên người dân mới tự mình làm thôi,,,
Khúc sau đâu abe ?,,,
xạo lol quá má ơi,,,
Nghi Nguyen thế b lại k hiểu ý mình r :))),,,
Tuyệt vời,,,
"Bộ mặt này là bộ mặt hăn say chữi ngta ,còn cái bộ mặt khóc kìa nhìn mắc cười lắm,mấy nay nó xin lỗi nó khóc thấy mà thương luôn...",,,
Tuyệt đối tin Đảng và nhà nước.nhất là bệnh viện_ nơi cứu người,,,
"Cậy có cái thẻ master card đk kì xì đến tận 5 chịu có khác, nói qua đó tự tin thế",,,
Mong anh sớm bình phục,,,
Lý Thành Công nứng ak,,,
cú có gai anh ư,,,
poor anh 😞,,,
Há há há.tí nữa thì đập đt🤣,,,
Ngon phết nhờ =))),,,
Lam sao ma co the tha loi duoc cho nhung  nguoi an noi vo hoc thuc nhu the nay. Bo tay.,,,
Cha khùng này vẫn còn tự nhận mình là tiên tri vũ trụ à :)),,,
"Phim dở như quỷ, t đã quá tin review và đã ngủ trong rạp",,,
nói thô thiển thì nghe như đấm vào tai ấy.. chưa bh nghe dc hết nửa bài 😞 sao giờ gu nghe nhạc của mng mặn thế cơ chứ lại 🌚🌚,,,
nghe rất là thuyết phục và vô cùng hợp lí,,,
Người nhận máu khi nghe tin,,,
Thích chị đi đường quyền ❤️,,,
Đi đường quyền dữ dằn ghê,,,
Bảo Bảo như này là mấy tí rồi :))),,,
Coi live k tau ban may á :v,,,
"Thành lê muôn năm, đời đời ghi ơn thành lê",,,
quả bút làm s*x toy được đó kkk,,,
Ma ba 0939423103 mobi,,,
iu tha'y <33,,,
"nhà sản thích tấu hài, tuyên giáo luôn mị dân",,,
Lê Nhật Hào mai là thứ 4 phải 0 cả lớp,,,
tụi bây thử sáng tác coi,,,
Yass man 😇,,,
Xử lý hình phạt thôi:((,,,
Ơ bàn phím bị gì mà viết nhầm dấu gạch ngang thế kia,,,
Khóc cc. Nước mắt cá sấu. Đồ giả mà toàn chốt đơn r quăng. Ngoài giới chỉ thấy mày dơ xạo lồn thôi haha,,,
Nhan Dang double 4+. Chơi Uno mà ngồi suy ngẫm như đánh cờ tướng. Đúng là chó điên 🤣,,,
Buồn cười hơn hài luôn,,,
Chậm thôi :(,,,
cà khịa nhanh vậy a,,,
"Anh nó thực hiện cách ly kém thực sư, đeo khẩu trang còn bị kì thị nữa thành ổ dịch cũng đáng",,,
Hú hồn,,,
Thâm 😁,,,
Trúc Loan bị ngu à? Nghe nhạc 2 thằng mà éo hiểu vấn đề,,,
Quyen Anh có có,,,
Nghe nói nhà giàu đem tài sản đi phạt ấy,,,
Huyền Khánh Phùng lương tháng có 7-8 tr😂😂,,,
Làm ơn cho xin tí bí kíp với 😂,,,
Dạng háng chứ đâu,,,
Tấm thứ 3 đó,,,
"Cái đụ bà các thánh làm em cười đéo nhặt được buồi, nhầm mồm. Đặc sản VN đây r 😁",,,
"xin lỗi bạn , đổi phong cách thì rất nhiều người liên tục đổi , căn bản tốt hay dở thì người nghe ,khán giả vẫn có quyền được bình phẩm.",,,
Mới nhìn tưởng Cẩm ly,,,
Cũng già rồi mà toàn bị làm gác chân cho vợ ngủ với chỗ sờ ty cho con :)))),,,
tuyệt,,,
"Nguyễn Thị Thủy Tiên haha, giọng điệu lại khiến ngta thấy rất có tâm mới ghê chứ haha",,,
Vụ gì thì kệ mẹ đi cứ lôi ra mà bới móc ???,,,
lợi dụng chị Kim dễ sợ cả chục kênh luôn,,,
N gọi là chuẩn thực sự đấy,,,
"bảo yêu nước, thương nước, xong đi du lịch về lây bệnh cho nước mà là yêu nước à :)) đi du lịch về thì tự biết khai báo cách li đi... đằng này thì...nếu nhiều tiền quá kb lri thì đi làm từ thiện đê lại còn du ms chả lịch :3",,,
Mc nói giọng giống MC Công Tố,,,
gà,,,
Hay vcl,,,
PHAN TẤN TRUNG ... SỢ NHẤT TRANG WEB NÀY HIỆN TẠI,,,
nếu mà random 50 người trong số fan cứng thì a có thể kí tên lên 50 cái cốc đó đc ko ạ. e thấy như vậy ý nghĩa và có tính sưu tầm hơn ạ,,,
Fb Phan anh đang tăng từng giờ,,,
Đau lắm anh em ưiiii,,,
đjtme đỉnh thật sự,,,
đoạn đầu tưởng thầy cướp giật đồ,,,
From Dong Thap with love❤,,,
Hay ko mấy bạn,,,
"nhận hết trách nhiệm đi, anh đưa tiền cho phạt. Nhớ nói là: em làm mạnh tay, đè mấy chai Dr. Thanh chứ cty an toàn lắm. càng pr cty tết này anh thưởng nhìu cho",,,
Dập tắt mọi nỗ lực,,,
Đc,,,
toàn giáo án lủng,,,
Ngô Thắng dắc xe ra mà chạy b này :),,,
"Đéo tin! Mèo rồi lại hoàn mèo thôi! Dăm ba bữa rồi chìm thôi quá lắm thì kiểm điểm, rút kinh nghiệm",,,
Chị giới thiệu ăn hoa hồng nhiu % mà chị nhiệt tình quá vậy chị. Sao chị k thẩm mỹ đạo đức lời ăn tiếng nói cho nó có tí văn hóa . Nghe chị nói chuyện xong thấy hết muốn đẹp vì sợ xấu văn hóa người VN,,,
chơi cái đầu bồi 😒 mất hình tượng vc ông ạ 😶,,,
Chi de thuong wa,,,
Anh Minh đú ít thôi chậm cặc,,,
Độ cáp tần =]],,,
hơi non,,,
Điệp Còii vcl cáo là ai :)) con anh độ nhé :)),,,
M KM,,,
hợp lý anh ạ,,,
"quí dị tới số thì quí dị sẽ chết ,  tấc nhiên hài cuoi sac mẹ cơm...",,,
Lá rụng về cội,,,
Chửi mà dang trời đất nước luôn hà,,,
Ăn tết đúng cách,,,
Khi bạn thích cái quần đó quá mà nó bị chật kéo không lên,,,
Bác nào có Sếp thì,,,
Sống thật chậm lại,,,
Trăm rưỡi sop pe :)),,,
Thiếu vụ sông Đà rồi ad ơi. Lật lọng là truyền thống lúc nào cũng được phát huy của cộng sản và những người ủng hộ cộng sản.,,,
"Đại dịch rồi , hi vọng toàn thể nhân dân thế giới nói chung và dân tộc Việt Nam nói riêng cùng nhau chung tay xua đuổi đại dịch chứ đừng làm những hành động vô ý thức như vậy, cấp bách lắm rồi!!!!",,,
"Bạn nói chuyện ngu vkl thíu đéo gì con mà phải đợi con đéo cần mình .... Nó cần bạn thì cho câu tl mẹ rồi đéo phải kêu bạn đợi, mục đích đợi của nó là coi có tz nào ngon hơn bạn không thôi đéo có thì nó mới tìm đến bạn",,,
"Ok thầy, thầy sela",,,
Con bướm sdi :,,,
Em chửi bỏ mẹ chúng nó đi cái nich em chửi trần dần anh nghe xương quá nhất là quả quyền èm sàng hay gữi luôn cảm ơn nhé xêm buôn cười quá đi,,,
Chị này dễ thương ghê. Nghe nói chuyện thiệt tình,,,
Bay Chiem chi co cang mat o vay,,,
Yêu mẹ❤️❤️❤️ I LOVE U CHU CÀ MO,,,
Nhung ơi thức đêm trông ngóng vì em =)),,,
Nguyễn Sơn Hà dến mệt :))),,,
Nguyễn Viết Hòa thiếu chữ phản quang :)),,,
Đúng là văn minh Tư Bản,,,
Nể nhất mấy bác giờ còn thả Haha được 😞😞,,,
Sao ít cmt quá z ta,,,
đc anh oiwiii ♥,,,
Trần Đồng Phát Trần I Surrender :)),,,
Tớ thấy thiếu khánh khá buồn,,,
Tran dan very good,,,
Câu chuyện mang đậm tính nhân văn sâu sắc 🙄,,,
Hồ Ca cẩn thận k ăn con sam biển nha,,,
Tết nó đánh động đòi quà tết đấy chứ tầm này nhà bao việc cưỡng chế cái gì.,,,
Nguyễn Quang Huy thăng l nào chế cái này @@,,,
Cực kỳ thiết phục,,,
"Nó làm cái cửa hậu thừa ra tí để che mưa cho chắc hơn nước đỡ hắt thôi mà cũng ầm lên, ko thích thì lấy máy mài mà mài đi để nâng cao tinh thần bắc bó.",,,
Nguyễn Cường,,,
Thua lun,,,
Rất mến cô cô rất chất phát ❤,,,
Cây ATM lúc này.,,,
Trò vui của mấy ông xe ôm lúc dg vắng thôi,,,
T thắc mắc rất nhiều lun,,,
Anh trung vàng bạc 😂,,,
Tin tức như cc,,,
Thua 🙂,,,
con nay nhu con dien,,,
Ảnh thì vô lí nhưng khá thuyết phục 😍,,,
Chị ba là trai hay gái dạ,,,
selaaaa ơi là selaaa,,,
Cực kì thuyết phục 🙂,,,
Bộ hàng hải 😂😂😂,,,
Nắng nôi quá:(( ở đây em mưa suốt anh ơi,,,
HN Thu Nguyên mấy thằng nhơ bẩn cả nc vn,,,
"Cảnh sát cơ động nước văn minh dân chủ nhiệm vụ chính của họ là giữ trật tự an ninh, ngăn chặn những người biểu tình quá khích trong khi cảnh sát cơ động Việt Nam thì chuyên đi cướp hiếp dân lành ,cướp đất. CSCĐ = Cảnh sát cướp đất hoặc sâu xa là Cộng sản cướp đất.",,,
Chị hay cú có gai,,,
Quỳnh Dâu Tây sam đuôi nhọn nha,,,
Dza,,,
Ngọc Ngô Võ Thùy Trang Thanh Vân Hieu Ngoc Le Trần Nga kkkk vì một toilet sạch sẽ kkkkk,,,
Cực kì thuyết phục :)),,,
kkkkkk con quỷ này bị bà tam cung hốt hết mớ rồi.kkkk bị bã dụ .😄😄,,,
Fan thầy lắm đấy 3 heo à,,,
Thế sao bọn mỹ nợ công mấy nghìn tỉ thì ko có thằng dân nào đòi giết tổng thống nhỉ,,,
Giống e gê Nguyễn My kk,,,
Đau gê á😭,,,
Nguyễn Tuấn Huy,,,
Phương Lê mình nghĩ là lúc chưa xl công động mạng.lip này cũng củ nhưng mình nghĩ như vậy mới biết dc bả hay chửi ghê quâ,,,
còn ko có ny cũ mà chúc :),,,
Thuy Trang Nhật Bản của chị này 😀:)),,,
Nổ như bom.,,,
Chi hieu oi sao chi kg lam líp chui thang nguyên sin dum em di chi,,,
Nhìn mặt thầy cam chịu quá,,,
Chắc cũng biết ko tồn tại đc bao lâu nữa nên cố gắng vét,,,
Từ Hoàng Streamer. Đỉnh Thực sự !!,,,
Idol giới trẻ đây rồi.,,,
:v :v gì dzay ape,,,
Biết ễm còn sống ko mà xuất viện 🤗🤗,,,
"Co linh  Quen  coi  ,Quen nguon",,,
Cô panda đã like + share+ sub,,,
"tất cả chỉ là kịch bản được sắp xếp sẵn , còn sự thật là năm sau cưới =))))))))))0",,,
"Da trắng, dáng xinh qua fb Tớ tư vấn nè",,,
"ăn rồi cứu tú , cứu mà ăn lol à",,,
Chị 3 cứu e nhẹ cái chị 3,,,
Lương Kiều Trúc Uyên vừa nói chuyện này xong. Khi nào dập xong đợt dịch này. Tổng thiệt hại bao nhiêu yêu cầu nhà n đền bù,,,
"Hoan nghênh danh hài về nước, về với Đảng ta",,,
"Nguyễn Thảo em thấy cũng đúng, hồi trước mướn cho nhìu ko có khách, h có khách nhìu thì lại cắt kiu do dịch, ko hiểu nổi cái suy nghĩ của ng làm chủ hỷ",,,
Cực kì thuyết phục 😂,,,
Đầu tới cuối ca có 1 câu mà cười muốn bò 🤣🤣,,,
Bọn bò thì vẫn bảo nhau rằng: tự hào vì ông chủ mình thật giàu,,,
R thế giáo án đá phò đâu thầy l,,,
đó là các bạn đ biết với cái trình độ học của ông nằm trong top đại học + bố chủ nhà máy điện nữa. Chỉ là giàu bn thôi -_- .,,,
Ngọc Tuấn ngõ 82 yên lãng,,,
Phà Nguyễn ngày mai chúng ta muôn trùng xa mãi xa 2 phương trời. Nào mai sau có còn thấy nhau :))),,,
🤷‍♀️,,,
Con rắn ba sọc đấy,,,
"Quần cởi hả ta, ngộ hè",,,
"Tại kỉ năng xạo loz của thầy tăng lên , nên học sinh chăm chỉ hơn á thầy 😁",,,
Thằng chủ chó bị lũ chó bắt giam đến giờ chưa thả. Ad nắm thông tin vụ này chia sẻ với anh em gấp nhé !,,,
Cứ tưởng vậy là hay là ngầu. Mặc đc thì mặc không mặc đc thì mặc,,,
Thay gì chết 1 mình k ôm bom lên phường?,,,
"đau , cay :vvv",,,
có doanh thu thì nó vẫn kêu lỗ thôi,,,
"Khổ vcl phải ăn mì ạ :""((",,,
Bao giờ a nghèo thì a mới biết chứ giờ a giầu a ns cái đéo jk chả đúng,,,
Hello chi  ba,,,
"an noi nhu cuc, mat nhu thu vat",,,
Tuy anh nc hơi bốp chát nhưng thích xem anh stream thích cách sống của a,,,
đang cần tiền ai biết ở đâu mướn đi biểu tình chỉ em với,,,
bạn thì kinh rồi,,,
Idol ng sản xuất IPhone 11 mang tên Độ Mixi :)),,,
Hic ước j sếp mình đọc được tin này huhu,,,
Hàng khong viet nam con hoat dong la con tang..,,,
Con này giỏi rình mò vãi,,,
Sơn Hoàng,,,
Đvdfhchbfdbf,,,
Cưới xong vẫn phải cố để ko rời xa nhau -.-,,,
Ngheo mà yên bình là đc. Tao nói riết giờ thấy uổng công. Tao cứ ở nc ngoài ngồi cười khì khì coi tụi bây đống vài thứ thuế ba láp. Ăn đồ ăn hoá chất. Ra đường thi trộm cướp. Uhm yên bình đi tụi mày ạ. Thấy đất nc xây nhiều cao tầng là thấy phát triễn. Tụi ngu ạ tiền vay ODA ấy con ạ. Rồi đời con cháu chúng mày sẽ trả há há.,,,
Sad story :)),,,
cho Đỉa chỉ đi chi ơi .haha,,,
"Phải mang tiền theo, lì xì cho chúng! Thì trắng cũng thành đen",,,
Uầy được anh ơi,,,
toang rồi 🤦,,,
"ông này ổng chửi xéo dân ý thức kém, thế mà bọn mày vẫn ngồi chửi đc : ))",,,
"Lò A Kí sad vđ, ko biết LS thế nào r ông",,,
Tuổi gì mà phải đợi a,,,
Đỉnh kout của sự rảnh ...😀,,,
Ok gục ngã,,,
Yey,,,
Dữ,,,
"Thật sự rất là có duyên, thiệt tình và thấy mến chị. Chúc chị luôn khoẻ. Vui và hạnh phúc!",,,
"Ngoài bệnh kiêu ngạo , tự hào dân tộc ảo tưởng . Thì còn bệnh hùa theo phong trào , luôn coi tư tưởng của số đông , miệt thị cá nhân khác biệt . Những đứa "" phản động "" như mình , khi phát biểu suy nghĩ cá nhân , luôn có sẵn 1 tiểu đoàn bò đỏ cuồng cộng trực chờ nhảy vào mồm tổng sỉ vả mình ^_^",,,
Nói chuyện đàng hoàng như vậy phải tốt hơn ko nek,,,
đúng thầy ko ae,,,
Lê Đức Long để hôm nào ra HN e cũng phải thử mới đc😝,,,
"Virus cất công bay từ Trung Quốc sang trời Tây, nó đang vui sao các chị lại nỡ mang nó về lại trời đông vậy?",,,
Hacked rồi. Tội nghiệp nhóc.,,,
"nói chuyện chân thật , chất phát , thik",,,
Quả nhạc tên gì á các bác,,,
Cực kỳ thuyết phục,,,
"Nhờ sự lãnh đạo tài tình, sáng suốt của ...",,,
Trường Quang Thái,,,
Mấy bữa nay thấy cô dễ thương quá cô ơiiiii 😂,,,
Chị ơi em ngưỡng mộ chị đó,,,
Sống nhanh lên ae ơi :)),,,
Tiền Giang nè. Nhưng mình ở Chợ Gạo,,,
":) ông viện trưởng khôn quá, nói dứt khoát, hay giết quách tử tù này đi, có lẽ vì thế mà giờ lão vẫn còn sống",,,
Mai Ngọc Hiếu còn phải nói,,,
MV này chất hơn thì đéo xem,,,
Co ơi  con muốn  lam phước nhưng con ko co điều kiện. Nêu co muốn  lam phước cho con góp công  voi cô.,,,
Hoàng Đức Ngọc joke cái lồn chứ joke =)),,,
Huyền Vũ tạm biệt=)),,,
Sống chậm lại đi chúng m 😒,,,
Chế độ nầy sắp tàn rồi nên hù thiên hạ !,,,
Có thấy chữ liên quân ko,,,
Nghe rất Tùng Sói nhưng lại rất Phùng Thanh Độ,,,
Ko,,,
Hốt hụi rùi bỏ trốn voi sac đẹp hả bà,,,
"Ý chúng nó nói ở đây là nên im lặng và tìm hiểu rõ nguyên nhân , như cư dân mạng ở miền bắc , miền nam , và ở nước ngoài chắc phải bay tận về hà tĩnh tìm hiểu rồi mới được đăng stt chắc :) đúng là cái chế độ này càng ngày càng thối nát, cơ quan báo chí tuyên truyền tung hô toàn cái đéo gì ấy đm chắc ko nói gì là ỉm đi vụ formosa luôn đấy",,,
Linh Nấu Làm được gì nữa làm đi,,,
Dấu bé 3,,,
Bả không biết người ta mà bả chửi như đúng rồi dị á,,,
hoangg mangg ingg,,,
"Linh Ca Loc,Hôm bưa chưi VN ,rôi khoc loc,xin Tha mang,,",,,
Dân mạng đang chờ anh viết status,,,
"Tờ giấy để ghi phạt đã in màu, đóng mộc dán tem tùm lum mà phạt có 20 nghìn, khổ :))",,,
"Chết mẹ đi cho đỡ chật đất, ngu",,,
Nhìn phát biết dân chơi :(((,,,
Người dân Đà Nẵng lúc này 😪😪,,,
cđmmmmm nhung:),,,
Robo Con nhập cảnh 2-3 tới 9-3 mới vào viện b ơi . K biết trong 7 ngày í có tiếp xúc với bn nữa,,,
Anh yêu từ thuở lên ba,,,
Học sinh Úc nó phải khác biệt,,,
Tep Vịtt từ nãy đến h mới có 1 bạn nói đúng xúc động chảy cả nước mắt,,,
Cực kì thuyết phục ❤️,,,
Mấy đứa nịn ở ngoài có dc đồng nào hk dị,,,
Lủ ngu ko nhận ra. Thế nếu như thằg chó ad bảo COCC gì đấy thì báo chí sao dám phản ánh? Mày có chắc 100% rằng ông đó dạo và dân đúng ko?,,,
Lưỡi anh châu dài quá dài nha kakaka,,,
Chị ba vàng là chị chó phèn ak haha,,,
Luật pháp nhug cug phai co tinh nguoi chư,,,
💚💚,,,
Nghe có vẻ không hợp lý nhưng lại rất thuyết phục,,,
Luôn ủng hộ thầy,,,
K hèn thì lấy cứt nuôi bụng bầu ah?,,,
Chúc mừng thầy mongg thầy ra những giáo án xịn xò mới mẻ hơn susan.... v.v,,,
"Theo ý thằng ad là: cứ hùng hồn qua trung quốc mà bảo: mày xả đập cho tao, ko tao sẽ ném boom mày. Ad mộng du",,,
13:54,,,
"Bởi vậy cái sự bị bịt đủ thứ ở cái đầu của người dân nó làm cho ngu đi như con ngựa bị che bớt mắt để chỉ đi đường thẳng con bò bị tròng cổ để dể dắc đi con trâu bị xỏ mủi để dể điều khiển , cho người dân xôi máu với những pha bóng vô bổ để quên đi chuyện đất nước bị tc xâm chiếm",,,
Tổ quốc ghi công :)),,,
Đây không phải giấy phạt vi phạm giao thông nhé.,,,
t thấy không hay dở hơn các bài trước,,,
Sully Hồ trend rồi kìa kkk,,,
Đit mẹ thua cái thể loại này,,,
Một khía cạnh khác,,,
"Ờ thảo nào cứ cán bộ, công an là bụng phệ.!!! 15tỷ usd bay đâu k thấy.",,,
Quỷ gọi quỷ gọi abe ơi ....,,,
Hồ Quang Huy sao có dc ảnh này v,,,
Thanh Lý Sim số đẹp--Giao dịch toàn quốc,,,
Wow 😂,,,
Chén kiểu cho cho coi cái,,,
Mixi cứ phải mười mười mười =)))),,,
Cij ơi chị đẹp quá ? Chị nói chuyện hay quá em ủng hộ chị,,,
Chị ơi em thương nhiều,,,
Ai nói nước Anh là trời Âu :),,,
Ae có kiếp này ko có kiếp sau ae ạ,,,
Kim Ngân sợ gần chớt,,,
Rồi vài bữa nữa đội bóng nam mà vô địt thì thể nào cũng xuất hiện vài khuôn mặt quen thuộc cho mà xem.,,,
Mình muốn nói một câu thôi : địt mẹ bọn sống ảo,,,
Anh peww thời trẻ trâu nhìn là biết mai này chủ vài tiệm bánh mì rồi,,,
So lo,,,
Suy nghĩ xem ngày mai ăn gì :),,,
Ý tao.là.bài báo kia kìa,,,
đã cố gắng sống nhanh,,,
Sống chậm thôi các bro :)),,,
Hong nói k biết ai luôn đó :)))),,,
0,,,
Lag thôi phải không tộc trưởng,,,
là con bạn ơi,,,
May t thấy chứ kh còn lâu nữa,,,
"Bệnh viện chứ kp khách sạn, thích thì vào tù mà ngồi",,,
Tao nói tao coi mà tao cười tao xỉu 😂😂,,,
Khiếp :)),,,
Anh 3 ngu vải ra hahaha,,,
"Đối vs tôi,",,,
Phát Đạt nói quá hay luôn,,,
Chả thế : ) dc mấy bài nhạc giai điệu lạ h thì hết rồi,,,
Hoá ra là đồng hương quê Cao Bằng của mình à 😳 giờ mới biết hiccc,,,
"Ủa chị xài cái gì vậy chị,chị có cái miệng ko chứ chị có đéo gì mà ở gần kho đạn vậy",,,
Hình như mình thấy con nhà nòi . Sao toàn đưa con ra ngoài đi du hoc mà ko hoc ở đây. . Ở đây nghe mấy sếp nói giáo dục đau có thua ai. Với lại mình cũng nhiều tiến sĩ. Giáo sư lắm mà. .,,,
Nguyễn Hoàng Sâm fbi,,,
Chúc Abe lên kim cương :v,,,
Đời không như là mơ,,,
Nhà trả có gì ngoài súng,,,
Đệ nhất cuốc sư thích mì gói hử.thật giản dị.,,,
nói chuyện vô văn hóa... bắn chết m giờ!,,,
Trang Quỳnh Nguyễn a đang mong mỗi ngày cơn dịch qua đi và có thuốc điều trị,,,
"dlv là cái lũ ko có não hơi đâu tranh chấp với tụi đó, tụi đó nói cái nào lòi ra cái ngu đó liền mà cứ thích nói, ko nói sợ ngta ko biết nó ngu hay sao ah :))",,,
"8x,9x,10x chấp hết :))) tôi còn nguyên full bộ album của idol đây này <3 bài nào cũng thuộc, nhớ số karaoke luôn",,,
Chị 3 sao có râu dữ dậy,,,
Chửi nhau rồi hả 🙉🙉🙉,,,
Chi ba là số 1,,,
Trần Thư quang trọng là người nghe có thấy hợp không nha bạn =)),,,
Fan cứng Thầy Ba,,,
Đủ ăn quanh năm chưa a êiii,,,
Nguyễn Thùy Linh @@,,,
"Rất thik sự chân thành, mộc mạc trong cách nói chuyện của cô ở thời buổi này. Ko tỏ vẻ, ko chiêu trò câu Like rẻ tiền",,,
👍,,,
"Bảo quản không đúng quy trình,còn đi kiện họ.Phạt cho thấy mẹ ra.Thử hỏi mua nước về,để trong khó nhiệt dô quá cao,độ ẩm quá lớn thì hỏi chất lượng nào chiệu nổi.""Thông minh tý đi bà con ơi""",,,
Nghe lời vợ là thành công à😂,,,
Ai bị inbox em tư vấn nhé,,,
Tk này dùng huawei chuẩn chưa :v,,,
Câu nói văn chương,,,
Phiền lắm. Cứ phải xem hài mặt thời gian,,,
Còn e khoe khách nhà e nè,,,
Rất tin tưởng sự lãnh đạo của đảng nhưng trường hợp của con nhung thì phải xử lý thật nghiêm bỏ tù ngay,,,
Phương Minn sau khi bạn nói câu này tôi biết bạn là 1 người biết nghe nhạc,,,
Năm sau đến lượt 2k2 rồi :)) sau năm tiếp theo nữa là 2k3 rồi đến 2k4 ờ và tiếp tục là 2k5 2k6 2k7 đcm nhiều vailon :)),,,
Trí thông minh không bằng đc người nhật! Nhưng mưu mô xảo trá thì có thừa,,,
Phương Nam facebook câm bán còn cô bán à,,,
Clip này lâu rồi,,,
K - ICM lúc này,,,
Xung thế,,,
Về nhà nhớ treo ảnh thờ t cao hơn tổ tiên nhà chúng m nghe chửa <3,,,
"Thương cô, mong cô nhiều sức khoẻ và vui vẻ",,,
"Bọn Việt cộng hầu hết nó khai lý lịch của nó xuất thân từ những gia đình thành phần là bần cố nông, mà bần cố nông thì đéo được học hành đến nơi đến chốn. Hậu quả là bây giờ bọn Việt cộng nó quản lý, điều hành đất nước như cái con C ! Ngóc đầu lên không nổi !",,,
Tuy là khai thác dưới biển sâu. Biết là tối tăm. Nhưng khung cảnh quá rối. Xem rất bực mắt. Cái hồn của con quái xem k có đã.,,,
Dù thế nào cũng kính chúc ông sức khoẻ,,,
Duyên Phạm wow để c tag c Nga nha D 😂,,,
mày biết củ cặc hong :v,,,
"Có fan ""phản động"" luôn bên các bạn nữ. Chúc mừng các em.",,,
Yêu xa khó lắm 😂😆🤣,,,
Cách tốt nhất để thoát Tàu là dân chủ hóa đất nước nhưng lãnh đạo Việt Nam hiện nay lại xa rời dân chủ.,,,
Zấn đề mà tiếc ziên mà tiếc ziên là coi như mà tiếc ziên,,,
Các chồng ngủ ngon đừng ib gái nữa em kh thích ❤,,,
Kỳ này mỗi lãnh đạo chắc chắn có máy bay riêng tha hồ mà đi!,,,
Mưa gió bão bùng,,,
bú cần thôi anh 😂😂,,,
đúng vạy đó anh,,,
sai quá sai :))),,,
Phan Xích Long b eyyy 😛😛,,,
chửi thế này là bthg đấy :)) chắc nó làm cả việt nam khổ vì nó câu chửi cũng chẳng lj được nó,,,
Thật sự vĩ đại ❤️,,,
Nói hay làm giở....,,,
Nghe bao cao su nhưng lại rất ba con sói,,,
Từ lúc cáo ra đời sói nhà mình cáu hơi nhiều :v,,,
Chậm thoi,,,
a xamlol qua,,,
:v bắt gặp ở đâu vậy br,,,
"TÍnh mở bán bao cao su, đồ chơi các loại chắc qua nhật zô hãng phim con heo xin phép mới đc bán 😒😒😒😒, em hổng có tiền đi nhật 😷😷😷😷",,,
Toang quá thầy ơiiii :))),,,
"Dân Mỹ muốn giàu thì phait đồng lòng yêu cầu tổng thống giết hết bọn ăn bám Việt Nam Cộng Hòa . Làm hạo tổn báo nhiêu kinh phí Mỹ, gánh nặng cho dân Mỹ",,,
Co ba tam long tot lam do lam phuoc nua,,,
Mat so chi roi cho e so chi lai di,,,
Phạm Dương mời con mèo mà,,,
"Nói bán laptop cứ lấy ra sài, ngta thấy r ai mua",,,
Nguyễn Thái Quý i,,,
Hình như là cầu nguyễn văn linh qua phước kiểng đúng ko . Lúc trc là 2 chiều nhé sau này mới là một chiều .,,,
trả đĩa bay tôi về 🙂,,,
i love aba ❤❤,,,
Lê Khanh kiếm tiền j dại vậy ba? 😅😅,,,
"Đôi khi, chúng ta phải chọn điều buồn nhất vì đó là điều tốt nhất cho tất cả",,,
Nó ở cái tầm Trất,,,
Tự vẽ đẹp hơn đi đặt anh ưi :))),,,
thâm,,,
AnhThu Dang tuong ma,,,
Khúc đầu nó lại khớp nhạc vãiiiii Nguyễn Hạnh,,,
Nhị Thắng flow nhaaaaa,,,
k tính tiền nhed,,,
Đơm chết mẹ nó liền :)),,,
Thấy hay thì hãy để lại 1 like nhaaaaaaaa 😝😝,,,
"Bác Dần mà k phản động, lập kênh youtube là phô lô liền. Nc nghe vui phếch",,,
iu cô 🥰🥰🥰,,,
Nguyễn Minh Anh mlem mlem,,,
Ban lãnh đạo lúc này :),,,
Mai Nam Hải thôi ra ngoài làm gì anh ở nhà phô diên kỹ năng cho mọi người xem chứ :))),,,
"Đúng là nhiều lúc trong cs cần có chỗ để xả, vì ngoài đời không thể chửi đc. Cam ơn ý tương hay vl. Địt mẹ ad ( chửi cho vui )",,,
A méo nên về nước thì mới đúng,,,
Give away đôi giày thể thai thượng đình giá 80k quán tạp hoá,,,
Nay bú hơi nhiều,,,
Lãnh đạo cũng phải có huy chương cho xứng tầm chứ.,,,
Hoàng Lê Bảo Trân đồng ý là vậy nè nhưng ko phải đi du lịch vào thời điểm này.,,,
Đạt mà xuân hết nghĩa là tôi củng mất :)))),,,
Anh ấy nói đúng rồi chỗ này a ấy ở không đc là đúng rồi đề nghị chuyển mẹ a tiệp vào nhà xác ở cho nó ấm cúng 🙂,,,
Ghép như này ác quá không thầy,,,
Tui đổi lại nha . rất thuyết phục. Ngắn gọn,,,
Tùng sói từ hành tinh khác đã bay vô thả tim 👇,,,
bắt đầu cây đen ngầu lòi rồi đấy à =))),,,
Các ông ns ch lj vs loại người này ns ch với vs nó chả khác gì mình ngang nó cả im lặng đi nghiệp từ khác đến thôi ae ạ,,,
Minh hieu dep wa,,,
Chưa bật lên xem lần nào -.-,,,
84% tham nhũng :),,,
tối nay chắc đi ăn tết tây ko về kịp =)),,,
"Đọc cmt nhiều bác đang sống và làm việc ở Việt Nam! Mà thế nào thốt đc lên câu "" cộng sản"" đáng buồn",,,
cô Minh Hiếu cute quá à,,,
Kính anh đi em,,,
Ấm lòng FA :),,,
anh hùng,,,
Mỗi lần thầy cười là e lại cười theo,,,
Đéo biết m nổi tiếng như nào nhưng thái độ m đáng tử hình,,,
Phương Mai cũng vẫn chưa cho THPT nghỉ,,,
Hnay k cần nghĩ cớ để off stream đâu anh ưiiiii vote off anh ưii,,,
Đồ  khùng,,,
đá lưỡi nhẹ,,,
Lương vừa đến cũng là lương vừa đi 🙁,,,
like đầu thầy ơi,,,
Làm ác sẽ gặp quả báo?,,,
sang xử phạt nốt mấy a Ộp pa vì tội ngày xưa xài nhiều CFC quá nhé,,,
cho abe tham gia với nào,,,
Khẩu nghiệp .,,,
Luc nao chi hieu cung dep,,,
"Trần Ngọc Duy dạ ý em nói 3 vé xem phim, hí hí",,,
"Chào bạn! Mình biết bạn đấy, 2 năm trước mình cũng giống bạn.",,,
"Nguyen Mai Thi Phượng Nguyễn Vie Nguyễn : trời má, dành cho bà Thi lun",,,
T lấy hh Sett 😂😂🤣,,,
hay,,,
Cmt dạo để kiếm anh ny cục súc❤,,,
"Lương sau Tết, còn đếch dc ứng cơ 😞",,,
Đm quả sì tai khiến chị em rụng trứng😂😂,,,
Gặp nhau cuối năm,,,
Con linh cá lóc là loại người không tha thứ dc.,,,
Đầu đuôi câu chuyện kết lại tên Nhung ơi là Nhung =))),,,
nhạt vl,,,
"Anh đi cách ly mà nhìn anh giống như đi du lịch vậy chắc anh ko bị gì đâu , mong nhà nước cách ly anh vài tháng rồi chả cho anh về với thiên nhiên",,,
chung may lam on doc ki di.Nuoc thai da qua su ly moi duoc chpo phep. Vl bao chi,,,
Dung Junn khúc cuối thì đống chân như bạch tuộc đó là râu đó b. Có 2 tay 2 chân. Mấy con quái bé bu vô râu của con quái lớn ;)),,,
Con mẹ mày. Nói mày là chó thì tội con chó. Mày còn thua con chó nữa tịp à,,,
Nguyễn Thiên Ngọc không hay hơn mấy bài trước :)),,,
Nguyễn Bảo Trung t cũng ko bt nữa,,,
yamete kudasai :))),,,
Sống chậm thôi m.n,,,
Trịnh Nam Long :)) phát biểu 1 câu cả làng vào chửi,,,
Nguyễn Phương cánh hoa nhé 🖕🏼🖕🏼,,,
Trời ơi trời ngạc nhiên chưa ông mười nầy ổng quánh người chết bằng tiếng nói của ổng đó Ui trời ngạc nhiên chưa ông mười nầy quảng cáo rất rất là nhanh trời trời tám bà chửi kg lại ông ta đó nhé,,,
Nguyễn Dũng nói như dị mới cần có Nỗ Lực chứ,,,
Đất nước việt nam bây giờ giống như trung quốc hồi cách mạng văn hóa quá. Bệnh thành tích và gia đình trị con ông cháu cha đưa lên.bất tài vô dụng tham nhũng chảy máu chất xám lừa dân. Tức nước vỡ bờ sớm muộn chúng nó cũng bán rẻ đất nước này,,,
Di 3 ơi.ai nói gì nói.mieng người ma.di 3 sống tốt vs lương tâm là dc rui.con thích cách NC của di 3.rat chân thật.,,,
linh khùng,,,
Tóc tai như cái lông chổi :v,,,
Lệ Phi Mặc hợp nhau thì cưới sẵn sàng thì cưới đơn giản vậy thôi,,,
Ai yêu thắm thì phải mang thắm đi khắp nơi chứ. Nhận in ốp cho mọi dòng máy (2D 3D silicon) và silicon iphone có sẵn. Liên hệ fb em hoặc insta _the.case để xem thêm nhiều mẫu nháaaa ❤️😘,,,
Kí đơn vay thì người này..... Còn trả nợ là người xa lạ thậm chí chẳng bao giờ biết đó là ai và cũng chả cần biết để làm gì thì....... Có nên cân nhắc hay trăn trở ko........... 1 nhiệm kì có mấy năm àh........ Thôi... Kí sớm còn nhận tiền sớm.....,,,
buồn nôn quá nè anh ơi :)),,,
Gần nhà em,,,
Comment dạo để đc fan cứng,,,
Uốn cho tỉnh đi thầy =)),,,
Linh Pig em lại đi trước thời đại rồi ngại ghê 🤣🤣,,,
Thảo Ngọc :))) tết là cm nha,,,
th đc r thầy,,,
quá đáng =))))),,,
Com lê chất lừ,,,
có ai cần mấy ông giải thích đâu má :v,,,
cái bọn cướp ngày thì muốn làm gì chẳng được,,,
Hồ Minh Danh nhể nhất hà tình mà:)),,,
"Bon nước ngoài này không thể tin thằng nào được,",,,
vô đây mà xem nha,,,
chủ tiệm bánh mì mà haha,,,
Trần Thị Kim Anh nhưng họ có tiền họ thấy đẹp được rồi haha,,,
Ủng hộ để cho quay lại thôi. Chứ bài này cx k hay cho lắm. 🙂,,,
"Đã tham mà còn đi với ngu thì ngồi tù là đúng rồi, cứ cho là thằng khốn kia nó ma ranh đi nhưng mà nếu thằng này biết khôn mà đề phòng thì là cái mẹ gì tới mức ở tù??? Tham thì thâm thôi",,,
Vũ đạo như nào,,,
Khoảng cách là gì mà ghê gớm vậy? Chỉ có khoảng cách trong tâm trí thôi chứ khoảng cách địa lý chả có ý nghĩa gì nếu thật lòng🙄,,,
t đồng ý vs cách này,,,
Sống chậm thôi mấy bạn ơi☹🙁,,,
Nghe nhiu lần Đi bạn,,,
Chi chua di mua chua thay lanh roi.,,,
bê đê sao yêu,,,
KHOÁI GHÊ,,,
Thì đã làm sao,,,
"Chưa ra đã thấy chán hơn , ngáo đét =))",,,
Tấc diêng là con vai Rớt này nó đi du học khắp thế giới thưa ví dị,,,
Lúc abe chưa sử dụng:)),,,
Tiểu ba vui vẻ nào,,,
Trung mê tính =)),,,
Là ng nổi tiếng mà cách ăn mặc văn hóa ko bằng thằng ăn xin,,,
a i love you,,,
Nguyễn Hoài Bảo Ghe rk na :)),,,
Bỏ tật đôi heo :)))),,,
Hôm bữa có tú probuild nay có aba probuild,,,
:)),,,
@Huy vlog I love chu cà mo💞 như ý tôi ko cần nói thêm💞,,,
Xin mấy thánh cho các bác mất ruột . A a rut ruột thảnh thơi..kg nghẹn lại từ trần,,,
Má y chang tối nào nó cũng đi tạo nghiệp Duy Phương,,,
Tâm trạng của các bệnh nhân đk truyền máu lúc này 😢😢😢😢,,,
Tiến Dũng cái này thì ko nc nào bằng việt nam rồi 😂😂,,,
Đuổi mẹ nó đi thầy,,,
EM NÓI CHỨ,,,
"Vậy mà có khối người vẫn gân cổ lên bảo dân mình có cần đóng đồng thuế nào đâu đó. Thua cả bò, bò còn được cho ăn mới vắt sữa, này phải tự nai lưng ra kiếm ăn mà sữa vẫn bị vắt đều đều.",,,
Chị 3 giàu nhức r,,,
"Có ai mua đâu mà cứ chốt đơn ,chốt đơn -- ừ, xem như là 1 cái gì đó để thu hút người xem ii nhg cứ vô đụng cô MH là sao , cô có nhắc đến tên gì đâu , nước hoa 2 chia có vài trăm là đồ giả chắc rồi , chai nước hoa loại rẻ  cũng gần 1 tr rồi , vs lại nếu như thật sự có rất n người mua ,vậy s o đưa lên cho xem ,xem có phải trog vòng 1 buổi live đó bán đc = với ' chốt đơn ' liên tục o , gửi bưu điện gì vài trăm triệu ? Tuyển gần 20 nhân viên ? Còn khúc kia nữa ' nếu sản phẩm lỗi  ,nhân viên e đền , còn k e đưa sản phẩm cho khách dùng lun ' nếu đưa sản phẩm cho người ta dùng luôn vậy có đền tiền sản phẩm o ? 12:33 nếu o ,nói chi tr  , còn nữa ' e o biết sao đến lúc e live người ta cứ mua wá tr ' ; ' e chưa bao giờ chửi khách ' ?? ...",,,
Trần Mẫn Văn thac mac thong tu moi va` giai dap :v,,,
Sợ thì thôi im,,,
Chi oi de thuong qua,,,
người luôn âm thâm theo e khi e phạm lỗi,,,
Di test Covid-19 di ong Tran Dan.,,,
như cc luôn ấy :v bài này view k cao đâu ~,,,
Ước,,,
vãi l =)),,,
"Thiện Nguyễn conchos này, im im lộ hết nhe",,,
Trần Đạt xin video đi ông,,,
Mãi yêu thầy ❤,,,
Trần Hưng Quân ra hn chạy grap đê,,,
Chọc ngta chửi cũng zui thặc 😊😊,,,
cho nó rít vài bi cần là nó ngoan vl luôn,,,
Độ lãng tử,,,
Sao nhìn 200kg dth hơn,,,
Hoàng Hải Khánh hôm nọ xem trên sờ chim,,,
Vl kết cây bút :)),,,
Tên nó là nguyễn văn dúi thì phải 😆,,,
"tuổi tre vn chỉ chờ cơ hội để loã thể , mất phẩm giá con người , tuổi trẻ vn bây giờ chỉ muốn làm thú , thờ ơ tất cả mọi thứ , nước mất nhà tan cho tụi bây tha hồ ở chuồng làm nô lệ cho tàu cộng , uổng công cha mẹ",,,
Lê Hoàng Trọng xin video,,,
Nhìn cứ tưởng bên TQ -_- Rợn cả người !,,,
Xin lỗi ông a. Quân đội cảnh sát ko nhận lương để ngồi không. Tập luyện. Dân ta có j để bức xúc mà biểu tinh. Đất nước này chưa đủ hòa bình để chúng ta sinh sống hay sao.,,,
Haha :(,,,
Mấy ông bảo thuyết phục ế còn làm màu đó hihi :)))),,,
Sống thêm 10 năm.,,,
đc anh ơi =))),,,
Gốc bự,,,
nghe vô lý nhưng rất thuyết phục :),,,
Nhiều tiền thì đi sửa cái mặt và đi khám bệnh đi,,,
Đúng là cháu cô :)),,,
Đâu đó trên fb tớ,,,
"Từ Sơn - Bắc Ninh , nơi dân chơi hội tụ Chu Minh Sang Lương Tuấn",,,
thần đồng toán học from Cao Bằng =)),,,
Chi ba song 1 doi nay ko hoi tuyet an doi o kiep co phut thi mai mai van giau sang con nhu e day ong ba cung ko thuong dat cac thi ko co,,,
"Lên mạng THÁNH thiện làm phước, miệng lỗ mồm long công đồ chợ búa, Có chồn lùi đâu múa lữa, ngáo aõ",,,
Cạn lời :)),,,
Cười xỉu😊 vui quá xá,,,
Nguyễn Phước PhúcPhúc blue của thầy,,,
Lại tưởng biến thái thì bỏ mẹ :3,,,
Họ thích ăn khác lạ cho là đặc sản nhưng ..... rút kinh nghiệm thì muộn.,,,
Quanh đi quanh lại chả hiểu cặc gì nghĩa là chả biết m có vòng vo hay không vòng vo . nói toàn mấy cái vớ vẩn lòng vòng đéo hiểu đk. Mà thế đéo nào lại gặp thằng nói nhiều vậy không biết nữa. Dm nói vậy đọc cả ngày cũng chốt lại vòng vo tam quốc . như tao nói mẹ ra luôn lòng vòng lm cái lồn gì.,,,
Cô hoèn acp cháu với ❤️,,,
Anh tao mà lại,,,
Nhưng lượt xem như vậy cũng nhiều rồi,,,
Refund vô địch nhưng tớ vẫn chưa vô được tim cậu,,,
ĐÃ BÊ ĐÊ RỒI CÒN BỊ BỆNH XẠO LỒN,,,
Đậu Quỳnh Nhi k qtam mà thấy tn khá nhiều,,,
Nen han che nguoi nhap canh tu nuoc ngoai,,,
Mình muốn đi học quá 😢,,,
Chị ba có cái loz bằng cổ tay!,,,
Đc thật sự luôn,,,
Đọc thì dịch từng chữ hahaha voai thật con tau hài cho thiện hạ,,,
Nơi chú có nắng nơi cháu thì k :))) Mùng 2/9 đón mưa bão chú ưi :))),,,
Abe tâm linh,,,
Hèn chi ai cũng thương bả🤣🤣🤣,,,
Đm,,,
Tuaz Hunq chữ G của thầy trong game là GG,,,
tái liên quán nhé :)),,,
"Xanh là nn, đỏ chủ đt , mấy con kia bank tím ông cụ",,,
- Có ai 2k5 là học sinh của thầy như tuu không ?,,,
Ăn ở không quá r hack f Anh của mị😪,,,
bố mày nhịn mày lâu lắm rồi,,,
"Hài, max hài",,,
ok tkay jao bar bezt daxau,,,
đúng rồi 1 có 2 không đợi đợi cc nhé 🤣🤣,,,
"CÒN CSVN LÀ CÒN KHỔ SỞ .PHẢI THAY ĐỔI CHẾ ĐỘ CSVN .KHÔNG THAY ĐỔI ĐƯỢC ,PHẢI LẬT ĐỔ CSVN .KHÔNG LẬT ĐỔ ĐƯỢC ,PHẢI ÁM SÁT NHƯ NGUYÊN PHÚ TRỌNG ÁM SÁT LÊ HẢI AN VẬY .ĐÂY LÀ LUẬT QUẢ BÁO ,DÂN NGHỆ AN RƯỚC HỒ CHÍ MINH GIẢ VỀ CAI TRỊ VN NAY BỊ CSVN GIẾT ...",,,
Những người khốn khổ :(,,,
Tránh xa nó ra anh em,,,
Gu của tao h cũng mặn vkl thày ạ,,,
Gà Rừng kí hiệu im lặng,,,
Hoàng Minh xin video ông ey,,,
Maria OzaBe thời còn chơi bê đê,,,
Đĩ quýt Tiền nhìn mat hãm,,,
Ơ tưởng intro trong ao làng sắp ra cơ bài này nghe lạ thế. Hóng bài kia phúc du cơ.,,,
B53,,,
"đem bom mà rải thảm cho rồi chứ bọn này nát lắm rồi, nó có phân biệt được những người phụ nữ như mẹ nó nữa đâu, ái zà",,,
.giống thực sự 😗,,,
", tết rồi đập heo thôi",,,
Chào chị ba đẹp quá trời chửi nghe hay quá trời,,,
Ráng làm ới già có nút kim cương thầy,,,
Chị Hiếu dễ thương quá.,,,
Tuổi thơ có a là điều mà k ai cx có đâu à hí,,,
Nguyễn Tom ho,,,
Xin 7 tháng 😅😅,,,
Hiếu Tuấn chú hiếu trốn dịch ở đâu thế,,,
Xin vd vs ạ,,,
"Láy lại đi ""chu cà mo"" láy đê",,,
đep qua ah chi ơi,,,
@Bach Trieu cfss,,,
Và ở 1 nơi nào đó nhân dân của quốc gia Caliphot luôn ủng hộ HK <3,,,
Anh trung vàng bạc 😂,,,
Chi chui hay em cam on chi,,,
Ngọc Nguyễn phim hay mà chồng tôi cứ sợ hãi các thứ 🙃,,,
Cất con mắt lé vào đi r nc vs chị hiếu,,,
Xin tộc trưởng hãy đưa lợn nghiệp vụ xeme hiếu lợn ra trận đi :)),,,
Tết 2015 của con em t. Nó sang nhà hàng xóm chơi xong họ bảo nó tóc mái dài quá về cắt đi. Và nó tự cắt luôn,,,
Ngoài những giáo án xịn sò thì đây là những gì anh em ta sẽ tiếp thu được từ thầy. Cám ơn thầy và xin đuỵt mọe thầy =))),,,
Ngửa mặt lên trời,,,
Thân Hoài Thương chưa nghe mà thấy bạn nói vậy thôi vào lm 1 cái dislike chơi vậy :)),,,
"không có tiền, thì sống làm saoooooooo :v",,,
đáng yêu thực sự❤️,,,
Chúc mừng người ae,,,
Ae chuẩn bị đi bán vé số là vừa,,,
Thích nhất màu da lúc về 😋,,,
Đông Lào on mod,,,
up youtube anh em cho lên Tab Thịnh Hành nào,,,
mọi người có thấy rực rỡ k,,,
chất quá a ạ,,,
764042556,,,
Sena thời niên thiếu :V,,,
Mất trinh =)))),,,
Ở 1 diễn biến khác :vv,,,
Khiêu dâm hay gì,,,
Tùng nói nhanh quá,,,
Hoàng Khánh Huyền bố mình đầy tiền nên ko cần,,,
chi co du luan vien viet nam don mathoi,,,
Tân Nguyễn gấu mèo bắc mỹ hay sao ế,,,
Về già cũng stream luôn nha anh ơiiii,,,
Thầy xạo lol hả thầy,,,
Ido trở lại,,,
"Tối thiểu phải giữ lại 33% thì mới đủ xây dựng hạ tầng cơ bản, hơn 40 năm bóc lột dân SG chưa đủ sao? Những ngày đầu tiên tràn vô chúng đã vơ vét số tài sản khổng lồ để cõng ra ngoài kia và cứ tiếp tục chúng xẻ thịt hàng ngày, cao tốc ở TPhcm k đủ phục",,,
Full sao có 30p v :(,,,
Cực kì thuyết phục !!!,,,
không phải 201 nhưng nghe anh chúc cảm động khóc tu tu :v,,,
chi em un ho chi chuoi linh loc,,,
Ko đc nổ súng trước khác ko đc nổ súng nhé,,,
Chúc kênh của thầy sớm đạt 1tr sub nha,,,
CHỈ MONG TRỜI XANH TRÊN CAO SOI THẤU XUI KHIẾN LÃNH ĐẠO TẤT CẢ CÁC NƯỚC TRỪ BỌN TRUNG QUỐC ĐUỔI HẾT BỌN QUAN VÀ CON CHÁU CỦA TẤT CẢ BỌN ĐẢNG VIÊN CS KO TRỪ MỘT AI _ KỂ CẢ HỌ ĐÃ RA KHỎI ĐẢNG RA KHỎI CÁC NƯỚC KO CHO CƯ TRÚ KO CHO NHẬP CẢNH ( KO CHÚNG,,,
Việt nam lúc này,,,
Cảm ơn anh,,,
Hưng Lê rất chi là đúng,,,
Huỳnh Châu,,,
Má tóc trắng diễn hơi sâu rồi đó 🤣😅,,,
Phong cách lợn viên đây.,,,
Khả năng thằng ad chỉ có thế. Thông cảm,,,
Bê đê má ơiiii,,,
Nếu kiếp này mình không duyên không nợ thì đụ nữa đi anh,,,
Ngô Tuấn phục cái máu lồn,,,
Mọi Người Cứ Yên Tâm..,,,
nguyễn chi đọc cmt mà haiz vkl😂😂😂,,,
Ngủ deodcroi,,,
Ra khỏi chỗ cách ly rồi lấy đốg gạch🧱🧱 từ dư luận về xây biệt thự ở cho bớt ngột ngạt,,,
Hết cái gì?? Miễn là cộng đồng LGBT thì mời thôi. Bạn có vấn đề à.,,,
Tôi chả thấy cờ của nhân dân VN ở đâu cả,,,
tao không biết tiếng thái mà t lại hiểu đc bức ảnh này :'v,,,
bk fb thât của cô k mấy bạn,,,
Diem Chau,,,
Ma no,,,
Lúc nào tui cũng ủng hộ dách 💁,,,
Mv đậm chất đầu tư,,,
Trừ nói tục ra cách nói chuyện rất dễ thương lắm áo vàng ơi.,,,
Châu Hạ Nghi cđ nhâyy,,,
Hoàng Vân nhớ không lầm chị ở Cầu Giấy 🤒,,,
Ae nói gì đi😂,,,
Ngày trước đi đài loan làm lđ và đã học dc nhiều thứ từ bên đó,,,
Clip này là sao vậy mn . Là lúc chưa xin lỗi hay xin lỗi rồi . Lúc xem nó xin lỗi cúi đầu tạ tội mình thấy xót và xin mn bỏ qua,,,
em ck tăng thanh hà :)),,,
noooo my david504,,,
Cộng Thành 3 que thất học muôn đời sủa,,,
Thị Trung,,,
Lớn vậy rồi chứ không phải rầu nha đũy ơi =)))),,,
Con me gia mat day vo van hoa,,,
page này bị bán rồi à,,,
Chú ngủ ngon :33,,,
Đã đến lúc thử độ bền của nút haha rồi 😀,,,
Tội anh be🤣,,,
Gửi nhờ a hàng xóm :)),,,
Ăn cơm đạm bạc thôi các bạn...?,,,
chi dep that,,,
"Bao giờ bác ""Dần"" mới live stream???",,,
"Tôi vừa đỗ tốt nghiệp , các ông nhường tôi để tôi làm streamer đi",,,
Có khi nào đây cũng là cơ hôi làm giàu cho mấy ông mấy bà tay to,,,
OK luôn,,,
Chân thật sao giục 120tr cũng minh hiếu,,,
K-ATM cao lãnh đi cùng gia đình mixi 🤣🤣,,,
"xuống cmt toàn trẻ con cmt cực kì tp, chán, chẳng lẽ muốn xem 1 bình luận hay ko đc sao?",,,
"8:55 Tại vì ngta ganh tị. 1 là ko đẹp bằng mình, 2 là người ta xấu hơn mình 😆😆😆 cô biết cách tách ý ghê",,,
Võ Minh Hiếu xin video bạn ơi,,,
Ok anh ba,,,
Phan Eric đang zẩy vợ nhìn phát im luông =)))),,,
Một thanh niên rảnh lol cho hay. Dkm nhà mày nó có tiền nó có của nó muốn làm sao nó làm nó ko bỏ ra 500tr nó quyên góp nó kêu gọi quyên góp thì lấy lol đâu ra ng quyên góp thiết nghĩ mày kêu gọi quyên góp thì chắc đk đồng lol nào mà phán loại mày nổi tiếng như nó chắc j đã cho dân đk đồng lol nào . Nên đã ko có cho thì đừng đáp cứt hội đồng rảnh lol,,,
Thích mấy bác chống Cộng này thật ^.^,,,
Cảnh Sát GiựT Tiền = CSGT,,,
phuc NObi ne.troi sinh nguoi ta da vay roi.k thong cam thi thoi.dung co noi bong nay bong no.ky lam ban.bo nge.🙄,,,
Ủa lạ ghê khó hiểu ghê,,,
Thanh niên chuẩn soái ca.cứ thế mà phát huy nhé...,,,
tây nó đơn giản lắm.chết vài người có sao đâu. dân chủ vl mà.,,,
Ngọc Tính vừa thấy thông báo rồi vào luôn mà đã hơn 7k r,,,
Mình thích thì mình làm thôi,,,
"Một phiếu bé ngoan, về chỗ 👏🏻👏🏻",,,
Be đổi tóc măm Tết à,,,
Gil muôn nơi :)),,,
"tự kiểm điểm, có cái éo đó cứ làm hoài",,,
Vãi lol bác.kkk,,,
Chập chững mà nổi tiếng và có nhiều người xem live hơn mày,,,
"Trần Mai Phương âm tính rồi mẹ , thời tiết này ai chả ốm",,,
Chuẩn bị có liveshow ca nhạc tối nay nhé các bác :v,,,
Giống thật,,,
El Shin xin clip bạn ơi,,,
. Mở Miệng Ra Phật Phật.... Mà Đỉ Lol Này Nọ... Ô Ế Cửa Phật,,,
cty e lam khuc Thường Tín,,,
Quỷ gọi quỷ gọi abe ơi ....,,,
Má thuộc loại nhiều chuyện. Trai không ra trai.gai không ra gái.ma bay đặt lên làm live chim ma.,,,
Yêu,,,
Đéo ai đùa như thế,,,
"Vậy đù má thằng ad chó đẻ, ko có trái tim vì ko cứu đứa bé, ko báo CA, ko kêu báo đăng. Đù má thằng ad",,,
VỀ BỜ THÔI AE ƠI - VÌ TẾT CÓ BÁNH CHƯNG NHÂN THỊT !!!,,,
"Philip lấy dữ liệu đâu vậy ad...tổ chức cái giải ao làng còn đéo có tiền,vũ khí thì ko có cái j ra hồn.Dữ liệu thế mà bọn 3 que nó tin được.Chứng tỏ bọn chống cộng toàn lợn",,,
nó là beat free trên youtube.,,,
Nhật Minh funkym với chính anh độ làm lộ đchi mà =))),,,
"ĐCS hay VNCH thì cũng là người Việt, Mỹ đã kích động chia rẽ thành công trong quá khứ, thời bình rồi mình tìm về với nhao đi - chủ nghĩa dân tộc mới là trên hết ❤️",,,
tiên chi trần dần ăn mì goí mà ₫i quyền dẻo nhỉ 😄,,,
Người gọi đây là truấtttt'sss :V,,,
tối thiểu? 50km/h -_-,,,
chả thế thì sao,,,
thay im me mom di,,,
Dân InDo ghép chuẩn vl,,,
Nguyễn Văn Thiện chậm cdmm,,,
Thấy bảo view vượt cả Sơn Tùng nên mò vào xem.nhưng thấy chẳng hay gì cả,,,
Được a ơi,,,
Ông cho tui chém ông ba nhắc có chết nay kg ba ve nói chuyện buồn dụ o nhe,,,
Quang Huy ?,,,
Đúng là 1 con quỷ đầu đàn của mu :)),,,
Đợt này ko hội ba vạch diễn,,,
làm thật đó hả thầy :)),,,
Bóc lột còn hơn cả bọn Thực Dân nữa !,,,
Ae ơi...! Cố lên Việt Nam ơi 😍😍,,,
Vũ Nguyên Dũng xe dịch vụ thời này nguy hiểm quá,,,
Triệu chứng ghê quá,,,
Treo phòng vệ sinh nữa hả 😑,,,
Duyên hơn chữ duyên ❤,,,
vcl cà khịa =))),,,
Việt An Dùng vào lúc nào nó cũng thẳng đứng như bút chứ =)),,,
Phim rất hay nhé mọi người ơi 👌👌👌,,,
Bạn nói chính xác lắm Cho đến thời điểm này mà người ta dẫn còn có quan điểm trọng nam khinh nữ phụ nữ chúng em đã đạt giải vô địch SEA Games năm lần rồi mà chưa được thủ tướng trao tặng món gì hết chỉ tận đơn giản 300 triệu Vậy là nhiều còn nam nhi U23 22 Họ tận tiền tỷ không hà nhưng chưa đạt được huy chương SEA Games năm nào,,,
Khi ba rọi công khai giới tính 😆😆😆,,,
From Cần Thơ with love ❤,,,
Tức nhiên là... tức nhiên là....tức nhiên là........,,,
Yến Tây mẹ cháu tạo hình hơi bị ấn tượng. 😂,,,
Nhạc nền là bài gì v nhỉ,,,
Có văn hóa nhưng hơi tục nhé bạn.. Bạn địt AD chứ đưg địt mẹ AD..,,,
Có diên chet lien :((,,,
đúng dân chơi Cao Bằng =)),,,
Nó nói nhảm cái gì 1mình tao .tao ko hiểu 😐,,,
M tính chơi bê đê à,,,
Hôm nay tộc trưởng đăng hơi nhiều đó nha,,,
Phuvinh Pham cô bị liệu,,,
:))) làm tui tấm trả công,,,
k live a` thay ????,,,
"Mình thích nhất bộ đồ này của cô . Vì quá yêu cô nên mình video về cô . Ban đầu mình đóng vai người mà cô ấy chửi , lúc sau vào vai người bạn , người em . Mọi người trong cộng đồng ủng hộ mình nhé . Cám ơn MCV media đã đưa những hình ảnh này lên làm nghị lực cuộc sống cho LGBT .",,,
Huy Minh Nguyễn im mỏ,,,
dm một công đôi triết lí,,,
Lôi huyền thoại ra so sánh với con gà :v,,,
Mỹ Nguyễn Phuong Nguyen cẩn thận nghe,,,
Hôm nay mình bỏ liêm xỉ ra xin 1 kile avt ạ !!,,,
Quang Nguyễn Đức lây chắc còn hơn cô Nhung 17 ý chứ,,,
Bà này thèm chích thiệt,,,
Bên tàu+ chắc chắn cũng có giải cấp nhà nước này 🤣🤣🤣,,,
Nhìn là muốn thông đít anh ba ghê dị á kkkk,,,
Abe như này thì bĩu sao hk trò nó không thành ra như vậy.e chán Abe quá mà,,,
Bệnh dịch thì xem phim này nhé,,,
Đeo khẩu trang vào,,,
Anh em theo tôi bái sư học đạo. Tầm này học thần quyền môn thì corona chứ bố corona cũng k ăn thua,,,
"anh em đừng nóng, mình bắn nó trước thì mình sẽ mắc mưu khích tướng của nó blabla",,,
Nước mắt em lau bằng niềm tin mới 😶😶,,,
Tutu hoy mấy man,,,
Ae phú thọ k.phải lo,,,
Nhin mat la biet Đai Du roi...chư đai gia noi j...vang da thi có..no wa pd oi,,,
Vay nằm vay lốn :),,,
Thích Bị Hôn,,,
Thằng nào mạnh chẳng muốn ăn thằng khác. VN lúc có quân đội mạnh tí nữa thì nuốt đc thằng Cam kìa :)),,,
Hay quá . Trk toan thức để xem a độ like trym . Jo đi lm chả có tg nhưng nghe dk bai rap lại nhớ . Lúc nao xung dk vui khi xem a like . Chúc a thành công hơn nhé . I love bộ tộc mixi 😂😂😂,,,
Hello cả nhà,,,
Bọn này bắt trend sau tao 20 năm 😒,,,
"thì nó cũng lớn rồi đi đạp xe cùng lũ bạn có gì sai, ko lẽ là ba mẹ thì lúc nào cũng phải kè kè bên nó cho đến khi 18 tuổi, bố mẹ nó phải đi kiếm tiền nuôi nó chứ, không lẽ bạn có con cứ nhốt nó ở nhà 24/7 ra đường là bạn đi theo nó, có lẽ bọn bạn bè n",,,
Ad méo biết thì thôi. Tầm nhìn nhà cơm sườn nó phải 1000 năm nữa mới thấy cơ,,,
Cổng thì xấu vcc ra,,,
Linh Chi nhạc của Jack trước giờ luôn có đặc thù như vậy nghe lần 1 chưa hề qua lần 2 lần 3 mới thấy oke duyệt ❤,,,
Trần Huỳnh Như hổng mượn,,,
T vào đọc cmt chúng mày buồn cười chết mẹ =)))),,,
Thẻ hành nghề,,,
Nguyễn Thị Bích Nhu Đú trend nè chị ơi. Trend này hợp với m.,,,
"Đúng rồi, giáo sư tiến sĩ thì làm việc trên giấy, công trình nghiên cứu thì xếp kho lấy tiền nghiên cứu.",,,
Do Dat xó nào cũng có mặt anh 🙄,,,
Đạt Tiến mé cái bụi cây khó phát hiện ha :))),,,
Phước của nhân dân.,,,
VN mang nặng ơn nước Mỹ đã rộng vòng tay chứa chấp đám thần kinh này.,,,
"hello Homies , hahaha Minh Vương",,,
Năm mới zui zẻ nha mọi ngườii ❤️,,,
dỗi thực sự (((,,,
:)))))),,,
Anthony Mark tiên nguyễn :))),,,
Nguyễn Thịnh quá đáng,,,
"Cho hỏi ngu chút nha mn, cô là người thuộc LGBT hay là sao ạ?",,,
Chuẩn bị xoá kênh nhe thầy.,,,
Buồn cho thầy,,,
"Viết thì ai mà ko viết được,trừ người ko biết chữ.đây biết là lời của ai 😂😂😂",,,
Bố láo là chính sách phải tuân theo của các Đảng viên Đcs !,,,
Bác có face của tiên tri ko . HAI VỤ 😁,,,
Xa tít đằng xa tít đằng xa,,,
Lạnh rồi nhớ mắc ấm nhé các bạn,,,
vcl đấy,,,
Vỗ tay vỗ tay :))),,,
Hơi giống,,,
Lê Ngọc Ánh hấp dẫn vãi nhái,,,
Mi Uri bịt bọc cẩn thận nha mậy.,,,
Gờ đa gông =))),,,
"Thím ad tập hợp lực lượng thức tỉnh cho dân đi, chúng iem đang mong chờ ad từng ngày =))",,,
Vy Ly Nhìn dô hong biết cái lồn luôn á bé,,,
nhiều người k có khiếu hài hước nhỉ ~~,,,
Ui anh em sống chậm thoi,,,
yêu ghê trời ơi❤❤,,,
Thanh Trẻ Trâu đm :)))),,,
Hello chi,,,
😥,,,
Hnm,,,
Chúc a dộ năm mơdi vv,,,
Sao chi khong chui di,,,
Chị 3 có khuôn mặt của anh ba khía,,,
Đình Quang ok,,,
đến xin lỗi mà cũng ko đúng người ..! .xin lỗi mấy anh giao thông chi ?,,,
Kể cũng lạ k có biển lập ra hẳn bộ hàng hải làm gì trong khi VN nhiều biển thế mới có cục hàng hải,,,
"Tình yêu là khi bạn yêu 1 người thật lòng thì bạn sẽ yêu luôn cả vợ và con anh ấy, mù quán vcl 🤣",,,
Rõ là ad hi vọng điều đó ko bao giờ xảy ra,,,
ko cái dại nào bằng cái dại nào :((,,,
Chị nc có duyên quá chòi kaka,,,
Quả giọng truyền cảm vl anh tôi =))))),,,
Chi hieu nhin kg ai biet chi bong dau chi qua dep,,,
Phương Thảo :)) gkee,,,
Thôi dmm khỏi làm đi. Để dân bọn tao đi ô tô khách cũng dc.,,,
Luyen Tran y/c đat nước đang yên ổn Anh cọp đừng về,,,
Cầu giấy có gần Bắc Ninh ko:(,,,
Rồi thầy ơi,,,
Tú ơi cứu abeeeeee,,,
Trần Dần chào hỏi trân trọng quá!  Tự PR hay quá!,,,
Vùng đất thú cưng chưa có nút bạc ăn tết thầy ơi :((,,,
Tuấn Kiệt,,,
May hong biet nhuc ma may con lay chim nua nhuc qua.....,,,
Nói ng ta đã ròi nói em honk có nói :)),,,
Nói mà không so sánh thì khó. Nhưng không có kATM nhạc nó k bắt tai cho lắm. Dù sao cũng ủng hộ 1view và 1disslike. Thôi tao đi hóng tin của Sếp đã,,,
Hôm nay mình bỏ liêm xỉ ra xin 1 kile avt ạ !!,,,
Yêu chẳng biết được lâu không mà bảo cưới :((,,,
tìm hiểu thông tin ông này!,,,
Cac ban thay kg con nay kg bao gio xin loi that long no lai chui nua thay kg cac ban vay thi cac ban co tin va tha thu cho no duoc kg,,,
Quảng ngãi vẫn chưa cho học sinh THPT nghỉ,,,
bản tin nóng ngày hôm nay : việt nam sẽ trở thành siêu quốc gia trong 10 năm nữa!,,,
Chị chửi là để cứu nhân độ thế 😂,,,
98 mà nhìn như cô mình vậy 😂,,,
Haiz,,,
Chi chủ hay lắm đó chị em yêu chỉ,,,
Phương Noble's hóng =)))),,,
Mẹ ơi. Con là đứa con bị thất lạc của mẹ 18 về trước... Còn căn nhà nào bỏ trống ko mẹ,,,
Chơi fb đi con chó để ng dân thấy bản mặt thật của mày thằng chó,,,
"Thắc mắc, trong khuôn viên? Vậy xe kia nằm đó là trong hay ngoài - cần cái dẫn chứng? Thứ 2, nguyên thủ QG vào thì sao? có đc chở vào trong ko? Vì đây là nhà ga, còn sân bay cũng cấm mình thấy đoàn xe nguyên thủ QG hay tiếp đón cũng chạy tới nơi máy b",,,
Bảo Tín ngất. Con đấy đã khiếp lắm r còn con này nữa thì biển đà nẵng k dám đi,,,
Con này hết thuốc chữa. Động chậm vùng miền,,,
Trịnh Nam Long sống nước này nước kia. Nhưng quốc tịch VN. Người VN ko lẻ bỏ cho chết trên đất khách à. Lỡ như người đó là con cái hay vợ của bạn thì như thế nào.,,,
Chuẩn người miền tây thật thà chất phát,,,
Bài này là thằng Phèo nó hiếp con Mị mà con Mị tưởng là Lão Hạc nên là dìm chết Lão Hạc xuống sông Hương chị em Liên từ xa thấy kêu cứu và A Phủ lấy chiếc thuyền ngoài xa qua cứu Lão Hạc rồi Xuân Tóc đỏ từ xa thấy con Mị như vậy nên thương Mị lấy Mị về làm vợ,,,
Chị gặp con linh lóc chi đánh cho nó te tua ra nhé,,,
Bả không biết người ta mà bả chửi như đúng rồi dị á. Mãi mãi fan cô hiếu,,,
Võ Thị Quỳnh em đầu thai c ơi. Hahhha,,,
Quỳnh Nhe,,,
"giờ đi xklđ cũng phải đóng bhxh nha, đảng ta tốt bụng lắm, lo cả cho lao động ở nước ngoài, đkm :v",,,
Oke Bây Bê,,,
Vực kì hợp lí và đầy thuyết phục,,,
Link :))),,,
Nói chug là tạm.. k hút bằg mấy bài trước,,,
vì vậy các bạn cứ ở ngoài đó nha. đừng có vô trong Nam này làm gì. hít bụi mịn như hít cỏ Mỹ vậy đó. hèn chi phát phát biểu ra là biết ở đâu liền ah !!! 🤣🤣🤣,,,
Một triệu lai😗❤️,,,
"Vả vô cái mỏ loz mày bây giờ, thứ học sinh trời đánh",,,
Hiền Nguyễn chỉ có người mua lầm chứ người bán rất ít khi lầm,,,
Haha A Lân hiểu tâm lý Fan của Dần Ca quá ... Toàn hỏi những gì tụi em muốn hỏi =))),,,
Ai lớp du chu cà mo...hông ai làm lợi cô tao,,,
lên là lên bạn ơi,,,
Anna Nguyễn Nếu ra một bài nghe có chất miền Tây chút giống như 3 hit đầu thì hay biết mấy.,,,
mai đến mua khô gà có dc chụp ảnh cùng thầy k ạ 🤣,,,
Ơ có nhây đâu. Là do nhớ nghề mà,,,
Idol em 🤣🤣🤣 kiur này loot thính chanh nhau,,,
:(( lại phải đi à. Mệt lắm rồi đấy,,,
Hay lm cô hiếu,,,
Lời phát biểu của bác dù sao thì cũng ấm lòng dân .vn chúc bác thật nhiều sức khỏe và cũng mong bệnh dịch sớm bị tiêu diệt toàn dân vn cố lên,,,
Dễ thương thiệt,,,
Dăm ba con ảnh,,,
Để nhất quốc sư Trần dần,,,
như lon,,,
Cưng ghê,,,
Một nhà sư người Thái Lan đã said :,,,
"Lớn vậy đi fan cu tùng sói, vãi thật, thương yêu nó đc rồi , già đâu fan đứa cháu vãi lờ",,,
Admin ban bỏ những thằng câu like chúc năm mới giúp với. Dị ứng bọn này vl,,,
Bọn mù quáng 😌😌😌 dịch như này bọn nó ở nhà cày view....,,,
Cứ tưởng quốc sư hy sinh rồi,,,
Nhà tiên tri vũ trụ dợt này già qá chúc ổng thượng thọ ak,,,
Có giáo án ms tui idol của thầy =)),,,
Sắm đèn lồng đi chơi trung thu nào ae,,,
Ông bà ta có câu giang sang dễ đổi bản tánh khó rời. Chùi cho đã đi xin lỗi tiếp nhe,,,
Noel vui vẻ,,,
Má dơ vl =))),,,
Thằng admin hết tin tức để đăng rồi à.đkm thì kệ mọe nó,,,
Nghe anh đọc xong gầy cả người 😕,,,
Giúp mn ơi,,,
Suốt ngày bị mang gương mặt thương hiệu đi quảng cáo,,,
Anh Trung tự tin 😎,,,
Thoi lm vé thăm âm phủ,,,
Tập come out vui vẻ và tươi tắn nhất mà tôi từng xem,,,
chụy này có cần sđt chùa ba vàng để giải nghiệt ko ta,,,
Kết bạn +ib nhé. Coi chứ tâm sự j tầm này.,,,
Lên yt xem react dễ thương lắm luôngg =)))) còn có chuyên gia phân tích này nọ nữa. Quả vid này hơi sợ =))),,,
Khánh Tướng Quân đã xem :)),,,
Ae năm mới zui zẻ hông quạo nha ❤️,,,
"Nỗi lòng của mấy đứa hay ỉ4 dạo, cần lắm những tấm lòng có ý thức 😊",,,
Cám ơn thầy ạ,,,
Người việt hai chiến tuyến là trong cuộc nội chiến những đều là người việt  hãy yêu Việt Nam dù người ta phải sống ở đâu dưới gầm trời.  này,,,
Của em bị lỗi gì rồi á Thầy ??,,,
Hợp thì mình cưới thôi anh :))),,,
anh chảnh chó thì cho anh chết mịa anh đi. Nhìn mặt anh như l**,,,
Tiên tri vũ trụ Trần Dần quả này covid nó thịt,,,
Ơ. Có nhạc à. Top à. Tao còn đéo quan tâm,,,
Phương Thảo chắc để đi vệ sinh cho tịn đó mà,,,
Chàng trai sau này :]]]],,,
Anh độ trông chồng em kiểu gì dạo này hơi hom hem đấy nhá :))),,,
Cực kì thuyết phục😌😌,,,
"Điệu nhảy của thầy rất đáng để học hỏi , rất hay mong lần sau thầy đừng nhảy nữa..",,,
Năm mới thầy còn chơi bê đê nữa không thầy ?,,,
Nhình anh quay phim đẹp trai quá. Lím lím gì vạy,,,
chị vẫn cứ là xinh đẹp 😻,,,
Dăm 3 đồ yêu,,,
Chi này quá mất day,,,
Trai miền núi có làm em đắm đúi ?,,,
"Nói kiểu bình dân cho dễ hiểu thằng ăn cướp mà còn mang huy hiệu Đảng thì phải tin nó chứ , không tin nó thì coi như đứng về phía thế lực thù địch tức là thân địch tức là chống Đảng rồi vì Đảng không có thói quen làm từ thiện chỉ thích nhảy Vào Vớ Vét Về thôi nhé .",,,
Con quỷ này nó dở quá a c e  đừng nói tới nói mở miệng ra là cái đó không,,,
giáo án của thầy nè :v,,,
Có ng nghĩ đây là câu chuyện buồn,,,
hài,,,
"Chưa có kết quả bọn ko hiểu gì phát ngôn ngông cuồng , giờ có kết quả quả rồi sao bọn nó câm hay trốn đâu hết rồi",,,
Mấy người này là con cháu của tụi bán nước chứ ai nữa. Đem vàng qua Mĩ mà hãnh diện hả?? Vàng của ai?? Tiền vàng cũng của người Việt của đất Việt mà lại hãnh diện ghê. Tụi bán nước tui trộm cắp.,,,
"Cảm ơn A & các thành viên trong Refund. E biết mọi người đã làm hết sức mình, sau giải này chắc mọi người trong team sẽ biết mình lỗi ở đâu & sẽ fix lỗi đó để sau này comeback cực mạnh 👍. Luôn ủng hộ A & mọi ng dù kết quả có ntnao đi nữa. ( Đôi lời của E theo dõi team 2",,,
page này bây h toàn chửi sai =))) đk cái đọc cũng mang tính giải trí cao =)),,,
Trương Thế Việt sau vác By về cho Bún chơi cùng 🤣🤣🤣,,,
chuẩn là ngon ngọt nước luôn,,,
Binh nhì 3/ (tốt đen). Tổng Tụt là thiếu úy,,,
Cho con xin vài tỷ thay khớp đi cô ba vàng,,,
Là sao bạn,,,
Hoài Ngân chụp hình tianf đưa kiểu ni thôi,,,
Hay lắm thầy,,,
Trường hợp này ở địa phương khác kêu là gì ko biết còn địa phương mình gọi là khùng á,,,
Hợp lý nhưng rất hư cấu 🤣,,,
Em góp ý cho ad là mình nên lượt bớt những chi tiết không cần thiết để người xem đỡ chán khi xem video vì nó quá dài,,,
Ad à thanh phố hcm cái củ cải. Kêu sài gòn đi nghe cai tên éo ưa,,,
Vô tư vô tâm hồn nhiên combo tuổi thơ,,,
"Nước hoa 3tr bán 3 trăm,  tặng thêm nữa bán lỗ hả",,,
Hoàng Thanh Trung xin video vs ng ae,,,
Heloo abe,,,
buồn chẳng muốn nói,,,
"Lò A Kí thôi xong, no more ra ngoài :<",,,
"Mai là tròn 14 ngày kể từ hôm đó, hi vọng ko sao😌",,,
Danh cho banh cai lon luông con lin loc,,,
Nhi Nguyen tạo dáng cánh hoa 😂😂,,,
Cẩm Nhung tạo dáng cánh hoa mới nha,,,
"Thảo Lê mình cũng rất ghét bạn Nhung đó nhưng bạn nói vậy cũng ko đúng. EU cũng đang là ổ dịch, khách cũng đi từ EU về. Chuyện lây từ Nhung hay có sẵn trong người là ko thể biết được. Mình ko bênh Nhung, nhưng nói kiểu chắc chắn lây từ Nhung là ko đúng bạn nha",,,
Xin thầy xin các bạn cùng lớp giúp mình với 😥😥😥,,,
Bắn ngu quá mấy thằng em cho ở nhà trông sói ! Chán Độ vl,,,
ok a ơi,,,
Chúc mừng Hồ duy Hải và cám ơn vòng tay của luật Sư luôn sự sáng suốt của công lý,,,
Buồn nhỉ,,,
Linh hồn của team có khác :v,,,
"Ngày xưa , chắc chắn mẹ của ông de ông rớt trong kho bom 💣 kho đạn gì gì đây nè.",,,
Đã full ảo hình. :>>,,,
Nguyễn Giang,,,
👍😆,,,
Chí Nhân đuỹ moẹ :)))))),,,
"buồn thực sự , mãi không được làm fan cứng 😞",,,
"Con lợn ad , thế mày định làm gì ? Vác súng ra biển đi , đừng vác bàn phím mà sủa theo lũ ""dâm chủ"" nữa nhé con .",,,
Câm miệng,,,
Trần Ngọc Bảo Thiên Kỳ Duyên Rou Duan Phuong Tu Tran Tuệ Hân vài bữa xin vào đây làm nè :<,,,
Giống nhau như 2 giọt nước mà chỉ khác mỗi khuôn mặt =)),,,
Ái Vy nghi lames à,,,
sau siêu phẩm chiếc quần chờ một phút của ông typn đây là chiếc quần không cần chờ giây phút nào,,,
Ae sinh đôi,,,
Nũng yêu ghê,,,
Cậu Mạnh có mùi cà khịa đâu đây,,,
vãi so sánh. tuy chẳng ưa j bọn lãnh đạo nhưng phải thực tế 1 tí. đường trong tp mang ra so sánh với đường sa mạc -_-,,,
Nói gì tào lao kg,,,
Khong sao a ưii,,,
cảm ơn nhà tiên tri đã đem đến niềm vui cho nhân dân trong mùa đại dịch này,,,
tại đây chắc là lần đầu ổng theo phong cách này nên có nhiều người chưa quen và thấy nó còn mới. Mong MV lần sau xuất sắc hơn,,,
Bọn nghe theo : Nước đi,,,
Nó xui vl,,,
Chúc ae năm mới vv,,,
"ô nhiễm ở cái thành phố Hôi Chết Mẹ thì nó bảo là sương mù xuất hiện đẹp như Đà Lạt thứ hai, còn ở Hà Nội chắc đẹp như Sapa, ờ thì Đà Lạt với Sapa nhé",,,
đặc sản của Nhật: Làm sai xong cúi đầu xin lỗi =))),,,
chi ba dep het tuyet voi,,,
Con này vừa xấu người vừa xấu nết khẩu nghiệp nó lại nặng nữa chứ,,,
Chén mẻ chứ chén kiểu mẹ gì,,,
thề nhìn giống anh pew vl mà anh cứ bảo không phải,,,
Nhìn hơi dơ thầy ạ,,,
và đây là những đứa đéo có não :),,,
Các cháu thấy ông đã ngầu chưa. Đc đóng táo quân với các nghệ sĩ nổi tiếng luôn :))),,,
toang Thiệt rồi anh ơi,,,
Danh tiếng của thầy sẽ ra tới thế giới 😘😘😘,,,
Nhinh ba gion nhu 2 x 5 ba oi hihi !,,,
Thêm 1 thế lực mới ở xa lộ VN,,,
sai chính tả kìa :3 :3,,,
Ngân Kim ra cái mặt chắc đẹp lắm à ngen,,,
như vậy là k có được 🤣,,,
Tuổi này nó chênh vênh vậy mà,,,
như cl,,,
Thảo Đào Văn rõ ràng,,,
Người bị tổn thương lại muốn tổn thương người khác :)),,,
Con này chắc ko dc di học,,,
ko có lương nên ko hi vọng nên sẽ ko phải thất vọng ;)))))))),,,
Đang còn tính dạy tiếng Hán cho các cháu nó kia kìa :3,,,
1k like ko back roi,,,
Sao bao năm thì tộc trưởng đã có bài rap riêng :),,,
Đúng chất miền tây chất phác có nhiu quịt tẹt ai cười kệ ai nói chuyện vui vẻ xem cười muốn xỉu,,,
Tấn Phước ngta nt còn ko để yên nữa,,,
Sống châm,,,
Ôi con không có lão,,,
Ở nhà ngủ nghỉ cho trắng nha Hoàng Thị Ngọc Thúy,,,
Em noi lon khong nghe đuoc em,,,
@Phan ngô dm nước sông ko phạm nước giếng ok ai tao cũng idol hết ok nhưng bức xúc chửi vậy thôi ko quên chúc cô buổi tối vv,,,
Với quả vlog xịn xò thì cũng xứng thôi a,,,
Thu Hít cố lên nhé! Mà chắc không nổi 1 triệu như K ICM đâu =)),,,
Ngó lên trời,,,
Hằng Grin FC Khánh Phương😂😂😂,,,
Cực kì thuyết phcuj,,,
Long Nguyen nhin giong tuong,,,
Anh sinh viên nghèo Hải Phòng và Con cave già Sa Đéc !,,,
Mekong còn chảy qua thái nữa,,,
Đạt Văn coi xong bị lag luôn,,,
Nguỵ trang kiểu úc.,,,
Cây cọc chứ nọc gì,,,
Chúc mừng Trần Dần thoát được dịch. Nhưng thỉnh thoảng Như Quỳnh có ghé thăm không anh Dần ? Chúc anh và Quỳnh Như sức khỏe hạnh phúc vui vẻ .,,,
Tuyết Lan Doãn nghiêm túc vl :))),,,
😍,,,
"Ngô Tấn Hưng trình Thầy Ba hơn chứ ông, Duke có bao giờ dám cầm Poppy Fl cướp Red chưa ?",,,
Vụ Linda thì sao vậy thầy,,,
Đang yên đang lành tự dưng có em ><,,,
tôi xin video với,,,
UNG HO CUOC SONG CHUNG TA KHOE MANH NOI KHONG VOI BAN,,,
ngồi trên ly quăng lăn qua lộn lại . kkk cười bò luôn cô ơi,,,
Lee Sin lol mẹ giáo án kiểm soát của thầy Tú,,,
Dm vòng 800 vòng mới ra vđề mk kêu k thjx vòng vo. Chăk k thjx vòng it,,,
cực kì thuyết phục:)),,,
Chuẩn a ưi :3,,,
"mua hàu có tặng kèm đối tác hay gì không các ông, mịa uống xong nằm đấy vs tay trái thì lại chán bỏ mẹ",,,
Chị ba ơi...,,,
Cuộc sống mà đôi khi chúng ta phải học cách chấp nhận :),,,
Người dân bà rịa :)),,,
như thằng bệnh,,,
Sao kh đóng cm nó cửa khẩu đi nhỉ. Cứ cho mấy con mẹ đi lông nhông từ nước này sang nước khác rồi về VN lây lan bệnh đéo chịu cách ly.rồi chẳng bao lâu thành ổ,,,
Góc nghiêng xuất sắc dữ vậy thầy :)),,,
Vê lốc mì thái siêu cay khổng lồ đi anh ưi :))),,,
Yêu thầy dấu bé ba,,,
Chửi chó không mọc được ngà trong khi mình mọc cu :v,,,
Mai Nam Hải Ngồi nhà kiếm tiền cho khỏe anh ạ,,,
Toang,,,
Uầyyy phim nó lại xịn xò vãi đái í các ông ạ,,,
Định debut ở Viêt  Nam đó mà :)),,,
"Ôi má ơi, thích NK quá đi mất",,,
Được về thì xả Trinh thôi cho đỡ tức :)),,,
Võ Thị Quỳnh uốn zs nhuộm nè. Hy vọng là đừng giống trên kia 😭😭,,,
Quả nhạc dell hợp lý tí nào :v,,,
@Chinh Nguyen tức nhiên... Và tức nhiên ... Con zi chùng... Tức nhiên...,,,
"Mỹ mà ... lúc có lợi thì họ dung hết xài rồi vứt,",,,
Tên ad làm em cảm thấy yêu đời vl :))),,,
Văn Trường để t dịch luôn : k làm mà đòi có ăn thì ăn đầu B ăn Cuuuuussst,,,
Dzui dzẻ 0 quạo,,,
Theo phong trào đi idol,,,
Lmht2020xthayba nha ae,,,
Tú Phạm Anh =))),,,
Mới nhìn thầy thay đồ mà giờ nằm một cục rồi,,,
nhanh v~,,,
Nhờ chi kim kết bn zalo mh dc ko.0919677682.cảm ơn nhe.,,,
Chị ba sao chửi ghê vậy chị,,,
Hà Mi Đặng lại đ sai đi :))),,,
Bình Aguero Trần .,,,
Ủng hộ bác♥️,,,
đúng rồi a ạ,,,
Ăn sương sương chậu mì tôm vs vài ba con cua hoàng đế thôi :)),,,
Ô nhiễm nhưng vẫn là nơi đáng sống nhất thế giới.,,,
Chào cc :))),,,
Cực kì thuyết đục !,,,
after credit chất vl =)),,,
Nguyễn Thành Nam wtf tick xanh,,,
Hằng Thanh vl đây là cl 🙂 hoa đ gì mà hoa 🙂,,,
Buốn của abe,,,
Xin video bạn ơi =),,,
"cảm giác \"" chênh vênh\"" 😔",,,
Đảm lớp 11 hỏ :((,,,
Phan Nhuệ Anh xin giá,,,
Y vậy :),,,
Làm ơi hãy cho em nghỉ học,,,
Thượng tá tình báo quân đội nhân dân Việt Nam Trần Dần,,,
Được thật sự,,,
"Con so mà, coi kêu cấp cứu lẹ bạn êiii",,,
Ok ko đùa nha,,,
Mộc An mờ ảo quá,,,
áo vàng cả áo xanh chơi ống cả nhau,,,
Uroku chu cà mo!!!,,,
Nguyễn Hữu Nhân không nha kkk,,,
Cái này admin sai r nhé.,,,
cực kì thuyết phục,,,
Moon Nguyễn M IB T,,,
Thu Huyền cắm cơm cho anh ăn này,,,
Óc lợnnnn 🤣,,,
"Kẻ Lãng Du người ta cũng không biết, vì họ cũng chỉ là người tiếp xúc qua khách hàng",,,
Chất vãi lolzz,,,
Thôi xog. Đúng nơi t sống r🙄🙄🥴🥴,,,
"Hôm nay sinh nhật em, ai chúc mừng sinh nhật em đi ạ",,,
"Có gì mà căng, bị nhiễm chứ gì, sang Việt Nam chúng tôi chữa khỏi hết😏😏",,,
Giống thật sự anh ưi,,,
Cực kì thuyết phục :))),,,
Các bạn có thấy các ông mấy bà mấy năm nay toàn đề ra những cái rất là vớ vẩn vô ích vô nghiã không... Éo thấy làm gì có lợi cho đất nước?,,,
Cực kì cute có nhiều tài lẻ 🙂 nhất là cà khịa,,,
Con mèo kêu meo meo,,,
Trứng mà đòi khôn hơn vịt :v,,,
Nói chuyện xóc óc,,,
Thằng trộm này gốc gác dữ dằn đây !,,,
Mình không tinh Minh Hiếu la chuyển giới .Vi tiếng noi như giong nữc.Chuc Minh Hiếu luôn vui tươi xinh đẹp.,,,
A...a....a...cái thằng mất dạy nào định tập tành làm sâu mọt của dân đây :v,,,
Haizzzz em đi khai giảng nhưng lại đéo chụp hình,,,
Hải Yến tỏ ra thượng đẳng đ gì :)))) đhs t k care lắm ạ đcm đ ai hỏi ý kiến m,,,
Đập đá ít thôi thầy,,,
Đỗ Hồng Nhung thực sự xem để giết thời gian thì oke. Còn nội dung và diễn xuất thì 4/10,,,
"Thành Vinh có page ba gà và những người bạn đó , liên hệ xem",,,
Cuốn vl,,,
Ngô Hiếu A độ bảo đừng đăng mấy ảnh cu tùng kèm dòng chữ tự ghi vào :),,,
live stream đi a ơi =))),,,
0378705519 cho con với ba oi,,,
vãi trò hề,,,
Ai cung dich corona sau con nho nay khong bi vay ta do khung,,,
Mày k biết phân biệt đâu là giỏi đâu là phá hoại à,,,
Chị 3  nghe nói dag hầu tòa mà .tội lường gạt,,,
Xin,,,
Hôm nay tôi stream thay ông già nhé :)))),,,
Cách đây 10 năm có livestream hôn mọi người nhắc mình nhớ xem???,,,
Đúng chất miền tây thiệt thà dễ thương ghê luôn,,,
Đụ má mặt nhìn như đàn ông,,,
:> oke anhhhh,,,
được anh oi,,,
"Kỳ này 3/// vắng bóng rồi, không có 3/// để chửi nữa đâu , giờ xem hài “ Trầng Dầng “ cho đỡ buồn :)))",,,
Nhảm loz,,,
Lineup team nữ Refund em ah,,,
Nguyễn Hoàng Đức Duy huhuhuuu,,,
Giờ này coi cừ ỉa yêu cô ❤️❤️,,,
Chúc mừng thầy nhaaaa dấu bé ba,,,
PR liên quân à,,,
Nói chuyện dễ thương quá...có suy nghĩ chứ ko phải miệng nhanh hơn não như ai kia...mặc dù có chửi bậy nhưng vui mà 🤣🤣🤣,,,
Hoàng tử lợn nè m.. Phước Trương Hồng,,,
Phía sau sự thành công của một người đàn ông luôn có bóng dáng phụ nữ,,,
Hiến máu thì ngta xét nghiệm máu trước rồi mới cho hiến chứ nhỉ?,,,
"Troi oi, ko nghĩ la cô chuyển giới,...",,,
"Chị ơi , chị đẹp lắm nhưng e nhìn trực diện thấy mũi hơi lệch về phía trái một xíu rồi.",,,
:')) Anh Độ chỉ bảo không thơm má vậy anh có chắc anh không hôn gì trên chị Trang không,,,
Chị Hạ Linh sau khi xem bản edit này😂😂,,,
"I love you "" chu ca mo""  Xuất phát từ đây nek",,,
Em cũng muốn như anh😆,,,
Vcl ạ,,,
Cái đb gì vậy?,,,
Bây giờ a đang nằm xó nào,,,
"Xây tượng đài, đi du học trước khi về hưu, xây toilet, xây cầu cho chủ tịch xã, xây cáp treo,....Toàn chuyện tốt",,,
Chi dep lam,,,
Đức Toàn ổng đưa link của garena thì liên quan mẹ gì mất acc?,,,
Tự hào thầy Ba gold :)),,,
Con mắt của tôi k còn thấy ánh sáng,,,
Nhất việt nam :)),,,
chạy đâu cho khỏi nắng :))),,,
Lê Quang Huấn tôi tin bạn,,,
Trần Công Luận cô ấy còn tổ chức đám cưới nữa cơ... Hic..,,,
nói chuyện nghe Tây vkl :)),,,
Mất hình tượng vl,,,
Nguyễn Hữu Luân nói đạo lí nhưng giàu thì luôn đúng nhé =)),,,
Giống cách sống của mình vc. Chả muốn phải tranh đua với ai điều gì,,,
mui chi co xua kg chi,,,
cảm ơn Bác đã vực dậy tinh thần cho dân,,,
Thua !,,,
Cụ này mắt mới cắt mý sao ta kkk đấy vnch đấy oai chưa nhìn hoành cháng nhì,,,
