Comment,Sentiment,Toxicity
Coi cười xỉu,,
Chi ba vang ngoc dep va tre mai,,
"Chần vần một đống, không ai đoán trước được đừng xưng hô tiên tri",,
Du học sinh Úc mà lại,,
Dm báo lá cải.. Nghĩ gì khi ở qn mà có hơn 30% hộ nghèo.. Lên google hỏi xem tỉnh nào kinh tế lớn nhất cả nước,,
Mai Đoàn mới nãy không thấy ai rep cmt vừa rep xong thấy quá tr người luôn 😅 4G như quẹt vậy á,,
My su,,
Muốn có 1 cô em trong bộ tộc cùng hợp tác để ra sản phẩm cạnh tranh cùng Tùng 🙂,,
gays lên nn,,
"@Ngoc Quynh Nhu Nguyen Nó góp ý thì có ngon vào thẳng Facebook Linda mà góp, đm góp trên đây cho cha mẹ nó đọc hả gì. Thứ ngu mà đéo biết nhận xét",,
Link đâu thằng kia,,
😮 Nghe lại vẫn ghiền.,,
From Mixi Long An chúc a và gia đình lễ Vui Vẻ,,
Chủ tịch công ty này đc,,
Có vẻ rất thuyết phục nha mn =)),,
"Nguyễn Vy Út Tuyền Việt Nam! 3 mấy ca trường học dc nghỉ, nhật 1 vùng đã 80 ca thì lại k thấy động tĩnh... bất hạnh =))",,
Tới quảng cáo coi cũng hay nữa quý dzị😌😌,,
"Loạn, loạn hết mẹ nó rồi. Con thắm bây giờ chuyển sang trình bày văn hoa lịch thiệp, thằng ngã cây thì đi làm thiết kế thời trang. Còn thằng đánh giầy mất con mẹ hút. Có phải tại giời mưa lâu quá không???",,
2022 ??????,,
Có ai dịch tiếng Đài Loan và gửi cho chính quyền Đài Loan không ?,,
Vì tương lai em không đeo khâu trang,,
chậm cái địt mẹ m,,
:v hổm vừa thấy bên comcom nói cái gì đó ý,,
Tao cầu mong sao ông bà cha mẹ con cái mày tích cực uống thứ nầy nhá,,
Lý do hôm qua G2 bị sấp mặt Và cũng là dự báo cho vòng 16 tuần sau🙃,,
13:22 cười muốn chết,,
Mũi chi sao ma méo vay,,
Ảnh ghép hú hồn cái lol còn nguyên 🤧🤧,,
Học vị của ông đến mức nào mà vào bình phẩm người khác thế,,
Không sao đâu các anh đã cố gắng hết sức rồi mà. Giao lưu học hỏi kinh nghiệm có vài pha highlight doạ cho bọn Thái sợ :))),,
chúc tộc trưởng. Sói và cà chị trang và em bé trong bụng nghỉ lễ vui vẻ luôn a,,
Sao ko làm nhạc vui vẻ tí à sao thấy mang tính chất cổ cậy,,
Luu Hai Long sợ thật a ơi,,
Tưởng những quả bầm dập đem cúng bác Hồ bác Giáp....,,
"Hoang Anh Tuấn ở Mỹ và các nước dân chủ Tây Âu ko có người tàn tật, trẻ em và người già (trên 65t) phải ra đường ăn xin đâu thím",,
Lý Thành Công phục cái máu lồn,,
Ba cát lạng,,
Lầy's Suspi's,,
Cánh hoa gì lạ l.o.n zị nè Nguyễn Mỹ Diễm,,
OK thầy iu,,
Đúng là Trung của thời trẻ trâu mà giờ Trung đã thành già trâu :))),,
Hòn Ngọc VIỄN Đông óc chó ạ :3,,
Ngầu quá thầy ơi,,
Ko bắt tai,,
Cứ phải chửi cho mới chịu im :))),,
Nguyễn Thị Luận Nam Định cũng vậy🙂,,
nhưng mà thua,,
1% sức mạnh của team,,
Bọn nó bán nước hết rồi. Chế độ độc tài độc đảng thì không 1 cơ chế nào có thể ngăn bọn chúng bán nước cả .,,
Em chào chị Ba!! Chị tốt bụng quá.lần đầu em xem clip này.rất vui đc biết chị..,,
Tiừ từ thôi các ban ới,,
Anh độ chửi con nhân vật ngu mọi người ạ . Trong khi anh ấy... mọi người hiểu ý tôi chứ,,
Võ Minh Hiếu gửi vid cho mik vs,,
a độ a có thẻ page cái ảnh nền pc a lên trang mấy em xin đc k,,
😍😍❤️,,
Thu Trần Hoài Thu,,
Hí vừa lên fan cứng😂😂😂,,
"đừng nghĩ các nc châu phi là nghèo nhé, chỉ 1 số nc có nạn đói thôi, 1 số nc vẫn xe hơi đầy đường :v",,
Hình như mẹ thiên nhiên tới tháng hơi trễ,,
Ah Lân thuốc Bố Trần Dân nha.,,
Nay Trần Dần mặc áo khác hẳn mọi ngày.có lẽ chuyển bị tiếp đón Corona nhập hồn đây..😁😁😁,,
Các bạn đừng chửi tớ nhưng có thể cho tớ hỏi bạn,,
"Lộ đề thi văn năm nay: ""Các em hãy nêu lên cảm nghĩ của mình về hình ảnh Vợ Chồng A Phủ đi cứu Đất Nước trên Chiếc Thuyền Ngoài Xa bị Sóng đánh chết lênh đênh trên sông Đà trôi dạt về sông Hương tức tưởi được Người Đàn Bà Làng Chài vớt lên đem chôn ở Rừng Xà Nu""",,
Thầy giáo mày fan Tào Tháo rồi,,
Lũ chó đói,,
"Riêng abe , thầy dập luôn",,
Các bạn đi cãi nhau với một cái nick ảo chỉ biết chửi bậy không lý lẽ làm gì vậy?,,
- Cùng tham gia chống covid-19 nha huhu,,
Nghe giọng lứng quá,,
Quỳnh Như duyệt này. 👍😊,,
"Phải chi dễ dàng thì bắt người ta trinh sát, Ngay trước mặt hàng ngày thì làm sao mà thấy được.",,
Chuồi vời cà lờ,,
Con mèo kêu meo meo,,
yêu là cùng nhau lên phường chứ không phải cùng nhau lên giường anh em nhỉ,,
Số đẹp😅,,
Nguoi giau kg ai an noi tho tuc vay dau,,
Năm nào cũng thế cứ bảo bỏ xong lại tập diễn ý. Dù mong năm nào cũng giữ Táo Quân nhưng mà cứ nthe mãi thành nhàm ko,,
Minh Tuân đẹp tria quá! yêu,,
Lol này cây vô đầu nó mới sợ :),,
Chúng ta không lấy gì đi ngoài những kỷ niệm đẹp bên anh em. Không sao cả anh ạ ❤ Chỉ là chúng ta về sớm với anh em thôi mà ^^ ae nhớ các anh quá r,,
Thuyết phục đấy,,
"Nhuận Nhi t thì lạ hơn t thấy chỗ lạ t càng dễ ỉa hay sao á, đi đâu cũng có cuccut :))",,
Xuống sắc quá sao ca sĩ như quỳnh yêu bác được!,,
hóng khoai á :3,,
Cảm ơn bạn đã cmt.,,
Ngã cây là sao.,,
Cực kì thuyết phục💚,,
Cao Quốc Minh gần nhà nè e :))),,
From MixiGaming With Love <3,,
Ngày nào  rảnh  đi  làm  bộ  răng  đi  bác  à còn  một  nữa  làm  thêm  đâu  có  bao  nhiêu tiền  đâu,,
Nhọc thực sự,,
Tướng fu thê :>,,
Trần Giang,,
Hài vcl,,
thầy làm e chảy máu rồi đền đi thây,,
Các ad ko quan trọng tiền bạc. Mỗi người 1 năm uống hàu là đủuuuu...ụ,,
Ai xin inb tôi đi,,
Vãi cả lồn,,
"Là ng tiếp xúc trực tiếp với BN 22 và 23, mong là khi phát hiện 22 và 23 dương tính thì bạn này cũng đã được cách ly,",,
Nguyễn Thanh xin link video bro ơi,,
@@!,,
Thiết nghi Sao anh ko để con chuột sang một cái bàn siêu to khổng lồ riêng để keo chuột cho nó thoải mái,,
Thiết nghĩ nên tháo bài này xuống đi ad ah . Có những lúc chửi cần phải có tư duy 1 chút nhé .,,
Oke a be,,
và người ta gọi đây là xứ thiên đường :v,,
Người đâu mà đẹp quá,,
Thầy cởi quần thịt luôn,,
Để ở đây và k nói gì thêm :)),,
"Giá xăng rẻ hơn vài ngàn đồng, thu nhập cá nhân thì thấp hơn vài ngàn đô, thiên đường XHCN",,
Ai quản lý hay sở hữu thì mới bán được :3 !,,
Dễ thương giữ trời 😍,,
Ok thay`,,
hahaha,,
Dương Lê haha để con ib nói sp nghe,,
Yến Linh uôn cụp tầng cao ạ,,
"Thật ra rất thích cái quần nhưng nay nó chật tiếc ko bỏ nên mặc tạo thành mẫu quần độc lạ , nhưng độc lạ đâu ko thấy chỉ thấy chỉ thấy lố",,
"Bọn trẻ giờ toàn ôn trong phòng điều hoà, đường sữa tận răng sao mà có mồ hôi được",,
bã nc thô nhưng vui mà lại có thật tình.thấy cảm giác dễ chịu.,,
hhaa,,
Ở nhà cho mát anh à =)),,
Chắc hít dạ hương xong lú cmnr,,
Cười :),,
Diễn biến phức tạp quá,,
Nho Lâm còn chưa có kq của mấy nv trong ĐMX nửa đó c. Rồi họp chung 40 người nữa. Con số này chưa dừng lại đc rồi 😭,,
Trần Tuấn Hiệp :) chị còn nhiều hơn em một năm xem Táo quân hok có ny,,
Khúc nào hot girl zaj :))),,
chot don chot don chot don chot don chot don chot don chot don chot don chot don,,
Quảng cáo cc,,
Gato gì?,,
"Cho e hoi, lam sao de liên lạc trực tiếp với chị minh hiếu vay ạ",,
Bú mạnh,,
Chưa xem đc tập nào:)) chỉ toàn xem mấy ảnh spoil:)),,
Tức nhiêng là tức nhiêng là không biếc,,
Già mà non =))),,
Tính số chẵn thôi cũng 2.177 tỷ/1km 😂😂 k biết công trình có rát vàng k nhể,,
Nghe rất đời hư ảo nhưng lại đưa em vào cơn mê :))),,
Âm Binh 🙂,,
Có rất nhiều Độ nhưng Độ Mixi của ae chỉ có 1 ❤️,,
Xa hoi tồi tệ,,
Huỳnh Ngân b ơi màu gì đó ạ? Nhìn màu tóc đẹp quá,,
SL,,
"Nguyễn Đình Hảo được bài hồng nhan trên 100tr view còn bài bp với sg chẳng lẽ k cần beat , jack nó kết hợp với hoaprox đéo nghe đc gì",,
Biết được ông Tuấn này lên kèo hay vđ anh em ak. Ai thua tha nợ lần thì cứ vào Tường cá nhân tham khảo kèo của ông này mà chơi.,,
":))) dân biết , dân làm , dân bàn , dân kiểm tra :))))))))",,
Yêu mẹ,,
Anh  chau chẹt voi nhe,,
Ngọc Diệp èn Yến Lương hình cánh hoa nhé các chị yêu,,
rất thuyết phục,,
Thới Ngọc Dương Sao thiếu hình của tụi em hê:)) tụi e dẫn đầu xu thế mà hâhha,,
Hay quá,,
"Những thằng nói đạo lí,thường sống như L^**",,
Hơi vô lí nhưng khá thuyết phục,,
Tuy hơi ác nhưng tử hình mới dừa lòng t ý thức như b***,,
Công nghệ Đức của nhà máy nước Sông Đuống đây :)) hoá ra là Đức Chung :)),,
Trần Phương Nguyên,,
Các anh chị khóa trc ơi cho em lịch live của Tộc trưởng với ạ,,
Chi oi dep qua,,
Khánh Ly cmt là phải để ngkhac thả tim,,
Trẻ trâu nhờ like,,
Tin vào đảng đi các con dời!,,
Quân Tử Trúc may mà kịp lưu lại bằng chứng,,
Khoa Ta chỉ cần nhung tiếp xúc bồn rửa tay bắn nước bọt là có khả năng,,
xịn xò như này k thầy 🤔,,
"Cháu chỉ thích bác ngày xưa phản động cơ, bác càng yêu nước thì không vui nữa 😔",,
càng ngày càng thích Quốc sư.Không biết 2022 Quốc sư có về VN không biết,,
Ai làm gì nó mà kén,,
Con linh cá lóc này hông cho ai được 1 đồng 1 cắt mà kiếm chuyện dứ chị minh hiếu chời!,,
Tấc nhiêng đệ nhất hoa ki trầng dầng là phải thế dòiii,,
Nguyễn Công Kiên mốt ko được kể chuyện cười nha em :3,,
Được quả áo khá chất thầy ơi,,
Fan cuồng cô minh hiếu,,
Linh vật của team :v,,
trong khi đó chủ tịch thủ đô đang trân tráo khư khư ôm lấy dòng sông Tô Lịch thơ mộng ! quyết bảo vệ nó khỏi bàn tay sạch sẽ của bọn Nhật Bổn tư bản ! Bắc Kỳ lạ lắm thay... người nam méo hiểu được !,,
12 con giáp không dóng còn nào🤔,,
Thật sự là thấy cô dễ thương lắm luôn 😍,,
Tướng fu thê :>,,
Đau đầu thật sự :)),,
Chi kim hat nhac che hay that,,
Thầy ngu như chó 🤥,,
Vì miếng cơm manh áo !,,
Tui cười xĩu luôn á trời. Bã cưng dễ sơk,,
Yêu cô ❤️❤️❤️❤️❤️❤️❤️❤️❤️,,
Hu hu nhìn mình cứ tưởng quên kéo khoá.hoá ra là kiểu quần như thế,,
Hồng Trần về không bị cách ly à🤣,,
Lên là lên luôn bạn ơi~~ :)),,
Chất chz đấy🧐,,
"bị tàu ""lạ"" bắn đó :v",,
Đậm chất dân chơi Cao Bằng luôn anh ơi,,
Xui quá trời xui,,
Cũng do tham mà thành ra thâm,,
Nghe có vẻ suzuki nhưng lại xe đạp,,
Và họ nói rằng đây chỉ là những con sâu nhỏ ..... :v,,
"Bố m bảo rồi , h nhục như chó chưa , đàn ông đàn ang để cmn lại đi cho chất , sợ lồn =))",,
Nguyễn Huy mua sớm có vẻ sáng suốt nhỉ 🙂,,
Cực kỳ thuyết phục :)))),,
Mắc qá fai làm sao?,,
giầu thế mà kg đi thẩm mỹ.  Cho nó xinh đi   để tiền Làm cái gì sấu như con quỷ,,
Cường Euro thì Táo Quân là thứ ko thể thay thế dc mà,,
Nguyễn Hà Trang đtrai vl mà kaka,,
Nhìn kiểu cô chân thật ghê nơi ♥️,,
Ba Gà MTP,,
Nhin chi đep hâp dân qua mui chi đep qua,,
Bạn có muốn tham gia khảo sát để nhận mã code giảm giá đi nhà ma 5D mới và hiện đại nhất VN lên đến 50% ngay tại khâm thiên ?,,
"Cho mình hỏi tập này thánh nào edit vậy ạ, coi cười rớt cả hàm kkkkkkk",,
nó vẫn cứ nghĩ hút thuốc trên xe là chuyện bình thường,,
Hồ Nguyễn Quốc Phú mấy thằng đầu buồi này rp làm mẹ gì thứ như nó ngoài đầy rp tới sáng chưa hết :)),,
"Thích cô bởi cái chân thật, thiệt tình. Cách nói chuyện đậm chất miền Tây.i lớp du chucamo",,
Spam,,
Hàng li mít tịt chỉ có ở Cao Bằng nhé các bạn,,
Cô mina dễ thương hơn ml của thầy 😀,,
Nghi vấn hối lộ nha,,
"Xã tắc mang dâng cho ác quỷ
Ham danh hám lợi hiến tổ tiên
Đê hèn như một lũ điên
Quốc dân ai oán động thiên lệ trần",,
Bị tạm giam,,
Mong đừng biến VN trở thành Ổ DỊCH!,,
Cấm những không cản,,
Ta nói muốn gớt nước mắt Khánh Vy,,
Hủ chào bạn,,
huhu,,
Hé nhô,,
Thầy phải thay cho petland mới hợp,,
"hãy tuyệt đối tin tưởng vào các cơ quan chức năng, hãy tin tưởng vào nghiệp vụ của các lãnh đạo, tuyệt đối tin tưởng vào đường lối sáng suốt của đảng! 3 triệu đâu đưa đây",,
Nhìn giống độ mixi nhưng thực ra là tùng xói,,
Ko thik thì biến ai mượn bấm vô koi ko thấy tựa ghi thánh liệu hả,,
chị Hiếu nói chuyện hay ghê,,
Mệt gkee ha,,
Rân chơi Cao Bằng:)),,
Facebook của bà này là j z men,,
Ui anh tôi ơi giờ anh đang đâu rồi. Buồn thực sự,,
đất nước chúng ta nghèo nhưng ko bao giờ hèn,,
"Thien Binh Trang \"" bạn lịch sự- admin lịch sự, b cục súc , - admin dí l vào mặt b luôn \"" =)))",,
Cái mặt nhìn nam tính ghê,,
đó là câu chuyện buồnnnn,,
Nguyễn Trọng Thái,,
Đm chứ biết làm gì,,
Bá đạo ợ,,
à há 🤣,,
"Đa số bố mẹ lao vào kiếm tiền bất chấp cả gian dối , tham nhũng thì con nó cũng bất chấp vì tiền. Thay bằng kiếm tiền xứng đáng và giành thời gian tình cảm cho con thì con nó cũng vì bố mẹ.... cha nào con lấy. Công bằng thôi chỉ là khôn dại đồng tiền loá mắt",,
From Cà Mau. With Love,,
"Thực dân pháp rất ác đè đầu cởi cổ thu trăm thư thuế, bây giờ dân tự nguyện đóng nghìn thứ thuế",,
thế mày nghĩ nó quan tâm đến việc mày vội hay ko vội à. ngu v k l :v,,
"mình có quyền thương lượng or nếu THP có nhả ý làm đúng luật thì đã hướng dẩn anh Minh tìm cách xác nhận đây có phải là sản phẩm cuản mình hay ko. cách làm này của THP có ý đồ là: nếu sau này có gặp chai nước có vấn đề thì khôn hồn tự tiu hủy nhé, chứ ý kiến í cò là chết với anh",,
Chúc kênh Panda mau đc 1M sub nha thầy,,
Fu thê,,
Nguyễn Xuân Bắc trend nhảm Vl,,
Tặng các bạn nữ 20/11 vv,,
😗💛,,
So dien thoai 01262978842 việt theo,,
"Thảo Đào Văn đã nói đúng lại còn nói to , ha ha ha",,
Abe chơi dơ,,
Hóng thầy 3 làm 1 số clip về pubg,,
Sơn Nguyễn xin video cái,,
Học sinh úc mà lại,,
Kỳ án,,
Học tập và làm theo...đến tẩu hỏa nhập ma luôn,,
dm ông can!,,
Trend chym bé,,
Thiếu cái mụn ruồi :V đây khôngg phải anh Độ taoo,,
phê con tê tê. ai có Video này k ạ?,,
QuânAnh dogy chứ,,
Khánh Phương mang theo câu hò điệu lý với dòng sông =]],,
......,,
Dj zuy nhat tai vn nghe nhac Dj mà k nhảy,,
Panda thai đã xem 👍,,
cute thực sự 🥰🥰,,
Khá xa so vs t ở nên khỏi lo :)),,
Con gái của thầy,,
Tốt nhất không nên du nhập vào Việt Nam chúng ta phải giữ lấy thuần phong mỹ tục 😌 tôi thiết nghĩ nên chế tạo ra vòng đeo cho cái bọn không chửi bậy mà nhân cách sống như lon ý,,
Sống chậm thôi các pro:)),,
Youtube của cô nha mấy đứa mấy đứa yêu cô ủng hộ cô nhé,,
Được anh ưi:)),,
:)) gương mẫu chứ a,,
Độ Hulk !🤣😂,,
Chưa thấy nấu cao là được rồi,,
T.Nguyệt Ng đấy 🙂 chỉ cod đi qua thoii nhé,,
Đẹp trai tài năng tư duy đỉnh cao tố chất lãnh đạo và nhiều phẩm chất quý khác là những gì mà .....levi đều có chứ ko phải là như ai kia.,,
"Lần này nhìn cô ấy, rất bùn.",,
@Phu Nguyen bạn ng miền tây hả,,
Loại này tử hình luôn cách ly làm gì cho tốn mỳ tôm 😁,,
Nhờ ơn chị Nhung cả nước hoang mang =.=,,
AE THẤY HAY THÌ CHO MÌNH XIN 1 ĐĂNG KÝ VỚI Ạ,,
Cái tên nó lên tất cả rồi :D,,
Đơm luôn .cà khịa sela à,,
Hầu như các ca nhiễm bệnh toàn đi từ nước ngoài về nhỉ ??? Lúc mọi người về có nghĩ đến an toàn của bản thân cũng như mọi người ko nhỉ?? Hay não bị vi rút ăn hết cmnr,,
đhs tao bị ban khỏi group không sợ chó -_-,,
Sẽ cố gắng thích nghi,,
Lê Nhân Trí Tín Lầy ghê con .,,
Địt mẹ mày thằng ngu lồn,,
Chúc ông Trần Dần luôn khỏe mạnh để nói chuyện cho bà con nghe ....,,
Đúng là giang hồ vui 🙂,,
Hào Nguyễn xin vid với,,
Mãi yêu cô Minh Hiếu 💛,,
"Bìnhh Tây's vậy mày nói hs là mấy đứa ko có trình độ ko biết nghe nhạc à , ko lẽ hs nào cũng trẻ trâu cũng ngu dốt DẸP CÁI THỐI GOM ĐŨA CẢ NẮM ĐI",,
Để em mặc quần xong đi mua đồ mới liền nè thầy,,
chốt này thông mới đã nè,,
Trung như con CHÓ,,
Vc tội anh tôi vl :))))),,
"Sao lai so sanh khap khieng nhu vay duok, song đen chung nay tuoi roi ma đua nhung chuyen khac nhau ra so sanh, dung that la điên rồ. Hãy xem lại lời nói của mình đi. Ai cung co trach nhiêm nhug có ai dũng cảm đung ra như phan Anh ko. Nói như k có não",,
"Bé Châu đm dân chơi nhìn phát biết luônnn, bắt chước trend, nó ở cái tầm hihi",,
cút luôn hộ cái:)),,
Chính mồm lão Dũng hứa ko chống đc tham nhũng sẽ từ chức,,
Dũng tao nhớ hồi nhỏ còn gội đầu dạ hương cơ chứ đâu như bây h,,
Cười muốn chết luôn :))) ai lớp du chu cà mo Cô Hiếu 🤩🤩🥰,,
Con sam thì khi cầm vào đuôi sẽ có 3 góc cạnh,,
phân biệt ?,,
Có thể cãi nhau nhưng điều t ghét nhất là chia tay ...,,
Bành bướm leo rankkk,,
Sao mình chưa được nghỉ học nhỉ,,
Học anh ba có mà chớt :3,,
Tiến lên,,
Từ nay anh em ko được gọi bà gà nữa nhé kêu ba pro nhé =)),,
Xin link dạo hả abe,,
"Cứ mỗi khi ngủ dậy là tất cả mọi thứ lộn xộn lên, sắp xếp chật vật tạm ổn rồi ngủ qua 1 đêm là tan nát",,
không giải trí như anh Độ đây nữa!,,
chắc tính ăn vạ,,
"Bóng đá thôi mà, có gì quan trọng đâu, thắng hay thua trận banh có ảnh hưởng gì đến vị thế Quốc gia đâu, cuồng thì để họ cuồng.",,
Cao Huy toang ông giáo rồi,,
Đừng so sánh 2 thầy ngu,,
Bởi dừa lờ t lắm cho chừa cái tật chơi dọng cha dọng mẹ rồi bị chặt :)))))),,
Làm đéo j có vụ đó. Địt mẹ ăn hết rùi chả lại vậy là song ak,,
"Chị rất ái mộ em. Mình Hiếu rất dể thương, xinh đẹp thật thà chất phát của người Miền Nam, chúc em có sức khỏe và bình an MinhHieu❤️",,
Cái đù má ság ra mò cl j mà vào đc cái page loằn này hay vl thế nhỉ . Toàn mấy đkm tháh rãh cmn hág . Xin lỗi e hơi thiếu lịch sự tí. E xin xin phép dí buồi vào mặt Ad nhé. Page hay vl :)))))))),,
Nhìn mặt con chó này biết ngu rồi,,
:)) k cho Tùng xem mèo Tom thì cho xem chuột Jerry đi,,
Nhìn anh độ nứng vl :))) quay sang quang tắt nứng,,
Cho ba vàng ngọc ơi hoàng cảnh em đang gặp khó khăn cho giúp em tì lòng hån tâm em man ơn suốt đời chúc chị sức khỏe tốt 0794975372,,
Duy Linh có thể bệnh nhân ho vào thiết bị điện tử xong cô này sờ tay vào. xong lại đưa tay lên mắt mũi miệng.,,
Thầy thế này à 😂,,
Đào Mạnh An đọc hết bài viết chưa bn,,
Gà Nguyên Con,,
Chào abe nhận lì xì nè,,
Đúng  đẹp,,
Chán luôn các bạn ạ 🙂,,
tự tử bằng quần treo lên ...cửa sổ còn được nữa là ! nơi tạm giam của can vn nó ma mị kinh dị lắm !,,
Theo dõi FB chị nhé các em: ❤,,
ua roi cai nut xac nhan dau,,
Lưu ý nữa nè,,
Không phải cha mẹ bé mà đau lòng quá . Cộng đồng mạng hãy theo sát để vụ này ko bị chìm xuồng cho đến khi tên súc vật này vô tù,,
Th bạn đừng đạo đức giả nữa . Gà lợn vịt trâu dê ăn hết mà nhắc đến chó thì lại dựng lông lên🐧 . Bản thân mình kh thích thịt chó nhưng cungz đâu bắt và cấm ng khác ăn thịt chó đc,,
lũ này chết đi cho đỡ chật đất,,
Nóng vầy mà cứ phải ôm ông già . Mệt mỏi vaiz ... Sói said :😂😂😂,,
Thầy coi clip của vodka Quang đi thầy,,
"Kg nói c kg bt e giới tính thứ ba, e quá tuyệt vời,,,rất đẹp...",,
Nguyễn Thanh xin video bạn ưii,,
Cô hiếu trang điểm đẹp lắm,,
tucccc,,
Thanh Xuân Sơn Thi Gia Luật Mỹ Dinh haha,,
Ở vn nó khôg phải hình cánh hoa m ơi Lê Văn Lâm,,
Thắm ơi nếu đọc được dòng này thì mau trở lại. Bán page thì bán sao ẩn dật k đăng bên Nhuyễn Thị Tươi Thắm ??,,
Abe mua áo như này là chet con di me sela rồi =)),,
Con này nó chửi cho đã rồi lên khóc lóc xin lỗi sao như bánh tráng mặt lật dữ vậy ta,,
Sau ngày nào cũg tăg hết z hoag mag tột độ😬😬😬,,
#ERROR!,,
Tưởng nhầm kênh nhưng đến pha cuối thì chắc là abe rồi,,
cây viết đẹp á chị,,
"Muốn có 1 MV dc công chúng hưởng ứng, thường xuyên dùng thì tui thấy bài này ko dc dùng rộng rãi cho lắm. Nhạc nghe hay nhưng lời ko bắt tai để nghe nhiều và hát theo . Lời lần này hơi cao, ko có sức hút, ko dùng đại trà cho mọi ng hát theo dc. MV mới lần này ổn chứ ko phải là hấp dẫn đến kiểu gì",,
"Tao là trò đùa của chúng mày đấy à, a Chiếp said",,
Sếp ngta ko bg lm t thất vọng Oanh Nguyen,,
Cà khịa :)),,
Phú Nguyễn chuyện sao vậy,,
Con nay no khung con hon con linh ca loc nua,,
:)))))) haha,,
idol của bạn đây,,
Như con bóng dạ.:)),,
vs e abe chỉ đẹp gái thôi,,
Hoàng Xuân cẩn thận c ơi. Tốt nhất đừng ăn cho chắc,,
nói miệng chứ thèn TQ thân vs Lào lắm,,
Du ma nhin cai mat  gian va co,,
Huy Dương,,
Mẹ minh hiếu muôn năm,,
vv,,
Nguyễn Đức Cường :)),,
Không có thể tha thứ được không có chấp nhận được,,
"Nhật theo TBCN thì bị nhồi sọ tư tưởng Phát xít ( may mà Phát xít là đứa con của TBCN sinh sản ra chứ ko phải XHCN :3 ), Nhật ăn 2 trái bom nguyên tử của Mỹ thì yêu thương sao được lúc bấy giờ! Ném trái lựu chết 2 3 thằng Mỹ bị tố là khủng bố. Mỹ ném 2",,
abe kiếm tiền nuôi bò viên,,
Hình ảnh các bạn trong nhóm đùa giỡn với cô gái sau khi được thả,,
Bé ba buồn :)),,
Mỹ Hạnh mua quanh năm ngán r tết xả hơi hả dì cđ 🤣,,
Đôi môi này chỉ ăn cơm với thịt,,
Tịch An cùng quan điểm,,
Cô chuyển giới năm mình sinh luôn,,
Cô nói chuyện cười muốn banh bộ đồ lòng dậy đó 😂😂😂,,
Vì sữa ở VN quá mắc !,,
Hoàng Xuân Tâm chất hahaa,,
Fpt said : là vì m diễn viên chính nên a diss mạng m ^^,,
Phải hk z sạo z,,
Gam k đc top8 bh top 16 nào mới xoá kênh?,,
Khongggg,,
Abe sonic :v,,
Thom Huỳnh tham khảo đi 🤘🤘🤘,,
Độ học giỏi :)),,
Ăn xong đừng làm bọn em sợ :v,,
Có ai thấy mắt bà này bên to bên nhỏ ko ta 🤨🤨,,
Producer làm quả beat hay nhưng không hợp với màu nhạc của Jack lắm.,,
Như 2 giọt nước =)),,
thuong chi Minh Hieu qua. Ai thich giong mik thi likeeeeeeeeeeee cho minh di,,
Hồ Sỹ Hải nó ở cái tầm khác....thật sự cái điệu nhạc nghe mãi k chán..thề lun,,
Hán hoá từ từ,,
"Cháu chúc ông Dần sức khoẻ dồi dào, tai qua dịch khỏi ạ",,
Anh bo đan trường với cả tăng thanh hà 😅,,
Lê Văn Quật bọn mình đều chờ thầy thực hiện,,
:'( nhậu của ae mình 1 bữa tầm 500-1triệu . . nhậu của các ông ý 1 bữa 50-100triệu :'( .,,
Ây long bùi => lông buồi,,
Óc chó. Ngu do luyện tập hay bẩm sinh. Cái loại ăn cức lựa cục bự nói chuyện ngu đek tả nỗi. 500tr của riêng phan anh đọc đek thông rồi chu mõm lên sủa,,
tội cho má nó...nghe nó nói vầy đau l... phải biết !,,
Hiếu Lê trend thực trong sáng,,
Hay đó phè,,
cap' 3 thay co duoi? dai hoc mua thi` thua` qua :)),,
"Bi Vũ tháng sắm lần, tết cũng như ngày thường hihi",,
"Sau những pha bê đê rồi bị bắt nạt,.... thì đây là lần đầu tiên thấy a độ đẹp trai cool ngầu vậy :))",,
"“Nguyên nhân cá chết nhanh bất thường trên diện rộng có thể do độc tố có độc lực mạnh như sinh học, hóa học hoặc các yếu tố khác”- thông báo của Bộ NN&PTNT cho biết.",,
Hoàng Yến đừng đăng kiểu này bro ơi,,
Sam nướng mỡ hành ♡♡♡♡,,
Vẫn k quên quảng cáo mixi food cho vợ :v,,
Nguyễn Thuận k hay thì bảo k hay? Căng clgb,,
Cô này là gia sư của tao nè,,
sao mỗi bên có 3 4 chục người thôi nhỉ. đọc shonan junai gumi thấy bọn học sinh chúng nó còn đến cả trăm thằng :v,,
Nguyên 1 xô luôn nhé :D,,
cực kì thuyết phục abe 😄😄,,
Thang quan ngồi cười đằng sau thấy ghét. Tổ cha nó.,,
Anh bom cay lắm đây :)),,
Cái dm dm dm,,
Để khi nào đói ra nhìn cái cổng sẽ no mà k cần ăn,,
Chương Đình Ias xin vid bạn,,
"Kéo khoá sợ ""ngột ngạt""",,
Abe phải ghép vào con gà mới chuẩn =)),,
Gắt vãi đái ra nhé. Cô giáo mà nt à 😆😆😂,,
"""a ơi , e tỏ tình vs crush và crush bảo biết là e thích cô ấy nhưng cô ấy chưa nghĩ đến chuyện này ,tức là chưa nghĩ đến chuyện yêu đương, vậy e phải làm sao đây a, có nên đợi hay không ? "" hi vọng a làm video về câu hỏi này để e còn share đến cô ấy , e cảm ơn a , a độ idol ♥",,
chuẩn ad :v,,
Tuyên truyền sao hiệu quả bằng mấy cái băng rôn giăng kín lối ở xứ thiên đường kaka. CA còn uống rượu lái xe rồi gây tai nạn làm gương nửa kia,,
"chắc đéo đến mức ntn, nhưng chuyện ngoáy đồ là có thật.",,
"ko phải Sài Gòn, là TPHCM =.=",,
Văn Qúy bần đạo hãy cho bổn tọ cái video này với :>,,
Đỉnh như tính cách anh,,
Hương Quỳnh chứ a bó tay với T lâu r,,
em tưởng giải thưởng là 10kg Khô Lá Chanh vị Gà chứ,,
coppy anh3 clmm tao rip chet me may,,
Chúc kênh Panda của thầy đạt được nhiều sub nha dấu bé ba,,
Tiến hoá thành công,,
Kẻ tổn thương lại muốn làm tổn thương người khác,,
Ngồi yên để thầy kể về 1 huyền thoại :)),,
Đặng Thị Mỹ Duyên bớt nói linh tinh,,
Cà khịa vãi nồi. Báo chí dạo này lắm phản động ah nha =)))),,
đc vl a,,
ra là ra khỏi nghành bớt đi đẻ thằng khác không như vậy nữa,,
Very good,,
Stream tầng 6 Streaming House ngay lúc này đi anh :)),,
Để sbtc,,
Ở không cũng đc fan cứng,,
Thanh Trà Trương ?,,
TMV tên gi Em gái ?,,
Bác Trần Dần trả lời câu hỏi cuối rất hay....rất sáng suốt 👍,,
Mình thì chả bao giờ văng cơ mà theo dõi chửi thuê hay phết.. chỉ thik hóng thoai 😂,,
Chạyyyy nhanhhh điii,,
"Tôi vê thâm my , thât su mà noi , sua qua nên không con gi la tu nhiên nua , ma co thê noi là qua xâu ! thâm my môi bi lôi nên gio , trên khuông mat hê ai nhin vào thi nhin cai môi truoc không phai vi dep mà vi thây no lo cai xâu ra, cung do và nhin không co gi la thâm my ca nên ban nào truoc khi muôn làm thâm my thi hay nhin nhung nguoi sua qua dà giong nhu nguoi trên dây rôi hay suy nghi nên làm hay không ? nêu trên mat co khuyêt diêm thi nên sua con thây minh cung không co gi qua tê thi nên dê tu nhiên thi se hay hon",,
Giống vl :)),,
Phạm Vinh k ngăn đc dòng lệ,,
Sao lại không đỗ xe gần vỉa hè mà lại hành hạ nhau vậy ? :V,,
Thiên Đường nên hơi nặng phần trình bày :3,,
Nguyễn Trân,,
Vì là chị đóng nên em miễn cưỡng đi đấy nhé,,
Đọc báo thấy bảo xài app này nguy hiểm đến thông tin cá nhân,,
"4tr$ 1966 cũng vl lắm, có khi hơn jdp Việt Nam! Mình lúc đó. Chắc gì 50 năm ko có ổ gà.",,
thực ra lấy cũng dc nhưng ko nên pót lên mạng :v,,
Đức Hạnh sống ở anh rồi về việt Nam trị bệnh ủa rồi nó vô lí ở where ?? Ngta về việt nam cũng tuân thủ cách li đấy thôi chứ có lây bệnh cho bạn hả ??,,
Qủa tóc Đan Độ trong không thế nhịn cuời đc,,
Giày là cò tè Cao Bằng rách mõm limited =)),,
Còn lớp để học nữa à ???,,
có vẻ vô phục nhưng lại rất thuyết lý :)),,
vi trùng =)))))),,
Cô nhìn giống c Cẩm Ly ghê :v,,
Tt,,
Đừng buồn Trung ơi đừng khóc đa có Sena ở đây rồi 😂,,
Biểu tượng của refund có khác,,
nói dối là bị thâm môi,,
lại nằm đất rồi,,
Đặc vụ susan comeback bên lớp ms nha thầy,,
"Má đi du lịch ở nước ngoài về, thì tự khai báo cach li di chứ,sao có loại người i thức kém vậy trời",,
Thêm cả giàn nhạc tang kèm remix nữa cho vui tai ~~,,
Xin cáo từ,,
Cho e 5trieu sai đi chi3...chi lg dam cho đâu,,
Xin fb nghệ sĩ Trần Tiger để follow,,
Rất ngưỡng mộ chị. Chị thật thà có sao nói vậy. Chị làm ăn đàng hoàn. Chị là một tấm gương để đàn em lgbt Việt Nam noi theo.,,
Sì tai mới của a be diện đồ ăn tết xuân đến xum zầy,,
đậu má thằng xuất bản,,
Nghe giọng như vừa bị thông vậy :))))),,
Ngủ đk giấc dậy đã lên mẹ thành 38 😢😢😢,,
Kien Ne Bạn nói mình hả :((,,
Thầy ơi em để ý thấy tiểu tiểu giống vị tướng này <3,,
Shun Shun hónggg,,
Mấy anh làm em nhớ đến tuổi thơ vs những tối mất điện lỉnh khỏi nhà đi chơi trốn tìm vs mấy đứa bạn :3,,
Không chạy thầy đòn vô cái chân cho :)),,
Ai khóc nổi đau này 😃,,
Ai đây abe,,
Em luyện phụ hồ mấy tuần nay cho quen rồi =))),,
Không,,
Thay vì ghi cực kì thuyết phục thì có thể ghi bằng dòng tâm tư mhacs,,
😂 xàm quá ik ak,,
Thế sếp có thưởng lấy tinh thần k ạ?,,
Thằng xamlol. M k dùng hay dùng thì t care à,,
nhậu của ông hay là nhậu của dân,,
cúng cô hồn cho tụi nó đi r xây tiếp,,
Con này hổn Như gấu có gì mà ngưỡng mộ,,
Tốn kém bao nhiêu,,
Khoá Việt-Tiệp đây ạ .khắc việt khoá mõm khắc tiệp mại dô mại dô 😂😂😂,,
Lê Phương Linh ê lại nghỉ k hồi kết đấy. Vừa lo qua đh vừa k dám qua,,
Phương Dung Nguyễn mốt trc khi đánh đứa uống kết bia vô cho nó lên đồng nha quý dzị,,
Hoàng Thiện đạo đức mình đéo khá hơn nhưng mình cũng biết like dạo hoặc buồn :v con hơn các bạn nếu đéo thích thì like dạo hoặc xem chùa ko cần vào thả haha ngta đăng để đọc và biết điều chứ đéo phải vào thả haha trước sự lo lắng của toàn dân,,
Pháp sư Trần Cọp khỏe mạnh là mọi người vui rồi 😊😊,,
Sẽ,,
Inb em nha,,
Nghe có vẻ doraemon nhưng rất nobita,,
Phân biệt tú giang hồ vs tú tiêu tiêu,,
Liệu coa lủng như giáo án🤣🤣🤣🤣🤣,,
"già rồi bà già . bớt cái mồn lại tính chuyện đất đai nằm ở đâu và đi về đâu đi bà già . trẻ trâu làm gì nó làm, mình già quất cần cẩu rồi mà tào lao.",,
Cám ơn thầy ơi,,
Quất chết mẹ nó,,
Đó t nói có sai đâu,,
Đâu phải cô ba đâu :),,
tiên tri pháp sư trần dân khỏe là vui rồi,,
Dân việt chỉ cần clip xxx và bóng đá vn là đủ.còn mọi việc bán đất bán biển cứ để Đảng và chính phủ lo.,,
hoàn cảnh cả thôi ! đường đời chúng mày gặp trông gai nếu không nhổ vứt ra đường thì chẳng lẽ đem về cắm vào đít thằng khác à,,
đố em được ai giống anh thứ high,,
Có tìn mua cuốn này về đốt,,
Lưu Văn Chí ăn dã giờ,,
Team toàn game thủ cụt tay hả thầy :)),,
Yeu thay,,
Tuyết Lê ax,,
Khánh Huyền cẩn thận bạn ơi,,
Done!,,
Ông này bị không bình thường hả mọi ngừi 🤧,,
ỳe ỳe ỳe :33,,
Nguyễn Phi Long Khanh Huynh Lan Anh Nguyễn Alexander Lanheder Mều Mắt Hí Lý Hoàng Huy chết đỉ mẹ mài chưa con =)))),,
Cũng từng yêu xa 3 tháng rồi ct🤣,,
Trong lúc phòng loamk hết cả lên thì panda thái đã sinh ra 1 em bé :)),,
Má ơi.con nha ai xinh thía ❤❤❤,,
Mô phật 😂,,
thaygiaoba andbancuttt yeu6 thay6`,,
Sếp nhà người ta giống sếp nhà mềnh. Chayo,,
Cháu lúc nào cũng quý mến Bác Dần!,,
Sự kiện cc gì đc 2 tuần,,
Đm nhái thg đây rồi...hình này năm nào mNguyễn Tâm,,
da xem,,
Lồn ba rọi,,
lại bị cà khịa kìa anh :))),,
"Lạy cụ ... "" Dõ thần quyền :"" của cụ là bá đạo nhất tg luôn. Xưng bá giang hồ được. Võ thần của cụ súng bắn k chết dao chặt k đứt nhưng tất nhiêng là là là ng đó chưa tới số chết....",,
Có thầy thi phim mới hay đấy :),,
cả ngàn đại biểu QH qua 6 năm vẫn không thông nổi cái luật biểu tình dù nó có sờ sờ trong hiến pháp 2013 ! trong khi đó lại vung tiền làm trò mèo hù doạ nhân dân !,,
em biết phải làm gì mà anh,,
Em cho 2 like luon,,
Cai mieng noi ra hai chu tu bi ma noi nang vo duc wa.,,
"Cay thực sự, trời đẹp thế này mà đéo dám ra ngoài anh em ạ :(",,
"Phạt thật nặng những người trốn cách li để làm gương cho người khác, công bố danh tính và dán cáo thị, họ đi đâu cũng bị xa lánh",,
Khá bẩn=))),,
Nguyễn Quốc An thầy tui dễ dãi quá :v,,
Đm thằng ad xamlone,,
đang về rồi ạn êi,,
Mẹ bảo mẹ cắt tóc đẹp ăn Tết cho vui 🤣🤣🤣,,
Quả báo đó con,,
Nghe đoạn đầu thì em lại ngửi thấy mùi đam anh ạ,,
Thanh Hoa như 2 giọt nước,,
Ông đấy đang ở Hà Nội ý =)),,
Thầy ơi làm giáo án susan đi thầy 🥴,,
Thật sự luôn đó :((,,
Trước không biết trần dần là ai,,
Dm nhìn quả tóc cười vl. Mặt Tùng sói ngơ như kiểu đ hiểu bố mình làm clg,,
"qua việc này anh em đừng kinh thường 1 con ruồi, dù nó đã chết nó cũng có thể làm cho 1 người đàn ông đi tù 7 năm. Sức mạnh của 1 con ruồi chết ở đâu khủng thế???",,
"người nhật belike: t sẽ rút anime khỏi vn <(\"")",,
Hài hước nhất năm,,
t thích m từ lúc m nói sơn tùng mắc bệnh cầm hoa 🌼,,
Nó lại hấp dẫn vl :)),,
Ăn tết ngon hay ko là do con mẹ. 😂,,
"Thức tỉnh đi, hỗn vs độn cái gì -.-",,
VN be like,,
Đặng Diệu Minh Đà Nẵng kìa em,,
Ủa bê đê có lol hả ta ??😂😂😂,,
Phan Thái hên quá có cái ổ điện kkkk,,
Xin chào tất cả các bạn hnay tôi sẽ làm vlog đưa ông già đi ăn cua khộng lồ nhé :v,,
đầu danh hài hải ngoại có cái sừng dài thế,,
❤️ tấm gương đẹp đâu như mấy 🙂,,
"Nững chất thải này là ""an toàn"" và đã được ""cấp phép"" rồi nhé :v",,
hồng phúc của nhân dân vn ngày càng được nhân rộng.,,
500 tr đầu là của anh PA mà. Chứ đâu phải nhiều người góp vào. Mà giờ con số đó là hàng chục tỉ. Thù bạn nên biết lòng tin của mọi người dành cho anh ấy lớn cỡ nào.,,
Nhà xuất bản SỢ THẬT,,
khà khà,,
Bang Anh sếp nhà người ta,,
Toàn giáo án lủng mà cứ dựng lonnn là sao=)))),,
Bụng bia giảm được kg a ken,,
Cô nói chuyện duyên ghê!,,
Thanh Truc vô đây nj quần què xịn quá🤣🤣,,
Sống chậm lại các bro 🙂,,
Qua giu youtube nguoi nay tenh j vay,,
Hết nhanh như chớp h qua thách thức danh hài :)))) thầy ăn nhìu giải nhỉ :0,,
"Dư luận viên trả lời câu hỏi bằng câu hỏi !!! Thằng này chắc cấp trên của dlv, tụi nhỏ không trả lời được nên nó nhờ quyền trợ giúp",,
Quá toang luôn zui,,
"Người Miền Tây mình rặc ri vậy đó mọi người,nói gì nói ai buồn thì chịu.Cô Duyên quá",,
nói ngu còn nói lớn 😆😆,,
Clgv abe !,,
Cho mình xin video vs bạn ơiii!!,,
Tao định chúc mừng sn nó cho đến khi xem vd này 😂,,
tao méc mấy a dlv tụi bây phản động nè,,
Mi Phạm giờ này chơi luôn nè,,
Muốn xỉu :))),,
cho con xin 40 triệu đi cô để con  trả nợ cô ơi 0933853455,,
Cô Chi đẹp quá à Đi đường quyền,,
Đck thầy ơi,,
Style cao bằng,,
V im lặng đi. Than than cái j,,
Em rớt trứng rồi abe,,
"Vừa xem tối qua, cảm giác cũng đc, đi xem giải trí ok chứ k phải hay lắm",,
ma ba oi,,
Chơi game với Levi là chả cần lo nghĩ nhiều gì :))),,
Lần đầu tiên thấy ad page khen mấy chị giao Thông có cách hay =)),,
Mai Linh Nguyen đòi qua ngó này :)),,
Sao em ☺,,
nhìn là thấy ghép ảnh rồi.,,
Ơ hay,,
Sao nói vậy mỗi ng mỗi số ai muốn ai chọn đc số vận đâu hả chị.,,
Nghèo khổ có nhau còn khi giàu mình tao hưởng.,,
Da con chao co,,
Xin Chào Quốc Sư! Chúc Ông luôn khỏe mạnh.,,
Chị Thắm xinh. E muốn nhờ c để cho con bạn e đc sống ảo 1 lần trc khi lên bàn đẻ. Đời con gái của nó coi như chấm dứt. Nó hát ko hay nhưng lại hay thích hát. Đàn bà con gái như thân phận bèo trôi. Dính phải cứt thì cũng phải chịu. E ghét thằng ml ck nó,,
Phan VĂN Chương Hôi lông có cái hình đi đâu cũng đăng,,
Thấy danh hài khỏe mạnh là con dân trong nước vui rồi.,,
ad ngu k biết xem thời gian hay chậm tiến so với thời đại vậy? từ thời kỳ nào mà giờ lôi lên,,
Cc abe,,
Phước Hữu Đinh ở Vũng Tàu đừng ăn bậy bạ nhá :v cái nào càng lạ thì ko nên ăn càng tốt,,
Đẹp trai thực sự nè ❤,,
Cho mình xin fb chị ba,,
"Nguyễn Trọng Thái đợi cái lone , đ!t chị m 😉",,
Cuộc sống kbt còn cái j ngu hơn cái này ko😌 bất lực😌,,
ảo tưởng vãi lồnn,,
Chúc thầy sớm xóa kênh panda,,
Người vừa được truyền máu be like,,
Cảm ơn ngài phó thủ tướng nhưng có vẻ nhân dân tự ý thức được rằng trận chiến đầu chỉ ở trong một tỉnh còn trận này thì ... :')),,
Táo liên quân nhé các m,,
Dinh Minh Tram Bỏng Ngô Đường Kế sunday này we meet nhau không homies :)))),,
Qua roi a chau oi coi cuoi ret dau bung qua,,
Mấy bác có biết cái link tỏ tình crush anh độ nói k,,
hợp lí vcl,,
"Duoi quê em có hoan Canh cô này rất nghèo cô 58 tuổi mà đi khiêng đất muốn, ngay co 50k.  Ỡ nhà trôi  che miệng cao su . Mới thằng luong e ít nên e cho mọi thang 500k  hoặc 200k.  Mong chi cung em giúp ba  chút ít cung được cảm on. Chi mong dc phần hoi của chi  cảm on ạ",,
Vụ minh béo và luật pháp mỹ nghiêm thế nào đáng quan tâm hơn,,
Wow troi oi 😱,,
"VFF đang bận công chuyện rồi, thiết nghĩ năm nay mà bóng đá nữ mà giành vàng thì chớ có cho mấy lão VFF đi nhờ chuyên cơ để ăn hôi như kỳ Seagames trước =))",,
Trên bờ có con trâu dưới nước có đen vâu ####,,
Bùi Văn Pô and Khá Bá Sói trùm vinahouse 2019 :))),,
Ruby Bé Nhỏ ai ngoáy mũi ở tường kia 😂,,
Thiên trâm với sena lấy nhau chưa thầy :(,,
trend có từ hàng nghìn năm trước công nguyên tại VN =))),,
Chi là ba Con voi linh ha. Sao thay giong wa,,
Anh em mau nhường giải cho Sela trả nợ nào,,
Rồi lại thêm mấy cái cầu con con NGHÌN TỶ.,,
Hà Văn Hoàng vô lí nhưng rất thuyết phục🤣,,
Kéo quần lên đi bạn ơi :)),,
😂😂😂😂🦆🦆🦆🦆🦆,,
Dm!,,
From mixi,,
Ba chào cô chú đi con,,
"Việt Nam có thể là trái banh do Mỹ và Trung đó qua đá lại,  mình phải tỉnh táo,  nghiêng phe nào cũng lệ thuộc,",,
Làm quả đầu như này nữa :v,,
em có tội gì đâu :(((,,
Ok a trung,,
Abe là tổng thống nhật còn Aba là Trung gà susan 0175,,
Gắt quá ai lại,,
@Phan ngô kệ cđm mày nói tao làm cái lồn j tao chỉ muốn nhắc nhẹ thôi tùy mày 🙂🙂,,
Trời ơi t cười t chết quá 🤣🤣🤣,,
Dg buồn là coi hết buồn,,
Em chao chi. Chuc chi luon xinh dep tre mai ko gia 🌹🌹🌹,,
All hail Miss Minh Hieu!!!,,
LT cái biệt danh nhớ xuôys đời 😪,,
Chúc gia đình thầy ba 1 ngày 20.10. Và cuối tuần vui vẻ,,
Con chủ tịch liệu có dám chi 400 tỉ cho những gì con gái họ làm không :(,,
"Danh Nguyễn cố lên a ơi,chúc a may mắn,em ở Hà nội cũng sợ lắm a ạ",,
Cũng là do tự mình chuốc lấy.cà khịa người ta làm j giờ ngồi khóc,,
giàu mà đi giựt tiền Minh Hiéu,,
anh ơi cho em xin video dc ko anh,,
Thuyết phục,,
Dan K To đọc cười như chó. Sẵn tiện like cái page này hay nè con thú,,
Phạm Bul lái máy bay à cu,,
Ah Minh Tuân là e ah BLV Anh Quân hay sao giống v,,
Thôi yêu em này để khỏi thất tình,,
An dau buoi ...an cut,,
Xàm quá có tiền mới tới đó được chứ làm ko,,
đmm ghi rõ nguồn VD ra nhé ad,,
B52 bị ngưng sử dụng:)),,
Thành phố ngay sau công viên cạnh nhà tôi🙂,,
Vl 😂,,
Hi,,
Em muốn nói với anh,,
Dcm nhìn thằng thẩm phán nó cười đểu kìa,,
"Nè !!! Nói cho ad nghe !!! Ad đã cấu trúc lại lịch sử chưa ??? Việt Nam tar đi sau Trung Cộng 1 bước , nên những gì xảy ra vs nó , sau này sẽ xảy ra với ta !!! Ad tin k ? Ko tin hãy chời đợi !!! 1000 năm đô hộ chứ đâu có ít ^^",,
Yêu nhau bao lâu thì cưới :)))),,
Hơi khó nghe nhưng rất thuyết phục :(((,,
Thiết nghĩ v kiểu mặc quần nvay a khỏi cần mặc quần trong mà cái quần nó vẫn dính lại mới hay👌😁,,
Vo Tuan Anh đéo hiểu kiểu gì,,
From Sóc Trăng with love ❤️❤️,,
Thế mà kêu k nhận qc lương sương sương 7-8 triệu =)),,
cho cho cho cho cho,,
Idol đây rồi 😁,,
@Dad ‘S,,
Bcuoi quả cment hàu sống vắt chanh =)),,
Cảm thấy nhục,,
Rãnh quá không biết làm gì 😆,,
"Ông Trần Dần nói rất chuẩn ....! Là người Việt Nam 🇻🇳 thì phải yêu thương nhau, lo cho đất nước giàu mạnh để sánh vai với Singapore 🇸🇬... Bầu ơi thương lấy bí cùng tuy rằng khác giống nhưng chung một giàn...!!😍😍😍😍😍Cháu rất đồng cảm với BÁC",,
Nhựt Vinh,,
Con sam thường đi một đôi còn so đi một mình,,
thằng này nó chơi với tiến bịp hay sao mà nó lại k xanh chín thế ông nhỉ :)),,
"1000 năm đô hộ giặc Tàu, 100 năm đô hộ giặc Tây, 20 năm nội chiến từng ngày. Đất nước tôi 😔😔",,
Tùng sói đâu mách mẹ trang cho bố độ ôm gái kìa :>,,
Nguyễn Hân m sl qía,,
Thôi tao sin mày Tiệp ạ sủa ít thôi ko nhà nước cho mày cách ly o chỗ châu Việt cường đấy.,,
éo cần nhé! cứ đè bọn dân ra là có tiền :)),,
May quá idol của tao vẫn chưa  dương tính,,
Cây atm lúc này,,
Cái nhập code này từ hqua hôm kia r nha,,
tr ơi nhìn thầy giống con póng quá à.,,
Cị nói thực tế mà hiii cị có sống mũi đẹp quá,,
Bọn chống cộng đã già còn sợ chết,,
Đào Thị Thu Hà ok ?,,
Nhìn cái mặt đã thấy biến thái rồi,,
Cho em hoi sua mui bao nhieu tien,,
Nát từ trên xuống. Hỏi ai ra cái quyết định không được trinh sát đó?,,
Idol con đỉnh vl,,
CaoNgọc Yến chết chung,,
Nghe rất hư trúc nhưng lại là mộ Dung phục,,
Nhà nước cấm đốt pháo nha... haha...,,
Còn gì nữa ko bú 😂😂😂😂😂,,
Tronh suy nghĩ được thế... nhưng mà phải lớnnn lên :))),,
Hóng nào,,
Năm kia luôn nhé,,
fighting !,,
Vài năm nữa đi ỉa chúng nó cũng bắt xin phép,,
Muốn xây tiếp nộp phạt 40% giá trị công trình :))) vl,,
Á à chất đấy,,
Vc,,
Vì họ là người VN nhé,,
"Đi chăn bò cần cái roi thật to bò ko đi ta lấy cái roi t chọc đít bò, bò đứng dậy đi luôn ;)))))))))",,
Những người ý thức kém thì nên có biện pháp trừng trị thích đáng. Trong khi bao nhiêu người trông chờ từng ngày mong đất nước bình yên thì những người này lại ích kỷ muốn làm loạn cả lên. Bức xúc vô cùng,,
"ô hay, Nhật là thánh chắc mà đi lấy làm tiêu chuẩn so với Việt Nam???",,
Lâm Đình Khoa Được anh nhá,,
Vũ Thị Ngọc Tâm mình đi trước thời đại 😁😁,,
Nguyễn Bình thì ST là chủ tịch công ty thật =))),,
Mot tup leu tranh hai trai tim vang :))),,
Đừng cho ai ra zô nuoc ngoài nua . Mấy a chi nào bị thi làm on có ý thức đi o nhà đung ra ngoài mà hại đồng bào..lúc chủi dân trí thấp lại tu ái,,
Bây giờ là gần 11h! 40 + 40 = 80 phút thì sẽ là 11h80 :))),,
máy ảnh đúng rõ nét :v,,
"Toàn bọn đầu trộm , đuôi cướp !",,
Nguyễn Đạt chưa dm,,
gáy lên,,
Thấy tiên tri Trần Dần khoẻ mạnh là vui rồi 👍 Nhà tiên tri nói chuyện làm ng nghe phấn khởi hơn!,,
Lôi huyền thoại ra so sánh với con gà :v,,
Trông thầy giống bê đê vcl :))),,
Vl anh tôi cà khịa căng thế,,
thế mà 16+1= 32 rồi đấy,,
?,,
Bản nhạc gì ae?,,
4x4=8:)),,
ý thức của chị Nhung còn thua điểm lí của em,,
Nước bạn là đồng minh... Đừng có mà chửi nước bạn như vại chơ😂😂😂 bạn làm sai để bạn sửa lại😂😂😂,,
Có cánh hoa thì phải có cành hoa chứ nhà...! 😂,,
Bố lạy mày. Những bài hồng nhan bạc phận sóng gió ko hay ah. Nên nhớ lúc sơn tùng ra bài hãy trao cho anh cùng với thời điểm sóng gió ra hỏi những người có gia đình thích bài gì nhất người chọn bài sóng gió nghe chứ ko bao giờ nghe bài sơn tùng.,,
Nói thật chứ đã là con người thì phải như vậy...ý thức là trên hết vì cộng đồng ❤️,,
Tốt nhất là không nên ăn luôn cho khỏi nhằm lẫn,,
chẳng ra gì?,,
Lê Trung Hiếu chả thế thì sao nữa,,
Vô chào cái ngủ đê,,
Hoa Pham khi nào gặp cướp nhớ làm theo chỉ dẫn trên này nhe mày. Đụng khơi khơi vô nó là ủ tờ như chơi đó ku :D,,
Nhà sx của iPhone ăn táo trên chỗ tộc trưởng ak,,
Nam mô :))),,
Minh Ngô hoa đâu đẹp dữ à 🤣🤣,,
Ba gà dẫn gái về phong stream :(((,,
Bê L chạy quanh nhà :)),,
Luke Nguyễn 88 bảng mặt nó ko bằng lông lồn của ngtrinh nữa kk,,
Cho thằng Ad : chó vẫn sủa và đoàn người vẫn đi ( chắc là ẳng thôi chưa biết sủa đâu ),,
Đặng Công Vinh loại mày có cặc tiền mà mua loại xin,,
khôn như ma :),,
ko biết Cám chăm chỉ đổi chưa chứ bên này theo kịp rồi đó,,
con này hết thuốt chửa rồi.,,
tất cả đều do dân vì dân tại dân...hiểu vậy đi!,,
"Phim phản ánh thực trạng khai thác khoáng sản bừa bãi, ảnh hưởng hệ sinh thái mà loài người đã gây ra. Emily từng nói rằng:” Biển cả đang đòi lại mọi thứ từ chúng ta”. Vì vậy hậu quả là do con người phải gánh chịu.",,
"ơn đảng, ơn bác quá",,
Cùng một lỗ đẻ ra và ngu như nhậu,,
Take it slow,,
Nặc Na t cũng ko bt nữa😁,,
a hihi lũ chó lợn thích thủ dâm ở đây nhỉ,,
Tộc trưởng chào e cái :3,,
Coi đi coi lại vẫn mắc cười 😂 Chữi hay lắm,,
"Sợ dịch thì ngồi online vô nhóm này tham khảo làm đẹp này, sợ gì corona",,
Em xin lỗi chị ba vàng ngọc em ghi sai chū chị thành chū cho em xin lỗi,,
Nguyễn Minh Thu có lẽ vẫn strees :))),,
Bao Binh lương tôi từ 1tr6 lên 3-6-8-12 giờ lên 22 đây. Trong 6 năm cố gắng đó trời. Có ý chí xíu nào...,,
Trần Huy cái lồn 😂😂😂,,
Lạy ông. Môi thằng Tùng lớn lên chắc cũng như ông =))),,
Như lol thầy ơi,,
"Tên Trần dần này biết cái cứt gì đâu mà tôn vinh tiên tri Vũ trụ,thật là một lũ nhảm",,
mong là con số chỉ dừng ở đó thôi,,
Hà Chang. 😆😆,,
Hát hay quá các anh ơi,,
Quảng cáo đéo lệch đi đâu đc,,
Giáng sinh an lành 🤣🤣🤣,,
"Mục đích của Bolsa TV khi phỏng vấn Trần Dần là gì? Lập trường của người phỏng vấn khi phỏng vấn ông Dần là gì? Khi phỏng vấn người khác ít nhất cũng mang một tư thái tôn trọng khách khí với đối tượng được phỏng vấn. Đằng này ngoài mặt nói lời nhẹ nhàng khách sáo nhưng sâu bên trong lại là mỉa mai trào phúng, thậm chí đôi khi cắt lời ngưòi ta, tỏ ra thiếu tôn trọng. Nếu không có nhẫn nại để nghe ngưòi ta nói thì đừng làm cuộc phỏng vấn đó. Xem mấy clip kiểu này của Bolsa, thấy tội nghiệp cho ông Dần già cả, tiếp nhận phỏng vấn mà còn bị ông đầu trọc xoay vòng vòng như con rối.",,
Tức vl,,
Giàu thì ở nước ngoài mà chữa bệnh đi cứ cái gì cũng lôi về VN :))),,
Đó là 1 câu chuyện bùn)),,
Ra đường đội cái mũ vào,,
Nguyễn Hoàng Sâm lồnnn Sâm,,
có Tú lo mà,,
"súng bắn ko trúng  , dao chặt  ko đứt  Hahaha  , tất nhiên tôi bái ông cọp 😂",,
Huyền Phạm bố lạy m,,
Đạp nó về khựa,,
chất phát,,
Ba sạo lồn thì có,,
Em về đây :))),,
Võ Minh Hiếu rep ib bạn,,
"E trai của cô đang ở đài loan ,chị kia bán quần áo, e trai cô thì chốt đơn cho chị kia nha mọi người ...",,
Cho xin Facebook của bả đi mọi người ơi,,
Hải Ơi Hải Toang rồi anh ơi 😌,,
lÂu lâu đc vắn mà gáy khét quá ông giáo ơi,,
Nói v là mất quan Điểm quá nha :v,,
Phạm Như Ngọc haaaaaa,,
Con của cô kim ák 😂😂😂,,
Ở một diễn biến khác !,,
Quả này chơi lớn,,
Má nghiệp ghê,,
1.531 nghìn tỷ đôla sai nhé bóc phốt,,
Seria A cũng bị hoãn,,
Pr vc tộc trưởng ạ,,
k rãnh loz làm gì lên xem abe,,
Như Hằng NguyễnThảo Nguyên k có triệu chứng ho khó thở vẫn bị nhiễm kìa,,
Phạm Văn Lộc đúng là giang hồ,,
dịch bệnh có nhau :)),,
yêu thế chi oi,,
Ủa thân nhau lắm mà... 2thang này 1 phe,,
Lê Thị Trang dm đắt,,
Ten years! Really :))),,
sao mọi người không ai đuổi tụi nó đi ?,,
"đéo liên quan, hôm qua valentine dẫn con bạn mới quen đi vô resort",,
Nứng,,
Câu truyện nghe cũng rùng rợn phết mà sáng tác thành bài nhạc vui vđ.giờ mới biết,,
Ok nha thầy,,
Chán !,,
ít nhiều cũng phải như tq tuy tôi đéo ưa TQ nhưng nó lại dám làm việc đó là chống tham nhũng và hiện tại rất là hiệu quá.kể cả cấp trên chỉ sau mỗi tập cận bình vẫn bị bắt giam vì tham nhũng.,,
Cực kì thuyết phục! 👍,,
Ngọc Yến gì đấy,,
"Dịch bệnh sao mấy người cứ thích đi du hí, làm tâm điểm của ánh nhìn vậy!!",,
Nguyễn Long con bệnh,,
"Chế mình Hiếu nói chuyện duyên wá đi! Hiếu giàu wá, chứ Hiếu vừa vừa là mình tự trau thân cho Hiếu rồi..mình là đờn ông nha Hiếu ơi",,
Chi ba vui ve chuc chi phe đep,,
Ai đây không phải thầy của tui :)),,
Chúc cô à lộn thầy Ba 20/10 vui vẻ :v,,
OK luon Minh Tuan oi .,,
"Kệ mẹ mấy thằng bị nhồi sọ chửi ad, càng đông càng khai sáng đuoc, tạo cơ duyên đến với dân chủ, văn minh,..",,
Bích đú...,,
Chào mừng bạn đến với chuyên mục : Cười cùng Mixi 😂,,
Tưởng được quẩy như bên nước họ chứ :'(,,
"dạ. a chắc kiếm đường khác về quá ^^, đi ngang Tân Sơn Nhất cũng hơi nguy",,
Thời gian là thứ vô cùng tàn nhẫn,,
che oi che noi hai ma cuoi van xinh iu che wa di ha.,,
"Mấy cái thằng này. Chốt chặn làm đéo gì??? Cứ để nó chạy cho ầm ầm, đua xe, tông chết ng các kiểu đi chứ. Chốt làm gì? Mang tiếng.",,
Trong khi cả nước đang cố gắng chiến đấu với bệnh dịch thì 1 số ng vẫn ko chịu hiểu tầm quan trọng của sự việc.,,
Chị chạy xe hơi chưa chắc đã giàu hơn những người đang chạy xe máy...nhưng chắc 1 điều lạ chị sự dụng phương tiện xe hơi xe góp phần làm ô nhiễm môi trường nhiều hơn xe máy làm ùng tắt giao thông hơn xe máy...,,
Tạm biệt :)),,
Huỳnh Việt Trung ỉa xong là xanh sạch đẹp nha kk,,
Huyền Thanh Nguyễn =)),,
Đinh ThắngThắng đây à :))),,
dễ thươngggg quá cô yêu ơiiiiiii ❤️🥰🥰🥰,,
"Đẹp trai, tài năng, tư duy đỉnh cao, kĩ năng cá nhân tốt, tư chất lãnh đạo là những gì mà Levi có chứ kh phải như ai kia =)))",,
Sau khi cô chết cô có hưởng được hết những thứ cô đang có không? Có đem theo được ko? Tay trắng vẫn hoàn tay trắng cả khi sinh và khi chết. Địa ngục và thiên đường là do chúng sinh tự chọn lối vào. Quyết định tuỳ mỗi người,,
"Cường Nguyễn chuẩn, nghe k để lại ấn tượng gì :)))",,
Nguyễn Tuấn fl= gửi vd nha 😁,,
Nam Bắc Giang m đang đi cách li ở đâu rodoi,,
sao bảo người nhật sống rất khoa học,,
Thà bây giờ câm mẹ cho rồi. Càng nói càng lộ cái ngu bị dân chửi thêm chứ làm được gì,,
cho em cái fan cứng nào,,
"Các bác nói vậy là ""gây tổn hại cho đất nước"" .... :v",,
tóc làm như bị hỏng. Sóng gãy lung tung bu xù và hơi xệ.,,
BA  NÀNG  TIÊN  CHỊ EM DUYÊN  DÁNG NÈ  VIỆT NAM  TA NÀ  DỄ THƯƠNG QUÁ HÀ,,
E nói đùa đấy,,
Hết bia corona rồi đến bia Hà Nội giờ lại bia Trúc Bạch,,
Cứ theo nguyên tắc suy đoán vô tội thì từ nhân chứng đến vật chứng đều tào lao rành rành như vậy mà còn giam giữ gì nữa!,,
PhoBolsaTV helo đồng chí Trần dần,,
Doinb thật vinh dự khi được thầy gánh,,
Luật pháp vn thật hài,,
Các idol thật là thông minh,,
"Thương thầy , thầy sela",,
Tin tôi đi :)) nghe 1 lần k hay đâu nhưng nghe nhiều lần thì khác đấy=)),,
"Phim ca ngợi Đảng, ca ngợi TQ.",,
nghe yêu đời quá,,
Ước mình nghỉ nhưng điểm vẫn như thường :((,,
Chi ba bi ngao đa ha chi 3,,
tử hignh,,
Người nhật mà còn có thể loại ko não này thì bảo sao VN lại ko ..chán dell muốn nói,,
Xin video đi bạn :v,,
đừng buồn anh tôi :)),,
đàn ông gương mẫu 3:) iu vk thương con thế là cùng,,
Phước Hữu thì ra là Phước đú trend😒,,
"Ham sơn móng giò móng tay , mê quá cô ơi",,
Định mệnh 😂😂😂,,
Cạo râu đi chị ba,,
"GD Việt Nam cải cách ,thay đổi phương pháp vẫn ì ạch vẫn còn nhiều hạn chế, vẫn bệnh thành tích, vẫn chạy điểm ,quy trình ,SGK , Phương pháp đào tạo và giảng dạy còn bất cập lý thuyết suông còn thực hành lại không áp dụng được bao nhiêu, chỉ học những",,
Mua giày mang vào mùa này là thích hợp luôn,,
Bảo Tín a chụp ảnh chó con đi,,
Đỗ Thu Trang bịp à :))),,
Nếu nó chở về nhà thì tốt nhưng có đéo ai đi về đến nhà qua chốt là cũng phóng ầm ầm :-< còn mấy bố bảo đóng tiền thuế này nọ thế đm ng ta đi làm k đóng à mà đóng đc bn tiền thuế mà mở mồm ra thuế liên tục thế nghe ngứa háng vxl,,
Tượng ổng chết dịch rồi 🤣,,
do bụi thôi,,
bac gửi em xun video này với,,
Ở mỹ mà nhìn như ăn mài nhìn ghê quá,,
Cứ để tú lo,,
Tất nhiên là tất nhiên tất nhiên Trần Dần =)),,
"bố nó làm to, mẹ nó làm bự",,
Chủ hàng nghìn hecta team up tôm hùm cực mạnh :))),,
trên đời này người tài ba lỗi lạc nhiều lắm.nhưng ko bao giờ bằng 1ngừời gặp thời đâu bạn ạ,,
1 chế độ minh bạch tất cả = nhân dân hạnh phúc,,
Chúc kênh Panda mau đc 1M sub nha thầy,,
Voliber nữa,,
có thằng chê ông già mình sống cá nhân kìa =)),,
hixx,,
đừng để thành hàn quốc . iran . italy mệt lắm,,
Mới xem nhìn thấy cưng qa chị,,
Có mấy người bạn bảo ny của bả hiện giờ tán bả 3 4 năm rồi mới đổ. Gặp mình thì đcm bố tán con khác :v,,
Tùng học từ mẹ anh ạ,,
Nghe bảo người Nhật ý thức lắm mà,,
Nhieu khi ho k biet ho benh thi sao,,
1 tỷ như cái vải chùi lol 😏😏😏,,
Anh nói bậy có bị khóa môi bao h chưa :)))),,
đc vai l a,,
Hưng Thấy sao nhờ,,
"😂😂😂 dân nam kỳ nói chuyện là cưng hà,chửi cũng cưng",,
Không có cái quần mở tia bên ngoài thì auto đẹp rồi 😓,,
Sam lon la nhieu,,
Ma ba vang ngoc con kho lam ma ba oi,,
Ăn mặc như cái đ.buoi,,
Võ Thị Quỳnh nhuộm cho bằng bạn bằng bè. Hahhha,,
"có liên quan chứ thằng ngu, đóng thuế môi trường cao mà khí hậu vẫn ô nhiễm , do chính quyền quản lý xử phạt yếu kém nên bọn xã thải mới lộng hành, tiền thuế thì nó ăn hết, k phục vụ bảo vệ môi trg",,
Các bác cứ xung máu. Vị thế nc bé nó cũng khổ lắm chứ bộ. Các bác có biết chỉ 30 phút là Hà Nội giống cái sa mạc ko mà đòi đánh,,
Đẹp trai :v,,
Ảnh từ năm truocs,,
Phận sp phải nhường mạng cho ad,,
đến cái tuổi đấy mấy ai ko bụng to? =)),,
Rình mồi,,
Cố lên nhất định phải thắng,,
Nhìn quả sena giật mình vcl,,
Có nên tag crush vào đâyy để tỏ tình khôngg???,,
"Trời ăn nói vậy mà giàu thì đâu có giá trị , bà ơi giàu có bị già chết ko? Ngã mạng thấy sợ quá .",,
Nguyễn Đức Thắng khiếp đọc cái cmt mà cười rớt nc mắt😂,,
Đúng mệt : v mà em cũng mệt với bọn sống nhanh chậm vãi cả lồn =))),,
thích mấy bạn xưa cmt vui bh thuyết phục cc,,
Nhựt Minh xóa đi quơi 😡,,
"@Nguyễn Tất Linh hahahah, mới biết b ơi",,
😄,,
"Yêu Bác,yêu Nước,yêu Đảng...yêu cả hội con dân Đông Lào♡♡♡♡",,
Sói said: Đấy mới là ông già nhà tui chứ =)),,
thoi xong,,
cay thật anh ạ :(,,
Nay toyy sẽ dắt ông già mình về quê chơi các bạn ạ Tùng said,,
Nó lại hợp lí quá,,
Đau cả ruột vì suýt nữa được tặng miếng đất rồi :)),,
Méo biết hát cái h,,
Nghe cỏ vẻ rất thuyết phục=)),,
"Như robot đang nói zậy, mặt đơ như tượng. Lạm dụng pttm quá đà",,
Cố mỉm cười nhưng lòng chẳng được vui :))),,
Trần Minh Nhân vetv xóa rồi lộ hàng nóng kk,,
co ba chửi  hay quá,,
Phạm Hạnh đm 2 năm r vẫn bị đào lên:))),,
Thằng Rách nhiều anti nhờ mấy con đóm sâu bọ đó. Đọc cmt bcuoi vl. Chúng mày thấy hay thì chúng mày bảo hay. Bọn t thấy k hay thì bảo k hay. Cãi đéo đc lại bảo nta bán ol nên tạo phốt. Đéo hiểu,,
Nguyễn Mạnh Hùng thật ra thì nghe 1 lần chưa cảm nhận được nghe đi nghe lại sẽ thấy hay,,
Tae Yul nghiệp :))),,
Xem thầy từ lúc 10k sub,,
Vào mà đọc :3,,
mấy sinh viên ăn chơi cẩn thận ...uỵch nhau coi chừng sập nhà đấy !,,
Phương Mai hoy a chơi trc đi,,
Chị giàu chị nói Cc gì chả đúng..,,
Kkk mấy ông củng ham rẻ tui k xài thôi chứ xài zô siu thị mua cho chắc cú,,
Mày chả có tý văn hóa máu loz j,,
"Xem xong phí cả time, chả thấy giải trí đâu cận thêm mấy độ 😂😂😂 Nhung Đinh nhỉ",,
Coi lần thứ 5 🤣🤣🤣,,
Anna Nguyễn nhạc với giọng chả ăn nhập gì lun,,
Đoàn Duy Diện hịn anh ơii :)),,
chuẩn giá án rồi,,
"hiện tại mình đang có nhu cầu tuyển ny, các bạn nữ nhanh tay rep cmt này và ib trực tiếp cho mình để thử cơ hội may mắn.",,
Hyn Du các anh sẽ tăng thu nhập rồi!,,
Hợp lý anh ưi :'),,
Các ae phải biết là phần lớn công việc văn phòng của apple đều có thể làm ở nhà:) nói là nghỉ lên công ti thôi nhưng vẫn làm BT nhé:)) công tỉ công nghệ mà lại:)) còn sản phẩm thì các nhà phân phối vẫn bán bình thường:),,
Hóng B52 debut cùng J97,,
nói bé bé thôi k chúng nó bảo phản động bây giờ,,
Ảnh thì đm vô lý mà cáp lại thuyết phục vl anh ưiiii,,
Dì vs ad là vợ chồng hở,,
Do em ko biết chơi em cần bán !!,,
Đôi môi này làm sao đủ trình thơm vào má Trang :)),,
Cuoiis cùng ko ra cái méo gì vợ táng cho sml,,
Sao căn vậy,,
Nguyên Hưng guể =)))),,
"hí ae, nay kỉ niệm 5 năm ngày cưới, xin phép ae cho tôi off 1 hôm để đưa vợ con đi chơi :)",,
"@Chiến trần Vì chúng ăn phá.  Chúng làm xấu mặt nước nhà nên gần 50 năm mà nay phải ngồi chụm củi, đốt lò.",,
Đm chúng nó chứ,,
Móc lên ngửi đấy mà. Dơ vcl 🤣🤣,,
Gởi thầy ba,,
Cô dễ thương qué!!!,,
Oppai Tokonome free hết từ a đến z luôn mà,,
Nguyễn Hiếu hàng 1 1 với fake là 1 chứ khác biệt lz gì đâu =))),,
"Ai trang điểm chị đẹp vậy, sống mủi lệt trái chúc nhe chị.với mình đang sang trọng lên live đừng lộ vẻ nhà quê, vuốt tay áo hoài nhìn quê mùa quá",,
Tuần sau c off fan cần thơ c có tặng fan 5 chỉ vàng hong ta :)),,
tức tui á 😖,,
Chào đồng chí 👋👋,,
Hàn quốc không có dãy trường sơn và các láng giềng chết tiệt đó là một may mắn cho nam hàn! Nếu không thì nam hàn đã bị bắc hàn thôn tính và cùng trở thành cộng hòa xã hội chủ nghĩa trung hoa!,,
Hợp lí !! 🙂,,
Gamoto,,
Nỗ lực như nào thì chị không nói 😶,,
chán các e của a,,
Con đĩ  này  từng  bị  cộng  đồng  hù  đánh  khóc  lóc  vang xin  giờ  qua chuyện  rồi  thấy  mạnh  miệng  lại  ha,,
Mua dép mixi ib vào đâu nhỉ :v,,
"Mấy tụi DLV hay nói đu càng này nọ. Nảo chúng bị nhồi nên úng rồi. Thật ra đu càng đâu dể. Đu càng tốn cả triệu đô. Chỉ có ở tụi quan lớn tham nhủng. Chứ bò đỏ ấu trỉ umê bưng bô lương ba đồng làm gì có cửa đu, chỉ biết làm chốt thí..ha ha",,
Công cụ khủng bố và đàn áp của trung cộng đã đến lúc thành thú dữ . Đó là hiện tượng thế thời Tập & Trung Cộng đã đến thời khủng hoảng chính trị .,,
04:50,,
Coi phim hậu cung nhiều quá sản luôn🤣🤣🤣🤣🤣🤣,,
Thằng Hùng đụ bà Tư Nha nín thở,,
Tao gõ chớt mẹ mày chứ ở đó mà múa . Abe said :)),,
Đi tìm nó đánh chết mẹ nó luôn chị,,
"Đó là sự thật á , Yoongi khiến army bấn loạn lắm luônnnnn",,
Cô giỏi quá cô ơi. Con mê cô quá,,
HAi con ăn hại nhưng lại là quái thú nên ...,,
Bạn đó đang nói móc con cháu thằng hồ nói miền Nam VN lúc trc đó sao có nhiều người ngây thơ ghê.,,
from panda with love ❤ abe,,
Mẹ ơi . 1 tỷ như dẻ lau ... của chị . Từ bé tới giờ 100 triệu còn chưa cầm đc huống gì 1 tỷ . Người làm dư của kẻ làm chẳng ra 😁😁😁 khi nào mới đc như chị,,
Nghe rất honda nhưng lại yamaha,,
sắp tuyệt chủng rồi.,,
Hoai Tam Truong sời :)),,
Nghe nói nv đc tốp xin một lần,,
Long Nguyễn chúng nó mở mồm ra là miền này miền kia nhưng thật ra cũng bẩn bỏ mẹ ra.,,
"Hết bê đồ, đóng đồ để ship, xong lên ngồi câu donate cho ông già, giờ ông già đi thái còn phải stream cast ao làng cuối tuần luôn, nhà này việc đéo gì cũng đến tay tao!!: Tùng Sói said",,
"Meta mới, susan đi bot =)))",,
Lâu lâu phải đổi màu nhạc tí chứ,,
Xin video bro,,
Vừa sạc đt vừa chơi coi chừng nó nổ nha nha🤣🤣🤣,,
"Chỉ có tại việt nam,không có đất nước nào nổi trội bằng vn",,
cái đệch nó nhét tiền cho lòi họng rồi,,
"Chắc bả tưởng nó đâu xa nên đi du lịch, ai dè giờ nó nằm trong ng :)))",,
Hi! Chào các bạn,,
Thằng trọc Mác -Lê- Mao. Núp bóng nhà Chùa chứ tu gì ... nó viết bằng chữ Tàu hoặc của Buồi Hiền thì không ai nói. Đây chính chữ Quốc ngữ nó đã học và nói nơi cửa miệng .,,
Xin vid bn ơi,,
Thấm,,
T. Hải sợ vll,,
"Đời chúng ta không trả được, thì con cháu chúng ta trả... Lo làm gì ?",,
Bảo Hà bạn nói ai không biết hay do bạn là fan nên mới như vậy nhạc và lời nó lệch hoàn toàn ai là người không biết gì hả bạn,,
"Con, này, ăn,cuc, cả,thoi, giới",,
Cuộc chơi đi hơi xa,,
trùng hợp😀😀😀,,
Chao chi 3 chan that,,
Như 1 con bò động đực clm =))),,
Đéo làm even nho nhỏ giải nghiệp đi abe :)),,
Cực kì thuyết phục ~~,,
Việt Ấn Châu Trọng Nhân Em Hoài Võ,,
MÁY CON ĐIÊN NẦY SAO KHÔNG AI NHỐT LẠI ĐỂ LOẠN HẾT,,
Abe dính lời nguyền à??,,
Nguyễn Thị Yến Nhi thật có nhiều người cmt lạ vl =))),,
làm ng ko muốn muốn lm thứ gì đó 😅,,
Nc ngoai trc khj toi diem camera ban toc do tam 500 met co bjen bao nhe,,
Dza,,
Hoang Doanh Ptg Xây Dựng Nhà Vàng mai mình bận nhé :)),,
Học sinh chuyên toán ở Bản đấy :))),,
Ta nói rồi. Vna không nghe thì thôi Nam Văn Trần,,
Sống chết có số =)),,
Vũ Ngọc Bích Thuận ?? Chắc chưa,,
QuocAnh Tr mu to lắm,,
trung sa đéc đã xem,,
được lắm,,
"Đó là câu chuyện buồn, đánh bài quỳ thôi mà t cũng tức á 🤦‍♀️🤦‍♀️",,
Quả tóc xịn xò con bò 😂😂,,
Mà vào tnhắn a hỏj,,
Chả bù cho mk... 🙂🙂,,
Mẹ ham ăn thì rán chui ik chứ than cho ai nghe,,
Chắc có mỗi t thấy bài hát này ko lọt tai :))),,
Con nhỏ đả kích nick face nó là Hoàng Lệ.. thêm vô chữ xồn cho nó đẹp đó mà..kaka,,
"Chuẩn bị Trung Quốc hoá miền Bắc mà, các bạn không theo dõi sao ???",,
Vn mjnh qua nhjeu luat an tien dan...😪,,
đến nhục !,,
Nguyễn Minh Thu thế lại hơi liều quá :))),,
Vô văn hoá,,
Dug la con lih cho do lam tu cach kho ua va,,
chụp ảnh tết sớm cùng thầy 🤣🤣,,
Huỳnh Trà,,
"Lên gõ tập đoàn IPPG tìm hiểu đi,không có gì là muộn :)))",,
"ODA k biết bao giờ trả hết mà còn làm những điều này, bn thế hệ mới trả hết nợ nhỉ",,
Rồi m sẽ hiểu ra thôi,,
hay vậy ai hay lại thầy,,
Trần dần là mối của PhoBolsaTV đấy,,
"Haiz, ớn mấy cha Việt Nam!",,
"Yêu đương j tầm này,em còn phải học tập để đất nước phát triển,sánh vai vs các cường quốc năm châuu",,
Khánhh Huyềnn minh du tien roi a tks,,
Thánh chuẩn luôn! em cũng nghĩ thế],,
Xuân còn non nghĩa là xuân sẽ già,,
"Bỗng nàng dương tính, cả làng nghi tui!",,
Cảm giác như muốn ịa trong quần Phan Thùy Trang Anh Lam Trần Khải Kỳ Nam Qui Marion Ton,,
"con người giống như con trâu vậy, muốn trưởng thành thì phải mọc vài ba cái sừng",,
K-ATM là ca sĩ à :?,,
haha vĩnh thâm kim,,
Sợ luôn 😨,,
Sống chậm th,,
Rất gì và lày lọ :>,,
Ăn nhiều rồi lú nó không có phúc đâu đời cha ăn mặn đời con khát nước,,
Hoi nao noi tot nguoi ta bay gio chac an kg duoc nua nen xoay qua chi tui la nguoi kg biet ai het nhung xem ba thay ghet qua ba hieu oi lat qua lat lai cung la ba mot cung chi ba hai cung chi ba bay gio chui tan nat ba la loai gi vay ba hieu be de nghe ma thay ghet,,
Nam mô :))),,
Captain về hưu,,
Đây là cái tội kh cứu tú🤣,,
Nguyễn Cẩm Hường thuyết phục🤣🤣,,
Thích thay Tú ko thầy ?,,
Hở,,
"Nói chứ nó rẫy chết mà tại chưa thấy thôi , nó giấu đó , một thanh niên cuồng cộng cho biết :))",,
Hồ Sỹ Hải nge ko nuốt nổi,,
Ánh sáng của Đảng 🇻🇳,,
Nứng,,
Biết được ông Tuấn này lên kèo hay lắm anh em ak. Ai thua tha thì cứ vào Tường cá nhân tham khảo kèo của ông này mà chơi.,,
Cực kỳ thuyết phục,,
Cảm ơn những anh hùng thầm lặng như vậy,,
K-ATM Cao Lãnh:,,
Sống chậm thoii mb?,,
Mini Tae dơ vcl,,
Hello mấy cưng ^^,,
Hihi phải Đảng ăn cắp ví của a ý đâu :v,,
Trần Vỹ 😁😂keke,,
âm tính với covid là đúng rồi. nhưng dương tính với bệnh thần kinh. cách li nhầm cmn chỗ,,
hên là còn dám ra đường ăn tết🤣,,
Cũng hợp lí🤦‍♀️🤦‍♀️,,
Tuyet Bui Thi kkk :))) ngày nào cũng vậy mà,,
uống cho lắm bia vào nên chửa mới to thế kia 😁,,
Tươi lên nào 😘❤️,,
Hợp lí anh :((,,
mua 100 bao gạo. tức nhiên ăn mì gói.,,
K-ATM Cao Lãnh : belike,,
Phải phạt về kinh tế thật nặng để dăn đe những người sau,,
Nguyễn Anh Trung ok,,
Cùng một dòng sông,,
Anh chủ quán bánh mì và màn team up,,
helo chị,,
Em cần tìm đối tác đi đấm nhau vào chủ nhật tuần này. Đứng cho đông đội hình thôi ạ,,
Cô dễ thương thiệt sự,,
Nguyễn Đức Vinh Cùng chung dòng máu VN mà mở miệng ra là ganh nạnh hơn thua sân si chi cho mệt v :)))),,
Quy Dương học sinh lúc này,,
Đã chụp màng hình ... Tiếp theo là báo công an,,
Khổ thân ông:(((,,
Chơi hay nghỉ đây 😴,,
Khẩu nghiệp,,
"Phải nói đây là 1 page hay và táo bạo nhất mà mình đc biết. Là 1 người gọi là văn hoá \"" ML \"" mình xin cảm ơn ad đã giúp giải toả căng thẳng sau ngày làm việc phải vất vả, đắc biệt là đc sống đúng bản thân so với việc giữ đúng lễ nghĩa với mấy thằng sếp \"" chó đẻ \""",,
tui cũng ko thích bài này lắm nhưng cũng ủng hộ đc 3 view rồi :v,,
Dồi ôi mới 3 phút,,
đừng trù Gam nữa thầy?,,
Đôi lúc trong lòng đầy tâm sự nhưng biết nói cùng ai và hiện tại cũng thế,,
Không liên quan nhưng cho mình hỏi tiếc ziên nghĩa là gì thế?? Nghe vui vui,,
Xin vd ạ :v,,
"Thêm bọn ko não nữa, nó còn trùm hơn cả phụ nữ",,
chắc nghỉ tới năm sau ăn tết lun thể Nguyễn Thùy Lan AnhThùy Nhung,,
Huy Engraving xin video vs bn ơi,,
Vũ Thanh Huyền Vậy bạn đã làm đc cái con cặc gì lớn lao để thể hiện tình yêu nước của bạn chưa?,,
ông ấy mà giống bác Thanh thì có ngày ............,,
May cho nó ko ho hay hắt xì đấy,,
#ERROR!,,
"Mèn ơi cô dễ thương, xuất sắc, đẹp quá trời đẹp,duyên dáng quá trời quá đất lun á",,
"Với Pew tình yêu nó như là một tờ giấy , còn với mixi tình yêu là một địa thức ăn =))",,
Nguyễn Hiếu yz700 😌,,
Chuẩn bị poppy được tăng 200%,,
Cực kì thuyết phục:)),,
Ba chào các chú di con🤣🤣🤣,,
Dị ó hỏ,,
🐔🐔🐔,,
"Thằng mặc váy, bởi vậy hơn thua với đàn bà ra mặt 😂😂😂😂😂",,
Ai có video cho xin với ạ,,
Mang theo tấm lòng con gái miệt vườn :))))),,
Iphone lúc nào cũng có những tính năng vượt trội hơn tất cả !! Nhưng dù trải qua rất nhiều thời gian thì cũng không cho quả táo lành được :)) cứ cắn dở là thế đ nào hả Bạch Tuyết,,
Chị ơi! Ở đó cẩn thận chị nhé Mai Anh Đỗ,,
Iphone vì phạm bản quyền rõ ràng,,
6 tiếng cho 1 quả đầu vì quá đông hiu hiu,,
tự nhiên bị xóa fan cứng xem lúc nào cx sớm hết sao bị xóa z huhuhuhu hay fb tự xóa đm fb 😭😭😭😭😭,,
Mệt mỏi ...,,
Nguyễn Thành Lý ổng mà thấy là ổng đuổi học m đoá :)),,
Áo xịn quá Abe!,,
Ad não ngắn vl... Đó chỉ là fb giả lợi dụng trường hợp con bé mỹ linh kia để câu like page thôi. Ngu lắm ad ạ!!,,
Dũng kìa Thắm,,
Lũ ác quỷ tàn ác với dân,,
Đưa cho lũ ngu cầm đầu là hư đường hư bột hết,,
Rất chi là việt nam . Trách nhiệm ư . Dạ em xin kiểm điểm rút kinh nghiệm 😏ạ,,
Giống hết anh ạ =)) khác mỗi cái mặt thôi anh ơi,,
cố lênnnnn 🇻🇳.,,
Abe bucu,,
Thầy đang gập cơ bụng hả thầy,,
thay chua? tốt đời đẹp đạo luôn hahahahah,,
mưa gió nhhir dell họp,,
Nguyệt Quế ngày nào chị cũng sắm đồ tết hết em :)),,
"Sao ông già không để mình stream hôm nhở, chỉ khều donate là giỏi =))",,
Tui cười ỉa ghê đó,,
"Lắm lúc mệt mệt người phát hoả vào đọc mấy cái bài của Thắm mà cười chảy cả nước mắt, đm ai đời bị chửi vẫn cứ cười cười một cách sảng khoái nhất",,
Hạnh Mì ở nhà khoan đạ ra m ơi,,
Nguyễn Vi Vân dờ còn tết nhất dì như ngày thường hết đi hè,,
Một bước yêu vạn dặm đau 😂😂,,
Ngô Phương Thảo Lê Thương Hồng Thắm tết này tiếp hok mấy bà =)))))),,
Đán nhau đi rồi ôm nhau khóc,,
ảo tưởng vãi lồnn,,
Thằng chó này :3,,
0376500640 số cua em,,
Cho mình hỏi giải ao làng live ở đâu vậy,,
572 tấc nhiên là bao lô,,
Co ai nói chị xạo quá không,,
Chị áo vàng đẹp xinh nói hay nè,,
cực kì thuyết phục 😁,,
Có hút mỡ bụg k ạ....bnhiu tiền c ơiii...,,
Trúc Thư,,
Quần chất đấy,,
"edit xog xem vui hơn bản chưa full , iu cô , iu anh edit 🙆🏻‍♀️❤️",,
"Nói thật cô rất duyên, nói chuyện rất thật",,
Tộc trưởng bán lại cốc giữ nhiệt đê anh,,
Xem muon ỉa vào mặt con tạ bích loan vs thang lol thanh dm tui no sủa như chó,,
đau ốm bên nước ngoài được dùng thẻ bảo hiểm xh việt nam à,,
Nguyễn Định,,
Hằng Hằng m thích kiểu nào🤣,,
mỗi người giúp công sức là khác nhau không thể so sáng đc.,,
Bac ve viet nam ma chanh dich,,
Hung Nguyen,,
Và con chym đã vui chở lại 🤣🤣,,
Nghe vô lí nhưng rất thuyết phục :)),,
"Hồ Viết Thắng nên đi khám tâm lý,",,
Tôi yêu bạn cho rờ ku .....,,
Ly Ly t với mi đi trước thời đại nhỉ :v,,
"Tao đéo phải đảg viên nhé, nhưg côg ty tao có khoảg chục đảg viên, họ phải nhai lưg ra làm chứ có đéo ai gánh đâu mà mày bật auto ""90 triệu gánh 4.5 tr đảg viên""",,
Hít hà,,
Luôn tìm niềm vui cho bản thânnn yahhh,,
sủa sủa sủa 🐕,,
Dlv đâu?,,
"Dân trả nợ , chứ các lãnh đạo đâu trả ? Nên vay cho lún lun ?",,
"Lê Nguyễn Phước Vinh tất cả giải đấu ở Đức cũng sẽ không có khán giả đến sân, Ý và TBN cũng vậy",,
Khi quần bạn đã chật và cộc nhưng bạn vẫn muốn mặc nó belike 😌,,
"Uầy, được anh ơi. Cứ như ngồi cạnh thằng Tùng ấy nhờ. K có đcm luôn. Nghe cứ điếm vãi cả nồi ấy.",,
e đi trước thời đại nè! trend này e làm mấy năm nay rồi 😂😂😂 Thanh Ngố,,
chắc lại quay số may mắn đây mà,,
Trunq Xuân Cao má ảnh 2n vè trc lại ở bên máy tê,,
Con này hỗn quá.,,
Ụa bạn,,
From Gia Lai with love. Good luck for me and 2k1,,
Đây là C các bạn ạ. Bạn nào thiếu C có thể ăn cái này nhé. Cái này tốt cho sức khỏe mà :)),,
Cảm ơn thầy yeu thầy,,
Thương con chó  mà  phải  mang cái  mặt  của mày  quá,,
Hoàng Công Minh nào 123 dzô 😂,,
Nhờ học kiến thức của thầy em từ học sinh giỏi bh phải thi lại hai môn :)),,
😎😎,,
Chuẩn qua,,
Minh Khang Hà .,,
"Ở cái chế độ này khôn quá cũng chết,ngu quá cũng chết,im lặng nhẫn nhin cũng chết,chỉ có lũ nịnh nọt bán nước la sống mà còn sung sướng nữa là khác",,
Cô duyên quá ❤️Ai lớp du chu cà mo 🤣,,
Đây là ác mộng của đảng cộng sản trung quốc nói riêng vs là ác mộng XHCN trên toàn thế giới nói chung 😂,,
cmt để dữ fan cứng :)),,
Bà nầy lên nói kg biết nói chơi hay nói that nủa,,
"Tôi ước mong một ngày được thăm viếng kì quan thế giới ""Vạn Lý Trường Thành"" để biết được ""ông cha ta"" phải vất vả thế nào mới xây dựng lên một kì quan kì vỹ đến vậy, Bắc Kinh as well :D",,
3 9 nha thầy,,
Cười muốn xạc luôn,,
Tạ Đình Sơn cùng ý kiến :((,,
Nguyễn Hữu Thiện,,
ăn trên đầu trên cổ😅,,
ước 1 lần chú độ ơii :)),,
LinDa phải nể Minh Hiếu chứ cái dòng bà Trần Đòn chỉ đàng em thôi bầy đặc lên tiếng🤮,,
Duy Trần xin ké,,
Sao nó lây lan ra nhiều thế này,,
Đi mua ở shop đó chưa mà nói ngta ko shop....hiểu biết nông cạn ghê.,,
Xin video vs bạn ^^,,
Mọi người vào page mình xem cần gì tặng quà 8-3 cho Mẹ hoặc bạn gái không nha :D,,
Thanh Tam Ninh bê l chạy xung quanh 🙂,,
Sắm chiếc vòng tay em bán nữa là chuẩn nha =))),,
Xử bắn please 🙂,,
Đúng là gu của đại gia nó lạ j đâu :))),,
"Thùy Trang t công nhận cũng không hay bằng mấy bài trước, chắc tính cách tân giai điệu bài hát",,
Thấy ông vẫn khỏe mạnh. Cùng là đồng bào với nhau tôi rất vui mừng. Chúc ông nhiều sức khỏe.,,
nó đi trước xu thế :)),,
"vcl !!! nat, nát",,
"Mệt mỏi lắm, cứ thấy ai đối xử tốt vs mình tý thì mình lại nghĩ họ tốt",,
Vlòn.,,
Nhiên An miễn phí em ạ ! Em lo quá,,
Lê Văn Quật chịu luôn :>>,,
Huy Vo rp cày thuê,,
mối quan hệ không đầu không cuối là tình không tuổi à mà các ông bảo vệ ghê thế.,,
Uiiiii đáng yêu quá cô ơi~~~~,,
Ngáo đá,,
Mấy anh mua đã tốt. Đằng này mấy anh thu về cho con mấy ổng chơi. Ko phải mất xiền mà vẫn có quà trung thu. Mấy ông khôn thật.,,
"Phạm Văn Đồng có chết cũng phải chết bên gd chứ =))) chị này ý thức tốt, dù cho chị về vn chữa nhưng hong lây lan là tốt lắm rồi",,
Cập nhật tình hình cái ae bộ tộc ưiiiiii,,
sung hôn mà lên e,,
"Thấy thằng nào ở đó hơm???---Cái thằng mới trả đũa cho anh, nó đang ăn bằng máng",,
"Mũi cao, mắt to và sáng, đầu trọc đích thị là Tùng Sói rồi 🤓",,
Ò,,
Sena thời niên thiếu :V,,
Hoàng Xuân Tâm mới nhất hay mới ra thì mày chỉ ghi mới thôi,,
"Ngoc Ngoc má ư, chắc mua áo mưa mặc đi cho chắc quá",,
Nay mới hết kì 1 mà năm học mới gì v cha ba rọi béo,,
Nhưng anh sẽ dùng instagram,,
"đjt mẹ dẹp dẹp hết , yêu đương lon gì h này đau đầu vlon",,
bệnh dịch corona cuvid 19 lai tạo.con giặc  corona cuvid 20 lai tạo. 2 loại này Thuột dạng báo đời,,
Quan ngại quá xá,,
Lâm Đình Khoa kk,,
Tui bắt đầu thật sự nghĩ Trần Dần là cộng sản nằm vùng và tấu hài để đánh lạc hướng FBI,,
Sao anh bảo là người ta viết điêu cho anh. Đó là hiểu hiện của sự lươn lẹo dồi,,
Hay lắm cô ơi,,
Cánh hoa úa tàn 😂,,
Ông này thì có quyền về VN à ?,,
Nhật Linhh khẩu trang đang thiếu bạn ạ mỗi hành tinh 1 cái thôi,,
Văn Trần t thấy con xe 90 củ của m rồi =))),,
Trần Ngọc Dương dm het fan cung roi nha,,
Truong Phan jack của cưg ghê chưa,,
mng muốn mua thịt trâu gác bếp ngon như tộc trưởng thì liên hệ chị gái mình Yen Nguyen ngay nhé! bao ngon bao chất lượng ạ ❤,,
Dan khung ma ten tri gi dau,,
"Chẳng qua là ghen tị với người có tiền! Hèn bỏ mẹ chứ có \""sang \"" lên được tý nào đâu mà chê! Người ta sai thì hãy mở mồm!",,
hay quá a ưiiiii,,
hai bạn hợp nhau đấy yêu nhau đi,,
Chi 3 nói rat dúng. Vi chi 3 toan di lua gat nguoi ta de lay tien.kkkk.,,
Đẹp quá chị ơi,,
Dịch bệnh đánh sập nguyên ngành dịch vụ và xê dịch,,
"Nhân quả báo ứng không bỏ sót ai, tích đức gặp thiện, ở ác gặp họa",,
"Nói thật tôi thất vọng vì Tạ Bích Loan lắm, cách đây tầm 2 chục năm là 1 trong những thần tượng của tôi, hồi đó dẫn chương trình 7 sắc cầu vồng, rồi năm 1999 dẫn Đường lên đỉnh Olympia. Thế mà bây giờ nhìn xem, đã biến thành cái dạng gì rồi.",,
🌝 tôi lại ngỡ là do Việt Tân chạy chiếc xe đó đó chớ,,
Gâu...,,
Ngài bình an là dân trong nước bọn con mừng rồi. Ngai mà chết thì ai mua vui cho bon con,,
Hẹn ae tối mai nhé,,
Có chở thiệt mn ơi. Mà hk phải vàng đâu.. mà chở bom với mìn cho cả nhà bà nổ,,
Một xã hội phát minh ra con ốc vít còn không nổi .Như người dân phát minh ra thì chúng nó đật từ trứng nước .,,
Cố lên VN :3,,
Thương cô lắm. Lạc quan yêu đời cô nhé.,,
"đợt hạn hán, ngập mặn này là do nhân tạo chứ có phải thiên nhiên đâu mà bênh tụi đó. vùng nam bộ là 1 vùng trũng, nếu nước từ sông Mê Kong không đổ về thì nước ngoài biển sẽ chảy vào ngay, đó là nguyên lý nước chảy chỗ thấp. Giờ TQ cố tình xây đập chặn",,
"7:12, 8:16 🤣🤣",,
Chị ơi em thấy chị quá tuyệt vời nhất 0916821405 em ap,,
"Bửa nào kêu bọn đầu gấu giết hết gia đình Ad. Lúc đó nó sẽ post: Giết người thì nó bắt, trộm nó bỏ tù, lương thiện nó tha. Mồ tổ cha mày rảnh hơi, hết chuyện làm hả mậy. Gặp tao là tao giết lun chứ bỏ tù chi",,
Anh Thu năm 2020 ko nghiệp nha,,
Do lau nhà nên nỡ sàn đó ...haha,,
CÀNG NHIỀU NGƯỜI THAM GIA LÀM TỪ THIỆN THÌ CÀNG NHIỀU NGƯỜI NHIỀU CHUYỆN VÀ CÀNG RỘ RA NHIỀU TÂM XẤU,,
Nghĩ nó chán,,
cần gì phân biệt Thầy giá ba với Baroibeo làm gì trong khi cả 2 đều rất đẹp trai ?,,
Cứ mỗi mùa đại hội đảng gần kề là lại thi nhau sủa :)))))),,
phản động là nói lên SỰ THẬT,,
Trần Linh trend của e ... dễ bị cách li lắm 🤣,,
Bao giờ mới chế tạo máy tắt nứng cho bọn con gái đây chứ tao khổ lắm rồi anh em ơi :<,,
Dương Dương mới thêm mấy ca nữa rồi,,
Chất thật sự,,
Thầy ơi )):,,
"T thề là nếu như dịch bệnh mà hết và con Nhung này ra viện thì chắc là ai nhìn thấy nó thì cũng muốn lao vào xé xác nó ra ấy, thế có mà nó sợ tụt lờ k dám đi đâu đâu =)))))",,
Tuổi trẻ em chưa có anh nào ngó nhé,,
Alex Wang,,
Trần Nhật 🙂 m đọc lại cmt xem t ns đúng hay sai mà m ns t như con bò ở quê m,,
"Thối nát quá rồi,ai cuồng + vào chống chế quả này xem ?",,
Ban nên tim hiu ki nha ad . Minh nghi thầy ay ko sống ao v đâu . Tốt nhât ban nên xem thông tin tư trang cua thầy . Để hiu xem thầy âý mun like cai j . Trang đo la trang bai tâp . No chỉ toàn phuong trinh toán hoc thui va nếu thâỳ kêu goi like thi ban nên hiu đê lam j,,
Mẹ em kiến nghị cho nghỉ học thêm 1 tuần nữa ạ,,
Giàu thì nói gì cũng được chị ơi,,
Học sinh suất sắc,,
"Ai bieu ngu , lam Tao Lao chi , an trom vao nha có bao nhieu tien dua het cho no Thi khg có toi , nho chua . Bai hoc cho nhung nguoi có tien ma de danh .",,
Vừa giàu lại có nhận thức tốt còn gì bằng :)),,
Đây anh ơi,,
soái ca trong ngôn lù đây sao,,
Có mình hieu oi oi có duyên lắm,,
Làm sao thế này ?,,
"Bố này bênh Tầu cộng và chống lại nhân dân HK đây. Chả thế mà lại kêu gọi không can thiệp khi cảnh sát trung cộng xịt vòi rồng, bắn đạn hơi cay vào dân HK . Kêu gọi k can thiệp khi trung cộng dày xéo lên nền dân chủ của người HK .... túm lại là đang ủng hộ bạo quyền",,
Nghe có vẻ vô lí nhưng thuyết phục,,
"ủa người ta không phải chống chọi với thiên tai thì người ta giúp đỡ bằng tiền, bằng vật chất, THẾ LÀ SAI À @_@",,
Hau Nguyen rảnh loz hả bà nội,,
"Tao chửi không phải vì tao hung dữ, tao chửi để cứu nhân độ thế, giúp đỡ chúng sanh",,
"ANH EM MÊ BANH BÓNG THUA THA MẤT PHƯƠNG HƯỚNG KO TỰ ĐÁNH ĐƯỢC THÌ VÀO THAM KHẢO KÈO FREE TRÊN TƯỜNG: Hoàng Cửu Long. KÈO MIỄN PHÍ UY TÍN , TIN CHO ANH EM KHÓ KHĂN",,
"Hoài Phương Trần hqua bảo nó bồi thường 1 tỉ, 1 tỉ còn k mua đc cái ý thức",,
"mỗi ngày gần 30 người chết, éo biết ngày mai còn sống để ăn mì gói nữa ko mà ở đó chờ đến 60 tuổi -_- lỡ may chết đi éo biết tụi bây có trả cho nhà t ko?",,
"mình cũng băn khoăn cái này trước cá chết nhiều đéo màu mè gì giờ cá đéo chết thì nước lại có màu, nghi án đổ ít màu cho loang ra mị nhau, rồi tối tối đi đổ ít nước gì đó cho cá ở đâu đó hồ nào chết hàng loạt để gây hoang mang và phân tán dư luận, cái dmd",,
Lê Hoàng Thùy Khuê đây mới là bà tổ trend cánh hoa mng ơi,,
Bán Nam bán Nữ,,
Nhiên An thế này. Họ phân ra các trường hợp tiếp xúc làm 5 loại F. Và Kit xét nghiệm chỉ chuẩn đoán là có hay không nhiễm viuss. Sau đó là lấy mẫu đưa các trung tâm pasteur như Nha Trang Hà Nội HCM xét nghiệm phân tích viruss rồi có kết quả thì công bố,,
Cô đẹp mà quý phái quá 😘😍,,
"Ông này nói bậy nhiều lần , máy năm về trước tiên đoán Cs sẻ giải thể để cho họ Đào lên thế vậy mà bây giờ cũng còn dám bố nữa. Chắc dịch bệnh nhiều quá quần lót khan hiếm khó mua cho nên không thấy ông ta trùm cái mặt lại",,
Nó xui vl,,
Đức có 1040 ca mắc mà không có trường họp tử vong thì nể với cách họ kiểm soát dịch vl,,
ホアン ラム・ ibx nha hehe,,
Page Phá hoại nè,,
🤷,,
Đỷ mẹ,,
🤧🤧🤧,,
Ò để thử nghe!!,,
"Khong nha khong cua khong tien khong bac tron mot thoi gian gio moi xuat hien ha em Hong Mai, suot ngay co chieu cho card dien thoai roi keu may em trai show hang.",,
Wow,,
Ca sĩ :) ?,,
Thà im lặng còn giữ dc tình bạn. tỏ tình xong thành 2 người dưng,,
Trung Marvel,,
Nếu cần phải bắt nó mang đi luôn ấy chứ,,
nhìn bọn có ny chụp ảnh với nhau :))),,
Chúng ta lúc này,,
Chị đẹp quá chị ơi như bà hội đồng hồi xưa,,
Chửi duyên dễ sợ,,
giống như 2 giọt nước :)),,
Được anh ơi,,
Nice,,
Những câu cuối nghệ sĩ nhân dân bác Hổ Tiger 🐯 của chúng ta đã giác ngộ ra. 😁,,
anh ơi em muốn làm fan cứng 😭😭,,
Vay  con  ngheo  cho  con  10tr mua  gao  chi  oi,,
"tao ngại phải dùng cái từ này nhưng mà ko nói ko được:' óc chó""",,
Chấp hểttttttt,,
Sống chậm lại các bạn,,
Thằng cha ở phía sau cười kà.,,
2022  hẹn  gặp  idol,,
Tất cả cũng chỉ vì chữ tiền :),,
Lê Mến chắc có đó bạn =)))) người còn có sz cơ mà^^,,
"Ai biết ở đâu bán giầy kia k, hàng face thôi",,
yes,,
Mấy cái líp này củ rồi. Video mới nhất.bà này đã khóc và cúi đầu xin lỗi rồi. Mọi người tha thứ cho cô ta đi,,
Má ơi 600/700 triệu ship/tháng cho bưu điện . Nói vài chục tạm thời còn có người tin 😂,,
Clear gầu clear luôn cả chuỗi,,
"Ôi, người thầy khen mình cao tại ASUS đây mà =))))",,
like r anh,,
Trung La Hán,,
:/,,
Nhìn chị đẹp gái wá. Em chúc chị đẹp mãi trẻ mãi không già,,
Xin lỗi em vì đã yêu em trong thời điểm kh có gì trong tay.,,
th đc r thầy,,
Xướng nhất Abe =)) iu thầyy,,
"B52 ơi, Bé hư lắm nhaaaaa =)))",,
"Vài cái vở này cứ diễn đi diễn lại thấy nhàm quá, dân nghe nhiều thấy tởm",,
vô chính phủ mà,,
"Hoàng Dương bạn k thể quy chụp những thành phần thiếu ý thức đó là dân VN được bạn nhé, nạn trộm gà vẫn đầy chẳng qua là do thiệt hại của nó ít với không dã man bằng thôi bạn ạ.",,
Tay trong tay ngoài đủ loại tay 😏😏,,
Hay quá aba ơi thưởng cho cái thơm má nè,,
An Ngô,,
Ở diễn đàn khác,,
Phạm Văn Lộc oker lộc,,
thuyết phục thực sự,,
chị lùn mà😶😶,,
Cực kì thuyết phục !!!!,,
Quốc sư Cali là đây,,
Nguyễn Minh Hiếu Hoàng Thì sao m :))),,
Hóng nào,,
"Draagon Tyni chuẩn,thật sự bài này k hay,nghe đc nữa bài tắt luôn,thôi thì hi vọng bài sau ok hơn",,
Trần Thị Ngọc Anh ngang thế ? Đã là ổ dịch còn đòi đi hiến máu :),,
Nhờn à :v,,
chuẩn mẹ rồi. Mạng vô ko đc đúng ức chế,,
Anh cút cm luôn hộ em cái 🤣🤣,,
Yến Nguyễn check ib,,
Dân InDo thật có lẽ bọn fan ủng hộ chứ jack hát kiểu nhạc buồn hay hơn mong đợi sản phẩm như là đom đóm,,
Chi ba oi kho lam cho e ich voi cuou e voi Chi ba 0917416708,,
Giám đốc phố bolsa vũ hoàng lân mới ngầu chứ =)))))),,
Ngọc Hào ghi nguồn dô,,
Con thắm.m dí L vào hộ cái,,
Ae cho hỏi team đã chắc xuất đi thái chưa vậy,,
:v vậy muốn giết ai đó chỉ cần đi làm dân quân và có 1 tí tiền ! ở 2 năm là ra thôi có khi ân xá ra sớm !,,
Nhac nhu lông lon thế chả bi hạch 😌😌,,
bánh mì pewpew :v,,
thặt là tốt bụng:)),,
Tóc lữ bố đẹp hơn😌,,
Thuyết phục cái đell gì đâu đâu cũng thuyết phục,,
Tao chịu status này đó AD tụi dlv nghe nhột ko tụi bây kaka,,
Vy Thao Nguyen,,
Nghe có vẻ vô lí nhưng thuyết phục sự vô lí của hợp lí trong vô lí của sự ko hợp lí đó và sự ko hợp lí đó lại tiếp tục rất thuyết phục cái hợp lí của ko hợp lí :v,,
Chúc mừng abe nhá,,
Chúc bác Trần Dần sức khỏe chứ bác có gì là tụi con buồn lắm đó hahaha,,
12:57 OK,,
Tiến Dũng =)) ghét đéo đâu haha,,
Lan Hương bớt hỏi!,,
Tui còn chưa được thử cảm giác đánh rank đây :),,
Học sinh xuất sắc =)),,
"Mặc dù thích nghe nhạc Jack lắm nhưng thể loại nhạc này khó nghe cực. Mặc dù giọng, beat vẫn ok nhưng t thấy Jack có vẻ k hợp với màu nhạc này",,
Trung Now never dieeeeeeeeee,,
Có cl,,
Khoa Nay Đã Lớn :D,,
Thôi mà thầy,,
Thầy ba quang game ghê quá...ra là chết đầu,,
Mọi chuyện rồi cũng sớm qua thôi. VN mà đâu dễ gì đánh bại đc,,
nhìn quả mắt không yêu thương nổiiii,,
"Bị dụ mà, giờ mới khôn ra hơn trước chứ",,
Chai sting vô đầu nhá thầy cô lập cl à,,
oke thầy,,
Huyen Huyen ừ. Xét nghiệm lần 1 âm tính rồi. 😂,,
Lê Hoàng Trần vậy còn thời gian sử dụng 50 năm với 2 năm thì giải thích sao bạn??,,
"Bay len ma bay den 46lan ah,cai dit cu may",,
tặng abe cái nà,,
Em xinh gái quá. Da căng mịn màng. Nhưng mũi hoi lệch á,,
"Cũng khó, lý thuyết vs thực tế rất khác nhau, nên phải cố gắng thôi chứ biết sao h.",,
Lại từ NƯỚC NGOÀI về,,
Thánh đập bàn 🤣🤣🤣,,
Sì tai mới của a be diện đồ ăn tết xuân đến xum zầy,,
Hoàng Lê Bảo Trân mình bảo nhiều tiền quá kb làm gì nhé b 🙂 chứ mh k nói là ép buộc phải đi làm từ thiện 🙂 b đọc kĩ hộ mh nhé =)),,
Chẳng khác nào hoa lài cặm bãi shit trâu :))),,
Con chúc cô nhiều sức khỏe,,
Phuong Anh Pham không ổn r bạn :(,,
Lương thong thả 7-8 triệu thôi là đủ ngày ngày ăn tôm hùm cua hoàng đế thay cơm cũng đc rồi :))),,
"Đâu phải ai cũng có ý thức , còn rất nhiều người chủ quan với dịch bệnh này 😢",,
<3 1 triệu sub cho abe <3 Đồng hành cùng em sau bao ngày cà khịa thầy <3,,
Ghép nhạc quá đáng vl :)),,
Nhìn con này thấy gê quá,,
Đình Quang cx đúng nhưng nó sẽ làm ta nhận ra rằng bản chất của ng kia rõ hơn,,
Sợ tím người!!!,,
Chi ba chui cho hon cho con no nhuc 0987991668,,
Nào chưa có vợ thì sao dỗi vl,,
"Đinh Tuyết Nhung xúc động quá m ơi, hay hơn học lịch sử nữa",,
Vi Hạ Lam thương chị tôi,,
Tưởng NTN nữa chứ hết hồn à,,
9 bệnh nhân được truyền máu :)))))) toang,,
Nhà vô địch,,
Này của anh ba luôn phải không? Hay của thầy selaaaa :v,,
"chúng nó mà biết tính cho dân thì đã ko pháo bông vớ vẫn, tượng đái lung tung và hàng đống công trình ngàn tỷ đắp chiếu...! tuy nhiên chúng lại tính cho chúng rất giỏi ! thằng nào cũng lương có hơn chục triệu vnd mà ở lâu đài đi siêu xe con cái học nước ngoài ko hà ! hay chưa",,
Tùng đáng iu quá ra đây cho chị ôm cái :v,,
thầy nhớ mang vinh quang về - nghệ sĩ hài hước clm,,
Vu Thanh Hai phải để quả này mới đẹp,,
Khi ai đó nhắc bạn quên kéo dây kéo thì bạn tụt mẹ nó xuống luôn :))),,
Ae sống chậm thế :),,
Xạo lồn quá cj ơi,,
Văn Dương Lê Trí kh thấy tao lên trường là hiểu rồi ha :(((,,
"chỉ có ở vn, thiếu vật chứng thì... đi lượm",,
Thôi dmm khỏi làm đi. Để dân bọn tao đi ô tô khách cũng dc.,,
Chưa thấy giáo án 24h ngoài đường mô nha thầy.-.,,
Đr bạn,,
1 giáo án mới =]]]],,
Quang Ly để coi im lặng đc kg,,
Dương Tiến Đạt đến con người vs con người bạn con phân biệt vùng miền. Ấy thế mà đi thương con chó.,,
Duma.nhỏ cà chớn lớn cà khịa @@,,
Ra ngoài này lập nghiệp thôi :v,,
Nguyễn Tùng đầu trọc là k có xinh đâu,,
Lại bảo không xinhhh đii,,
"Ko thấy hay, hay là ko hiểu đc cái hay của nó????",,
"Đây là Táo Liên Quân, còn năm nay sẽ có Táo Quân vi hành diễn bên CH Séc, ở VN sẽ thay bằng chương trình khác cũng do Đạo diễn Đỗ Thanh Hải làm.",,
Nguyễn Khánh anh tôi tối qua ngủ với 3 con mãnh thú rồi =)))),,
1 tỷ ko bằng miếng vải chùi lol mà lại giựt 100 mấy triệu của Minh Hiếu 😏,,
May quá mình có fan cứng nhưng kb có đc ngẫu nhiên k :)),,
chơi mini game hàu có bút,,
Khả Quỳnh. 😞,,
Gái còn trinh mà cây đinh đứng xững,,
Yêu abe😍,,
Chi khỏe không chỉ yêu,,
"😂😂😭😂😂 .Ông già ,nhưng đg quyền rất dẻo....hahaaaaaa...👍",,
con so đuôi tròn con sam đuôi tam giác nhé,,
ng việt đi khắp 5 châu nhưng không phải du lịch :3,,
Ngon đú!? 🤣,,
Thương cô quá 😭 cô thật thà dễ thương iu quá à😘😘😡,,
ở VN có bọn dư luận viên ăn tiền tài trợ từ TQ. Chấp nhận kiếp sống chó săn :),,
Thể loại quần gì đây.,,
Cường cái địt con mẹ chó công an .chúng mày cũng chỉ là 1 sản phẩm óc chó cộng sản đào tạo .,,
khiếp tận 4 số cuối -.-,,
như ý ad đây,,
Nguyễn Hiền nó lại hợp với cái này 🖕 vl :))),,
Ăn mừng con gà nha Thầy =)),,
Thối nát,,
hi vọng :)),,
Cho nghỉ học đi bác =]]],,
A3 bị chúng lời nguyền rùi,,
"Xin hỏi ké ngoài lề chút thưa tiên tri Trần Dần(sorry anh Lân):”ở vũ trụ trễn, ông có thấy mọc ra một cái ...thiền am nào không ạ,độ từ tết Dương lịch đến giờ?.Nếu có,tiên tri nên ghé chơi vì có 1 giáo chủ râu dài ở đó sẽ tươi cười  hồ hởi nghênh tiếp bạn hiền,có dàn nhạc bolero chào ông đó ạ!”😁😋😂👏",,
này phải đi triển khai nhiều :3,,
Hôm nay cũng là xức sắc luôn :)),,
Đụ mẹ chị Witch của tao =)))),,
Mọi người xin dành 1 chút thời gian nguyên góp mỗi người 1 like vào ảnh đại diện của tôi được hong :)),,
Number 1,,
Mấy thằng k chịu tìm hiểu đọc được cái tít cắt xén của thằng ad rồi vào sủa :) bây giờ cmay thích đánh TQ nhưng thằng nào dám ra mặt trận hay chỉ ngồi nhà gõ phím cho sướng tay ? Ai cũng ghét TQ nhưng cắt đứt với nó nước mình được lợi gì? Ở thế trung lập không theo nước nào mà cũng không quay lưng với nước nào há chẳng phải là kế sách đối ngoại khôn ngoan?,,
Tương lai thanh niên Bến Tre đổi qua nghề ' Trộm ' hết.,,
Nguyễn Thành Công Nguyễn Đức Tú :)) vẫn tấu hài,,
Quang Minh cái lồn má,,
Ok tùng😌,,
Tôi đang xem cái gì đây trời.kg đủ can đảm để xem tiếp nữa.chạy nhanh ra thôi,,
Chuẩn nét chưa,,
Mạng nguoi rẻ bèo,,
T k care lắm :)) Cảm thấy chán hơn mọi năm nên chả muốn xem =)),,
hâhhaa,,
Dell hiểu cười méo j,,
Vô khoe fan cứng 😆,,
cừng gì. toàn ăn tục nói phét thôi,,
đéo phải tiền bọn nó nên nó mới kinh doanh ngu như chó thế. Tiền của nó thì nó đã khác,,
Trông chán không😢,,
Hoa Kita Nguyễn Vũ Hà Vân ôi các bạn đi làm cẩn thận nhé 😰😰😰,,
Đồng Nhung kb chị Nhung phả lại có giàu hongg ta :>,,
Đéo thể tha thứ được 🙅 càng nói càng xạo quần,,
"thành quảng cáo bút, đàu tư vại",,
Bên Anh kiểu thế thảo nào nhiều người dính,,
An xuyên nè,,
Cho tao hỏi miền ngoài là miền đéo gì vậy 😄,,
Hồ Quang Huy :)),,
Bomman chấp nhận thua r,,
Và trong “Sena” cũng địt có chữ G nào luônnn :33 (j4f),,
Sao dạo này k ai nhắc tới a Cường của tao hết dị..,,
"Ông ý là quan nên đc lính mời nhậu nhiều chẳng mất tiền nhậu bao giờ sao biết 2,3 bữa đc",,
Quốc Dũng xin luật sư khai sáng cho dân đen ạ,,
Ngon lắm anh ạ🤤,,
Linh oi mày đừng về cần thơ nữa,,
Uyên Uyên sao nó k chết thay ng khác nhỉ. Khôn thế quê tao mồ xanh cỏ cả rồi,,
Oke năm nay ở nhà xem =)))),,
"chi chui nhu vay con cai chi nghe,toi kg biet chi se day con nhu the nao?Chang le cac chau cung se noi got nhu me.",,
Như thằng điên,,
Xem kênh Mixigaming hơn 1 năm qua nhưng các bài viết trên fb chỉ yêu thích có đc coi là fan cứng kh nhờ :v,,
Huỳnh Châu chết Thầy tui,,
Tết nhất là phải có tóc đẹp để vuốt vuốy nha mấy cô chú,,
:v,,
Kiên ăn đc hải sản tưởng hay 😏,,
Suy diễn như cái cc.Đi so sánh khập khiễng vkl.Thử đứng ra kêu gọi đc cả đống tiền như ngta k mà ngồi rảnh lồn đi phán :))),,
Đc a ơiiiiii,,
Giờ này mí thấy đổi ảnh. Trend hồi sáng tới giờ,,
Chi đep púa chi ơi chi đeo vang dử da cho e vói,,
Tấn Thời nếu làm theo mấy bài trước thì sẽ bị nói là 1 màu,,
Hồ Thị Trúc Phương uak..khoảnh khắc huyền thoại ra đời 🤣🤣,,
rồi ổng lại say lại khổ các a thôi,,
Nghe có vẻ hợp lí nhưng cũng rất thuyết phuc,,
đoán xem,,
03???,,
Ủa cái này trend bên VN thời sửu nhi 9x mà ta 🙄,,
Kien Ne bố jack cmay mới nổi đc năm thằng thánh nện kia n nổi lâu rồi k có cty thì tuổi cẹc mà nổi đc như giời ngồi mà lo tr thế giới lo mà ăn vào mồm cho no ấy,,
"Nhỏ thì muốn lớn, lớn thì muốn nhỏ",,
Huyền Võ thầy của bạng nè bạng iu,,
Vinh lũ lụt hả. Sao lại gửi tiền cho mấy cái giáo xứ vùng đó k lũ nhỷ :-D,,
Thảo Ngọc ủa biết chơi hả,,
Đồng bọn con đó khi biết tin,,
Nó dui gần chết. Clip này là cười xĩu luôn á,,
This is Cường7núi,,
Xin với bro à,,
Cực kì thuyết p.....,,
Sao tao phải trả tiền mạng để đọc mấy cái tin tức lol này vậy.quang hải là thằng nào mà quan tâm vcc vậy.nó đi ỉa giờ nào chắc cũng đăng báo,,
Mua đồ hồg mặt từ bé bảo sao nó ko thik súng ((:,,
Vì thầy xạo lol nè,,
Clip ngoại hình của em 😞 chắc đủ ứng tuyển,,
Để bố xọc chết con mẹ nó,,
Vũ Đạt rất chi là tốt =((,,
Võ Minh Hiếu rep ib bạn,,
Cô my cho ăn chai sting vô đầu nha thầy,,
Abe đang ở HN nha ae 😂😂,,
ホ タオ sau ta hợp tác lm 1 đứa cưng nhé.,,
Vừa dẹp vừa quý phái,,
Khổng Mỹ Duyên nó lại hợp li vl🙂,,
Đk anhhh,,
Tụi mày k bt đấy chứ..😂😂...mấy tấm hình đó...nếu ghép lại..là 1 đọc rap,,
sức hút,,
"Uh page mới bị hack đó, tao là ad mới nè.Cmt này dc 69 like lát mình post chuyện ngôn tình cho các chế đọc nha =))",,
Nguyễn Thành Luân ok ok like,,
C dep gai ma noi bay wa ah,,
Mất acc là tôi sẽ báo cáo ba gà,,
Đừng có phá idol của tao nha mậy. Mạo danh là ko được à nghen,,
Đcm cái loại giả đạo đức khi ko được giáo dục,,
Sói bảo: tí mẹ Trang cắt mẹ mồm ông già đi cho không ăn cơm được với cá luôn:),,
Thứ thần kinh,,
Xin phép hỏi có phải bác Trần dân sinh 1926 nếu đúng bác có được sức khỏe quá tốt,,
Ngoc Anh Bùi ok,,
Cảm ơn thầy ba,,
Thương Hàn Quốc,,
Sena ám bỏ mẹ,,
Minh Hiếu never sai :)),,
Danh hài hải ngoại được yêu thích nhất tại VN.,,
Dương Thu Vân bh nó mới cập nhật lên 38 ca:(,,
Hiếu Kòi thế thì làm việc thấy chán luôn.,,
Ho xuan xuong dong ho tien ty,,
Con nào cũng đeo đồ giả hết...     kkkkkkk,,
Giàu quá sao đi dựt nợ chời :)),,
Không biết mấy bạn gì hay vô hỏi ad nguồn ở đâu? Xác thực chưa vậy gì gì đâu mất tiêu r ta :)),,
Nghe 1 lần k vip nhưng nghe 3-4 lần lại khác :)))))),,
Bố tôi đấy :vvv,,
Nguyễn Tài clear núp duói bàn đánh,,
Pham Ha Lan công việc nhiều tiền mà không phạm pháp của bạn đây,,
Đúng là nằm nhà được xem hài cũng tạm được,,
Deo vang bong khg vay me bong bu cat cho,,
Lâm Đình Khoa tấu hài,,
Anh be ơi 🤭,,
Nghe vô lý nhưng vẫn rất vô lý mà lại thấy thuyết phục,,
Ko ngơ tren đoi co nguoi như vay ne troi. sơ qua,,
"ai giải thik hộ em từ "" XU BÀ NAI "" hộ em vs",,
Mày coi chừng đó chồng mày làm ơ đại bắc đó may đừng tưởng ko tiềm mày đc nha .khỏi thách thức đi con,,
Làm ng tốt nhưng sai thời điểm,,
"~ 85 triệu Dân ngu cu đen ngày càng bị 4,5 triệu đảng viện ức hiếp",,
Đề nghị nhà báo vh lân phỏng  vấn danh hài ngô kỹ,,
Mai Trọng Nam làm tí cỏ bũi sáng bạn ê,,
ĐMCS bê tông hoá cái qằn qè cây chặt hết giờ để dân chịu hậu quả. Hk còn từ nào chửi cái lũ cô hồn các Đảng này,,
Akatski Akashi Nói đúng với nói thật thôi chứ có gì đâu mà anti? Bộ anti đéo có não hay gì mà chuyện vậy cũng nói cho được?,,
Lê Minh Hậu lấy cái nào đẹp đẹp tí,,
Nhìn mặt xanh xao mà thương bác thật sự ... nhắc đến lại DM NHUNG,,
xạo lồn sương sương,,
Justin Le Nguyen phục cái máu lồn,,
Thách cả cụ nhà :)(,,
Tất cả hãy dừng lại =))) Nguyễn Ngọc Dung Trương Ngọc Linh,,
Không hợp lí lắm nma khá là thuyết phụccc=))) nhưng nốt ruồi CB đâu ùiiiii,,
Trần dần nhớ bảo trọng.,,
Nút vàng chắc ổng để wc nữa 😂😂😂😂,,
Bản thân ngta còn muốn phá sản chết đói,,
Dấu hiệu của tết đến,,
Nó ở cái tầm,,
Bé Phở :)),,
Moá 🤣,,
còn bạn giúp người bằng bàn phím,,
Chúc mừng Hải và gia đình! Cảm ơn các Luật sư đã đồng hành cùng gđ minh oan cho Hải!,,
Zalo 0964394635,,
Huhu cô của con đẹp quá mà dễ thương quá trời luôn 💋😘,,
Ờ,,
Nguyễn Trọng Hiệp nhớ quá,,
Thế chắc nó mới đi hút cần với mấy con mèo hàng xóm đấy anh =))),,
Duyên dág dã man hát hay nữa,,
"Không,sao a ơi dù có thế nào thì vẫn ok mà lúc nào rf cũng hay hết cho dù thế nào đi nữa ❤cố lên các a k được ghì về stream cho ae xem cho nó vui 🤣",,
Giờ t mới thấy Thanh Dat Nguyen Trâm Anh,,
Cay không anh ba ơi :)),,
wtf man,,
Vâng chỉ có ở VN.... 1 đất nước tự do ngôn luận là thứ xa sĩ.... vãi VN...,,
"Các bạn bò đỏ đã thấy tởm chưa, là một công dân thết nghĩ một chế độ tốt , là lo được an sinh xã hội, y tế, giáo dục tốt. Con cái các bạn xinh ra được miễn phí đến khi vào đại học, các bạn bị tai nạn vào viện không phải ứng tiền trước. Thì đó là một chế độ tốt, không một thế lực thù địch nào làm nguy hại đến Tổ Quốc chúng ta",,
Hanh Viet cục kì thuyết phục =)),,
Sao khoc loc di chua nao o dai loan ma chua con nay vay tfoi,,
Đc ván hay ông giáo gáy khét vc=)) 🥰,,
Cười ỉa :)),,
Nguyễn Sơn thiếu số nhỉ có số thì lại đẹp,,
ói,,
đm thầy🙂,,
"Chũ doanh nghiệp này quá cứng cựa, phải",,
sì tai củ l gì thế này??,,
Mỹ Vân,,
Cực kì thuyết phục 🤪,,
Nooo,,
Chi oi chi giúp em voi ngươi ta giựt hui em nhiều qua em lam sao chi,,
Vạch,,
Bác cho e hỏi làm tấm này như thế nào z,,
Nghe đc gì cht liền,,
Nhị Thắng Chó Said: giận cá chém thớt mạiiii ><,,
Đá hộ là cái chắc :( anh Độ làm gì sút được vào lưới team bạn đâu,,
Việt Nam vô địch ❤️,,
địtmẹ bọn dân đen như các ông thì làm gì...đau đầu thực sự :))),,
Anh Ba nhận họ hàng đi này =)),,
Ngô Duy Tân bố mẹ làm còng lưng ra nuôi ăn học thì không fan,,
Đường tank hồi còn trẻ,,
Nguyễn Thịnh xin anh nhé ông,,
:))),,
Đức Thịnh a buồn trên nỗi đau người khác 😌,,
Cái bệnh tâm thần phân liệt thể hoang tưởng tiến triển ngày càng nặng.,,
Sao ad cái gì cũng bit hay vay ??? Chỉ cho e với đc ko ??,,
"Anh thâm lắm. Anh nói nghèo khổ có nhau, chứ có nói giàu sang có nhau đ đâu. Đẹp trai lại nói đạo lý biểu hiện sdtpcmt 🤣",,
Đam mê làm cướp ngân hàng thì tài chính bao nhiêu là đủ nhỉ 😂,,
Nhìn giống cô Cẩm Ly ghê. Mà đọc chữ mới biết cô Minh Hiếu.,,
Công nhận anh Lân chơi toàn đòn hiểm thôi . Tôi ngưỡng mộ anh cái câu : 9 năm sau anh ở đâu . Có lẽ ông ấy không dám trả lời bằng sự thật .,,
Đóng tiền mạng để xem cái này à :))),,
Ngheee rất thuyết phục nhưng mình yếu sinh lý :((,,
"ông chỉ là phương án dự phòng cho nó thôi , những con như vậy ko xứng với ông đâu , chỗ ae khuyên thật bỏ nó đi mà làm người , còn nhiều đứa tốt hơn nó , yêu ông hơn nó đang đợi ông tìm thấy đó :((",,
Chết trận này,,
Thủng từ nóc rùi,,
"Hàu biển OB này thấy quảng cáo nhiều, dùng có hiệu quả thật không?",,
2 con đien...,,
xin vd ông ei,,
Ry Noah ủa đi làm thấy bà chứ ở đó mà ở không 😌😌😌,,
Ở Việt Nam mình hình như không có công ty của Apple thì phải 🤔🤔🤔,,
được a ưiii,,
song cham lai,,
Lâm Thủy Tiên ban can gi,,
d' tin đc hoàng thượng rớt đài :'(,,
hí anh em,,
Cấm tụi bây đụng vô cô minh hiếu nhé nếu mà mấy bây đụng là fan nem🔪nhé mầy,,
Muốn lắm cơ mà đú không kịp :)),,
Nhầm kênh,,
Chi oi sao c đẹp qua  e thích,,
Mất ngủ.. Vào xem ông mà tắt trym sớm thế hả.,,
"Mình khoái câu ,trời sinh ra tập sao lại sinh ra quốc sư trần dần ,trời phật phù độ cho ông khỏe để còn lên sóng nghe ông",,
Thế đéo nào???????!?!!?????,,
Chi 3 nói hay .nói được làm được .nhìn là biết chi giàu rồi,,
Mới ngày nào thôi... Chúng mày chửi nó như hát hay... Có thằng nào trước chửi Jack hôm nay vào đây bình luận như 1 fan trung thành không 😂,,
Nhật Hoài giống thôi e ơi. Fan Jack vẫn là Jack 👍,,
Hasagi ngô bá tú,,
rất thích gia đình nhà chị này,,
"Bọn Trung cẩu vào những ngày tết cũng kẹt cứng con người. Thế mà nó chỉ đứng thứ 2sau Mỹ. Sao ad so sánh ngu nhỉ. Các thành phố lớn đều là dân nhập cư, tết họ cùng ùa ra mà về quê, ko kẹt xe, cháy vé tàu thì đâu gọi là tết.",,
Cmt để trở thành fan cứng,,
Đù nhìn giống ba tam kê đội tóc giả vl,,
👍,,
Mấy chú nhớ donate cho cháu để cháu mua kẹo cho ông già cháu nhá 😀,,
Thần quyền ghê quá tao chạy trước 🚀🚀🚀🚀🚀🚀🚀,,
"nhiều lúc nhớ tới Quân tự nhiên cứng đờ, không ra luôn. Khiếp vãi",,
Tôi Thích Chú P. Anh giúp đỡ cho nhiều người ngèo. Còn DMCS. Đéo làm được con cặc gì hết toàn là làm mầu thôi,,
I love you Chu cò mo,,
bút chị xịn thế,,
hót luôn,,
Cô minh hiểu là số 1nha.,,
Mày bảo ông quan nào vận động dc số tiền như thế đi. Ngu mà còn diễn,,
Mất dương chỉ,,
Tới cảnh cô Minh Hiếu nhạc lên gắt vl 🤣,,
Giàu  sướng  vãi...  Tui mà  giàu  chắc  tui cũng  như  chị  á,,
ngay thang sinh cua e nek ba ga,,
Không có k-icm kém hay hẳn,,
Con người sống để nại cái ĐỨC người ta có chồng có con nhỏ dại  người ta đâu có đi cướp giật lừa đảo ai ? Chọc và chửi người có bệnh tâm thần để làm gì ác đức lắm đấy,,
Mũi lệch cô ơi,,
"Với tình trạng người dân dọn dẹp nhà cửa trước tết đang leo thang. Tôi đề nghị các ban ngành, cơ quan hữu quan phải có biện pháp cải thiện tình trạng bằng một số hình thức như tuyên truyền, răn đe, thu thuế môi trường thật nặng cho những ai dọn nhà cửa nhân dịp tết đến xuân về",,
Bạn lại thuyết phục hơn tội cơ 🤣🤣,,
Con cháu cha,,
Việt Anh đi đâu cx thây,,
Ớ,,
cho em cái giáo án mundô thầy,,
Chuẩn mẹ rồi :)),,
Thảo Vy hên m ko phải trả 13k gây nợ của Huy =))))))) tiến lên ko độ Huy nha Huyyyy,,
bài này nghe bâyh hay hơn Độ Tộc các bác ạ =))),,
Nhanh chậm cmm :)),,
Ủa? Công an và côn đồ không phải là 1 hả?,,
Thầy ui kkk,,
:))) đó là lúc mà con tim tao không còn cảm giác gì với cs này,,
2019 mùa các giáo án sịn xò 😆,,
búng tym cho thầy 🥴🥴,,
Nói thế cho nó vầng :))),,
"Nợ công thì dân gánh nữa chứ ai, chúng nó đc dân nuôi chứ lm đéo j, k bik dân ta còn bị đì tới mức nào nữa, lũ súc sinh",,
đang ngó ngó nó thả cho quả boom khả năng đen luôn,,
Vũ Hậu ui khỏi ăn luôn vì nhìn em k biết con nào là con nào :)),,
Đạt Con độ tối nay on hk bạn,,
Câu like kia trời.,,
Đéo nào đoạn đánh răng tởm vl mà lâu vc😂,,
"Cứ mỗi ngày lại có thêm ca nhiễm :)) Mong chị Nhung sớm khoẻ, mặc áo kẻ vào tù ăn thịt nướng rắc muối cho sang miệng 🖕🏻",,
Hoàng Phong Đỗ Trúc Ngan Do tốt nhất nghỉ ăn mấy con lạ lạ nha mn,,
Quỳnh Anh k làm luật sư ở đoá à =)),,
Sam đây cơ mà 😢 tội nghiệp cháu nhỏ,,
Chính sách ngu dân ngày càng hiệu quả,,
sao phải khổ gj con corona nay. do thăng trung cộng no gây ra oán hận nó qa,,
"Mãi mãi phồn vinh, mãi mãi trường tồn",,
"Đường nó bền hơn, lâu hư hơn, đẹp hơn, hoàng tráng hơn,... Thì tao tin chứ bảo chi phí xây rẻ hơn thì ngu si mới đi tin, lều báo!",,
uh,,
Dẫn ông già ra vỉa hè đầu ngõ uống trà đá Tùng êiii~,,
Hoàng Xuân Tâm sao đâu dm,,
Nguyễn Quốc Vinh SuBaSan,,
Quốc Bảo Lê thấy giống ai ko :)),,
hồi nhỏ đi ngoài đg bị chim ỉa lên đầu rồi,,
vcl,,
mượn song được thông ass không,,
Tú vẫn mãi ở đây với abe:)),,
Bên xứ dân chủ nó nghe lén điện thoại mà có ai bảo sao đâu 🐧🐧🐧,,
Hung Nguyen Ba nghe mấy thằng nói câu này sao ngứa đít thế hâh,,
Nghe vô sinh nhưng bác sĩ lại bảo cưới,,
HN còn bận chữa cháy chung cư,,
"Ông CAN liên quan gì ? Cái này liên quan tới UBND xã mà =,=",,
Nhìn cây bút của chị là biết chị cũng 49 50 à :)),,
"Chinh Lee mùa dịch khó kiếm show, thử lần biết đâu sau này đời lên hương bạn eii 😌",,
Hqa mới ngửi mùi của sena nên nghiện mùi đit. Hả thầy=))),,
Film cũng ổn nhưng thích mấy đoạn hù giật gân ghê luôn á 😆,,
Co môt thu Tương luc nao cung nghi vê nhan dăn như văy lam cho nhưng ngưoi dăn Viêt Nam răt yên long . Pho Thu Tương Vi Dai,,
Không lo chết đóii ^^,,
xem giọng cười mình lại chán đéo muốn nói 🤦,,
có cứt,,
Tùng biết đi xe đạp chưa ạ?,,
Chi oi chi giau qua cho em xin mot it di nha chi noi vay chac gi chi cho dau ha chi,,
Châu Châu thích thực sự,,
Cực kì thuyết phục:)(,,
Năm nay Tùng Sói lại phải ăn bánh trung thu nhân mỡ hành rồi,,
"Khùng quá thì đi chết sớm cho đỡ mang khẩu nghiệp mẹ ơi, già sắp chết ko lo nghĩ ngơi cho khỏe, suốt ngày lên xàm lồn cho chúng ghét",,
vai rớt cô rô na :)),,
Tạ Duy Ân xấu hổ quá :))))),,
Xuất sắc từ vị trí anh Độ,,
Đâu đó trên fb tớ,,
Bọn này nó không biết nhục nhit,,
Tam kê gáy :))),,
biển nhiễm độc! giờ trâu bò lợn gà lũ cuốn luôn! miền trung tụi em cạp đất ăn zần rồi ạ! nhờ ơn đảng!,,
Chet me may chua con kkk,,
Giờ này ai uống nửa?,,
Ủa bả ở Cai lậy kìa 😆,,
Ỏoo trend sịn vãi :33,,
"BiẾt thì làm gì hả lũ ngu. Ngoài biển đảo đọ súng, bị tàu khựa nó bắn là chn xảy ra như cơm bữa. Ngon thì vác súng ra mà giữ đảo :)) xem có dám ra không",,
Nguyên Phạm hôm nay anh mới thấy.,,
Thân lăm bây giò lại căn buôi nhau,,
Thế thì cháu cũng chịu mấy chú luônnn,,
Đume lấy tiền đô đi đường quyền nó cô 💵💵💵,,
có ai đó tốt bụng làm ơn cho em biết chuyện gì đang xảy ra đi =.=!,,
Hoàng Quản nà như nào hả ck :o sao đọc khó hiểu thế,,
Anh em học trò thầy ba like avt hộ tôi :((,,
Pham Quang Thanh quẩy chưa :)),,
Nhìn tùng sói men vd 😗,,
Vũ Văn Thuân =))),,
Abe muôn năm,,
Con iu cô hiếu 😊,,
Luong Ngoc Tran Anh Duong có đi trà sữa thì makeup sương sương giúng như này nè 2 chị,,
Hà Thu Phương hay lắm :)),,
oke anh êii,,
Clm...:))),,
Cô ba nạp cho con cái cac viettel đi cô ba 0979742326,,
Hoàng Xuân Tâm Tùng đi ỉa lúc mấy giờ bạn biết ko sao mà ko biết nó dùng lồn đi cmt dạo,,
ba khung,,
Cái gì k mua được bằng tiền thì sẽ mua được bằng nhiều tiền,,
Ủng hộ Abe nào mùa sau thi đấu cko skt,,
Ai tự tin trúng giải cho em xin ké con đề đi =)),,
Abe vui lên đi :<3,,
Chị ba này là đàn bà thiệt hay đàn ông vậy chời? Hông hỏi thiệt,,
Thầy t đó,,
Quốc sư Trần Dần sao nhìn thấy xuống mã quá vậy liệu có qua khỏi mùa dịch Covid này kô ?,,
Con già này toàn quay ngoài dduong,,
Chịu anh B52 luôn,,
H ms thành trend 😂😂,,
I love you chu cờ mo 🤣🤣,,
"Đạt Hồ Thành đây đm , báo vs chí",,
Nói vậy ông Trần Dần tâm cũng ko đến nỗi có ông cũng vui,,
Bo chj ba cung co Lon nua ha,,
Hóa độ lên con đường XHCN bỏ qua bước TBCN,,
Vũ Bình Dương điệu cười của a kị h kìa 🤣🤣🤣,,
Con chó này bêde ah mọi người,,
Cái này hỏi mấy Anh chống tham nhũng,,
Hong kong là tấm gương sáng chói cho cả thế giới hiểu được giá trị của tự do phải đánh đổi bằng sự dũng cảm kiên trì và đoàn kết để từng bước giành thắng lợi ..,,
Óc...,,
Be de co long dau ma chuoi long,,
Nhung Đặng đưa anh T chị H coi :)),,
Bữa nào lấy cây đơm vô đầu Sena 1 lần đi Abe !!! Nó giỡn mặt hơi nhiều 😂,,
Chỉ có trấn thành thoi mày ơi. Làm gì có chấn thành,,
"Mấy ông sống từ từ lại đi, gi mà sống nhanh thế",,
Tấu hài gamming,,
Doanh nghiệp thì cũng là dân. Nói chính xác là lấy đất của người này giao cho người khác . Và quan chức được hưởng lợi từ chênh lệch giá đất cực khủng. Đó chính xác là sự cướp bóc.,,
thầy mà là gia cát gì gia heo thì có =)),,
Kk,,
Buồn của mãnh thú😂,,
853456768,,
Đức Mạnh Cứng clmm,,
biết bao nhiêu vụ chết người bị ém ko thể tả nổi..ở VN khủng bố ko phải là đánh bom mà là giết ng giấu tay,,
Tôi chẳng hiểu gì cả .!!! Có lẽ đó là câu ... Nói thật đầu tiên trong cuộc đời của Chúng .!!!,,
1 cá nhân làm ảnh hưởng cả 1 đất nước😢,,
:)) uiiiiiiiiiii,,
Anh em sinh đôi =)))),,
Con yêu nghiệt ở đâu trồi lên dậy,,
Toàn vụ hài cười ra nước mắt.ảnh Tuổi trẻ cười,,
Chỉ sợ cu ló ra,,
Mỗi đợt iphone ra đều rất siêu việt với những tính năng vượt trột. Chỉ có nhược điểm duy nhất là mình méo có tiền mua thôi😥,,
em tú ánh sáng :))),,
Nhanh lắm 😏,,
☹☹☹,,
Quấc sư giác ngộ + sản rồi sao?,,
thương a ba :(,,
2xx,,
Kim Oanh Phương Ngân có khi nào Lê nhớ r cười k ta Lê Lê,,
Kiệt Phạm abe giữ vd ko che rồi,,
"cai mon vo.5 ong luc to,hoc vao tau hoa nhap ma,cam sung ban ko dung dich,cam giao chat cung ko dut.ong tran dan nay ,tap vo khi cong khoe den noi bay gan het rang.",,
"Cô Minh Hiếu đôi lúc hơi thô tục, nhưng những lời chia sẻ của cô hết sức chân thành, không màu mè, nó xuất phát từ trái tim. Đó là lí do nhiều người yêu thích cô. Thương cô.❤❤❤❤",,
"Người ta vào làm miễn phí, Nhật thì đã nổi tiếng thế giới về công nghệ, sự nghiêm túc và giữ lời. Nếu là người bình thường, có tâm lẽ ra ông phải vồn vã mời người ta vào, ko tin gì thì yêu cầu cung cấp thông tin kiểm chứng, đằng này lần nào ông cũng nó",,
Mai mot co Hot Girls chua thue,,
Có ai nghe nhạc cả rap thấy ná ná giống Bình Gold k ạ?,,
@Lan Nguyễn nam sao nói tiếng nữ v,,
Tôi gọi là Chínese virus,,
nó lại là vl a ạ,,
Đù mé,,
Chắc chúng quan phụ mẫu thích lũ về lắm đây. Để có tiền thu về mỗi cơn lũ.hehe,,
Nguyễn Thanh :)),,
"Bài viết này lệch lạc. Chủ nghĩa dân tộc không tồn tại trong chế độ cs do đcs cai trị. Từ thời Mao đến nay đcs TQ đã áp bức và giết hại gần 60 triệu người Hán qua hàng loạt các vụ thanh trừng đẫm máu như CCRĐ, cách mạng văn hoá, đại nhảy vọt, chống xét lại, Pháp luân công...... một đảng cai trị và giết chính dân tộc mình thì có được coi là theo chủ nghĩa dân tộc không??? Bài viết rất thiếu khách quan và ngộ nhận.",,
Nghe mà giận tím người,,
Moaz,,
B ns chuyện theo phong cách người ghen ăn tức ở,,
Nguyễn Mai Linh đi làm mẫu make kìa :>,,
bá dơ quá a be ơi 3,,
Du học Úc sao bằng chuyên toán cao bằng dc,,
chịu,,
Mai lại có cái ảnh đầu bố sang con ... con sang bố,,
Add iên tâm nó vẩn còn đó mà trong tay người khác thôi ah,,
Minh Phạm chợt nhận ra trong túi làm gì có tiền??,,
Chị oi củng muón cho cái mủi như như của chị mà ong bác hồ ko cho pép chị oi,,
Vở hài quá hay trong mùa dịch nCovid!😀😂🤣,,
Huỳnh Quốc Chương ninh mà,,
Học trò của thậy ở khắp nơi:<<,,
06:25,,
Vũ Tuấn 😂😂 kkkk,,
anh Nói phét thế de anh lên chức da chu cu chờ 10 hoặc 2 den 30 năm nữa sẽ tốt thôi,,
Um từ cái chỗ nghe lời chi ba vàng mã chửi người ta wa nên minh ko thít minh hieu giờ bt vậy rồi thấy cung tội mà minh hiếu mà cũng bị lừa dc nua sao,,
"Chỉ có dân đen là chịu mọi sự bất công ở xứ sở này ,tội nghiệp cho cháu Hải 12 năm chưa được xét xử cho đúng , tôi theo dõi thấy nhiều việc mờ ám do con người cố tình tạo ra",,
Bảo Bảo thời gian trôi thật chậm,,
Kim Ngân make cho chị Nhung 17 ý,,
Đổi tay kìa các ông để ý kìa,,
Tuấn Lê fan jack dạo này nhạy cảm như tụi fan btS ấy :)),,
"Để nghị nhà nước đưa ra hình phạt đích thực, ko phải là tiền cho mọi người trốn ko chịu cách ly động não 1 chút",,
Cho em voi,,
Hehe . Quân đội.CA hay bất cứ tổ chức đéo nào ăn lương nhà nước từ thuế của dân lao vào cứu hộ là việc quá nỗi bt khi trách nhiệm của họ phải thế. Đấy là công việc đéo có j j đáng nói mà tôn vinh cả.Anh PA tự bỏ tiền túi và kêu gọi mọi người là tự a ta làm tự lòng tốt của anh ta ít người làm đc thật đáng ngưỡng mộ.,,
Hí anh em!!,,
Lai nha kkk,,
Trần Thanh Thiện Phii Anh Tám Phan Đức Trọng Huấn có lẽ nào là e gái lúc nãy kkk,,
Nguyễn Thị Bích Nhu Cái này là hình cánh hoa nha.,,
Hôm nay bỏ liêm xỉ ra xin 1 like AVATAR ạ !!,,
Trẻ con hư là tại ai ? Chỉ khổ xã hội,,
Hạnh Nguyên Lê Tài Phạm Dương Hà Thư =)))),,
"Thực ra, người Phụ Nữ mới là lực lượng tạo nên động lực, sự sáng tạo và là sức mạnh quyết định sự hưng vong của xã hội. Xã hội nào trân trọng, biết ơn người phụ nữ, xã hội đó sẽ phát triển bền vững.",,
Vailon :)),,
Các vợ tương lai của em ngủ ngon nhé =))),,
Ha Trinh Thu cũng có mặt ở nhiều điểm nóng nhể,,
Mời em về với tộc của anh 🤣,,
Not,,
bác chần dần chà bá mà có mệnh hệ gì chắc con buồn lắm,,
Má này chưa thấy quan tài chưa đổ lệ nè vậy mà còn chưa xấu mặt sao mà còn lên mạng chửi ta hoài thứ gì đâu á,,
Okei Abe nè =))),,
Ổng Vui mà bạn,,
Nguyễn Minh bo cua Ngọc trinh corona,,
Dù có ra iphone 30 đi chăng nữa anh mixigaming vẫn không đẹp trai bằng anh Độ =))),,
cho em xin cười vào mặt cái ông này phát,,
Nguyễn Thái Hà Tại đấy là Idol e !,,
"Ảnh hưởng chung toàn thế giới chứ có riêng gì việt nam. Việt kiều hàn thì phải về, nhật đài thì cũng méo mồm vì ko có tăng ca :)))",,
Quan vận động 10 đưa dân 1. 😂😂😂,,
Mấy bạn thiếu hiểu biết đi chửi người ta. Lên trang chủ của who xem guidline của who về việc sử dụng vacxin cho các nước đang phát triển nhé. :) nó rẻ đâu có nghĩa là nó phù hợp vs Việt Nam. Bây giờ ko google có bạn nào biết quinvaxem là vắcxin cho nhữ,,
Nó về rồi a ơi nó về tránh dịch,,
Rủ cả team làm vlog ở cùng nhau 1 ngày không chửi thề đi anh ơi :v,,
Ko co dây gi dài bằng dây kinh nghiêm nên rút hoài ko hêt,,
Cứ là chính mình thì rồi sẽ có người đến rồi ở lại với chúng ta. Đừng theo đuổi một ai cũng đừng để ai theo đuổi mình cả :))),,
"Nếu vậy lên báo chí nhỉ, sao ko ém luôn?? Ở Anh hay Mỹ cũng có mấy ông nội vì lợi ích cá nhân mà ảnh hưởng người dân, sao thằng chó ad này ko bảo COCC?? Hay thằng ad này phản động theo thằng Mỹ",,
đời nào bánh đúc có xương,,
Trần Sang viết đúng chính tả đi rồi nói chuyện heng 👌,,
Đc vl anh eiii =))))),,
"Hello idol ,, nếu Thắm còn tồn tại <3",,
Cô dễ thương quáaaa.,,
Truy cập vào web của các bác lập ra để check in và kiếm gái :3,,
Rồi đến 1 lúc nào đó sela ơi cứu anh :)),,
Pham Yen Nhi lâu rồi mới thấy Nhi á.:<<,,
"Ơ gì war z , em nói zui thui mà @@",,
"Nó bị chó nhập rồi đm chạy nhanh không nó cắn chết bà bọn mày, ở đó mà hỏi lsao nữa",,
Nghe có vẻ vô sinh nhưng mà lại có thai🤣,,
Quốc Vương thì tui thấy sao nói vậy mà vương?,,
Clg v,,
Pé Heo Vân coi chừng đó nha :v :v :v :v :v :v :v,,
Huyền Mun nhưng hỏi vô lý😅,,
Đấy là con người mang niềm tự hào của Việt Nam,,
họ nói cái j thì kệ họ đi,,
Cực kì thuyết phục! 😀,,
Buồn thực sự.k biết nói gì.vì sự ích kỷ của bản thân mà cả đất nước phải gồng gánh,,
Dạng háng chứ đâu,,
Sống chậm lại để yêu thương nào các bạn 😪😪😪,,
Thề chứ 2 bố con nhà này ghép mặt nhau là hợp lí vlone,,
Like,,
Bạo hành gì mà thầy toàn cười ko vậy =)),,
"Mới trở lại vs đag thử thay đổi dòng nhạc khác nên nghe chưa quen tai thôi. Nếu thích thì ủng hộ trước đi rồi ý kiến sao, còn ko thích đừng nghe đừng xem và đừng bình luận:))",,
Cảm giác khó chịu 😔😔😔,,
Quỳ,,
Nó thích mày lắm rồi 🙂,,
Lon tuoi roi kok co net gi het kok so dau voi gia dinh sui gia cuoi ha ma,,
Thầy dạy em không được xạo lồn mà ?,,
Chi ba ben don nha lam neo nha thi o nha nuoc cap,,
🤣🤣🤣,,
:))) hay anh,,
Đỉnh kout,,
Anh hùng lúp thế kỷ 21,,
Spider Man =)))))))),,
Nghe hư cấu như thật ra nó rất hư ảo :))),,
Dám đốc Vũ Hoàng Lân sao serious quá zậy,,
Ồ,,
Sau bao lần thề xoá kênh thì thầy đã đc nút vàng 🙂,,
"mình mới mua cái này cho ck dùng, phê lòi",,
mai thúy,,
thương a ba :(,,
Mong anh Lân một tuần phỏng vấn Idol Tiger một lần cho thỏa nỗi mong chờ. Ai đồng ý cho một 👍 A men,,
Chậm clmm,,
Để thế tranh thủ làm phát cho nhanh,,
Phụ nữ cần 1 con cu to như cuộn giấy vệ sinh và dài 20cm anh ạ 🙂,,
thầy book giáo án mới cho e:(( a be cứu e vs,,
Ba nay don ve sinh ben my i,,
Những thằng liếm no nó chuồn rồi!,,
Nhìn mặt tao có giống đang quan tâm mâý con cua không,,
Nhờ học kiến thức của thầy em từ học sinh giỏi bh phải thi lại hai môn :)),,
Phạm Văn Lộc chúc hay mỗi tội chính tả nên như lol :)),,
Bớt hạnh họe xem nào,,
Facebook của cô Minh Hiếu là gì vậy mọi người,,
Nhin cai moi cat y nhu bi khuyet tat. Ghe that,,
"Mr Trần Dân. Quá hay ""ông đúng là co vấn đặc biệt canh tay phải của tt Trump ""xem rất vui.",,
em cảm ơn anh đã chúc cho những thí sinh 2k1 có 1 kì thi tuyệt vời em đã bớt lo lắng hơn rồi a,,
Nhờn với Đông Lào à :>,,
Ngầu men,,
Củ Cà hay (y),,
Cô ba gì đâu mà râu ria đầy mồm,,
Văn Trường dell nhịn đc cười 🤣,,
"Bác Trọng : ""uy tín Việt Nam trên trường quốc tế lên cao, được nể trọng và có tiếng nói trên trường quốc tế"" =))) Lol",,
Chưi cho nhiêu vô ơ đai loan nhiêu ngươi băc lăm đo con no đên cho may 1 trân ko cân quy lay đâu nha,,
Bản này đẹp hợp anh ưi,,
"Ai nói niềng khay trong suốt không hiệu quả thì là do chưa biết với Leetray rồi. Mình đã kiểm chứng nha, niềng được nửa năm rồi. Anh chị em có nhu cầu niềng thì tham khảo nhé",,
Thời gian không cho phép 😕,,
2,,
Ngọc Mỹ cánh hoa kìa :))),,
Đậu Quỳnh Nhi k qtam mà thấy tn khá nhiều,,
Looks like lon,,
Dân quân???,,
Tao hỏi thật trang này phải phản động k tao theo vs 😂😂😂,,
Vcl nghỉ me,,
Kéo đàn violin thì làm đếch gì được.,,
đợi cc,,
bú nhanh,,
Lam giong bede ws,,
T đang nhìn clgv 🙂,,
Khánh Toàn,,
Phạm Văn Lộc chính tả như lol lộc ạ,,
Chắc trái đất tuyệt chủng quá:((,,
Đoàn Duy Diện đc a ơi,,
1 giáo án mới =]]]],,
Tôi hiểu các anh đến thế là được rồi,,
đế quốc tư bản ngoại bang thì muốn gắn 2 cái đảo đó vào việt nam ! còn lãnh đạo đông lào thì lại muốn gắn cả việt nam vào dưới đít trung qq !!! thật oan nghiệt,,
Nhỉnh mặt là thấy ác quỷ rồi,,
"Tao biết ngay là có quảng cáo trá hình mà, vừa bút vừa thuốc",,
"Khanh Pham đấy là mấy cái thể loại âm nhạc của chúng mày, nhạc Sơn Tùng trẻ trung có vần điệu vươn xa nước ngoài và nước ngoài chỉ có thể nghe nhạc như thế . Mày thử mang nhạc jack của mày ra nước ngoài xem có bị cười vào mặt không ??",,
Hix,,
Lê Thị Hương Giang hot trend ngày nào cx làm,,
Cực kì thiết phục !,,
Mi nô đủ đẳng cấp với Minh Hiếu đâu 😊,,
Vấn đề bv đi ad e mình bục ruột r khám ở bv xong chụp xquang các kiểu dm bác sĩ vẫn nói ko sao giữ 1 tuần bảo xuất viện thì ko cho may hôm qua kịp xuống hà nội khám nta bảo mổ bác sĩ mà chả khác j ăn cướp chụp xquang thì nó bảo phải chờ mai ms chụp đc hl v,,
Kim Thanh đm thanh nhé,,
"Đây là dấu hiệu của tết gần kề.,😟😟",,
:)) thấy nó vô duyên sao á,,
đào tươi nha,,
tầm này năm ngoái 🙂. năm nay mh để đầu nguyên vẹn k trao cho ai hết.,,
😆 lớn vẫn muốn xem ns j e sói,,
Hôm nay Trung sẽ sống thật với giới tính của Trung :)),,
Thế đéo nào giờ lại bay được vào cái page này? Cơ mà Ad chửi hay tởm lợm luông. Méo liên quan đâu nhưng kết mịa ad rồi và e muốn bái sư.,,
Cực kì thuyết phục :))))),,
"Trần Dần nói là mình cũng là yêu nước kìa, đã thay đổi tư tưởng đấy",,
Anh ba phải sinh hoạt lại giờ giấc.. chứ thấy là thiếu chuyên nghiệp lắm.. những cựu tuyển thủ vcsa.. yêu mến SBTC nên em mới góp ý,,
Gặp mình dọn ra ngoài nhậu cho oách xong đi taxi về kkk,,
Cô qua học thêm vs t,,
Hô hào tuyên truyền quyết tâm phòng dịch nhiều rồi một số người vẫn cố tình kô tuân thủ cách li ô phải dùng tới nắm đấm thôi.....,,
Phuc XO ?,,
Chương Đình Ias xin vid bạn,,
An ủi người ta đi các b,,
Trần Diên Dưỡng Omg 😮😮,,
Bây h so hay sam gì nhìn cũng đ dám ăn 😢,,
Thuốc lào cao bằng hút phát phê đến đỉnh não nha các bạn🙊,,
"Mình cũng muốn đẹp lắm, nhưng sợ tuong lại bị bệnh ung thư,",,
Nấu nổi canh chua như cái bả lồn vậy ai dám ăn. Tao nói hả cái mặt của mày nhìn như trái hủ qua,,
Ok tao lên fc rồi ae ơi. Xin 1like đc không ahha,,
thử live stream đố anh bắt được em ai ngờ đố em chạy được anh đấy,,
"Chúc mừng con quỷ này facebook nó bị hacker việt nam đánh sập rồi,toàn bộ đồ mua để bán online nó để ăn rồi kkk.( thực ra nó là phụ hồ nhé ).",,
Mk,,
Hương Thảo no comment chỉ để mặt cười,,
"Nguyễn Anh Phước t chửn bị nửa lít axit, chặt 1 cái t tạt dô tay liềnnnn",,
mua những loại sách này thật khó,,
Hay y cj,,
toàn giáo án lủng,,
Tấu hài như nhau :)),,
Miệng con này còn thúi hơn cái hầm cầu,,
Sạo lol quá,,
Haizzz....lại câu chuyện sợi dây kinh nghiệm. Rút mãi ko hết sợi dây. Dây dài vãi.,,
Phan Mạnh Cường ??? Mình là hàng xóm à mà biết nhau rõ thế??? Ơ mà nhà b ai xung phong tạch chưa để nhà mình còn đề phòng dịch bệnh nghiêm túc hơn,,
"Nguy hiểm , vì chút lợi nhuận trước mắt mà hủy hoại môi trường thành vùng đất chết ngày càng rộng ...",,
Sale 99% thì mua,,
Nguyễn Trọng Hiệp được của lóo,,
Đoàn Duy Diện ở đâu v,,
Ê. Sao tụi mày ko đi kiện kìa. Ngồi đó gõ bàn phím mạnh tay thế?? Đau tay đây.,,
Chị đi mỹ hả.sao chị đi vậy.,,
Không dám tỏ tình thì mời các em về với tộc của anh?,,
Điệp Thương buồi a mày,,
"Báo này viết thiếu. Tiệp về VN từ hôm 25 rồi, đến hôm 9/3 bị sức ép từ cộng đồng nên thành phố họ cho đi xét nghiệm nhưng ở trong video thì lại đưa đi cách ly. Tính từ hôm 25 đến hom nay là mùng 10 thì là 15 ngày thời gian ủ bệnh đã hết thì còn cách ly người ta làm gì ?",,
ad càng ngày thấy càng ngu thì fải,,
Phang mẹ nhau đi,,
Giông giống con tâm thân,,
vui vẻ ko quạo :))))),,
"Ở nhà vẫn đồng lòng với dân tộc được bác ạ, không nhất thiết phải ở trường đâu bác ơiiii😣",,
nghe nói tết đến,,
Xin vd b,,
Thiết nghĩ thầy sẽ mở lớp dạy múa :),,
Hồ Viết Thắng,,
Của gà rán đấy,,
Chúng nó đang bận vơ vét thanh lý đất nước này,,
ở Việt Nam tụi tao xuống đường suốt mà :))),,
Khánh Vy ngộ ha 🙂,,
Thế đây là gì vậy ad... có nhầm với kicm không vậy ... Mù chữ rồi à,,
xàm lồn,,
Ảnh thu thập đc.,,
Bài này nghe không hay như những bài trước ý kiến riêng,,
Ông trọng cao tuổi rồi mà vẫn giữ chức vụ to ghê.,,
Anh Tuân cười hoài .... Dễ thương,,
Tin đc không,,
Cô Lan cười duyên ghê,,
HÔ + MÔI DẦY + THẤT HỌC + VÔ VĂN HÓA = LINH CÁ LÓC CÓC 💩💩,,
Linh Chi mình sai. Mình xin lỗi.,,
Tặng ông 1 like,,
"tội nghiệp con nhỏ, khùng lâu năm",,
Đc thế này thì còn gì bằng 😂😂,,
Hoàng cung Thúy Kiều nước tư bản là lone gì za,,
Khi K còn cs. ĐMCS,,
Đc ván hay ông giáo gáy khét vc=)) 🥰,,
"Bể manh rồi, cô vi làm quốc sư Trần dần be mảnh, ngài đã không cảnh báo trước khi cô vi hỏi thăm, làm dieu dung cơ đồ",,
Mặc đồ sang mà đâu có xấu nói thiệt á,,
Thu Hít trẻ trâu,,
nà ní,,
Ghế xịn vl,,
Cực phục thuyết kì,,
Ma Quốc Luân ko phải kì thị,,
Đỗ Ngọc Phương Trinh Lê Nguyên Thảo Chiêm Khánh Ngọc Ha Huynh Ngoc Anh PhạmJen Phí Phương Thảo mừng rớt nước mắt luôn á mọi người ơi :))))),,
Linh Phan ừ,,
"mật độ dân cư đông , không có quy hoạch rõ ràng , chết vẫn là thằng dân thoii",,
Quẩy lên anh em!,,
('-'),,
Coi giải trí nè mấy bợn kkk,,
ngươi tinh trên chiên trân . mai đinh gi đây,,
Vụ gì vậy,,
Thang ngu k biet do la co gi a,,
Phía sau 1 người đàn ông thất bại là 1 người đàn bà xui dại,,
Thấy thầy phụt có kích thích ko :😍😍😍,,
"Đoàn Chinh con quái vật chắc được xuất hiện 1,2 phút trong bóng tối",,
Ngu na noi tren troi duoi dat k,,
Nghe có vẻ mina nhưng lại là abe :)),,
Mãi méo đc fan cứng,,
Thế ông ad có biết một loạt phóng tên lửa (loại tên lửa hệ Ca-chiu-sa) để dọn bãi tốn bn xiền ko? Một loạt của một xe có khi đã cỡ trăm triệu (hay cả tỷ).,,
Mái tóc bổ luống huyền thoại thời đan trường :)),,
"hơi buồn một chút, nhưng một mình vẫn hơn..",,
Nhờ chị Nhung nên VN đã bước vào trận 2 :)),,
Bắc mẻ đền lại,,
Khong,,
Bút này chắc ko bao giờ hết mực =))))))))),,
Tham thì thâm thôi,,
Trần Lâm coi sao chứ t sắp ra QB quính lộn rùi á =))),,
Được của ló thank thầy,,
Bài này theo ý kiến riêng của em là không hay mấy nhạc át hết vocal rồi giật đùng đùng chả nghe rõ được giọng mấy :)) thế nhé mong các bác đừng gạch đá 😌,,
Lâu r mới thấy bác . chúc bác nhiều sức khỏe ❤,,
Thầy ơi bọn này khịa nè :)) Mà cho em xin tên YT mới ạ.,,
Ít tt page đăng bài lên bộ tộc không đc duyệt vẫn được fan cứng :v,,
"hèn chi Hà Nội khói bụi mù, ô nhiễm ngút trời ! bao nhiêu rác củi gom về Ba Đình đốt hết ! ...báo nào nói ngoài đó dọn nhà đón tết gây ô nhiễm có sai đâu !!! chỉ là tế nhị ko nói là cái nhà nào đó thôi ! hehehe",,
1 chính quyền thối nát . Ngậm miệng ăn tiền thì nói được gì nữa😡,,
chuẩn giáo án cặc to,,
xinh vaicalon y kien gi,,
Phát Thịnh thầy tui như thằng xì ke.,,
chưa kịp tạo dáng mà bà già tao đã chụp . Tùng said,,
Kêu ca cc -_- đấy là đặc sản nhân dịp tri ân khách hàng của THP đấy :->,,
Mà bâ ơi mà ba,,
quần đấy em mua có 50k thôi,,
Linkkk,,
"điện tính theo số nhé ông ad :v mà cũng kệ đi vì mình có lên tiếng cũng đéo ai quan tâm đâu, quan còn đang bận :3",,
Ủng hộ cô ra album luôn ha :)),,
Sơn móng dò móng tay . Chỉ có thể là miền tây yêu dấu. Cô dễ thương hết sức !!!,,
hag nay no xam,,
Dịch vọng nehhh Phạm Quyết,,
Giày fake giày real cũng là giày đều mang vào chân đều đạp đất hên xui đạp cứt có gì đâu mà cứ phải phân biệt này nọ đã vậy k biết có tiền mua nổi đôi dép k ở đó mà tỏ ra thượng đẳng phân biệt fake & real,,
Mẹ high xinh gái ✌❤,,
Chế này xênh thế hả trời,,
Nhi thèm cake plan and tea milk bonus rice sườn pig,,
Cực kì thuyết phục 😂,,
con  thưa  cô,,
Không hay!,,
Nguyễn Thành Luân mấy h,,
-_- Cái gì của VN nó cũng thối tha vậy cả !,,
Dân Việt mình chịu chơi lắm!nợ trả góp có sao đâu...!nợ vay nóng còn chơi ok mà!nợ công cũng ko ngoại lẹ nhá!,,
:)) cái gì nữa đây ! Sao tao vẫn chưa thấy ai quan ngại :)),,
Mẹ,,
"Ko đâu ad , chúng nó ngu đó , Cẩu Quan thua mưu Trung Chó nên cớ sự mới ra9 như vậy !",,
được anh ưi,,
Hiếu Lư cmm,,
Tức ghê á! Hiền Võ,,
phải cho tùng xem cái khác mới bỏ được mèo tom vd : thơ nguyễn,,
Thêm quả kính thì có khác gì siêu sao điện ảnh :))),,
em tưởng linh vật chứ :v,,
Thu Boo chân tóc nhìn có vê thưa hả e.,,
Dell còn gì để nói :3,,
Quần của người có tiền nó khác 🥰🥰,,
Haiz! Vậy mà vẫn có mấy thằng ngu tin đảng! :)),,
Anh nhà ở cầu giấy 😯,,
Liệu coa lủng như giáo án🤣🤣🤣🤣🤣,,
Duyên Suk thế nên t chỉ lướt xem ai cùng quan điểm thì vào cmt thôi. 🤣,,
chuyện tâm linh địt lỗ đít từ ba gà,,
Cứ vay đi rồi trả bằng đất ! Lo gì !!!,,
From Mixi Bắc Giang chúc bộ tộc nghỉ lễ an toàn vui vẻ,,
Cho xin bài nhạc,,
Nước da có vẻ bóng bẩy hơn 🤣,,
Khánh Chi đẹp quá,,
Gia Huy Nguyen.,,
Nhờ có c.a mà m sống yên bình đấy ad :)) tận hưởng mùa hè bất tận trên thiên đường đê,,
Nếu chôn thì ô nhiểm nước với đất :3,,
toe toét😁,,
Nguyễn Trọng Thái đợi cái lone,,
Thằng dư luận viên Đinh Bá Trung !!! Thớt nào mày cũng cmt không có não thế,,
Yêu chị  lắm,,
Đi cầu thì phải cần giấy,,
"Trước con Tun nhà em cũng hay tha đồ về nhà, nhưng em thịt nó rồi",,
14:01 bí quyết :))),,
Phản động là gì? Đứa nào hiểu nói tao nghe với..tao thấy thằng ad nó nói lên những cái sự bất cập của xã hội hiện nay..có gì là phản động?,,
Chào a hai 🤣,,
Có reaction lại trận đấu ko thầy,,
Chúc hơi muộn đó abe :)),,
Mua ở đâu đấy ad?,,
Lại đi càn quét cướp giật của dân ... tết đến nơi rồi 9 hộ gia đình sẽ ở đâu đây .. thế mới biết bọn cộng sản nó tàn ác như thế nào ... có lẽ xuân này 9 hộ gia đình vừa bị cướp nhà chỉ ngắm tượng đài và ảnh ông họ hồ cũng đủ rồi .. mẹ cha chúng nó bọn mất lương tri...,,
Tại sao cứ thích giả mạo người khác vậy nhỉ =)),,
Dễ thương xĩu lun à chời hihi,,
Cực kỳ thuyết phục:3,,
Ngoại tình vậy mà thầy nói mẫu mực 😕,,
Nó làm gì kệ mẹ nó đi,,
Cực kì thuyết phục!!!!!,,
"Trông người, ngẫm lại mình mà thấy chán @@",,
Cũng k biết phải nói gì luôn. Ngay lúc đất nước đag phải nổ lực chống dịch thì lại có những thành phần như v 😕😕,,
thế cơ à !!,,
"Lòng tốt của mấy anh chàng này đặt không đúng chỗ, sửa xe dù không chặt chém cũng phải lấy tiền sòng phẳng với công lao động bỏ ra. Xã hội đáng trách ở chỗ còn quá nhiều người lợi dụng lòng tốt người khác.",,
Ác quá,,
Nóng vậy ở trong nhà cởi áo là mát nhất :V,,
Tùng sói sad: các ae ạ vì lương ông già mỗi thág có 7-8 triệu ko đủ mua sữa cho tôi nên phải làm thêm vc này mong ae thông cảm🙂🙂,,
Trâm Trâm từ vụ linsied chị đã nhận ra hắn rất giỏi sủa,,
"Mình góp ý nhé. Ý kiến của mình là như này, mình nói ra nếu có mất lòng anh em thì mình cũng chịu, tại vì mình cũng chỉ muốn đóng góp một chút ý kiến cho anh em biết là mình cũng là một người có ý kiến, mình là con người không thích nói dài dòng, chỉ đ",,
Thầy đỉnh vc,,
Phương Minn me-too,,
"A Tuân là chồng tui nha, cấm ai giựt",,
Trần Dần cũng như bao người Việt ở hải ngoại khác thôi. Sớm muộn gì cũng phải nhận ra đâu mới là quê hương.chã qua là trước hay sau mà thôi,,
Tuổi trẻ bây giờ chịu thua,,
Như 💩,,
Trần Quốc Việt haha tập dần cho quen,,
"Đức Tân bạn ơiiiiiiii. B gì đó ơi. Sao bạn cứ lôi Tùng vào chuyện của Jack thế ạ. Ủa, 2 người có lỗi gì vs nhau à",,
Đan Vy Đăng Đặng Thái Tuyết Hồng ai thấu bằng cô Hồng :)),,
Ido nhìn hơi bị ngáo 😅,,
Buồn cho anhh tuiii,,
Hay vai lon anh à,,
HAY lắm abe oi =))),,
X,,
Mình hieu nhìn nét giống Ốc T Van quá,,
Thành Cương nghĩ ló chán đmmmm,,
Maria OzaBe thời còn chơi bê đê,,
Đôn chề đẳng cấp :))),,
Cave mãi là Cave thôi,,
2 anh nầy nói chuyện như 2 anh ngáo đá,,
Bùi Đức Hậu nói đúng còn nói to vl )),,
Trông thì mặt hơi vô lí nhưng khá đẹp trai anh ơiiii,,
Linh Phan,,
"Đây nó đây, đeo khẩu trang còn bị nhiễm các bạn à",,
"ăn mãi rồi nó cũng nhờn. Như kiểu nhờn thuốc cảm, sâu bệnh nhờn thuốc trừ sau vì năm nào cũng thuốc đó ấy. Rồi người Việt mình đều thành siêu nhân cả :v",,
"Noãn Noãn ừ . Đâu có sao đâu . Mình cũng nêu ý kiến thui , 😁😁😁😁. K có gì hết á . Lần này k hợp , lần sau nhớ ủng hộ nha bạn 😘😘😘",,
Thanks a2 Tan Ve,,
Đứng nhất người Việt Nam là một người Việt Nam là một.. Đúng !,,
Nguyễn Trọng Hiệp Đm óc cức à bạn trẻ...,,
. trung dần,,
Chị ba là cành vàng lá ngọc,,
Nhìn cô nói chuyện thiệt tình mà dễ thương sao đâu,,
16+1=16×2?,,
Bác Dần về sớm làm lại bộ răng cho đẹp trai nha bác.,,
Đẹp ma vui thế,,
Sena lúc này,,
Thg tùng m coi chừng,,
Như mấy ng ae bên trên.. :)),,
Có thể là một diễn biến khác,,
thay mặt anh em Cao Lãnh chia buồn cùng anh,,
"Bác Dần ơi , cháu thấy Bác hướng về đất nước  rồi đó ! Chúc Bác nhiều  sức khỏe...",,
Giàu hồm ớ,,
Chi 3 bom nguyên tử,,
Ngoc Pham đệch,,
Chúc mưng ..!!!,,
Hí! anh em,,
Ôi hoàng tử hãy tha thứ cho thầy của em bị dính lời nguyền,,
BD,,
"Nhung cau tra loi cua Tran Dan de ket thuc cuoc phong van rat co y nghia . Chuc ong suc khoe. 🙏🌺Đất Nước Bhutan Miễn Nhiễm Trước Đại Dịch🙏🌺
🙏🌺Chúng Ta Nên Học Hỏi Họ🙏🌺",,
Mai Anh c ở lạc long quân - cầu giấy hoặc triều khúc em nha,,
Nguyễn Kỳ Phước tụi nước ngoài bắt nhịp chậm vại lòn 😤,,
"Là con gái nhất định phải nỗ lực, nếu muốn giàu mà k muốn nỗ lực thì vào đây tham khảo làm đẹp :))",,
"e chắc chắn nghề CA cũng cao quý , chỉ có ....:(",,
Link em gái ngon ngọt nước nè bao phê luôn,,
haha😛😛😛,,
Đẹp chỗ nào thế,,
làm lít rượu chưa đủ thì đôi lít 😜😜,,
Tháii Hèn cho e xin video vs a :v,,
toang thế đéo nào đc a,,
Cái này lâu lắm rồi.,,
"Nghe bảo thịt sam ngon lắm, còn thịt so thì ít nghe ai kể lại",,
"có ai để ý chữ ở biển xanh xoay tròn kia ghi "" Tương lai chung ngồi nhà "" :))",,
Chửi để câu like,,
Kỳ wa vậy ta,,
Thân Hoài Thương lại thêm 1 đứa tai trâu :)),,
🥰🥰♥️,,
Thich chi nhi,,
Uyen Le loại có trứng ah tầm hàng trẹo thui,,
"Chị là người nước nào,cha mẹ của chị là dân tộc nào",,
Dù là trên shoppe nhưng mà nhận dc vẫn là vô giá,,
"12:55 ""sau khi phỏng dấn, tui sẽ quính cho bài dõ, cho cho cho.........  Cho cho cho........ Cho cho cho........""  =]]]]",,
"Ngày xưa cũng có cái hội kích động nhân dân, phật giáo đi cướp chính quyền đó thôi :))",,
"Tui nghĩ bài này chỉ dọn đường trước hoi à. Nghe lần đầu lạ lạ, nghe mấy lần sau hơi bị nghiện á. MV đợt này chủ yếu quảng cáo thì phải. Còn chờ Đom Đóm ra MV nữa cơ. Mọi người ủng hộ Jack nha😄.",,
Nhân viên bưg nước mà xạo xạo,,
"- lần này ông già mang đi tận 5 vali tiền cô chú ạ, kh cần phải lo đâu.",,
Ảnh gốc của aba đây nha,,
Đôi khi quảng cáo với cái đầu ngắn nên bị tổ trác. Thay vì hòa đồng thì cứ thích tỏ vẻ bố thiên hạ. Chán ông vin fet,,
Thề chứ team mấy ông Thái chưa vào phase 6 mà lỡ knock nhau là bỏ qua :)) còn VN thì kệ mẹ knock là gạt đ quan tâm phase mấy CHÁN,,
Còn chứ: bg thua somali,,
xịn xò như này k thầy 🤔,,
Rồi xong. Mong Việt Nam không bị dính thêm một chưởng COVID-19 nữa đi.,,
K chơi mấy trò này chó lấy j nuôi bụng bầu?,,
"Con này nói chuyện thì biết 0 có học ,bit đường sống của nó là đúng, đó cũng là thay trời hành đạo",,
Tức =)),,
Chốt đơn chốt đơn nghe mắc cười nên ghép thôi,,
BaroiBeo X tieu tieu,,
giang hồ bần,,
Đụng tới cô Minh Hiếu là hỏng được à ngheee ...♥️😗con mến cô vì cô rất chiều fan ... thương cô lắm♥️,,
0917043577 vinaphone nha cô ba,,
Chao chi  danh linh  di chi em ung ho chi,,
chi ba vang ngoc vang that dep,,
Hình như có râu,,
Hoàng Anh :)))),,
Anh em thất lạc nè Thầy Ba :)),,
e chúc panda của abe iu dấu 20/10 vui vẻ nhé và đừng quên xoá kênh,,
Nhị Thắng của chúng nó tất 😆,,
"Trên viết thứ trưởng , dưới viết bộ trưởng",,
Mấy anh chị nói đúng rồi nha,,
"Từ ngày Chung lên thay Nhanh , xong Chung cho Nhanh xập nguồn, thương anh quá, ngu đoé gì mà ngu thế đào tạo đệ tử cũng cần cái ,chí ít ra cũng phải chết thì cũng xin thế cho sư phụ chứ lỵ. Cứ hoang mang mãi, đến vụ Đồng Tâm anh Chung đường hoàng thế hoá ra chỉ là anh cahs. Tin anh ấy nhá bà con hết cửa , thật đấy",,
Thu Thảo mà phải công nhận là từ tháng 2 địch đã nổ ra ở Mĩ với Châu Âu và HQ rồi mà cô này còn dám đi du lịch qua bên đó 😭 gan thiệt sự á,,
Linh Phương ư ư,,
dịch vọng hậu đây,,
MC bơ đơ à,,
Xạo lồn hông có gì vui nên chúng ta hông nên xạo lồn,,
Awww con chú cute hơn gái roiiii,,
Truyền thống của dân ta là đoàn kết mà đoàn kết là sức mạnh đẩy lùi mọi kẻ thù huống chi là dịch Việt Nam cố lên chúng ta sẽ làm đc,,
"Video này ông Dần nói rất đúng, cả vấn đề biển đông và tinh thần dân tộc. ông về VN fan hơi bị nhiều đấy",,
Vãi ai ăn mặn thế ba phải bả đại gia thì còn suy nghĩ lại hoặc quá xinh. Chứ như hiện tại thì ....,,
Like Page Giúp Mình ạ👍,,
2tr 1 trận a nhõ 🤣,,
Mai Nam Hải khổ thân anh tui,,
Cứ tưởng tòa án chứ,,
Duy Nhữ m bắt trend nhanh á,,
Tháng 7-8 trăm trịu,,
"Ad co hoc trong truong lop ra ko, sao ma vhui hay thế..👏👏👏👏",,
dmcs nước còn nợ nhiều.,,
đẹp zai của abe là đây,,
Like kênh fake mà còn lóc chóc =)),,
"Yêu làm gì , cứ sáng sáng chơi game hay đi làm , tối về xem anh stream roiii ngủ , nhàn nhã :33 .",,
con cat bu chan,,
"Tôi sắp trễ, chuẩn bị đi làm mà không thể bỏ qua video này được.",,
Nghe có vẽ nông thôn nhưng rất thành thị 🤣,,
Mong sao vn binh yen,,
Chuyện có xíu cũng cắn nhau dc,,
Chắc mặc vội đi ì ven nên k kịp kéo khoá,,
1p vui tay của con mẹ mà con con nghỉ chơi tết =)))),,
Có lon đâu mà chùi .kkkk,,
vãi...,,
bớt sống ảo giùm,,
Hiệu cao bằng nó phải như thế 🤣,,
Đoàn kết đoàn kết đại đoàn kết!!!🤝,,
Mạnh dạn xin địa chỉ ':)),,
Nguyễn Hồng Nhi ai thì m cũng biết :)),,
Ad cứ mà cẩn thẩn bọn dlv. Cứ ghi vầy : Đụ Má CSVN,,
Đến nc này thì đel bb rì hết😊,,
2019 mùa các giáo án sịn xò 😆,,
nặng mùi,,
Quyên Phạm mịe :))),,
Minh Hoàn sắp đến 165 cầu giấy r đấy b,,
Trung TN b phân biệt đc k v,,
Boac là cha là mẹ chúng nó !!!! . Khổ cái boac là người KHỰA nên mới đau . TỨC LÀ BÂY CON HOANG CỦA KHỰA PHẢI GỌI KHỰA BẰNG ÔNG NỘI NGOẠI,,
Welcome to Vietnam,,
Nên kết nạp lảo ta vào Đcs vn để làm chủ tịch nước hay thủ tướng để lèo lái vn trở nên hùng mạnh như nam Hàn để không còn ai trốn qua đó làm công hay ở đợ nữa !,,
Cu Tủn hình như miễn phí cả ăn ở,,
Người cõi trên chuẩn bị trốn về việt nam cũng còn nói cõi trên hoài mệt quá,,
Tui cười tui ỉa với cô luôn ấy 😂😂,,
cdm,,
thí sinh Thanh Độ đã hoàn thành suất sắc gói 80 điểm,,
Ơ ơ anh ơi gỡ danh hiệu fan cứng của em đi,,
Chui du da chi khau nghiep nhe cho rui ke le rui chui ha,,
"CS hô hào, thậm chí còn khủng khiếp hơn để tiến lên thiên đường, giờ tiến mãi mà chưa lên đến. Rất ủng hộ tinh thần của quý vị, quý vị đã đạt được 60% sự thành công, 40 % cần phải thể hiện. Đôi khi hô to chưa chắc đã khỏe.",,
Đi đường quyền,,
K ai chọc nó rùi nó đi chọc chị  để chị chửi cho nghe hay sao a chị Hiếu,,
"Ở nước ngoài là được tuyển vào làm cho google, facebook,...thậm chí là NASA rồi :))",,
Đừng có mừng nhé cưng...chết mẹ mày roi tao co tứ đôi thông,,
Đức Mạnhko dẻo đâu,,
🙂 cute vồn,,
Nhật Lam anh ở huyện nào đấy,,
Rô nói vậy chắc người việt không có ý thức bằng bọn nhật,,
Tiện tay mua dầu gió về bán luôn thầy . Ship em một chai trước ạ .,,
Đồ Uyển Đình Ngọc chị có chồng ch :v,,
Tân AK xin video ông ơi,,
Nước có màu cũng la không màu cũng la. Nhờ ơn cộng sản mới đc vầy,,
"đéo biết đúng hay không nhưng dân mình cđg gì cũng share ầm ầm được, Thông tin chính thống thì đ chịu đọc, cứ đi đọc đâu đâu rồi loan ầm hết cả lên.",,
She’s  a transgender she looks like a real woman. She’s very feminine,,
Cute thực sự 😍,,
linh cá chốt e ơi cá lóc co giá hơn,,
nó đeo nắm đấm sắt thì chết mẹ,,
Anh trung liếc mắt,,
Em thích trẻ con nhưng chỉ đối với mấy bé cute thôi còn mấy đứa mà hay dỗi hay khóc thì ...🤦,,
"Đụ má chị ba xạo lồn, giàu quá sao không trả nợ cho chị minh hiếu đi, nhà cô ba chắc ở gần kho bom.ai ở gần coi chừng bị nổ banh xac👎",,
suc vat nao like 70 thế đm nó. để 69 like cho bố m nhờ,,
Cô dễ thương ghê,,
Nghe nói em thích người đàn ông cuốn hút,,
Cởi áo là múa bụng nữa cũng hợp,,
Game cu lon nay=))),,
Robo Con k hề khai báo nha b . Về tận nhà tiếp xúc với nhiều người . Biểu hiện ho sốt nhẹ k khám đến 3 ngày sau nặng mới vô nhập viện . Giờ PT đang bị cách li 1 vài khu vực . Bà này quan hệ rộng nên tiếp xúc với nhiều ng lắm,,
Đúng là Nhật cái gì cũng xịn ý thức rách cũng cho xịn hơn VN :)),,
Sống nhanh lên ae à,,
Bố thằng chó😡😡,,
Tận thu !,,
Long Ka,,
mò đâu ra zạy baaaa,,
Do Dat ơ kìa idol đi đâu đấy =))),,
Phạm Trang nếu đã chưa từng có gì với nhau sao phải hủy theo dõi :),,
🤣🤣🤣,,
quả này nhung ăn no.hahaa,,
Nghe rất hợp lý và rất thuyết phục,,
Nguyễn Công,,
Thao Nguyenn Thu Yến NguyenThu Nga tết này lại có táo cậu ưi,,
Thầy đang nghĩ về cô em xinh tươi này ...,,
Kon mẹ nhà nước lũ hút máu dân,,
Loai may khoe cua ! Chu lam đc gi ?,,
Dù trong phim hay ngoài đời anh vẫn đẹp trai vcl,,
Đến giờ nộp tiền rồi bô🤣,,
"ko biết, xl đi",,
Ông đó ở Nhật hay Việt Nam v 😶😶😶,,
#ERROR!,,
Chửi rủa người ta như vậy ngậm máu phun người dơ miệng mình,,
Nguyên Mai Húong ũa zị hả b . Sao mình tìm bên Zara đợt này ko thấy . Cám ơn b nhiều nha,,
Đm ad. Nếu ko phải hoài linh. Mà là người khác xây nhà này. Chính quyền bỏ qua rồi đến khi báo chí nói thì mày lại chẳng bù lu bù loa là bụng phệ ăn tiền chứ gì. Đm,,
Giáo án cc gì đây,,
Bắc Hàn là nghèo bền thật sự,,
"Uầy, nghe thuyết phục thật sự nhưng nó không hợp lí.",,
Mãi yêu abe <3,,
Bên mình có bán quan tài nhé ai có ý định tự tử thì ib để dc phục vụ tận tình hợp lí nhé :)),,
Nói được phải làm được,,
"Sướng nhá, sinh nhật ăn cua nhá !! :)))",,
"Tôi không xem đâu mọi người ơi. Chỉ bình luận thôi có được không. Nói thật ông trần dần này (tôi cố tình không viết hoa để thể hiện sự tôn trọng với ông ấy) . Một con người đáng khinh. Ảo tưởng không tự nhận ra mình là ai một thầy mo đúng nghĩa, chỉ có thể lừa bịp được những người dân tộc mà thôi. Nói đến ông ta ai mà không tức cười 😂😂😂😂😂😄😁😁😃😂😂😃",,
Boc lot tren xuong Mau cua Nguoi Dan ngheo thoi ! Tui Tham nhung thi co tang Bao nhieu Thi no van song . Thiet la bat Cong,,
Phuong Anh k thích coi thì đi ra ngoài đi má,,
ok anh ei,,
Cô kim chân thật dễ thương ghê,,
Sếp mình k những k cắt mà còn trả Bonus đều đều đây này 😅,,
Giàu thế vàng đeo cả thỏi vàng to nhủ cổ tay buổi sáng,,
Nhìn rõ mồm ông nói i’m boy one champ lee =))),,
"Trần Tuấn Hiệp thì anh trai m, mẹ m gia đình m :)",,
Người ta đã xin lỗi cộng đồng mạng rồi đừng đăng lên nữa câu lại hoài ☠️,,
Thầy hãy acp fb em :((,,
Anh anh cái củ cc đấm vào mỏm cmm giờ,,
Thiếu 4 danh hài này mất vui ời :(((,,
sống nhanh nào mn,,
Mình ở Cai Lậyy nè mn ơi 🙆❤,,
duyên quá cô ơiiiii. yêu quý cô💓,,
Tụi m thấy garena.vn ko,,
Quang Chivas nóng thế kk,,
Thìn Thần,,
May  quá.  Mấy  ngày  này  dang lo cho 2 idol  là  Trần  Dần  và  Ngô  Kỷ.,,
Quên kéo khoá thôi để luôn cho mode 🤣,,
Ninh thảo Quyên Chym Kuvo may hqa k đi về đg này,,
Chào mừng các cháu đã đến với stream của ông độ :3,,
dễ thương thiệt tình yêu  cô,,
Sống chậm lại mấy bạn ơi :))),,
Cực kỳ chú mèo,,
Khoe ra làm gì vậy.,,
tên gif là gì thế anh,,
Vắng mợ thì FB vẫn đông nhé! Thành kính tiễn biệt mợ!,,
Ngọn cỏ ven đường với được mây rồi :)) còn anh tôi với được luôn crush kìa =)))),,
Cách tính của người Tày,,
CSPCCC mới là đc nhuần nhuyễn chứ CSGT chuyên môn mẹ gì mà đòi kĩ lăng dập lửa. Tự chửi mình đi.,,
Lynh LynhMinh MinhPhạm Hương hợp quá luôn,,
Buồn lắm anh ạ,,
Minh luc co cai cam nhin vo la biet sua.  Nhung xau qua  nhon. Nhin la biet cam gia. Xau. Qua.,,
May ba nay la Thanh chui chui hay lam va tao nghiep cung hay,,
@Thinh Pham kệ t,,
Đúng là tay nhanh hơn não.,,
Con đường xa lắm người ơi..,,
Quá dữ,,
Đảng Cộng sản Việt Nam quang vinh muôn năm!,,
Nguyễn Quốc Vinh t vả m phát bây giờ,,
"Tao góp ý nhé , tính tao không thích vòng vo, người tao thẳng lắm, có chi nói đó, tao nói rất kiệm lời,chủ yếu là tập trung zô vấn đề, nói ít mong ae hiểu nhiều, vì thế nên nó đã hình thành nên tính cách của tao, là một người không thích nói chuyện vòn",,
T nghe kể rồi đây là chuyện ma mà mỗi lần t đi qua trường mần non lại nghe tụi nhỏ hát bài bắc kim thang uii sợ vãi lz,,
Cực kì thuyết phục:))),,
T tự hỏi B52 nghĩa gì ? Phải là B89 chứ ?,,
Tuổi trẻ chưa trải sự đời...😂...phong cách quần què j v...😛,,
Cực kỳ thuyết phục ! 😆,,
"Thằng bê nầy nổ quá, cái miệng nầy tạo nghiệp, bê ng ta coi đc bê nầy khó coi quá",,
Hàu OB đồng hành cùng chương trình !,,
Ông Nguyễn Công Khanh đang tự hạ thấp thể chế chính trị csVN,,
Cho xin bài nhạc,,
"Mày đi xe lăn cũng đóng thuế điện nước, đừng nói là đi xe máy nhé thằng trên của bạn ở trên :)",,
Lại cực phẩm của abe,,
"Trước kia: Cái vụ nón bảo hiểm cũg bọn điên chúng bây đợi ra luật rồi đổ xô đi mua, làm cho khan hiếm hàng. Tíh mạg của mìh ko lo đợi khi ép buộc rồi đổ xô đi mua, tự mìh làm khổ mình. Đúg là ngu vải. Mai là lúc đó thằng ad chưa mọc răng thôi lúc nón bảo hiểm ấy nó sẻ sủa cho xem",,
thì nhạc nó làm ko hay chứ phần jack hát t thấy hay r,,
Tk trọng tài m ráng núp kính đi nhe 🤣 t bắn á,,
Liễu Bích :)))))),,
nhìn như kiểu cầm cái khẩu trang bất ngờ lắm ấy,,
Tập đoàn mang tiếng là tư nhân nhưng nó là sân sau của bọn chóp bu cs.,,
Quang Quang Tường mấy lol đó mà. Lạc hậu vãi lol,,
Ai soạn câu hỏi mà hóc búa sao cô mần lại :),,
Mất mẹ fan cứng mặc dù vẫn tương tác đen vl,,
Giống với hình trên áo abe ghê vậy á🙂,,
cô minh hiếu nói chuyện mắc cười quá hà haha,,
Nể anh Lân khả năng nhịn cười đỉnh cao :)),,
Mixi mixi mixigaming - đitconme vô lý,,
Vãi cả may có khánh,,
"Thằng giòi bọ thận nguyễn.
Mày xạo để lừa đảo mọi người
Mày nên vào cầu tiêu công cộng chỗ mày đang làm tạp vụ , mày ăn hết cứt ở trong hầm cầu đi
Đúng là cái loại giòi bọ sống chật đất",,
Nguyễn Thịnh xin ảnh pro,,
Mày ăn một mình mày bị tử,,
"mọi người nên chia sẽ thông tin tất cả về bọn tuyên giáo cho nhau, có lúc cần thiết lấy ra dùng",,
Đây cũng vậy :)),,
Đú trend,,
Ok trung bảnh,,
Troi. Oi.  Chuoi. J. Ghe. Z,,
Mai Hương bắt gặp một cô gái fan anh độ,,
"vào ĐN nghe dân ở đấy kể là bác Thanh bị đầu độc ~.~ , chả biết đúng hay sai nên các bác đừng gạch đá",,
Chán thề non hẹn biển haizz,,
Nguyễn Phương Nam chó,,
Ngứa dái chưa kkkkk,,
giàu qá thì tụi nó thịt để cướp,,
Chị ba vàng mã,,
Thế này việt tân đỡ làm sao nổi hả :))))),,
Mang tiếng nhạc,,
hi hi. chi lieu de thuong. con ban trai quay clip rat de thuong,,
Thinh Hoang may là izakaya ở nhật chứ ở houston chết mẹ t:)),,
Bình định cũng vâth,,
Mình nói thật là bài này như lồn,,
Cũng 2 giọt nước nhưng bên phải là nước mắm :((,,
Thầy lúc nào chả khổ 😂😂,,
Vãi lol This Is Sparta =))))))),,
Nguyễn Thành Nhân nói dân chí thấp thì cũng không phải. Đ hiểu kiểu gì =)))),,
Nếu không chiếm MN thì CS bake sẽ chết đói ở ngoài vĩ tuyến 17 như là Bắc Hàn hiện tại bây giờ. Nên khi chiếm được MN rồi thì CS sẽ thu tiền thuế nhiều như là chiến phí giải phòng MN!,,
Đức Mạnh ăn hết tiền mới ăn mì đấy,,
Em muốn tâm sự du chi một lần chị nhé,,
Huyền Khánh Phùng giống vãi,,
cười quá :)))),,
Chúc thầy 20/11 vui vẻ hp thành công trong sự nghiệp và tạo ra nhiều giáo án bổ ích,,
Má ơi cô dể thương xỉu,,
Chi ba dễ thương phuc hau,,
Phuong Thuy Hay quá bạn ơi,,
Vẫn phải ăn xúc xích anh ạ :(,,
quen quen :)),,
Phải từ từ chứ,,
Ông tuân ỗng vô duyên ghê... Đất của ngta mà đi xin..anh tuân ơi anh hết duyên dáng rồi.. 🤭🤭😊,,
Nguyễn Chí Lợi iq vô cực mới nghĩ ra con mắt 😂,,
Năm nay em chưa đóng học phí ..,,
🔥 Trần Dần nói gì khi bị giới trẻ tại Việt Nam làm Clip giễu cợt?,,
Nơi tìm đến mỗi khi bất lực,,
Hoàng Thiện :)) đc đưa gia đình đi du lịch như bác e cx vui vl ra :)),,
Thời trang mà dell ra gì.,,
Tài năng của anh độ phải làm nghề chụp ảnh cưới mới đúng..ghép chuẩn vl,,
Êh... thằng đó nó dịu dàng vậy nó phẫu thuật xong tui bede cái chuyển tiếp thành moi đợt nữa hay gì,,
ae thấy hay đừng quên đăng ký kênh,,
Nhảm,,
Cán bộ việt nam hiện tại,,
Sao lại lấy ảnh của mình nhỉ 🤨,,
Vi Anh Tran t sắp đẻ đứa nữa đến nơi r,,
Chuẩn đấy,,
Chị pa nhận kiếm cu để bú,,
"Có những thằng Bắc Cụ đang dùng cái óc toàn Bắc của nó mà suy cho dân Nam chúng tao. Xin lỗi chứ,từ thời các Chúa thì Nam Bắc đã khác nhau hoàn toàn, đừng đem cái xuất thân ra nhé. Chúng tao là dân SG,và chúng tao là dân tộc thiểu số! Hahaha.",,
Đường đường là một đệ nhất cuốc sư Hoa kỳ và Việt nam CH mặc dù tôi đa dự trữ 100 pao gạo nhưng hàng ngày tôi vẫn ăn mỳ gói .- không phải vì tôi tiết kiệm đâu nhé vì tấc nhiêng tôi là một triệu phú ( trước đây tôi tấc nhiêng là bán rớt hay gọi là dớt cũng đc ) Tấc nhiêng tôi ăn mỳ gói để cho nó nhanh thôi và tấc nhiêng là bộ nhai của tôi tấc nhiêng hơi kém thôi...,,
anh vừa phét hay vll,,
"Chị em mua chai nc hoa 300k nói là giữ mùi hết 1 ngày,nhưng mà chưa đầy 20 phút bị hết mùi",,
Ib bạn êi,,
Nguyễn Hoàng Sâm nôn link ra,,
ATM🏧🏧,,
Vô chào là thấy giải trí rồi :)),,
Nhiên An chủ động đi khám nhưng ko mất phí,,
sale hay sela :)),,
Bô ngầu vl😂😂,,
Chi yêu đẹp nhìn ma mê hà,,
Nguyễn Trọng Thái thế m đi tìm cái khối người tốt của m đi,,
có tiền thì làm phước tích đức.. còn này lam phước giải nghiệp không hết  .khoe  cko ngt pk  chửi ngt làm vậy chi vậy nghiệp quá nghiệp,,
"Long Thành làm tới thôi, điều kiện cần và đủ đều có cả rồi",,
Nghe ô này nói quá lãng phí thời gian. Ông tự xưng là nhà tiên tri!?,,
Nguyễn Phú Lâm liên quan sao???,,
Nghe giọng mà n*ng hết sức :))))),,
# người😏😏😏😏😏,,
Trang Bún trưởng thành thực sự,,
Mới hả mọi người,,
Huynh An Duyen niềm vui tới hơi chậm á,,
K muốn like luôn mọi ngườiaj =))),,
"Nói chung khựa đã thất bại với HK nhưng nhất quyết khog buông tha , và dân HK phãi lấy máu và nước mắt đễ đỗi lấy tự do và nhân quyền",,
Quá hay đến từ refund . Bắn thế này ai chơi @@,,
minh nhật ngã cây à a,,
Nhạc bản quyền thấy mẹ 🙂,,
Con ni bị bệnh nặng rồi,,
"cơ mà cũng phải nể mấy ông cầm cờ thật, dù rất dở hơi nhưng cũng phải nể vì đã tạo nên hình ảnh gây mâu thuẫn tới cấp độ quốc gia (khủng bố chống khủng bố, rốt cục đéo biết đâu là khủng bố thực sự)",,
Nguyễn Minh Hiếu thầy t :))),,
Có sao dùng thế🤣🤣,,
fan one piece :v,,
Tập này đáng xem nhất,,
Dlv dlv dlv 1 ổ kinh tởm thối tha hèn hạ dm nó khoá cmt k thì zô chửi cm nó r,,
"Ngày đó, ngày đó sẽ không còn xa xôi.... 🎤🎤🎤🎵🎵🎵🎶🎶🎶🎼🎼🎼🎼🎹🎹🎹🎹🎹🎸🎸🎸🎸🎸",,
Gia Bảo bắt chước nhạt vl,,
chịu dồi,,
Đỗ Đại Dương =)),,
Tôi đã đọc và đồng ý điều khoản nêu trên,,
Khó chịuuu gke:((,,
Anh chính thức thành kẻ thù không đội trời chung của đám dâm lợn viên. Hihi,,
Loại nghiện game + săm trổ k có tương lai đâu nha,,
Liên oanh sao rồi.  Bị chửi trốn mất à,,
Ngày của bố mà nó lại cho quả status đắng thật :),,
Và nhìn mãi không thấy nốt ruồi huyền thoại ở đâu😁,,
Chi ba la nhat,,
Cô linda của chúng em đâu 😞,,
tùng đáng iu thẹc sự,,
giọng bắc em xin dự đoán là Thiên Trâm ạ,,
Bạn nào bt fb của mấy bạn ad ko nhỉ cho mk xin cái đjt con me cay vãi cả lol là t thề cmt đúng một câu a vs cu tùng giống hệt nhau xong r nó trả lời t đúng một câu ? Thế là nó ban t thề cay vãi lol t mà bt fb của m thì đjt con me m xác định lập acc mới con chó lol con me nó cay vãi lon t vẫn đéo hiểu tại s nó ban t lam dụng chức quyền à hay khinh ng v ??,,
Mắc gì tui phải trả lời câu hỏi của anh ?,,
:v,,
Luật người ta đi trước rào đầu người dân,,
100k like Sói xoá kênh của ông già nhé các bạn =))),,
Thằng ad này đầu đéo có não . Bác thăng có phải siêu nhân đéo đâu . Mình bác thăng thì làm được đéo gì . Chỉ mình thằng ad anh hùng bàn phím là giỏi thôi dcmm,,
Bác Dần đã giác ngộ cách mạng rồi mọi người ơi.,,
Quá gắt anh ơiiiii,,
"Chúng mày là con hoang, còn bọn tao là con nhà nước, mày hiểu chứ",,
Trung vội vàng,,
"May Cha  H O an Tro. Cap.  Ranh c. Di ngoi le.  Nhieu chuyen.  Do   Cai Thu , do tam than",,
Thùy Linh ủa từ Cùi Bắp của m mà,,
Tôn Nữ Khiêm Cung bạn thật sáng suốt. Đó là nghề của nó. Nói vậy chứ khi nó cmt nó cũng nhục lắm. Bán lương tâm vài đồng cũng khổ,,
Nc đàng hoàng đi bạn,,
Phương Dung Nguyễn chơi gì hù,,
Vãi thị lồn,,
Ba nay rah wa luc nao thay chui ng ta hoai khug,,
Mua quần luôn đi,,
Vinh Võ cười đái,,
Minh Hoàng lần này bọn Thái vẽ bo vc ra. lúc nào cũng tâm bo. 😞,,
Lúc đó tôi tưởng thế là ngầu :)),,
Người từ Hà Nội về có khác,,
đẹp trai nên tha thứ cho mọi lỗi lầm khóc lóc :)),,
Anh và chàng phù thủy còn hạnh phúc không :<,,
Mình Chưa bao giờ nghe đc nổi nhạc của bạn jack 😌😌,,
Ngô Tấn Hưng ire 4/1 kêu chơi với lính?,,
Ngu thì làm mất kệ cmn,,
Phạm Khắc Thành chuyên gia tư vấn tâm lý ( huy hiệu fan cứng e đẹp ko a),,
"Một đám dlv tư chịch vs nhau, tởm vkl",,
Sang Lào hoặc Campuchia đi Bọ ơi,,
"Nhu cầu uống nc giải khát của ng tiêu dùng thì nó vẫn từng đó, cho dù THP có kinh doanh hay ko kinh doanh, có đóng thuế hay ko đóng thuế. Nếu THP ko kinh doanh, thì thị phần của nó cũng sẽ bị thằng khác tranh giành và đóng thuế. Và cho dù đóng thuế ngà",,
ánh mắt của thầy :)))),,
Nghĩa Le sân si hả má ?? Ko thích coi thì cút xéo đi,,
Tới đây xóm tôi sẽ k được cổ vũ trong thời gian dài rồi,,
Thích chị có nói có ai sai thì cứ chửi,,
Nhà vô địch,,
Nay toàn lấy cơ chơi lễ trung thu để đi địt nhau thôi anh ạ :))),,
Thật sự là đã hi sinh quá nhiều,,
chật chội vậy cơ mà,,
Chống dịch như chống giặc,,
Bao nhiêu ae ra đảo giờ chưa về hôm bữa theo 12-20 của Abe giơ tay Abe thuê thuyền cứu về nào 😂,,
Dcm ăn pải lốp lái thì giết con nhà ng ta ah chó đẻ,,
