Comment,Sentiment,Toxicity,ambiguity_flag
"tôi thấy người lái xe hơi bấm còi mới là người ""rất"" lịch sự ""quá"" văn minh.đường xá là của chung,người cùng sử dụng kiên nhẫn cùng nhau dùng. bấm còi nháy đèn đòi ưu tiên tôi phải được đi trước. thật quá là anh đại mà.",,,
Sevila đoạt cúp sau loạt đá luân lưu nha,,,
tấm hình này chắc bộ nhớ máy tính chứa được 1 tấm,,,
Em quá giỏi. Em nên tham gia THÀNH LẬP CLB tiếng Anh. Ở các Giáo xứ/ nhà chùa/ các trường anh ngữ có sự tham gia của các Hội Thiện Nguyện... hãy cho các em không có điều kiện học ngoại ngữ MỘT CƠ HỘI ƯỚC MƠ,,,
Phản ánh một thực tế khoảng cách giàu nghèo ngày càng lớn. Vẫn còn nhiều đứa trẻ không biết bánh trung thu là gì. Chạnh lòng.,,,
"Không thể nào xót xa hơn khi nghĩ tới việc bé bị bỏ rơi thế này. Căm phẫn loại người đi làm chuyện này. Mong bé khỏe mạnh. Các bạn làm công tác bảo vệ sự sống thai nhi thật tuyệt vời, mong các bạn sức khỏe.",,,
"Công an thực hiện nhiệm vụ vô cùng tuyệt vời cho dân, cho nước. Nhiệm vụ vô cùng nguy hiểm với côn đồ có súng nhưng đã bắt được bọn buôn ma túy lớn. Cảm ởn các anh rất nhiều !!!!!",,,
Đọc tin mà thấy căm hờnMặt người dạ thú chẳng còn lương triSói lang chẳng chút từ biXuống tay tàn bạo khác chi hung thầnVừa tồi vừa ác vừa bầnKịch khung mà xử chẳng cần phải nươngĐau lòng xin thắp nén hươngTiễn người về chốn thiên đường xa xăm.,,,
Biden - Harris sẽ thắng.,,,
"CẢM ƠN TẤT CẢ CÁC BẠN , CHÚNG TÔI VÔ CÙNG BIẾT ƠN VÀ YÊU MẾN CÁC BẠN :VN:",,,
Cũng đẹp,,,
tuổi thơ mình gắn liền với hai tác phẩm. dế mèn phiêu lưu ký và bẩy viên ngọc rồng. ngoài ra vẫn còn một số tác phẩm khác. cái tết của mèo con. giờ già quá rùi,,,
Chúc mừng và cảm ơn các bạn. Hy vọng Netflix sẽ mua bản quyền phát hành online toàn thế giới phim RÒM để tụi mình có thể thưởng thức.,,,
"Học đại học còn có mấy bạn vô ý thức, quan trọng con người thôi",,,
Vậy thì luật này vẫn chưa có sức dăn đeĐã là luật thì sao không thực hiện đúng.Dù đó là ai? Và có thế nào thì cũng phải chịu chứ. Nếu giam nó 6 tháng rồi tháng thứ ba lại vờ vĩnh bị ốm yếu thế là xong à .,,,
"Trong cuộc sống của con người, tôi cũng rất ghét những đứa con to xác nhưng luôn lười biếng và ăn bám trên thân xác những cha mẹ gầy guộc.",,,
"Cuộc sống còn nhiều khó khăn thiết nghĩ bà con không nên sinh đẻ nhiều quá, vừa không lo đủ miếng ăn, vừa không đảm bảo việc học hành cho con cái, khổ từ đời cha đến đời con thôi.",,,
Không mợ thì chợ vẫn đông,,,
Phải sửa chữa thôi bởi vì những vật trưng bầy mỹ thuật trong tòa nhà ko còn mỹ thuật nữa thì sẽ ko phải là viện bảo tàng mỹ thuật.,,,
Đọc báo thấy Binden hơn Trump tất cả các mặt. Từ tấm lòng nhân ái cho đến sự ủng hộ của tất cả,,,
Cách ly vĩnh viễn khỏi xã hội. Mong các cháu lớn và lên xóa sạch kỹ ức đau khổ này,,,
Wakanda Forever! Di sản của anh sẽ tiếp tục được tiếp nối siêu anh hùng của người da màu.,,,
Quan trọng là linh kiện thay thế sau khi hết hạn bảo hành.cái này thì bạn chọn fadil là ok nhất.,,,
một sự cố hy hữu,,,
"Chúc anh và cháu thật nhiều sức khỏe, hạnh phúc để đạt được thành quả trong cuộc sống và học tập của cháu.",,,
"quá coi thường pháp luật, hôm nay nhìn kỹ mới thấy trước giờ toàn uống bia giả, hệ thống phân phối của nó phải nói quá dữ",,,
Không hiểu sao thành phố bố trí khu tạm cư cho người dân chờ đền bù giải tỏa lại là những nơi này.,,,
Nếu dùng đinh đã không tồn tại đến ngày nay.,,,
"Dã man quá, mất hết nhân tính rồi. Xin chia buồn cùng gia đình nạn nhân.",,,
"""Dragon Soul"" gì chứ, gọi là ""Tucson Soul"" mới đúng. Đến chán với xe TQ, hết thời nhái xe sang rồi đến giờ lại nhái xe bình dân, hãng xe thì lắm tiền sao không đầu tư tiền bạc vẽ ra thiết kế đặc trưng của hãng mình như Vinfast, nhìn không lẫn vào đâu được. Tiết kiệm làm gì vài đồng mà đi cop thiết kế của hãng xe khác không vậy.",,,
"Bóng đá cũng chỉ một môn thể thao giải trí thôi mà thấy anh em còm men so sánh Cr7 M10 gắt quá. Cái đó các nhà báo, chuyên gia làm tốt hơn. Chúng ta hãy tận hưởng thôi.Tuy nhiên thì các chuyên gia thường so sánh Cr7 với M10, nhưng lại lấy Messi để so sánh với các huyền thoại thì chúng ta nên ngầm hiểu là Messi ở tầm nào rồi.",,,
"Kính chúc Tổng Thống Trump mau bình phục, đắc cử nhiệm kỳ 2 .",,,
"Mục đích của Bảo Hiểm là bảo vệ.Mỗi năm bạn trích 10-20% thu nhập ra để mua Bảo Hiểm Thì:Nếu mai mốt không may: Bạn ốm- bệnh tật thì gói bảo hiểm bạn mua có tích hợp sản phẩm bổ trợ như Bảo Lãnh- Thanh Toán Viện Phí, Trợ cấp y tế do phải nằm viện bị mất thu nhập...Thì Cty Bảo Hiểm sẽ thanh toán thay cho bạn, và trả cho bạn mỗi ngày nằm viện 1 số tiền nhất định do bạn bị mất thu nhập vì phải nằm viện...Và bạn vẫn giữ được và bạn vẫn giữ được số thu nhập 80-90% của năm đó.- Trường hợp rủi ra liên quan đến Sinh Mạng : Nếu ... thì từ số tiền nhỏ hàng năm 10-20% thu nhập mà bạn mua BH đó thì Cty Bh sẽ Thanh toán 1 khoản tương đối thay bạn báo hiếu cho cha- mẹ, những người thân ở lại vẫn có thể sống tiếp nhờ 1 khoản mà người ra đi để lại.Trường hợp bạn may mắn khỏe mạnh đến 99t; thì sau 15-20 năm bạn có 1 khoản tương đối từ khoản nhỏ bạn tích cóp cộng thêm lãi xuất.Còn về lấy tiền khó khi gặp rủi ro thì : Nếu bạn tuân thủ và hiểu điều khoản trong HĐ BH thì điều đó hoàn toàn không khó để lấy tiền.- Trừ khi bạn trục lợi BH thì bạn lấy tiền rất khó.",,,
"Đến chính gia đình còn không quản lý được việc dùng điện thoai của con em mình thì đừng ném cái trách nhiệm ấy cho giáo viên hay nhà trường, Chính đến người trưởng thành còn không kiểm soát được bản thân trong việc sử dụng điện thoại thì làm sao con trẻ có thể làm được việc đó. Tôi thấy không cho học sinh sử dụng điện thoại là đúng, nếu chúng cần tìm tài liệu sau mỗi giờ học thì có thư viện, có phòng vi tính, giờ trường nào mà chẳng có cái đó, còn trong giờ học thì các em ngồi nghe, tiếp thu, không hiểu có thể ngay tại chỗ hỏi thầy cô. Nếu hợp thức hóa việc sử dụng điện thoại, mỗi khi có sự việc liên quan đến chiếc điện thoại với các em nhỏ thì quả bóng trách nhiệm nghiễm nhiên lăn đến chân các thầy cô, nhà trường và chính quyền. ",,,
Đây chính xác là nơi cr7 nên đến thể hiện đẳng cấp.,,,
Roland Garros khởi tranhGặp thời tiết lạnh khó khăn quá chừngNadal thần tượng của mìnhBảo vệ ngôi báu thiệt tình khó đây!,,,
"Tôi không ủng hộ việc đình chỉ học hay đuổi học. Khi các em đang hư hoặc làm sai mà lại đuổi học hoặc đình chỉ thì đây là hành động gây phản tác dụng, vừa không có tính giáo huấn, lấy mất nền tảng giáo dục, đưa các em đi về hướng sai, lại tạo cảm giác tự ty, nước chảy bèo trôi, khi ấy các em sẽ mặc định là mình hư , mình sai, bị đuổi học rồi nên đằng nào cũng vậy. Tạo một tâm lý tiêu cực, bất cần, khiến các em khó quay đầu Gây ra hệ quả xấu cho bản thân học sinh đó và xã hội.Vậy thay vì đình chỉ học, đuổi học, nên cho các em đi lao động công ích, đi điều trị tâm lý, tham gia giúp đỡ tổ chức các hoạt động xã hội, hoạt động từ thiện....v..v tuỳ mức độ vi phạm để lựa chọn hình thức cho phù hợp.",,,
Nỗ lực tuyệt vọng chẳng thể níu kéo cuộc tình khi nàng đã quyết ra đi cùng người tình mới...,,,
300tr mua đc nhiều xe khác có tiện ích và đông cơ tốt hơn i10. Bản sedan 2018.2019 ngon mới đc 300tr,,,
Doanh số các loại đồ uống không cồn tăng thì kèm theo bệnh tật cũng tăng lên nhưng chẳng ai quan tâm đến nên vẫn dùng quá mức.,,,
Hãy giảm nữa và ôm cua vòng ra biển lại đi Noul,,,
"Ko nên. Dù để phục vụ học tập thì nên dùng trc và sau h học. Thu thập tài liệu bằng nguồn nào cũng đc nhưng cần làm trc khi vào học. Đã học là chỉ có truyền đạt kiến thức và thảo luận theo tài liệu đã chuẩn bị trc. Việc cho các e dùng đt vài phút tôi đoán là để google là ko hiệu quả. Đâu phải chỉ là tìm kiếm thông tin. Còn phải đọc, sàng lọc, xử lý. Thông tin trên mạng nhiễu loạn ra sao chắc mn hiểu.",,,
Các đập như thế này nên có lan can an toàn hai bên khi nước lũ lớn thì đỡ nguy hiểm hơn.,,,
Con Tu Hú ở Việt Nam !,,,
Lúa thu đông đang trỗ. Lại bị ảnh hưởng,,,
Tôi muốn nhà sx quay lại mẫu điện thoại như trong video. Nhìn nó mới đúng đẳng cấp của con nhà giàu.kkk,,,
"Kona 2.0 DB phải so sánh với Kia seltos pre 1.4 T chứ nhỉ, so sánh này khẩm khiễng quá",,,
Nghe các bạn online phán mất mệt..hông ai sát đánh bắt sát sinh lấy gì cho mấy bạn ăn vậy? Chỉ là tai nạn thôi nha mấy thánh online,,,
Thành quả của Trump đều bị Covid 19 hủy hết. Đây là hậu quả sai làm của Trump.,,,
"Nếu con bạn sử dụng điện thoại như bạn muốn thì quá tuyệt vời. Tiếc là đại đa số chúng sẽ chỉ ""học"" khi bạn bên cạch và 95% thời gian còn lại chúng chơi game, chat chít yêu đương, xem phim và mạng xã hội. ",,,
Tôi không thấy hay gì cả. Có lẽ gu âm nhạc của tôi không thích thể loại này. Nghe một hai lần dễ bị stress lắm.,,,
Trăm năm nước chảy đá mònCòn người sử dụng thì còn bán buônChuyên án ma tuý thấy buồnBắt vài trăm bánh chuyện luôn thấy hoàiTrách mình hay trách tại aiCái vòi bạch tuột dài dài bung raMong yên bình đến nước taCác anh chiến sĩ xông pha vững lòng !,,,
Ý trời đang không cho Trump đắc cử,,,
"Ở tuổi 74, thật sự là rất đáng lo ngại về sức khỏe cho ông, vì Covid- 19 tấn công mạnh vào người già chứ không phải tấn công TT...",,,
"Nhiều khi không trốn đi tắm ao hồ, nhưng có những nơi sông hồ nhiều, sảy chân cái té xuống sông.Hai chị em mình té mấy lần, có người vớt, có khi ôm chân cầu được thì tự bò lên.Sống 16 năm dưới miền Tây, giờ 30t, vẫn không bơi được.Năm 12-13t đi Vũng Tàu mình có đem phao, rồi chẳng nhớ vì sao phao 1 đường, mình thì bị sóng đẩy đi đâu, cũng may có người nhìn thấy túm tóc lên, ói xanh mặt. Mạng còn lớn và gặp may.Nhưng thực sự không tập bơi được, có nhiều người dạy mình bơi lắm rồi.Biết thân biết phận nên chỉ tắm biển phía trong cạn, hồ bơi thì dạng hồ con nít.",,,
"Ngày xưa đi học rất nhẹ nhàng, nhưng vẫn thành tài. Ngày nay học thì nặng, sách năm nào cũng phải thay. Vất vả học sinh và lãng phí tài nguyên. Nhà xuất bản thì vui thôi.",,,
"Sáng cố dậy sớm hơn chút, chọn món ăn kiểu như salad, món hấp cho nhanh, mình nấu ăn ít khi quá 1 tiếng ạ, mấy món cầu kì thì cuối tuần. Chứ cứ ăn sẵn nilon bọc, hộp nhựa các kiểu. Lại còn ko đảm bảo 100% tính tươi ngon nữa :( .",,,
Cá thu thành tinh rồi.,,,
Cách tân đồng phục theo kiểu hình 2 thì miễn đi!,,,
"Do người dân miền Nam quen theo Phương ngữ phía Nam và một số tên kị húy từ thời Nhà Nguyễn để lại thành thói quen của người miền Nam: Ví dụ: Hà Tông Quyền thì người miền Nam gọi là Hà Tôn Quyền, còn Lê Thánh Tông người Miền Nam gọi là Lê Thánh Tôn. Vì Chữ ""Tông"" là tên Nguyễn Phúc Miên Tông, tức vua Thiệu Trị (cháu nội Nguyễn Ánh), nên ""tông"" phải đọc là ""tôn""vv...",,,
Mình hãy xem giá con tiguan của vw kìa. Chỉ hơn 500tr.,,,
Xem lại hóa chất trong màu vẻ.,,,
Chúng ta lại có nguy cơ đánh mất một tài sản văn hóa trăm năm! Xây mới rất dễ chứ bảo tồn giá trị trăm năm rất khó.,,,
"Ý kiến này rất hợp lý và hợp tình, vì năm nay, chủ đề chính vẫn là COVID 19Chúc nước anh em Cuba luôn vững mạnh và phát triển",,,
Cầu mong thế giới bình an!,,,
"Một phần mua xe vì niềm tự hào dân tộc ra, sản phẩm Hàn luôn đáp ứng được tất cả các nhu cầu của khách hàng từ mẫu mã, an toàn, tiện nghi. Hiện tại Việt Nam, sản phẩm xe hàng trong đó có Hyundai đã vượt mặt qua Toyota về doanh số 8 tháng đầu năm",,,
"Không thể tin được, sao lại tồn tại những loại cầm thú như thế này.",,,
chương trình phổ thông chúng ta cách đây 15 20 năm thời tôi học ngoại trừ môn tiến anh có vấn đề thì tất cả rất tốt đến các nước phát triển củng công nhận điều đó ngày chỉ học 1 buổi tuần học 5 buổi mà học sinh sau khi tốt nghiệp 12 ngoại trừ môn tiếng anh thì học trung bình cũng rất uyên bác các môn khoa học..rồi tự nhiên văn lịch sử đia lý còn hơn các nước phát triển. chúng ta chỉ cần cải cách môn tiếng anh và bật đại học là đủ. ,,,
"Bây giờ nhập cảnh chỉ người đang làm việc ở VN hay những người Việt hồi hương thôi. Khách du lịch tôi nghĩ không có là bao. Khánh du lịch không có nhiêu vì họ phải cách ly 14 ngày mà họ có đi du lịch cũng ngần ấy thời gian hay lâu hơn là trong vòng 30 ngày. Mất 14 ngày ""giam"" cách ly thì mấy ai hứng thú đi du lịch như vậy.",,,
Tuổi chàng hơn gấp đôi tuổi nàng nhưng nhìn vẫn rất xứng đôi.,,,
"tạ ơn Trời Phật phù hộ, tạ ơn các bác sỹ",,,
"Ngày đó chưa có điều kiện mua đĩa nhạc nên cả xóm có 1 đĩa là cứ chuyền nhau nhà này, nhà kia nghe.",,,
"Chọn tot là lựa chọn khôn khéo của mo. Đội hình đã rất đẹp , toàn vào độ chín của sự nghiệp , mà lại đc bổ xung nhiều cầu thủ chất lượng. Trong khi không bị áp lực lớn về lối chơi và đoạt danh hiệu . Nếu lần này không thành công nữa thì mo đúng là đã hết thời. Năm nay tot rất đáng xem .",,,
Pháp luật trừng trị tên vô đạo này thật nặng,,,
Lại nữa. 28 ko đủ sao mà lại hành nữa ah,,,
"Cái gì mà phải sốt thế ? Cho dù nó có thực sự tốt cho cơ thể cũng phải có chừng mực , ngay cả thuốc bổ cũng vậy , cũng k thể uống hoài được , tình hình thực an toàn thực phẩm ở nước ta rất lộn xộn , hết vụ ngộ độc này tới vụ ngộ độc kia , vì tiền, muốn lãi nhiều , họ đã làm ảnh hưởng đến sức người tiêu dùng , rồi 1 ngày nào đó nó k được làm bằng tinh than tre nữa mà bằng than khác cho kịp thị trường , vd hiện tại : chúng ta ăn phở , tương đen và tương đỏ để chấm, thử hỏi và kiểm tra xem có mấy nơi dùng các thương hiệu lớn và uy tín lâu năm ? Hay chỉ là những thùng nhựa 5 lít , được các quán mua về k rổ nguồn gốc và xuất xứ.",,,
Các cules mùa này sẽ chỉ được xem Si đi bộ trên sân thôi còn ghi bàn thì còn lâu,,,
Thật đáng tiếc và buồn .Các thầy cô lặn lội đến từng nhà để vận động .Các cháu cũng rất ham học .Cần làm rõ trách nhiệm của những người liên quan .,,,
Tội nghiệp quá.,,,
Cái này không còn gọi là tai nạn !?,,,
Tôi nghĩ Việt Nam! Cũng nên phạt thật nặng hoặc thu phương tiện với những thành phần độ pô. Rất khó chịu!,,,
"Đề nghị tìm và truy cứu trách nhiệm phòng khám tiến hành nạo thai khi đã quá tuần tuổi, thật bất nhân.",,,
Cám ơn WHO,,,
Chiếc xe 4 chỗ màu đen chờ đèn đỏ nhanh trí chạy lên nếu k thì toi. Xe có camera đã sang làn phải rùi mới vượt lên nhưng xe bồn cố tình k cho vượt đó mấy bạn ạ,,,
"Thương con quá.Nhưng ba hoặc mẹ nên hy sinh một ngày làm để ở bên con sau khi tiêm ngừa vì sẽ có rất nhiều thứ cần phát hiện kịp thời sau tiêm, chỉ theo dõi 30 phút tại cơ sở là chưa đủ.Đấy là kinh nghiệm của chính bản thân tôi.",,,
"Có chứ, 1 đường cao đỉnh nằm trong tam giác và 2 đường cao canh bên nằm ngoài tam giác, 3 đường cao có giới hạn nhưng S tam giác vô hạn thì bình thường mà",,,
"Ở đời kô ai học được chữ Ngờ. Làm ăn bất chính mới mau giàu , mà cũng mau vào tù.",,,
Ai ăn rồi xin cho hỏi vị có giống tôm hùm không? Hay là giống tôm bình thường hơn?,,,
"Thế giới về là có ca bệnh, vậy sao mở cửa chuyến bay qtế nỗi",,,
TOT năm nay rất đáng xem! Cheers!,,,
"chán ghê, vậy sao không ra biển hét lên ""sao các cô dám mặc bikini?"" thời đại nào rồi không biết",,,
"Thật sự mình rất sợ không gian kín, chật hẹp. E này nằm tận 83 tiếng là cực kì bản lĩnh và gan dạ.",,,
Sẽ có giấy phạt gửi về cho bạn theo địa chỉ trên giấy đăng kiểm nhé. Khi nào nhận được giấy thì lên nộp phạt.,,,
Căn chung cư của gia đình mình ở quận Tân Phú cũng phải chờ mòn mỏi hơn 7 năm mới nhận đc sổ hồng ,,,
"Mình giống y như tác giả. Tài sản sau khi bán hàng online 5 năm sau khi nuôi 2 đứa con và phụ gia đình thì cũng còn đúng số tiền như tác giả đang có , mình trích ra 2ty250 mua 1 lô đất ngoại ô TDM bình dương có 100m thổ cư , phần còn lại 750tr mình để lại trong tài khoản để phòng thân lúc mua bán ko dc .Còn đất thì mình vừa đặt cọc và dự tính là mua xong để đó sau 2 năm đo giá thị trường hợp lí có lời hơn gửi tiết kiệm thì mình bán chứ hiện tại mua lướt sóng với tình hình này chắc hơi khó .",,,
Con sinh ra trên đời với ông bố bà mẹ như thế này là quá bất hạnh với con rồi . Còn 4 đứa em còn lại không biết có sống tốt hơn không.,,,
"Mấy tuần lộn xộn vậy là tạm ổn ,điều mừng nhất là hàng thủ không để thủng lưới . Alba dù kiến tạo cho Fati lập công nhưng trận này anh ít dâng cao tạo nên sự chắc chắn cánh trái . Coutinho tạm ổn ,Giezmann vẫn như xưa ,chưa sắc bén ,Messi vẫn tuyệt vời như xưa . Cố lên Barca !",,,
Haha . Hôm trước tôi cũng mới bị kẹt . May mà kéo nhẹ tay nên rút ra được . Đau quá trời .,,,
Không thể tin nổi bản án,,,
nếu là xe hàn thì có khi được khen á. ,,,
"Nhà e đang đi con i10 bản 2020 cảm thấy rất dễ chịu với không gian giá rộng,đưa đón các con đi cũng như hành trình đi làm khá suôn sẻ với động cơ có thể nói khá dễ chịu , em ủng hộ Hyundai nhé",,,
Bayen chỉ muốn nhắc mọi người dù vừa qua M10 đã rùm beng thế nào thì vẫn còn con số 8 đó thôi =)),,,
"Do bong bóng cả thôi, chi phí nhân công cũng chỉ tăng khoảng 50% trong 5 năm trở tại đây.Cách đây 5 năm 1 căn nhà phố diện tích đất khoảng 40m2, 1 trệt 1 lầu ở Gò Vấp khoảng 1 tỉ 5 đến 2 tỉ tùy vị trí. Giờ là 4 tỉ, vậy các chủ đầu tư họ cũng tăng giá nhà chung cư thôi. Chỉ tội dân nghèo, căn nhà mơ ước cũng chỉ là ước mơ!",,,
Mức án quá nhẹ khi đem so với cuộc đời của 2 bé gái đã bị hủy hoại.,,,
Messi sô lô qua 11 người và đối mặt với thủ môn đội bạn ở khoảng cách 11m.,,,
Cho em hỏi về cách sử dụng Ved và đi với ạ,,,
"Chính vì thế, đây là lúc nước Mỹ nên chọn Joe Biden để lên nắm quyền để đưa nước Mỹ trở lại!",,,
"Kính chúc TT.Trump mau bình phục , đắc cử nhiệm kỳ 2 .",,,
Vì các ông đánh bắt hết cá của tôi.,,,
"vậy giờ tính sao? học phí, chi phí và thời gian của 125 người, ai chịu trách nhiệm?",,,
Ca này thốn quá nghe thôi đã thấy đau.,,,
Nên tách từ Huế trở ra Bắc thì ra bến xe mới thì đúng hơn nhỉ,,,
"Thi chứng chỉ hành nghề là thi cái gì?.Nếu là thi học vấn,kiến thức thì đã có vô số kì thi của trường,bệnh viện.Còn nếu là thi có hỏi về kinh nghiệm điều trị thì bsĩ mới ra trường lấy đâu ra kinh nghiệm mà để thi.Vậy thì nhà trường và bệnh viện phải có trách nhiệm thu nạp họ để đào tạo tiếp thì họ mới có kinh nghiệm để thi chứng chỉ hành nghề được.Nếu ko thu nạp hết các bác bsĩ mới ra trường thì họ ko có điều kiện để bước qua kì thi này",,,
Thích nhất ngày nào cũng đọc tin như thế này.,,,
Hy vọng 476 hũ còn lại sớm được tìm thấy người thân.,,,
Ars cũng đang cho thấy 1 đội bóng mạnh mẽ.,,,
May mà Si lùn lại có Coutinho với Griezmann gánh nhé anti,,,
"Fadil mọi thứ đều tốt hơn i10 .Người Hàn họ tập trung mua xe của họ mặc du xe của Hàn vẫn kém xe Nhật ,Đức, hay Châu Auu ??? bạn nên mua Fadil tốt hơn i10 rất nhiều đừng sợ tôi mua được 3 tháng rôi chạy rất tốt...",,,
Con này trông đáng yêu mà,,,
"Tội nghiệp em, và ẻm kia nhìn chạy mất dép thấy thương.",,,
Vậy bây giờ trách nhiệm thuộc về ai? Phải truy cứu trách nhiệm đơn vị sản xuất do không đảm bảo vệ sinh ATTP và đơn vị cấp phép cho lưu thông loại hàng hóa này trên thị trường.,,,
có danh hiệu rồi nè,,,
Nhìn con trai Út đẹp quá!,,,
14 vết cắn... thực sự là lỗi lớn về nhà trường. Biết rằng trẻ con đi học thì đánh nhau là bình thường nhưng để bị nhiều như thế này ko chấp nhận được. Một cô giữ đến 27 trẻ trong độ tuổi như thế làm sao kham nổi???Nói thật trẻ con mà ngang tàng như thế cũng phải trách cha mẹ không dạy dỗ cẩn thận. Cắn bạn kinh khủng như vậy!!,,,
Tôi củng đang tập,,,
560km/h tương ứng cấp siêu bão cuồng phong huỷ diệt với mô hình mô phỏng là không thể hình dung mức độ tàn phá! Chỉ 1 chi tiết là phá luôn 1 hòn đảo,,,
Dã tràng se cát thôi ông Bloomberg .,,,
"Ngán ngẩm ghê gớm !. Tức, nhói tim ! Cái gì thế này ! ...",,,
Mãi mãi 1 tình yêu. Ca khúc hay mà tôi từng nghe Đan Trường hát với tất cả cảm xúc. Chúc an lành.,,,
Giờ thì âm dương cách biệt r. Buồn cho cặp đôi này ( thở dài nhìn trời nhìn đất ngắm mây ),,,
Sớm muộn cũng vượt mỹ thôi!,,,
"BINZ có vài bài nghe hay rap không nghe rõ lời cho lắm nên cảm giác không thích nghe nhạc BINZ , có rap tôi thích nghe chỉ có ĐEN VÂU .",,,
"Kiếm dư thêm một hai trăm nữa làm con bán tải Nhật mà đi, vừa ngon, đa dụng, hiệu quả, bền, tính kinh tế cao, tuyệt đối tránh xe congnong Hàn. Thân !",,,
Việt Nam gần sạch nCoV rồi. Mừng quá.,,,
Thấy chưa không phải cái gì to là thích nhé,,,
Xây cầu Cát Lái đã.,,,
"Nhìn thấy hồ ao ruộng bắt cá , là lại thích rồi",,,
"Dòng xe cao cấp của Hàn khá ngon và đặc biệt người dân họ rất tự tôn tinh thần dân tộc, vì vậy xe Đức còn bị đánh bại thì xe nc khác làm sao bán đc tại TT của họ. Việt Nam do đất nc còn nghèo, đang phát triển nên nhiều người có tâm lí thích khoe khoang, thích hàng thương hiệu ( điều này khá giống người Trung Quốc), nhưng tôi nghĩ khi VN dần phát triển và làm ra đc các sp tốt thì người dân sẽ rất tự hào và chắc chắn sẽ ủng hộ thôi.",,,
Quá đỉnh. Tài năng là đây chứ đâu. Chúc mừng em.,,,
"Theo e thì cứ xe mới mà quất. Ngày xưa ck e k nghe e đổi 3 lần xe lần t4 là e k nghe theo e quyêt vay mượn thêm ít đổi xe mới. Xe cũ 9 năm rồi đi thời gian k hỏng cái nọ thì hỏng cái kia. I10 đi cũng thoải mái lắm bác, vừa giá tiền nữa",,,
"Buồn nhỉ, làm cha mà không được con gái tín nhiệm. Mà cũng buồn cho cô này, tài năng, xinh đẹp, tiền nhiều mà không được tự do làm những điều mình yêu thích.",,,
Bạn hãy gạch đầu dòng tất cả các nhu cầu của bạn. Khi đã đáp ứng đủ hoặc tương đối những yêu cầu trên thì bạn chọn. Lên đây bạn hỏi có khi tiền là của bạn nhưng xe là của người khác.,,,
"Chạy dịch vụ nên mua toy, suzuki nó mà hư thì khó sửa còn xe hàn thì không được đánh giá cao về độ bền.",,,
"Nên có một án phạt thật nặng cho những việc bạo hành trẻ em như thế này, để người đời noi theo mà làm gương. Biết bao nhiêu sự việc xảy ra liên tục, rất nhiều, rất thảm cảnh.",,,
"Mình có ý kiến là : những nước dịch không đến là nước chậm phát triển ,mời bạn vào xem danh sách những nước có ít ca nhiễm ......",,,
35 người này có lẽ họ chưa đọc báo...,,,
Không thương tâm nào bằng,,,
Các CULES sáng mắt chưa,,,
Giờ thì bỏ thần dược ký-ninh của ông và ráng nghe thì bác sỹ nhé.,,,
"Cám ơn anh về một bộ phim trên cả tuyệt vời giữa bộn bề của cuộc sống hiện tại.Chúc con thành công hơn mong đợi. Chúc anh cùng gđ luôn vui khỏe.Một tấm gương, một bài học làm người cao quí được anh khắc họa giữa đời thường. Rất trân trọng.",,,
Hùm dữ không ăn thịt con...còn tên này không biết là con gì luôn.,,,
Cô này nói tiếng Anh nghe rõ hơn tiếng Việt.,,,
Chất lượng cột điện quá kém.,,,
Ông bố tuyệt vời. Chúc sức khỏe 2 bố con,,,
Xin chia buồn cùng gia đình! Cầu nguyện linh hồn các cháu sớm siêu thoát về Cõi lành! NAM MÔ A DI ĐÀ PHẬT!,,,
Đi bị đe dọa nhìu lần vả lại người yêu còn bị đánh nên bị kích động. Mong hình phạt nhẹ hơn.!,,,
Quá xứng đáng.,,,
Sẽ rất lâu nữa hoặc không bao giờ có 1 Messi thứ 2 vì vậy hãy tận hưởng khi anh còn chơi bóng.,,,
Tài năng như cái tên vậy,,,
"Khổ cho mấy cháu quá và ba mẹ ông bà cũng bị cuốn theo yêu cầu không cần thiết. Con mình ba đứa hiện đang học tại Canada, học xong lớp 1 rồi mà đọc viết cũng chưa rành nhưng nói thì ok. Bây giờ đang học lớp 8 nói viết tiếng Anh và Pháp ào ào. Nên hy vọng thế kỷ sau con cháu ta sẽ cải cách khoa học và hiệu quả hơn như các nước châu Âu, Mỹ, Canada, úc châu đã đang làm rất rất lâu rồi..",,,
Sao tội cho các cháu quá !!!,,,
"""một tác phẩm điện ảnh đậm dấu ấn Việt"" thích nhất câu này",,,
Rất mong và cầu chúc cho ngài Biden sẽ đắc cử và trở thành tổng thống nước Mỹ. Đó là điều phù hợp với sự mong muốn không chỉ riêng người dân Mỹ mà nhân dân toàn thế giới cũng đang rất mong chờ. Cầu chúc ngài may mắn và hết sức cố gắng !,,,
Xin Chúa phù hộ ông vượt qua thử thách này.,,,
Bệnh từ miệng mà vào. Tóm lại là cứ ăn chín uống sôi.,,,
"nên có nhiều chính sách liên quan để kích cầu, giảm thuế Thu nhập trong khi nhiều doanh nghiệp lỗ thì không có ý nghĩa",,,
"Vẫn cái điệp khúc: loại này ngon, nhiều dinh dưỡng....",,,
Đọc và xem ảnh làm cho tôi nhớ lại kỷ niệm ngày xưa,,,
Tất cả phải thuận theo quy luật tự nhiên,,,
Chia buồn cùng các đồng bào miền Trung đã bị ảnh hưởng đến cơn bão số 5 này nhé. Nghe cũng ảnh hưởng khá là nhiều nhỉ mọi người ơi!,,,
Híc hồi 4 tuổi tôi cũng biết làm toán............................................. từ 1 tới 10.,,,
Ôi... chị Lê Tư. Rất thích chị vào vai Triệu Mẫn trong phiên bản Ỷ Thiên Đồ Long Ký năm 2000 đóng cặp với Ngô Khải Hoa.,,,
"Người tài đức... thường đoạn mạng , tiếc thương cho anh và anh Paul Walker !!!",,,
"Khu tôi ở đây mà, đường PDG, chứng kiến một lần rồi. Bà con ở chợ đây bảo khu này thường xuyên. Không biết chính xác quán ngay chỗ nào, vì ngay đó có khá nhiều quán bình dân, tệ nạn karaoke đến 1h sáng. Đi ăn uống nhậu bạn bè, cũng chỉ dám lựa quán nhỏ, quen, khách không quá đông cho lành.",,,
Thành tích mà mọi cầu thủ đều ao ước.,,,
Người vui nhất là Mou ka đại đế! chúc mừng ông.,,,
"Cách đây 2 tháng, vợ mình cũng cho con mình, hiện 9 tháng tuổi, ăn củ dền, may mà ko sao. Sợ quá",,,
Cảnh sát Việt Nam là số 1.,,,
"Đừng đổi nữa, nên thay cái bảng ghi tên sai và tên đúng là được, giờ sửa nhiều hệ lụy lắm, nào địa chỉ nhà, bảng hiệu quảng cáo, bản đồ giấy bản đồ điện tử....",,,
"Ở nhà đã khổ sở vì ngăn cản tụi nhỏ sử dụng Tivi, laptop rồi mà ở trường cho sử dụng là sao. Trong giờ học tụi nhỏ online, chat chit ai kiểm soát nổi, giờ ra chơi thay vì chạy nhảy lại dán mắt vào cái màn hình điện thoại, kiểu này sẽ làm thêm bao nhiêu % học sinh bị cận nữa đây? thật không hiểu nổi. ",,,
Phụ huynh không đồng ý với quy định của nhà trường .... có quyền chọn trường khác thôi. Nhà trường không thể theo 100 ý kiến của phụ huynh.,,,
Thật là tuyệt vời,,,
em i10 này quá đẹp so với phần còn lại. Em ko có thành kiến gì về hãng.,,,
Cầu mong hai bên ngừng giao tranh và tiếp tục dùng phương án ngoại giao trong hòa bình,,,
Mấy em cún vẫn là tình cảm nhất!,,,
Tội nghiệp bé mới đi học không lâu ,,,
ko ngờ thật,,,
"Thật quá ngưỡng mộ chị vơi những công việc từ thiện mà chị đã từng làm. Cảm động với hành động mang tính nhân văn của hai bé, tuy mới 6t nhưng trái tim của các con thật từ bi. Mong cho quy. Từ thiện của các con nhận thật nhiều sự đóng góp từ mọi người.",,,
Đừng đỗ thừa đó bão. Tôi thấy một số trường hợp chết sau bão do thiếu an toàn khi lợp lại mái nhà thôi,,,
Thành tích thật đáng nể nhưng còn phải cố nhiều mới theo kịp cr7. Cr7 ngoài cống hiến cho CLB chủ quản anh còn cống hiến cho tổ quốc dân tộc đó là phẩm chất đáng quý mà Pele hay mara chẳng có qbv nào cũng luôn đc phòng là vua của bóng đá,,,
"2016 đi 70000km mà giá 300tr thì quất ngay thôi, chỉ sợ xe tai nạn, tốt nhất kiểm tra kỹ. Xe hao xăng hơn các hãng khác chút ít nhưng máy bốc, xe chạy đầm chắc",,,
Hoan nghênh và ủng hộ đề xuất này của Hội đồng hoà bình thế giới. Đội ngũ Y bác sĩ của Cuba đã đóng góp thật sự và hiệu quả cho y học và sức khoẻ của thế giới là sự thật không thể tranh cãi.,,,
"sao biết ổng da vàng ta, lỡ ổng đi nắng riết rồi đen thui rồi sao :))",,,
"Nền điện ảnh nói riêng, đất nước nói chung cần những con người này.",,,
rất ngưỡng mộ ...các ông chồng của cô này,,,
Tôi ko tin có điều này. Chơi game bắn súng bắn đối thủ cách 300m mà lệch chỉ 1 chút nhỏ đã trượt rồi. Kể cả góc có là 179.999999999999 thì kéo dài ra nó cũng ko thể nào có đường cao là 1mm được. Chưa kể đề bài còn tổng 3 đuòng cao = 1mm.,,,
"Mãi là Fan Mu, và chúc mừng Bayer. Tôi không biết sao mấy cái nick cà khịa cực mạnh lúc nào cũng lên Top với những lời lẻ rất ....khó đọc.Cũng không hiểu vì sao họ lại cay CR7 vậy.Tôi thích cách chơi khoa học, ý chí mạnh mẽ, sự chuyên nghiệp của CR7 không có nghĩa là ghét Messi. Nhưng đọc các cổ vũ của fan anh ấy luôn có gì đó trù dập CR7. Đành rằng là ai cũng có ý kiến riêng nhưng cổ vũ văn minh là điều nên hơn và đẹp hơn.Tôi cũng tin rằng đa số anh em anti Messi ở đây phần lớn là từ bình luận ít khiêm tốn của fan Messi.Là fan ai hay học điều tốt đẹp của người đó và hạn chế trù dập người khác vì nó chẳng làm bạn giỏi hơn, thông minh hơn và giàu có hơn đâu.Luôn chúc các bạn có những bình luận hay và xem bóng đá với tinh thần fairplay của thể thao.",,,
Suzuki ertiga ok đó bạn,,,
Và việt Nam mình gọi đơn giản là Lốp ( để nhớ ơn ngài Đun Lốp),,,
Giết người sẽ bị đền tội,,,
đọc mấy vụ án của tq khá cuốn hút .nhưng vụ này hơi dễ .,,,
"Nói làm túi giấy để bảo vệ môi trường và động vật...thế mà có màng chống dính, bên trong lại lót da bê!!!",,,
Con e 25.đ có đâu trường phạm ngọc thạch ko a,,,
Tôi thì ước từ Nguyễn Đình Chiểu sang tới Nhà Rồng ( bắc nam ) Hai Bà Trưng - Trương Định ( đông tây ) cho nó thoáng đãng . Nơi ấy sẽ dùng xe bus điện xe đạp và đi bộ thôi .,,,
"Đúng , họ xứng đáng hơn ai hết .",,,
"HẾT SỨC THẬN TRỌNG ĐỐI VỚI KHÁCH NHẬP CẢNH VÀO VIỆT NAM. Chỉ để lọt một ca ra cộng đồng là công lao hàng vạn người đổ sông, đổ bể !",,,
"Sơn rất có duyên, Quỳnh cũng thế, tại sao 2 bạn lại không yêu thật nhỉ?",,,
Tiểu Vy xinh đẹp nhất!,,,
"XIN CHIA BUỒN,THẬT ĐAU LÒNG",,,
"Trump nhiễm Covid làm người ta lo ngại về việc vận động tranh cử và tranh luận với Biden, nhưng nếu ông hồi phục nhanh chóng thì lại là điều tốt, chứng tỏ Covid không ghê gớm lắm nếu bạn có lối sống lành mạnh, không có bệnh sẵn trong ngườị Chứ còn con số người muốn bầu cho Trump thì chắc chắn là không thay đổi, dù ông bệnh hay không. Theo dõi biến động kinh tế và tài chính bạn sẽ hiểu tại sao Trump phải nói nhẹ tình hình đi, vì mỗi một dấu hiệu tiêu cực dù rất nhỏ nào trong phát biểu của Trump cũng làm thị trường chứng khoán suy sụp tức thì.",,,
Ở Italy cũng có màn acid này à? ,,,
"Barca kết thúc trận đấu với chiến thắng 1-0 trước đối thủ mới lên hạng La Liga.Griezmann đệm bóng đơn giản, đánh bại thủ môn Badia.Nhờ goal của Griezmann mà Ba Sa mới thắng đó nha!Nhưng chắc chắn là em ý không được cules tung bông đâu ;) vì Đệm Bóng Cận Thành là quá đơn giản (ai cũng mần được hết) nên cules chê, không tính nó là GOAL. B) ^_^",,,
"Thương các con quá, đúng ngày đầu tiên của năm học mới. Nam Mô A Di Đà Phật, cầu mong linh hồn các con sớm được siêu thoát.",,,
quan trọng mãnh đất bạn đang nói đến ai là người đứng tên trên bìa đỏ.Nếu ba mẹ bạn đang là chủ sở hữu thì bạn được chia phần.Nếu anh bạn là người đứng tên chủ sở hữu miếng đất đó thì bạn ko có cửa,,,
thương con quá. không biết sau này lớn lên và biết được quá khứ đau thương của mình con sẽ cảm thấy như thế nào nữa.,,,
đây là sam biển đúng ko nhỉ,,,
"Bình thường, ngày trước chó nhà nuôi cũng cho 1 em cỡ phích nước nằm thẳng cẳng. Hôm sau đổ rác ông anh hàng xóm sợ phải xích mèo lại mất mấy hôm :))",,,
Tôi đang mong chờ cuộc đối đầu của Everton và ToT,,,
"Ôi, mỗi bộ suit Brioni may kỳ công và đẹp quá. Đúng là tuyệt đỉnh công phu.",,,
Mấy bác này nghĩ đơn giản nhỉ.,,,
Tui mở tài khoản ngân hàng mà ký chữ ký không đúng nhân viên ngân hàng không cho mở nữa. Như vậy mới an toàn. Tuy khó chịu nhưng tui nghĩ lại như vậy tốt đấy,,,
Ozil mất tích luôn rồi nhỉ. Sao anh không đi đến clb khác để được thể hiện nhiều hơn như James Rodríguez?,,,
"Ngành giáo dục cần fai đưa ngay môn bơi lội là môn bắt buộc cho hs tiểu học và thcs. Vì nó vừa rèn luyện Sức khoẻ và thể lực cho các cháu vừa trang bị kỹ năng sinh tồn cho trẻ. Giáo dục thể chất giờ quá nhiều môn, môn thiết thực như bơi lội thì đa phần chương trình của các trường đều ko có.",,,
"Cá sấu mà đi kiếm ăn như gà ấy, kém sang quá",,,
"Rất đồng tình với các ý kiến đã nêu. Cần thực hiện nghiêm túc và qui trách nhiệm cụ thể với từng đơn vị trong phòng chống dịch, cộng thêm ý thức người dân.",,,
"Chỉ lo mỗi có học tiếng Anh, lại còn ham đọc truyện tranh, còn được đi Mỹ.",,,
Vấn đề là bạn chưa hiểu về BHNT. Nếu tìm đc người tư vấn có tâm thì bạn sẽ hiểu và tự thấy mình cần phải tham gia.,,,
"Con vừa chích ngừa về thì phải ở bên bé theo dõi chứ,sao lại đem bé đi gởi vậy nhỉ. Tội con quá",,,
"Mong đừng vào Đà Nẵng, mới dịch covid vừa lắng xuống giờ mà thêm trận bão này thì thương người Đà Nẵng quá.",,,
Rất tuyệt vời,,,
"Đại lý đánh vào tâm lý người mua xe lần đầu kiếm chác tí, phụ kiện rẻ tiền vào hãng giá gấp đôi.",,,
Yêu tinh cá sấu xD,,,
Tôi đề xuất nên có quy định và tạo điều kiện cho bất cứ ai mang CMND đến ngân hàng là được quyền tra soát Cổng thông tin tín dụng quốc gia (CIC). Giống như kiểm tra sức khỏe định kỳ để phát hiện bệnh sớm. Có những trường hợp khi đi vay vốn ngân hàng để khởi nghiệp thì té ngửa vì bị mắc nợ xấu...,,,
7 tiền án tiền sự.Tái phạm có tổ chức.Đề nghị xử nghiêm cho ở hẳn trong tù,,,
Sao bạn này giàu dữ vậy. Đúng là có tài,,,
"Đã hứa khi phim ra mắt sẽ cùng em đi xem phim, nhưng bất ngờ lại phải nằm viện để điều trị, thật sự xin lỗi em.",,,
"Ăn 1 cú này đã đủ nhừ xương + choáng ngất rồi làm gì còn sức mà chạy đi đâu nữa, nằm yên mời anh xơi thôi.",,,
Ấy là hậu quả bởi coi thường dịch bệnh để rồi chính mình lây nhiễm!,,,
Tội nghiệp con! BÌNH AN con nhé!,,,
Chẳng hiểu tại sao họ văn minh kiểu gì mà không chịu cách ly để dập dịch.,,,
Sao không khởi tố vụ án,,,
Cơ quan chức năng ở đâu ?,,,
"đây là sự phi lí khi thu nhập bình quân đầu người tăng chậm hơn rất nhiều, Sau covid có thể thực tế sẽ được trả lại gần đúng với giá trị của nó. Giá nhà đất sẽ giảm 20-30% với vùng ven - thực tế quỹ đất còn rất rất nhiều,",,,
Đúng là từ khi lọt lòng đã ngậm thìa vàng. Chỉ riêng giá trị những món đồ mang trên người cô bé đã khiến nhiều người tích lũy cả đời cũng không có được.,,,
Hay quá Hà Chương. Thương lắm đồng hương Quảng Ngãi. Mình là một Việt kiều nhưng luôn nhớ về quê hương đất tổ.,,,
"Trụ sở đẹp đấy. Nhưng có cần phải đặt tên là Bến xe miền đông ""mới"" không. Bí tên rồi sao ?",,,
Vậy là barca mạnh hơn đội trụ hạng rồi. Ít ra cũng ghi được 2 bàn gỡ.,,,
"Các bé lớp Một vừa chuyển môi trường học tập từ mầm non sang tiểu học, còn rất nhiều bỡ ngỡ, chương trình cần có thời gian cho các cháu thích nghi và ưu tiên chơi đùa khám phá hơn ngồi cặm cụi học. Đề nghị tất cả các thành viên của Ban soạn thảo chương trình giáo dục phải tự dạy một tháng các sách giáo khoa để thấu hiểu nỗi khổ của các cháu học sinh, của giáo viên và cha mẹ phải gánh chương trình học nhiều kiến thức nặng không phù hợp độ tuổi.",,,
15 tháng sao cầm được chai nước mà uống? Tắc trách của người lớn,,,
"Mạ tui ở dà một chắc, may là bạo qua!",,,
"Chẳng biết làm gì có ích cho Cha mẹ chỉ biết hung hăng, giờ lại để tai tiếng cho họ nữa",,,
Chúc mừng anh đã quay lại mái nhà xưa..,,,
Xem lối đá Juve có khác ko! Chứ thắng Samdoria bình thường,,,
Mong cơ quan chức năng thu thuế đầy đủ các đại gia này.,,,
"tuổi thơ của mình, quên ăn quên ngủ để săn đọc truyện tứ quái, đến bây h vẫn thích. Nếu tái bản có khi mình cũng mua 1 bộ để đọc lại",,,
"Tuyệt vời, cả 1 tuổi thơ của mình. Hồi đó k có điều kiện, chỉ mua lẻ tẻ mỗi khi tiết kiệm đủ tiền ăn sáng. Nên khi tái bản năm 2004 lúc mình học đh vẫn đều đặn qua nhà sách ở phố Bà Triệu mua trọn bộ cho thỏa nỗi đam mê. Đọc đến nát quyển tập 1, thật sự giờ mình mới biết là nhà văn phóng tác truyện, thảo nào đọc và hình dung thấy nó rất rất thân thuộc. Chỉ có bộ này với ""tuổi thơ dữ dội"" là truyện chữ mình đọc ngấu nghiến, còn lại chỉ có truyện tranh :D Bác nào 85 điểm danh cho nhớ cái tuổi thơ đẹp đẽ đó nào :)",,,
"Mình sống ở q3 hơn 20 năm rồi, chưa bao giờ thấy khu vực q3 ngập cả.",,,
"Bayern Munich hiện nay quá mạnh, lối chơi hiện đại, không tốn sức mà rất hiệu quả. Sự kết hợp nhuần nhuyễn của pressing và kiểm soát bóng đã phá vỡ chiến thuật phòng ngự phản công của Sevilla.",,,
Án hơi nặng... Nếu tuy tố tội: Giết người trong trạng thái kích động mới đúng. Thứ 1: Đi lấy cô gái khi cô ấy là cô gái độc thân trước pháp luật. Thứ 2 Đi đã 3 lần bảy lượt chạy trốn và thoát chết nhờ may mắn chỉ vì không muốn gấy hấn với nạn nhân.,,,
Đọc sớm biết sớm rồi thông minh hơn hay đang vắt kiệt sức lực các cháu. Đọc mà bức xúc.,,,
"Mới 18t mà đã có bằng đại học rồi, quá ngưỡng mộ.",,,
Tuổi này hơi nhậy cảm.,,,
"Hóng chờ háo hức nhưng nhìn bản anh Hải bán option bị cắt sạch, bản luxury Seltos giá gần tương đương Kona bản đặc biệt mà option thì chả có gì, lại còn 2 túi khí nữa, nói chung vẫn phải cân nhắc nhiều vs Kona.Tôi vote Kona 1 vé",,,
Tôi thích ông Trump. Tôi tin ông sẽ có thêm một nhiệm kì nữa làm tổng thống,,,
"Mong em thành tài, đóng góp trí tuệ để xây dựng đất nước.",,,
"bđs chưa bao giờ về lại giá trị thực sự cho người có nhu cầu ở thực sự, kể cả khi bong bóng bđs sảy ra như nhiều năm trước đây. BĐS cho dù trong thời gian ngắn ko thể đạt tới mức lãi suất đỉnh cao nhất, nhưng vẫn là kênh trú ẩn tài sản an toàn nhất. Đây là ý kiến của mình với hơn 10 năm vừa đi làm vừa mua đất đầu tư. Mình vd trường hợp của mình năm 2009 lúc đó đang đỉnh sốt đất chạy theo dư án sân bay Long Thành, khi đó mình có bỏ ra 340tr mua 530m2 đất nhưng cơn bong bóng sốt đất nhanh trong sảy ra, đất ko hề tăng mà đứng lại thậm trí lúc đó có nhiều người vỡ nợ theo.... Nhưng mình cũng ko quan tâm vì được giá thì bán còn ko thì thôi, mình vẫn để đó đến cuối năm ngoài có người tìm mình trả 3,5ty mình ko bán. Đây là vd điển hình nhất, nếu mình gửi tk thì có lẽ với số tiền đó cộng lại 10 năm lại giờ mình cũng chẳng đủ mua đuọc 1 lô đất nền.... Đây chỉ là 1 vđ cho việc mình đầu tư lô đất này tính ra mình ko lợi nhuận nhiều nhưng nó ko bao giờ làm mất đi giá trị ts của bạn. Chúc bạn may mắn nhé.",,,
Chúc em thành công trong học tập và cuộc sống để đóng góp cho đất nước,,,
"Không đi học trước , thì còn lâu mới theo kịp chương trìnhTrên lớp giờ chỉ các bạn đã học trước rồi mới theo kịp thôi các bác àTrên lớp chỉ các bạn học trước rồi mới được ngôi sao, và ghi nhận lên bảng thành tích trong tuần thôi- Còn bạn nào ko học từ đầu thì : đọc , đánh vần và viết còn kém , sổ theo dõi cô cho mang về chỉ có : Đọc kém, viết kém....",,,
Sao vậy các cô ko phản ứng kịp nên xem xét lại,,,
"Cùng tầm tiền thì cứ kona mà quất thôi. Tôi đi Kona và cảm nhận khá ổn, xứng đáng với giá tiền. Còn Seltos thì tôi chưa có dịp thử, nhưng thật sự tôi nhìn không thể mê nổi con xe này, toàn nhựa ọp ẹp.",,,
"Người ta có tiền thì muốn mua loại cao cấp hơn đi tặng đi biếu. Có cầu thì mới có cung. Cũng như vertu đấy thôi, chức năng thì ít nhưng dát vàng dát kim cương là tạo nên đẳng cấp. Bánh trung thu làm vừa ngon, vừa đẹp, vừa cao cấp là chứng minh cho đời sống của bộ phận người dân đã được nâng cao.",,,
"Thích nhất là MV ""Cô dâu"" của cô ấy và diễn viên Thanh Thức. Ai đó xem xong muốn cưới liền!",,,
độ dài 1 cạnh hình chữ nhật bằng: 3.479457,,,
China sẽ không có lợi với động thái này.,,,
Vẫn hơn khóc nhé 2-8.,,,
"A Di Đà Phật,thương con quá,cầu mong con được siêu thoát!!",,,
Có hai lý do để bị thiệt hại nè thứ nhất là do dân chủ quan thứ hai là do dự báo sai lệch về đường đi cũng như thời gian bão đổ bộ vào đất liền,,,
"Cháu còn nhỏ, và tôi lo cho sức khỏe của cháu.",,,
"Kỳ lạ thật, đọc lướt kg kỹ tưởng 102 người dương tính COVID, đọc kỹ lại thấy 102 dương tính với ma tuý lại thở phào nhẹ nhõm",,,
Đồ ăn nhìn đen thui là mất hứng liền,,,
"Một người cha tuyệt vời ! Tình cha như núi Thái Sơn , nghĩa mẹ như nước trong nguồn chảy ra !!!",,,
"Phương Oanh mặc đầm đẹp quá, quý phái và sexy. Gương mặt rất ăn ảnh. Tôi thích PO trong vai Trang- phim LCSP hơn, vai Uyên không hợp, sượng lắm !",,,
Ko nên mua xe vinfast nhé bạn tôi đã mua và rất thất vọng,,,
Tuyệt vời ! Mong cầu Cát Lái cũng sớm được thi công,,,
"Mùa hè giông bão đã xaGiờ ta thấy lại Barca hùng cườngVigo không thể xem thườngSân Balaidos kiên cường ,hiểm nguyBarca cùng với MessiNăm năm chưa thắng cực kỳ chông gaiKoeman xáo trộn đổi thayMang nhiều nét mới chiêu bài khác xưaFati tuổi trẻ không vừaTrận rồi cú đúp vẫn chưa hài lòngTrận này tiếp tục thông nòngTương lai đội bóng chờ mong em nhiềuMessi thì vẫn cao siêuNiềm vui chơi bóng thật nhiều trong anhCoutinho ""dáng"" mới toanhGiống như cái thuở tung hoành AnfieldGriezmann đóng góp chưa nhiềuNhưng nhờ thầy mới sớm chiều khác thôiHàng công có vẻ êm xuôiTuyến hai Busquet thu hồi cực hayDe Jong chuyền bóng miệt màiChủ khu trung tuyến anh này chớ aiHậu phương xứng đáng vỗ tayPique chắc chắn ,miệt mài theo banhAlba công , thủ rất nhanhNeto vẫn giữ khung thành vẹn nguyênSergi cánh phải không hiềnGhi bàn cuối trận chân tiền kém aiCứ đà chiến thắng thế nàyTinh thần đội bóng mỗi ngày mạnh thêmMessi kết thúc ấm êmCuộc đời cầu thủ khỏi tìm đâu xaKoeman đến với BarcaLúc đầu không thích nhưng mà không saoXưa ông thành tích không caoHai lần sa thải làm sao yên lòngMong ông ngày một "" lớn khôn""Giống như Pep, Cruyff giữ hồn BarcaCules buồn suốt năm quaGiờ liên tiếp thắng khiến ta yên lòng !",,,
Đã qua rồi ạ. Vệ tinh thấy mây vào hẳn đất liền rồi. Đà nẵng tạm bình yên,,,
"Cứ mới mà mua . So sánh , suy nghĩ gì cái xe 10 năm tuổi . I10 cho lành . Biết đâu 2,3 năm kiếm đc làm hẳn em i10 đời mới nhất",,,
thương bé quá .thật xót xa cho gia đình,,,
"có. Ta sẽ luôn vẽ được 1 tam giác cân có cạnh đáy 10^20 m, chiều cao tương ứng là 0,2mm. khi đó S=1/2. 10^20. 0,0002 = 10^16 mét vuông > S trái đất. Ta sẽ chứng minh tổng 3 đường cao nhỏ hơn 1mm. Gọi 3 cạnh của tam giác là a,b,c và 3 đường cao tương ứng là x, y,z trong đó a= 10^20m, b=c. Ta có b+c >a nên b=c >1/2a . mà ax =by=cz nên suy ra y=z <2x hay y=x< 0,4mm . vây nên x+y+z <1mm",,,
"Hay quá, hợp lý quá Barca ơi.",,,
NHỮNG PHỤ NỮ TRÊN 50.THẬT LÀ ĐẸP . VUI KHỎE VỚI GIA ĐÌNH,,,
"Sau khi xem Deluxe và Luxury bị cắt chỉ còn 2 túi khí, giá Premium thì cao vọt => Seltos thực sự không cạnh tranh và có lợi thế so với Kona như nhiều cụ nghĩ ban đầu, thấy mình lấy Kona mà ko đợi Seltos là đúng",,,
Mong sao sau khi nới lỏng đường bay quốc tế và cách ly vẫn bình an!,,,
"Nghĩ mà thương Arsenal, có mỗi cái Cup liên đoàn mà 3 vòng liên tục gặp Lesceister, Liverpool, ManC. Qua được 3 ông lớn này không khéo lại thua nhảm Stock City",,,
"Sàng lọc là điều tất yếu, nhân dịp này dẹp bớt mấy Cty BĐS làm ăn chụp giựt đi",,,
"Dù tôi là người Á ĐôngNhưng tôi vẫn quý mến ông rất nhiềuCàng ngày lại thấy càng yêuQuan hệ Việt -Mỹ như diều bay caoTôi trân trọng ông biết baoChúc ông thắng cử , vui nào vui hơn!",,,
"Ôi, thật là mình ko ham fastfood tí nào. Cứ phở, bún bò, bún riêu, bún mắm....hoặc còn gà ta hông muối sả, lá chanh xong rồi xé ra gặm...ực",,,
"Thời điểm này nên giữ vàng lại bạn, vàng đang là kênh trú ẩn tốt.",,,
Mọi người dân Việt Nam chung lòng đẩy lùi COvid,,,
Nhìn khiếp quá,,,
Năm nay có vẻ vui. Sau 2 năm chốn Messi thì năm nay 7 được gặp lại thần tượng. Mà không biết Messi có nhớ vụ ăn cơm chưa hà,,,
"tất cả đều là giả thuyết, suy luận sau đó giả thuyết trước.trăm năm sau mới biết sự thật hoàn toàn khác đi.",,,
Đẹp quá !Thật tuyệt vời !Mình thích nhất bức vẽ NS Văn Cao !,,,
Đúng là sống có điều kiện từ bé lớn sẽ tránh được cám dỗ. Tôi đã trải qua nên rất đồng ý,,,
"Thế nào cũng có người cuồng Trump vào bảo vệ, rằng ông ấy đang bị ..... buồn cười",,,
Lời nhận định và trường hợp thực tế nghe không thuyết phục,,,
"Thật ngưỡng mộ tay chì bậc Thầy LeSaLong! Tác phấm Văn Cao quá xuất sắc, đương nhiên tranh nào cũng tuyệt đẹp. Xem lại Chánh Tín, Khánh Ly lòng mãi ngậm ngùi cảm phục những tài năng kg bao giờ mờ phai.. Cám ơn tác giả bài viết!",,,
Bạn có thể chạy 100 năm đk quan trọng bạn biết tu sửa bảo trì cho nó ko.,,,
"Nissan sunny đang giảm giá đó 355 tr bản MT, 400tr AT bản thiếu, bác liên hệ quất đi khỏi suy nghĩ. Hơi xấu nhưng nhìn kĩ nhìn lâu thấy đẹp và đẹp lạ.",,,
Đề nghị tước quyền nuôi con,,,
Ngay lúc này mưa và gió bên ngoài đã mạnh rồi bà con ơi,,,
"Chưa bao giờ thấy Ông Hàn lại có bước phát triển nhanh như này,VOTE HYUNDAI HẾT !",,,
Ngon cũng không ăn...,,,
Cha mẹ đều muốn tốt cho con cái.... Ông ấy đã già có cầm tiền tỷ trong tay thì cũng để làm gì ngoài cần sức khỏe và sống lâu.....,,,
"Miền Trung ruột thịt mạnh mẽ và hiên ngang.Cầu chúc cho tất cả mọi người bình an, bão đổ bộ ""nhẹ nhẹ"" để bà con dễ thở !",,,
"Nhìn mặt thấy gian rồi, đã vậy còn lôi kéo con nít vào nữa",,,
Nhìn Biden không có cái thần và phong thái của 1 TT Mỹ,,,
"Đúng là một tấm gương hết lòng phụng sự hy sinh cho tổ quốc , nhưng cũng có điều gì đấy lăn tăn về nhãn quan cuộc chiến trong con người của ông .",,,
pate minh chay chắc chắn bị xử phạt ,,,
"Con tôi cũng đang học chương trình cải cách giáo dục lớp 1 mới. Giống như chị cháu, tôi không cho con tham gia khóa học ""tiền lớp 1"" để cháu tập trung học khi vào lớp 1 chính thức. Giờ cảm thấy hối hận quá vì không ngờ chương trình Tiếng Việt quá nặng như vậy.Đọc thì học mặt chữ nhanh (bao gồm cả chữ ghép), lại còn yêu cầu đọc cả mấy câu liền và trả lời câu hỏi. Trong câu hỏi thì có nhiều vần chưa được học nên cháu sẽ không thể tự đọc câu hỏi.Viết thì không còn giai đoạn tập tô nét, mà vào thẳng giai đoạn viết chữ. Lớp thì hơn 50 cháu, cô không nắn được cách cầm bút, tư thế ngồi, cách viết từng chữ,.... nhưng vẫn gây áp lực với những tin nhắn yêu cầu con rèn viết chữ thêm, phụ huynh phải đồng hành cùng cô,...Toán là môn cháu yêu thích trước khi vào lớp 1 (thích con số, thích công trừ) thì nay hỏi ở lớp học toán như thế nào, cháu có vẻ không có gì để kể. Ở nhà cháu vẫn thích toán.Không biết chương trình có nặng không, nhưng mong các nhà quản lý giáo dục suy ngẫm thêm về thực trạng học sinh lớp 1 như cháu nhà tôi.",,,
Liv đá như mơ ngủ thế này thì lại sớm tèo khi ra trời Âu thôi.,,,
quá tuyệt vời,,,
Tới con Kabuto trong pokemon cũng bị thịt.,,,
"Đây cũng là cuộc sống mơ ước của nhiều người ở Sài Gòn đó, kể cả tầng lớp trung lưu",,,
"1 ngày mà 1 trường có ""26 em sốt, ho do bệnh khác"" ?",,,
Vì MOU đã nhận BALE làm thầy để dạy môn đánh golf .,,,
"Fc Barcelona đang có luồng sinh khí mới rồi. Đợi đợt bầu cử tới chủ tịch bartomeu ra đi là đẹp. Ông bartomeu làm fc Barcelona ko ra gì cả. May mà có Lionel messi níu kéo lạiSi : 6 qbv, 6 giày vàng, 34 danh hiệuRo: 5 qbv, 4 giày vàng, 30 danh hiệuKL. Ai hơn ai là quá rõ ràng",,,
Anh là một tiền vệ tài hoa và điềm đạm. Những đường chuyền như thêu hoa dệt gấm,,,
"Ôi,,,ngôi nhà,,,,của những gã hề.....",,,
mấy bác cứ nói cho sang miệng .gặp ở Việt Nam chắc cũng vào nhà hàng .,,,
"Tôi ủng hộ nếu mang thai ngoài ý muốn mà chưa sẵn sàng thì có thể lựa chọn phá thai. Bởi đơn giản, đó mới là điều tốt nhất cho đứa trẻ. Tôi làm ở bệnh viện Nhi, nói ra thì bảo là khó nghe nhưng nhiều ông bố bà mẹ thực sự rất vô trách nhiệm: không muốn nuôi nhưng cứ đẻ, không chăm, không dạy, đẻ để níu kéo bạn đời, đẻ xong thì ly hôn luôn, hoặc nhiều tuổi, có mấy đứa con gái rồi nhưng cứ đẻ cố cho bằng được đứa con trai, để rồi hậu quả là con mắc các rối loạn về phát triển: tự kỷ, tăng động, chậm phát triển trí tuệ,... Cuối cùng người khổ nhất vẫn là các đứa trẻ. Người biết suy nghĩ và có trách nhiệm thì không bao giờ đẩy con trẻ vào tình cảnh như vậy. Nếu tự nhận thức rằng mình có khả năng nuôi, đã sẵn sàng làm cha mẹ thì hãy đẻ, không thì thôi!",,,
"Tuổi thơ của mình cũng vậy đó, chạy theo đường bừa ruộng sạ bắt, lội trên đất ruộng cày bắt, rồi tác đìa bắt, giờ xa quê nhiều đêm nằm mơ thấy được lội bắt cá như vậy, thật vui và hạnh phúc khi túm được cá trên tay và bỏ vào giỏ! Ăn thì ngon gì đâu á!Nhớ lắm và thèm được trải nghiệm như vậy!",,,
Qua cuộc tranh luận cho thấy Trump chỉ là 1 người làm kinh tế không hơn không kém. Mong 1 sự thay đổi lớn cho nước Mỹ và cho Thế giới.,,,
"Nhìn về toàn diện thì Trump vẫn tuyệt vời, Biden yếu đuối, chúng ta đã thấy trong 8 năm k nổi bật",,,
Muốn tiết kiệm cả xăng lẫn sửa thì Toyo nhé... che nắng mưa rét là OK...?,,,
Nội gián là nguy hiểm nhất trong bất cứ trận chiến nào.,,,
Trời ơi ước gì có một ít để nướng!,,,
Hai tháng mà trông kháu khỉnh quá. Chúc bé mau mạnh khỏe.,,,
"Sửa 3.2km đường mà mất tới 6 tháng, kỹ sư cầu đường như tôi cũng bó tay với đơn vị thi công.Đây là tuyến đường chính, nếu ngăn và cho chạy tuyến khác sẽ gây kẹt xe nặng. Ngày nào tôi cũng đi qua đây để vào quận 1",,,
Thường cái gì đến nhanh thì đi cũng nhanh.,,,
"tham gia BHNT rất tốt bạn nên tham gia lúc còn trẻ vì phí tham gia ít nhưng số tiền được bảo hiểm cao, nếu bạn để vài năm nữa mới tham gia thì phí sẽ tăng hơn mà số tiền được bảo hiểm lại không còn vào thời điểm hiện tại, bởi vì, 1 hợp đồng BHNT thì trị giá của hợp đồng phụ thuộc các yếu tố của người được bảo hiểm: (i) tuổi, tuổi càng lớn thì phí bảo hiểm càng cao; (ii) giới tính, (iii) nghề nghiệp, do có những ngành nghề nguy hiểm => phí bảo hiểm sẽ cao;BHNT nên mua lúc chưa cần vì khi tới lúc bạn muốn mua thì có thể công ty BH sẽ từ chối bán cho dù bạn có trả phí cao; để cân bằng và không áp lực cho người tham gia BHNT bạn chỉ nên trích 10%-15% thu nhập của bạn để tham bảo hiểm, ví dụ thu nhập hàng tháng của bạn là 10 triệu => 1 năm thu nhập của bạn là 120 triệu thì bạn chỉ nên dành 12-18 triệu/năm (để dành 1 - 1,5 triệu/tháng) để tham gia BHNT; sau này nếu như thu nhập bạn tăng thêm và có nhu cầu bảo vệ cao hơn thì bạn tham gia thêm 1 hay nhiều hợp đồng; sau thời gian bạn cam kết đóng phí với công ty bảo hiểm (ví dụ: bạn cam kết đóng phí 10 năm cho hợp đồng của bạn thì ít nhất sau 10 năm bạn sẽ được nhận lại toàn số phí bảo hiểm bạn đã đóng + 1 khoản lãi nhỏ);bạn nên hạn chế so sánh bảo hiểm nhân thọ với gửi tiết kiệm, bởi vì 02 loại hình này bản chất khác nhau hoàn toàn, 1 cái là tiết kiệm có bảo vệ (bảo hiểm nhân thọ) 1 cái là tiết kiệm nhưng không có bảo vệ (gửi tiết kiệm) nên mua BHNT có LỢI chứ không LỜI đâu.",,,
Đau lòng thương tâm quá,,,
Kiểm tra thiết kế - thi công xem sao ? Tại sao trụ cổng lại dễ dàng đổ sập xuống như vậy ? Tại sao các cô lại để các cháu chơi ngoài cổng trường như vậy ? Chia sẻ nỗi đau với các gia đình.,,,
Chúc mừng các anh. Nên gọn hơn tí là ok,,,
"Trong đó Có hai chị em ruột nữa, đau đớn quá, Nam Mô A Di Đà Phật",,,
Có tam giác. Diện tích =1÷2 ×đường cao ×cạnh đáy. Dù tổng 3 đường cao rất nhỏ đi thì cũng là 1 số Diện tích đạt số vô cùng lớn thì tồn tại 1 số lớn tương ứng (số này là chiều dài cạnh tam giác ). Có 3 cạnh tam giác. Nghĩa là tồn tại tam giác.,,,
Sao trông nó lại như thế này ?,,,
Huế gió mạnh mưa lớn quá!,,,
Tính rất xấuPhải nghiêm trị ...,,,
Cầu mong các con sớm siêu thoát.Chú nguyện giảm vài năm tuổi thọ để mong linh hồn các con được nhẹ nhàng.Thật đau lòng.A DI ĐÀ PHẬT!,,,
Fati ăn mừng bàn thắng kiểu Ronaldo .,,,
Sức mạnh và dũng cảm của loài kiến!...,,,
"Luật định thì cha mẹ mất không có di chúc thì chia đều cho các con là đúng miễn bàn cãi. Nhưng có điều thế này ở quê tui, có cặp vợ chồng nọ có 3 đứa con còn nhỏ. Chẳng may người vợ bị bệnh chết sớm thì cha mẹ đến đòi chia tài sản. Về lý thì đương nhiên phải chia nhưng về tình thì có ai làm vậy không? Xin ý kiến!",,,
nếu quy đổi từ việc làm cụ thể sang thời gian sử dụng thiết bị điện tử thì tốt hơn việc quy ra tiền sau đó lại lấy tiền mua thời gian sử dụng vì dễ dẫn đến việc trẻ sẽ tìm cách lấy trộm tiền khi bố mẹ hoặc người thân sơ ý.,,,
Lại bán đi hậu vệ tốt nhất nữa sao Bát ca? Đinh thắng 4-0 và lại thua 2-8 nữa à???,,,
Xét về tổng quan thì messi giỏi hơn bất kỳ cầu thủ nào tôi từng theo dõi kể cả maradona hay pele.Chỉ thế thôi,,,
Mong sao cho gặp lại Bayer để trả lại ác mộng vừa rồi không thôi lai quên mất,,,
"Hơn 40 năm trước, tôi đã thi đề này!",,,
cám ơn cô giáo moon,,,
Chúc mừng sự trở về bình an. Nhớ đừng đi lạc vô vùng nguy hiểm nữa nhé.,,,
Tôi nghĩ nên dời hết tất cả ra BXMĐ mới. Để tránh tình trạng hổn độn. Kẹt xe và Mất thẫm mỹ Thành phố. Ví dụ như các Bến xe Miền Tây. An Sương nằm ở ngoài Trung tâm Tp. Họ hoạt động rất tốt,,,
Anh hát bài nào cũng hay cả.,,,
"Cô bé này không sinh ra ở vạch đích mà phải ""cài số lùi"" để về đích.",,,
"Ô tô thì còn tranh cãi xe nhật và xe đức xe nước nào tốt, theo thống kê thì 87% người dân trên thế giới công nhận xe nhật tốt hơn. Nhưng riêng moto thì không cần phải đắn đo, moto nhật hơn hẳn moto đức.",,,
"Để ý thấy phụ nữ Tây đi chơi rất ít khi mặc đầm, trang phục đơn giản và thoải mái. Pn Á thấy hay se sua cúng xính đầm giày gót nhọn thấy rất lỗi thời. Trang phục Tây rất phong cách và tự nhiên, phóng khoáng và nữ tính quyến rũ. Á nhìn cứ ngoan ngoan rất chán. Trừ những phụ nữ trang phục theo gu Tây mới thấy có sức sống.",,,
"1:00 xe máy rẽ trái là đúng, nhưng khi rẽ thì phải lưu thông làn ôtô. Ai cứu với?!",,,
"Công nhận độc đáo thật. Tiếng kêu của chó hay sói thường lên quảng rồi tru hú kéo dài, còn loài này chủ động lên bổng xuống trầm các kiểu :o",,,
Mostfly hân hạnh tài trợ chương trình này...,,,
"Mất nhân tính, không đạo đức đề nghị cách ly vĩnh viễn 2 tên này khỏi xã hội.",,,
Từ khâu nhập nguyên vật liệu đến khâu kiểm tra nguyên vật liệu chế biến thức ăn và khâu lưu mẫu có vấn đề rồi.,,,
"Tùy người. Ăn ngọt không lên mụn nhiều như ăn cay nóng :) Chứ nhiều bạn ăn ngọt nhiều, dư chất béo, tròn xoe mà da vẫn đẹp mịn màng =]]",,,
Xót xa quá...Mong các con đến thế giới mới được an yên!,,,
"Công an triệu tập lần hai rồi mà còn không đến trình diện và làm việc thì bước tiếp theo là gì? đề nghị cơ quan pháp luật có hình thức cứng rắn hơn để răn đe và bảo vệ quyền trẻ em. Đối với tôi, trẻ em con mình hay con nhà ai cũng cần được bảo vệ, vì các em chưa thể hành động tự vệ để bảo vệ bản thân được. Ngay cả các cô giáo còn không bảo vệ được các em? và nếu pháp luật không bảo vệ các em thì tương lai con em chúng ta sẽ ra sao khi không có bố mẹ và người thân bên cạnh?",,,
Tôi có ý kiến với cầu vượt Cát Lái ở XLHN: Hàng ngày luôn xảy ra kẹt xe do xung đột giao thông giữa làn xe máy từ cầu Rạch Chiếc về SG và làn ô tô lên cầu vượt rẽ trái vào Mai Chí Thọ. Tôi thấy rất bất hợp lý buổi sáng kẹt xe rất nặng ở đây do xe máy đổ về SG rất nhiều . Để giải quyết thì tôi đề xuất nên xây thêm 1 cầu vượt riêng 2 làn xe cho xe gắn máy băng qua dòng ô tô ở dưới để tách 2 dòng xe này ra.,,,
"Đừng có gửi bản fax đòi ra đi miễn phí khi còn 1 năm hợp đồng nhé. Tôi không muốn xem kịch nữa đâu, xung quanh đã có quá nhiều kịch rồi.",,,
Nếu đá đội hình mạnh nhất thì Pháo rất khó thắng Cáo. Hi vọng Pháo vào top 4 mùa này.,,,
Cũng vì lo sợ tiêm chủng nên 2 bé gái nhà tôi nhất định ko tiêm bất cứ vaccine nào cho đến bây giờ 1 bé 5 tuổi và 1 bé 6 tuổi và mới bắt đầu chích ở 1 trung tâm ý tế uy tín nhất ở sài gòn.,,,
Y Dược HCM năm nay lấy điểm quá thấp. Có lẽ do tăng học phí nên học sinh nghèo học giỏi không dám đăng ký.,,,
Vậy có cách nào tính diện tích tam giác mà không cần đến chiều cao của tam giác không vậy các cao nhân.,,,
Tôi nhớ mãi lời mẹ dặn chúng tôi cách đây 20 năm trừ lúc không còn gì để nuôi con thì hãy bán vàng bằng k cố giữ lại các con ạ vàng k bao giờ mất giá đâu. Đến nay tôi vẫn thấy đúng chỉ có điều tôi chẳng có vàng để giữ. Mẹ tôi mất 6 năm rồi nếu còn sống năm nay mẹ 90 tuổi. Nhớ mẹ!,,,
"Bây giờ nên thông báo trên báo , đài , tivi ...các phương tiện công cộng đại chúng cho ng dân biết để ngưng sử dụng ! Đúng là chỉ cần sai 1 ly là đi cả ngàn dặm !",,,
Chiều Xuân xinh quá.,,,
"Ko thể yêu đc cái phong cách đầy nhựa của Kona, tôi nghi ngờ thẩm mỹ của những ng khen Kona đẹp. i20 active all new thì đúng hơn. Chọn Seltos hoặc Cross bản thấp.",,,
"Nếu bác mua xe để chạy dịch vụ thì rõ ràng nên chọn XL7. Vì 2 lý do cơ bản:1. XL7 có 7 chỗ;2. XL7 giá rẻ hơn (nếu so với bản Lux và Pre của Seltos).Kia Seltos giành cho các bạn trẻ muốn đi gầm cao mà giá cả phải chăng vì Kia Seltos có thiết kế ngoại thật đẹp, hiện đại, trẻ trung. XL7 thì phù hợp với gia đình hoặc người thực dụng quan tâm đến giá trị sử dụng.Nhân đây cũng nói thêm. các bác làm ơn hiểu rõ mục đích và yêu cầu đối với xe của mỗi người khác nhau. Xe Hàn đẹp, nhiều công nghệ, giá cả phải chăng. Xe Nhật thì chất lượng yên tâm hơn, thiết kế nhìn chung xấu hơn xe Hàn, giá cả mắc hơn. Nên tùy vào mỗi người mà có sự lựa chọn khác nhau miễn sao thấy hợp lý với bản thân là được.",,,
"Sao không cứ ở lại ổ thêm 1 thời gian nữa cho các con nó cứng cáp hơn xíu. Ra ngoài nguy hiểm lắm. Khả năng sống sót của các con báo con không được cao. Con người cũng có nhiều người tốt lắm, luôn có ý thức bảo vệ những động vật hoang dã. Nhìn báo sinh con trong nhà trông chẳng khác gì những con mèo, chỉ là có kích thước to hơn thôi. 5 mẹ con đều đáng yêu.",,,
Nhìn thấy ai nhận được thịt lợn họ cũng rất vui,,,
"Các việc làm của các bạn thật ý nghĩa. Mong mùa trung thu bình an, vui tươi, hạnh phúc đến tất cả mọi người.",,,
"xúc động quá, xin cảm ơn nghệ Tô Hoài, cảm ơn Trần Phương và thế hệ các nghệ sĩ gạo cội đã hy sinh vì nghệ thuật",,,
"đã nói bữa trước là phải vận động phường xã tới từng nhà mà nhắc vì nhiều người dân lao động hay các bà nội trợ rất ít khi có thì giờ báo đài , nếu chỉ nói trên báo thì sẽ còn rất nhiều người không biết đến và tiếp tục ăn , có thể nhờ tổ trưởng dân phố phổ cập thông tin ở những vùng quê , vùng sâu",,,
Ôi đường chuyền của Messi. Vượt tuyệt quá xa. ,,,
Hy vọng sẽ ko có tỷ số 8-... à mà thôi,,,
cách sử dụng vẫn hơi lằng nhằng dễ bị quên. cần cải tiến đơn giản hơn loại bỏ khóa kéo làm kín thay bằng 1 lớp gioăng cao su chạy xung quanh viền khung sắt sản xuất sẽ đỡ phức tạp hơn,,,
Cảm ơn anh đã có tấm lòng với những bé con đáng yêu!,,,
I10 đi ạ. Phù hợp với mọi tiêu chí của nhà mình đấy chị ạ. Riêng chỉ có lỗi chung của i10 là cột lái nhưng hiện tại Fadil cũng sắp soán ngôi vua lỗi rồi (Chị tự gg lỗi nhé). Hơn nữa i10 cũng lành hơn fadil đấy ạ!,,,
"Chưa xem nhưng rất thích phim 16:30 , đã có 1 đạo diễn mới có tài xuất hiện cho điện ảnh việt nam",,,
Đây phải chăng là hiện tượng nước biển hạ ở một số nơi ;)),,,
Nhà hàng mua để làm gì trời,,,
"Tôi cho rằng trước hết là giải quyết vấn nạn kẹt xe, xong rồi thì mới tính tiếp các phần việc khác sao cho phù hợp với thực tế của tp phát triển bền vững.",,,
NHÌN CẢNH BỆNH VIỆN HÓC MÔN .BUỒN THẬT,,,
"""Do trước giờ vợ chồng chỉ đi làm công ăn lương và chưa đầu tư gì nên cũng đang băn khoăn liệu bán vàng để mua đất lúc này có hợp ký không? Ngoài ra, với số tiền bán vàng trên thì đâu là kênh đầu tư hợp lý nhất trong thời điểm này ngoài đất? Rất mong nhận được sự góp ý chân tình từ độc giả.""Như bác nói thì Bác bán gửi tiết kiệm. rồi lại mua vàng là kênh đầu tư hợp lý nhất trong 5 năm tới",,,
Tôi nghĩ do khách du lịch giảm thôi chứ dân địa phương ăn quán hay ăn ở nhà thì cũng tiêu thụ lượng thực phẩm như nhau.,,,
Luật là chia đôi 50/50. Luật là luật bất kể con cái hư hay ngoan. Nếu anh em có thể nói chuyện tình cảm với nhau thì bạn nên ít hơn một chút có thể là 130m2 hoặc 100m2. Kể cả ra tòa hoặc nói chuyện tình cảm cũng nên làm sổ đỏ chia rõ tài sản tránh ảnh hưởng sau này.,,,
"Điện mặt trời và điện gió còn rất tiềm năng trên dải đất Nam miền Trung, phát huy hết được mảng này thì sẽ giải quyết được bài toán thiếu điện và bớt phải huy động điện từ nguồn giá cao.",,,
Tầm giá đó mua được i10 2016 nhập khẩu luôn bác chủ ạ bên e đang bán nè,,,
"Tin vui quá hai năm trước đọc bài về con mẹ đưa xác con con suốt 17 ngày mà đau xót, tình mẫu tử thật tuyệt vời, hi vọng bé cá hổ kình con luôn gặp may mắn, không bị con người bắt ^^",,,
"Cuối cùng nó cũng đã đến với nước Mỹ, nhanh hơn dự đoán cửa tôi rồi. Một nước luôn cho mình là vĩ đại nhất, tuyệt vời nhất, chỉ là cúm mùa thôi mà, số người chết vì tai nạn giao thông hàng ngày nhiều hơn số người chết vì Covid 19. Nước Mỹ chúng tôi có đội ngũ y, BS giỏi nhất, các trang thiết bị y tế tối tân nhất, hiện đại nhất, ... Chỉ vì một số ít cá nhân luôn cho mình là vĩ đại, trên hết mà người dân Mỹ phải gánh chịu, mong mọi người dân mỹ hết sức bình tĩnh, tự mình cách ly và nên học hỏi kinh nghiệm ngăn chặn dịch bệnh covid 19 của một số nước, người dân hạn chế ra ngoài đường, đeo khẩu trang khi đi ra khỏi nhà, thường xuyên rửa tay bằng dung dịch y tế, hy vọng sẽ sớm kiềm chế dịch bệnh Covid 19.",,,
Còn nhiều chung cư đã đi vào hoạt động gần 10 năm mà người dân vẫn chưa có sổ Hồng.,,,
"Nhốt xong ị ra lại thấy bò lổm ngổm, chú ếch trợn tròn mắt đầy nỗi sợ hãi như sợ ma :))",,,
Không hay lắm. Kể cả ca khúc lẫn người hát. Ca từ gượng gạo gò bó thiếu cảm xúc.,,,
"Đây là cách để gia đình phải quan tâm, vào cuộc để cùng nhà trường giáo dục các học sinh...",,,
"Ôi, con mình còn máy tháng đó tiêm mũi 3",,,
"Hết bệnh về nhà rồi đổi nghề đi nghe anh,",,,
"Sử dụng ma túy, lái xe đâm chết 2 người và 30 tháng tù????? Hỏi sao tội phạm ngày càng trẻ hóa....",,,
Nếu không có thừa kế của cha mẹ thì tài sản chia đều cho các con,,,
Dùng làm giá thể trồng lan chắc tốt đấy,,,
"Hay quá nhưng cũng sợ quá. Sợ con gẫy xương, sợ trẹo khớp, sợ ảnh hưởng xương sống....Con thật là giỏiSo với các bài Yoga lộn cổ, trồng cây chuối thì con đã tài giỏi hơn",,,
"Có lẽ chúng ta đang dần trở nên ""ăn tất cả những thứ có chân trừ cái bàn""",,,
Bán sản phẩm ra thị trường. Đã là CTY thì phải đươc đăng ký kiểm tra ATTP. Nếu hàng đạt chất lượng mới đc bán ra TT. Lỗ hỏng nằm ở ATTP. Sản phẩm độc hại mà vẫn được bán tràn lan .,,,
Không thể cho cách ly 5-7 ngày được. Có quá nhiều người sau 10 ngày mới xét nghiệm dương tính mà cho về cộng đồng là lơ là ngay,,,
"Giờ mấy ca tiểu phẫu AI đã có thể làm tốt rồi, quan trọng ở khâu xét nghiệm cho tốt để ko gây biến chứng khi phẫu thuật thôi.",,,
"Trump một lần nữa không thể trả lời câu hỏi về chính sách Bảo HIểm Sức Khoẻ dù rằng đã gắng sức dẹp Obamacare, ACA trong gần bốn năm qua. Về KT Trump chỉ muốn mở cửa lại tất cả, luôn cả trường học và cho rằng COVID-19 không ảnh hưởng gì tới người nhỏ yuổi, con nít. Cuồng Trump có chính sách gì thì phải gợi ý gấp cho ông không thì trễ mất.",,,
"Mình đang ngắm 1 căn chung cư, giá thì hơn 3ty, mà đau đầu quá. Tính đi tính lại mãi mà chưa dám chốt vì ko đủ tiền phải đi vay, may mà thu nhập tương đối 1 tí chứ cũng ko dám mơ mộng. Chọn chung cư vì cho các con các tiện ích sinh hoạt, chứ suốt ngày ôm cái TV thôi. Mà ko biết mua dc rồi thì tụi nó sử dụng như mình nghĩ ko nữa. Lại đau đầu.",,,
"Chó bố sau khi đi làm xa về: ""thằng đen sỳ này là con ai ở đâu ra hả?""",,,
Không có gì vượt trội so với cái balo của trường mầm non con mình giá tầm 120 nghìn VNĐ. Còn cái bà dì tặng không rõ mua bao nhiêu tiền nhưng giá tag là 25 USD thì trông xinh hơn của Stormi luôn. Vạch đích là do mình tự nghĩ ra chứ con trẻ thì vui vẻ là được.,,,
"Vài hôm thì không biết còn mấy con do trăn, rắn, đại bàng, diều hâu,... Tóm lại là chúc các bạn may mắn.",,,
"Hoàn toàn phản đối. Làm như thế chỉ tạo điều kiện cho các cháu mất tập trung khi học, thậm chí lén lút vào mạng chát chít trong giờ. Không khuyến khích hs đọc sách, chưa kể các gia đình khó khăn lại phải mất thêm 1 khoản chi phí mua điện thoại và duy trì.",,,
"Miền trung quê tôi.1. Hạn hán gần 3 tháng nay.2. Dịch bệnh 2 tháng nay.3. Bão, lụt lại tới.Haizzza không chi khổ bằng",,,
"Khi chưa có phân bón hóa học, thuốc bảo vệ thực vật thì cá, tôm, cua, ếch... trên những cánh đồng nhiều nhiều lắm. Giờ thấy bài viết đăng lên thấy nhớ cái thuở ngày xưa",,,
Bão qua góp phần phản ánh chất lượng các công trình,,,
"Ba người kia may mắn thoát chết, lái xe kiểu này nên tịch thu bằng lái chuyển nghề cho rồi",,,
"Nếu không có giải pháp kiểm soát chất lượng cũng như xử lý pin từ đầu, 10 năm nữa chúng ta sẽ phải đau đầu cho các dự án này ...",,,
Giờ học dùng được thì những giờ không học cấm được à????,,,
Cuồng quá vậy trời làm gì phải khóc,,,
"Tin đau lòng nhất hôm nay, ra đi thanh thản nhé các bé, xót xa thật",,,
"Tính ra con xe Hàn khi mới phát triển nó bèo hơn xe Vinfasst nhiều mà dân Hàn thế hệ trước vẫn mua để ủng hộ, giờ thì họ đã lớn mạnh và thế hệ người Hàn bây giờ được hưởng lợi. Rõ ràng mãnh liệt tinh thần Hàn cao hơn nhiều so với người Việt, đất nước có phát triển được không là ở tinh thần ở mỗi người dân đó.",,,
"Sao có loại cặn bã này, hành hạ còn xâm hại cả cháu ruột . Mà lòng mẹ bao la tại sao chăn dắt ngay chính con ruột của mìnhTôi đang đọc cái gì thế này",,,
"Làm hàng nhái, hay tiêu thụ hàng nhái đều tệ như nhau. Đất nước không thể tiến lên mạnh mẽ với tư duy ""Giá rẻ trước đã, chất lượng tính sau"". Vấn đề hàng giả, hàng nhái không chỉ phá vỡ thị trường khiến các nhà đầu tư trong nước, ngoài nước ngại kinh doanh ở Việt Nam, mà nó còn gieo vào đầu chúng ta tư duy lối mòn, học theo, không tự tìm tòi, đổi mới, sáng tạo. Cái kết chắc nhiều người cũng hiểu, sẽ rất đắng.",,,
"Nhận định của các chuyên gia về nguyên nhân lây lan Covid-19 rất đúng.Trên thực tế,hầu như Không thể ngăn chặn được,vì chỉ cần 1 người không tuân thủ các quy định,thì sẽ sụp đổ tất cả.Các nước lây lan nhiều,chính là vì người dân không tuân thủ các quy định.Bài toán LỢI và HẠI,cần cân nhắc kỹ lưỡng",,,
Cách đây 4 năm khi Trump nhậm chức tôi đã nói Trump sẽ là tổng thống thứ 2 hay thứ 3 gì đó của nước Mỹ chỉ trụ được đúng 1 nhiệm kỳ. Để xem đúng không nhe. Mặc dù khá thích tính cách của ông nhưng tính cách đó không phù hợp để lãnh đạo 1 nước siêu cường của thế giới!,,,
Sao bạn không cho Fotuner vào trong sự lựa chọn?,,,
Chỉ còn mấy chục người bị nhiễm nữa thôi mà cũng không có ca nào nặng mong rằng 1 thời gian ngắn nữa VN sẽ sạch Covid để mọi hoạt động trở lại bình thường,,,
"Đúng là một năm tai ương, em tôi hoãn cưới do covid 2 lần. Cuối tuần này tổ chức thì gặp bão.",,,
Loại khốn kiếp chứ ko phải con người,,,
Các thánh cuồng Trump cho hỏi: Ai trả viện phí cho TT Trump và đoàn tuỳ tùng? Ai trả viện phí cho người dân bị nhiễm Covid?,,,
Vậy nên mới chuyển sang bán nồi niêu xoong chảo,,,
Đời là vô thường. Biết mình có thể sống tới khi lấy vợ sinh con không em? Hãy làm ngay tất cả những gì mình nghĩ nên làm là hay nhất em trai.,,,
"Cái bài này mà dân chuyên toán gốc thì chỉ là muỗi. Tam giác cân, cạnh đáy bằng 0.01 mm, góc đáy bằng 10^-30 độ.",,,
"Cần công khai minh bạch tất cả các loại giấy tờ có liên quan bảo đảm đúng, đầy đủ những điều kiện để thực hiện các dự án ngay từ đầu và trên cơ sở đó thì các tổ chức, cá nhân có đủ điều kiện tham gia thực hiện đúng quy định tránh để nhùng nhằng, kéo dài như vậy...",,,
"Thế mới biết mức độ tiêu thụ thịt cầy nước ta thật khủng khiếp. Đây mới là 1 nhóm thôi, còn biết bao nhóm khác. Nuôi được con cún, cưng như con mà bị bắt trộm mất, không điên người mới lạ.",,,
"Nặng nhất tiếng việt, con tôi tuần 14 tiết tiếng việt. Tối về nhà kèm con như đánh vật. Tuổi này các cháu sao đã nhớ hết. Các môn khác như TNXH, Âm nhạc cũng có vở bài tập, chưa kể môn thể dục cũng có sách. Đến chịu!",,,
Nhà từ Vĩnh Lộc ra tới BXMĐ mới về quê thì thật kinh khủng. Ko đi cách này,,,
"đúng là cầm thú , loại này nên cách ly vĩnh viễn",,,
"Mong ngài sớm vượt qua, chúa luôn bên ngài.",,,
"i10 đi bác ơi.Fadil nội thất chật chội, lại còn máy dựng. Tìm kiếm linh kiện thay thế cũng khó khăn.Mà với tầm tài chính như của bác thực sự là chưa đủ để có thể chăm xe, dù là người trong ngành. Có lẽ nên để 1 thời gian nữa sẽ ổn hơn ạ.",,,
"Bộ sưu tập dành cho phim kinh dị, phim khoa học viễn tưởng và đội nhóm cái bang mùa covid, haha",,,
"A380 được khách bay ưa chuộng nhưng lại là nỗi kinh hoàng với tiếp viên bởi vì thiết kế không thân thiện với tiếp viên khi không có chỗ ngồi nghỉ hay chỗ ngủ chật hẹp, với đường bay đa số là rất dài!",,,
Chúc ngài TT và phu nhân nhanh khỏe! Ủng hộ ông đắc cử nhiệm kỳ 2.,,,
Chúc mừng công an Hà Tĩnh. Bọn này liều ghê thật!,,,
"cái khó của nhà phố là thoát hiểm, ngoài bình chữa cháy nên có thang dây để đề phòng",,,
"Công nghệ lắp ráp TC khỏi phải nói ,việc khuấy đảo phân khúc SUV là tính cách nổi trội nhất là em San rồi",,,
"- Nhằm nhò gì, con người giỏi hơn tui nhiều, nín thở lặn sâu mò trai bắt cá, định bắt cả tui! )))",,,
"Đề nghị gửi thông báo tới tận các thôn xóm, trên loa phóng thanh của thôn, bản.",,,
"Nên mua cam ry đi bạn trả trước 400 tr rồi còn lại góp, xe đi ok lắm luôn.",,,
Hết đề cử Trump rồi lại tới Biden. Giải Nobel hòa bình là cái mặt nạ à?,,,
"Ở đâu vậy, tam kỳ quảng nam mở cửa bật quạt ăn sáng đây  ",,,
"Qua đây cũng giúp mọi người ý thức được rằng, chúng ta nên luyện tập thể thao nhiều hơn, tích cực chạy bộ. Dù ở trong bất cứ hoàn cảnh nào, chạy cũng là thượng sách. Chạy càng nhanh thì cơ hội sống càng cao. Chứ đừng có học võ, vẽ gì hết. Không giúp ích được nhiều đâu.",,,
Buồn thay những anh hào một thời ở Champions League giờ đây phải tranh tài ở sân chơi hạng hai.Milan với 7 chức vô địch giờ chỉ còn là cái bóng của chính mình.,,,
Nhiều khi thực tế khác hẳn với lý thuyết. Lúc đó phải vận dụng kinh nghiệm và sự nhanh trí của con người để giải quyết. Đừng cố tranh cãi bảo thủ theo lý thuyết,,,
"Có. Diện tích tam giác không bị giới hạn bởi đường cao của nó. Vẽ 1 tam giác cân có chiều cao 0.2 mm, cạnh đáy vài vô tận=> diện tích vô tận, tổng 3 đường cao ~ 1mm",,,
"Có tới 7 tiền án thì chắc chắc là sự khoan hồng đặt nhầm chổ rồi , làm ơn cho đi xa và lâu hộ",,,
sao ko trồng cây rễ cọc mà trồng cây rễ chùm như thế hỏi sao ko bật gốc,,,
Quá hay!chúc mừng các chiến sĩ công an đã lập chiến công !,,,
May mà nó chưa cắn anh ta,,,
Ghét nhất nuôi chó không đảm bảo an toàn cho người xung quanh,,,
"Cá voi sát thủ thông minh, đứng đầu chuỗi thức ăn đang đại diện cho muôn loài trả thù con người vì đã làm hại chúng quá nhiều.",,,
CHÚC 2 CHÁU LUÔN VUI KHỎE.CẢ NƯỚC RẤT MỪNG.,,,
"Trong ráp chắc chỉ có binz là tui thấy trưởng thành nhất , cậu này nhận xét trong nhiều chương trình thấy rất có tâm",,,
"cảm ơn thầy, vừa học từ mới, vừa học cách phát âm chuẩn ạ. Nhất video lưỡng tiện",,,
Cầu mong mọi người bình an! Việt Nam cố lên! Đất nước chiến thắng!,,,
Tôi thấy xấu hổ khi xem trực tiếp vài phút đầu tiên và quyết định không xem nữa.,,,
Thế giới màu cam rồi.,,,
Tội con. Mong con mau khỏi. Chỉ sợ con bị tâm lý sau này nữa chứ!,,,
"Nhìn rối bời, do quy hoạch đô thị rối ren bởi quá khứ, thành ra bây giờ xây như chữa cháy chứ không quy cũ, hiện đại để sáng xanh sạch đẹp.",,,
"Vậy là Schalke đã phá được kỷ lục rồi, 8 bàn không gỡ, khác với 8 bàn có gở 2 8M+2M=10 (M đầu là Munich, M sau là Mess nha).Cơ mà năm nào em cũng comment câu này ""năm nay bỏ BM ra khỏi Bundesliga đi, 17 đội còn lại tranh vô địch giải 2, 3 thôi"". Chứ BM khí thế ngút trời cuối mùa vô địch là cái chắc rồi.Xem bài cái màn ngã dẫn tới Pen của Lê Văn Nốp thật đẳng cấp. Ngẫm mà buồn, nếu là Rô 7 thì chắc gạch đá ngút ngàn. Anh ngã vài bàn nữa chắc có người đặt anh là Lewandowpen đó!Mà nhìn con số 8 thật ái ngại quá. ",,,
Mình thì chỉ mong có đủ tiền mua chiếc xe để học theo clip này,,,
"Chỉ đọc thôi cũng đã thấy sợ rồi chém người. Cướp của rồi còn bắt người, hiếp dâm nữa. Cái này phải phạt thật nặng để chúng nó ngồi trong lao thật lâu. Cho xã hội được bình yên. Chúng nó mà ra sớm lại ngựa qen đường củ khổ lắm",,,
Khổ thế không biết. Dịch bệnh chưa dứt giờ lại bị ngộ độc thực phẩm. Chúc mọi người sớm bình phục và rút kinh nghiệm cho việc lựa chọn thực phẩm sau này.,,,
"Ông này mãi chả thấy già đi tí nào. Ôi một thời tốn bao nhiêu xiền mua băng cát xét mà chỉ là 1 album của Đan Trường vs những bản Hit nhạc Hoa lời Việt. H nghĩ lại mà thứ âm nhạc đã hoà quyện cùng tuổi thơ vẫn văng vẳng đâu đó trong đầu, trong tim.",,,
"Lâu nay nhiều người đi xe Đức/Âu/Hàn đều có quan niệm xe Đức/Âu/Hàn đi vài năm hưởng thụ rồi đổi xe mới cho nên không sợ chúng mau xuống cấp/hư hỏng. Quan niệm này đúng với những gì đang diễn ra với chất lượng thực tế của xe Đức/Âu/Hàn.Họ còn quan niệm là không nên nghĩ đến việc bán xe khi xe Đức/Âu/Hàn nhưng trên thực tế thì lại lo lắng/u sầu khi bán lại chúng vì rất ít người muốn mua xe cũ Đức/Âu/Hàn.Mercedes A này đã 4 năm tuổi. Đây là cái tuổi xe mà đa số ai đi xe Đức/Âu đều mong muốn bán đi/bỏ đi...thì hà cớ gì bạn lại mang về để thay người chủ trước hầu hạ nó? 800 triệu là số tiền nhỏ với người này/lớn với người kia nhưng điều quan trọng bạn nên nhớ là người thông minh không bao giờ bỏ 800 triệu ra chỉ để tốn thêm công sức và tiền bạc để hầu hạ nó.Xung quanh tôi, tôi thấy ai đi xe Đức/Âu đều trở thành mẹ bỉm sữa xe Đức/Âu. Thân!",,,
"Chưa có ngành nào như ngành Y học 6 năm, cộng 18 tháng thực hành ở bệnh viện để được chứng nhận xin cấp chứng chỉ, giờ tiếp tục mất thêm tiền chứ không phải thêm chuyên môn mới được hành nghề?",,,
Không bằng cầm thú.,,,
"2 ông Sơn Tùng - Tên bất hiếu bớt sân si cái đi. Bale về lại đội bóng cũ tìm lại niềm vui chơi bóng, thế thôi.",,,
Đau xót quá! Vừa buổi học đầu tiên của năm học mới. Mong các con yên nghỉ,,,
"Trời ơi 2 tuổi đi còn chưa vững nói gì bơi, cha mẹ bận kiếm miếng cơm manh áo để các con tự chăm sóc nhau, thật tội nghiệp các con. Thiết nghĩ dù thành phố hay nông thôn, dù nghèo hay giàu thì con cái vẫn là tài sản lớn nhất, hãy để mắt đến các con, ngoài việc kiếm miếng cơm hãy tập thêm cho các con kỹ năng khác. Mong các con bình an!",,,
Vi rút COVID 19 thật sự khủng khiếp,,,
"Căn biệt thự này cũng chỉ bằng cái móng tay mà vị đại gia này chi ra thôi. Hãy tiếp tục quan sát xem ông ta sẽ bị ""trày da"" thế nào sau tai nạn vì tội ""mua bán trái phép hóa đơn"" này.",,,
Hồi trẻ các tuyến đường này là tuyến đi bộ của tôi rồi.,,,
Mua Toy khỏi cần lắp thêm gì nhé. Vì có lắp cũng bằng thừa,,,
"Cứ tưởng cuộc đời anh này sẽ tốt sau khi ra tù thì sau đó lại bị đi tù hix, người có tài đấy mỗi tội sử dụng không đúng cách thôi",,,
Thấy thật tự hào,,,
Thần tượng. Chúc anh hạnh phúc!,,,
"Tự do ngồi nhâm nhi cafe mới thấy ý nghĩa, công sức của đội ngũ y BS. Cám ơn các anh.",,,
"Bánh trung thu, bánh dẻo có thể làm kích cỡ vừa, nhỏ, to nhưng hình dáng không nên thay đổi quá nhiều, vì là truyền thống từ nghìn năm mà, đã là truyền thống thì phải có tính truyền thừa từ thế hệ trước cho thế hệ sau chứ không phải thế hệ sau biết rồi đột ngột thay đổi đến mức không ai nhận ra, nếu đổi mới hình dáng thì nên gọi là bánh 3D, hình heo, nhím, dâu tây, màu tím vàng xanh đỏ.... từ ánh nhìn đầu tiên, xin hỏi ai nhìn vào sẽ biết ngay đó là bánh trung thu? Xin lỗi, tính mình rất thích lịch sử, văn hóa, mình thấy rất nguy hiểm khi tết trung thu, bánh trung thu... trở nên xa lạ như vậy, có ông bố bà mẹ nào nghĩ đến sau này khi hỏi đứa con, cháu của họ giữa 2 cái bánh (hình động vật, hoa lá và bánh theo khuôn truyền thống) đứa trẻ vô tư trả lời hình động vật, hoa lá màu sắc kia là bánh trung thu mà thế hệ hơn nghìn năm trước đã làm?",,,
Tuyệt vời. Xin chúc mừng các bệnh nhân và đội ngũ Y Bác sỹ!,,,
"Cái hay của Bale là luôn toả sáng đúng lúc, đúng thời điểm. Bale không may mắn vì thể chất hay chấn thương nên không bao giờ đạt đến tầm của Ro và Si. Nhưng nếu so nhưng về hiện với Neymar thì khi Bale khoẻ mạnh còn toả sáng nhiều trận quan trọng hơn Neymar, kĩ thuật không bằng quả thì ăn đứt. Tất nhiên là trên tầm Hazard và phần còn lại. Chúc Bale luôn khoẻ mạnh mùa này. Cảm ơn Bale vì những đóng góp to lớn cho Real.",,,
Mức tiêu thụ xăng thì phải dựa vào các yếu tố: (1) Dung tích xi lanh. (2) Hộp số. (3) Khối lượng xe. (4) Kỹ thuật lái xe. Bạn không nên nhầm lẫn giữa hao mòn và hư hỏng. Đa số các xe đều có chất lượng như nhau nên xe chỉ bị hư hỏng khi gặp sự cố mà thôi.,,,
Atp tuyệt vời; luật là luật. Cố lên các tay vợt; giờ thì biết tại sao nole thành lập PTPA rồi đấy. Làm tốt lắm atp.,,,
Covid đang là lúc để mua vào vì giá rẻ. Nhưng bán ra hoei khí thời điểm này. Để 1 vài năm nhất định giá bds sẽ lên,,,
Xe Việt Nam vẫn quá đắt và đường xá thì quá kém,,,
"Mang gì cũng được, chỉ mong cậu đừng mang cái khí chất golfer từ Real sang Spurs là mừng rồi.",,,
Nước nào cũng phòng chống dịch quyết liệt như Việt Nam thì Covid-19 không còn xuất hiện trên thế giới nữa rồi. Tự hào quá Việt Nam ơi!,,,
Sao không về Penunited để sút pen ghi bàn lập kỷ lục hè?,,,
Thời gian đã quên anh mất rồi,,,
Nghe thì cũng mừng nhưng cộng đồng đông đâu có xét nghiệm hết nên vẫn phải cảnh giác.,,,
"Nhưng đóng ít thuế so với thu nhập khủng của doanh nghiệp thì bị xem là phạm pháp! Và sẽ rất dễ đối mặt với án tù, chứ ko hề đơn giản chỉ là đóng ít thuế! Thuế là quyền lợi và nghĩa vụ của mỗi công dân, vì vậy việc phải đóng theo đúng với thu nhập là nghĩa vụ.",,,
"Hay, nên phạt những hình phạt đau đớn về thể xác như vậy cho nhớ đời trước khi ngồi tù.",,,
Đau lòng quá thương các con,,,
Máy bán ô tô tự động. Giống máy bán nước ngọt tự động nhỉ. Họ giàu và uy tín quá mà,,,
Nền công nghiệp giải trí HQ thì áp lực lắm . Cường độ công việc cao kèm với bê bối tình dục,,,
Mới 17 tuổi mà có máu côn đồ thế này rồi.Một phút lầm lỡ cả đời ngồi tù.,,,
"2,8 tỷ : 1,6 tỷ mua bất động sản ( nhà , đất , ...) , còn 1,2 tỷ bạn nên suy nghĩ đầu tư gì có lãi suất ngắn như kinh doanh , đầu tư cổ phiếu ( ưu tiên các mã Ngân Hàng , cty công nghệ ... nếu mua bđs , nên mua khu vực giáp Long An vì kinh tế khu vực miền tây đang được hỗ trợ nhiều : các dự án cao tốc điểm đến đều chỉ hướng khu vực miền tây .",,,
Cũng chưa chắc do mẹ đâu mà có thể do bà nội hay bà ngoại đó. Chứ mẹ chắc cũng ớn món đó lắm,,,
1 câu : mua,,,
Attrage đi bạn . Bản AT khoản 500tr biển số tỉnh . Chạy rất ok . Kiểu dáng đẹp và hàng nhập thailand . Mua vios chỉ được bản thấp MT .,,,
Trẻ em như búp trên cành......,,,
"Mật độ xây dựng khu đường này quá dày, giao thông tê liệt dẫn đến tình trạng ô nhiễm không khí môi trường cao. Những lúc thế này ra ngoại ô sống là sướng nhất.",,,
"Thi, thi nữa và thi mãi để lấy các loại chứng chỉ. Bao giờ mới hết cảnh này nhỉ.",,,
Chúc mừng các con. Cố học giỏi và đạo đức phải tốt nữa nhé,,,
"Xe nào cũng được, trừ thùng tôn di động ra là được. Cá nhân tôi thì vẫn thích i10 hơn.",,,
"""trong đó, có hai người là vợ chồng, cùng 36 tuổi, chuyển viện từ Khánh Hòa ngày 24/7. Người vợ đang mang thai 19 tuần"" đang thai kỳ cần phải ăn uống đầy đủ thì lại đi ăn chay làm gì, nếu ăn chay hãy mua loại rau củ thực phẩm tươi về mà chế biến không nên tin vào loại thực phẩm chế biến sẵn bán trên mạng để không rước họa vào thân.",,,
"Mỗi khi đọc bài liên quan đến người lớn đánh trẻ con là tôi rất ghét, còn trường hợp cha mẹ mà bạo hành chính con ruột mình thì tôi càng không muốn tha thứ.",,,
KIA Soluto AT Deluxe 2020 giá niêm yết: 455.000.000 đồng,,,
Nhiều tiền để làm gì? ==>> nhiều tiền để mua đất,,,
"Đó chỉ là trên lý thuyết thôi tại vì Bayern không muốn gặp Bà xã ở Vòng bảng đâu. Con mồi ngon như thế này thì phải nuôi cho "" Béo"" rồi mới thịt, ít nhất thì cũng phải tứ kết gặp là đẹp lúc đó mới ghi danh sử sách",,,
Khúc ruột miền trung. Thương lắm:(,,,
Sinh vật khổng lồ hiếm hoi,,,
"Mua xe gì cũng được, trừ Toyota ra",,,
"Ở nông thôn muốn nuôi con mèo bắt chuột cũng không thể vì cứ nuôi lớn ( đến độ có thể thịt được ) là mất , thủ phạm đa phần là cùng thôn xóm, họ dùng bả, bẫy ... nạn chuột hoành hành không dám dùng bả vì nó chết ô nhiễm nặng .",,,
"Tốt rồi, cầu thủ chuyên nghiệp phải đc thi đấu. Nhưng về với Mou thì cubgx thành hậu vệ thôi",,,
Phải yêu cầu từng địa phương tuyên truyền thu hồi loại thực phẩm chứa chất cực độc này chứ? ?Không phải mọi người dân đều có cơ hội đọc hiểu trên báo!!,,,
Cảm ơn !Những con người tuyệt vời.,,,
"nhà e cũng đang chạy dịch vụ con soluto bản deluxe, số tự động đây, nội thất sang, ghế da, rộng nhìn sang hơn nhiều so với ghế nỉ, vừa dễ bám bụi vừa nóng, bí bác ạ",,,
Nhìn chân đẩy coi bộ dễ cho bệnh nhân chỏng đầu xuống đất quá!,,,
"Không nên mở thêm nhiều như thế sẽ không hiệu quả. Phố Bùi Viện được hình thành từ phố Tây nên nó có lượng khách quen của nó, phố Nguyễn Huệ là nơi tổ chức sự kiện nên thu hút nhiều đông đảo người dân nhất nên có thể lấy làm trung tâm, nếu mở thêm phố Lê Lợi và Hàm Nghi thì có thể chấp nhận vì nó tạo thành vòng kín kết nối với Nguyễn Huệ, nhưng nếu mở thêm phố Đồng Khởi, Thi Sách, Thái Văn Lung thì tính hiệu quả không cao, vì Đồng Khởi chủ yếu là trung tâm thương mại, nhà hàng khách sạn, trong khi văn hóa phố đi bộ lại gắn liền với quán gia đình, vỉa hè, hàng rong là nơi đông vui và dễ tiếp cận chọn lựa với mức thu nhập bình dân đây là văn hóa đặc trưng của phố đi bộ trên thế giới nó không chỉ đơn thuần để đi bộ mà là nơi một đứa trẻ vẫn có thể mua món mình thích, Thái Văn Lung và Thi Sách trông rất lạc lõng trong vòng kết nối tâm lý là mọi người sẽ đổ về nơi đông vui trung tâm Nguyễn Huệ nên 2 đường này sẽ không thu hút nhiều khách do quá lạc lõng đều này dễ nhận thấy ở khác hội chợ và chợ xuân khi các khu trái đường hoặc riêng lẻ thường khô không có đông khách tham quan vì ai cũng muốn đi thuận đường do đi bộ là khá mệt tâm lý là thuận đường và đông vui.",,,
KHÔNG BAO GIỜ ĐƯỢC CHỦ QUAN KHI THẾ GIỚI VẪN CÒN DỊCH !,,,
"Giới trẻ giờ bị nghiện đt mục đích không phục vụ học tập, ý thức kỉ luật chưa cao. Tôi không hiểu mấy quan nghỉ gì mà cho HS mang theo?",,,
"Gặp bầy cá voi sát thủ thì ""mập"" xác định về với ông bà. May sao nó ko thích ăn thịt người.",,,
"Tài xế xe bồn, Ben, Cont, khách, tải Việt Nam là vậy họ không biết nhường đường hoặc chịu thua xe nào phía trên. Tỉnh ngộ lại đi cánh tài xế à, đua để nhiều chuyến đến lúc có tai nạn thì khổ người dân khổ cả chính mình và gia đình. Sống mà ích kỷ chỉ biết kiếm lợi về mình thì cũng không có hậu đâu.",,,
Hay lắm,,,
Thật vinh dự được sinh ra trong thời đại M10 . Được xem và chiêm ngưỡng anh đá .Cảm ơn anh vì a xuất hiện,,,
Đọc bài báo rất là hài ở câu cuối.,,,
Ôi chạm vào món yêu thích của tôi rồi.,,,
Tuyệt vời!,,,
Vn dập dịch rất tốt.Đúng như chỉ đạo cũng như sự hợp tác của người dân.Hi vọng thêm một lần nữa chứng minh cho các nước khác thấy khả năng đối phó các tình huống nguy hiểm quan trọng.Cơ hội đầu tư nước ngoài và dịch chuyển đầu tư sẽ có lợi nhất cho VN.,,,
"Dù sao chăng nữa thì smartphone ( điện thoại thông minh ) vẫn chính là bản thu nhỏ một chiếc máy tính có kết nối internet. Ủng hộ việc cho phép học sinh sử dụng thiết bị thông minh từ điển bách khoa điện tử này vào việc học tập, chỉ lưu ý là phải có sự cho phép của giáo viên trong những trường hợp cụ thể ví dụ như trong mỗi câu hỏi, việc giải đáp, khoa học mới, phép tính, bài văn, lịch sử, địa lý . Đây chắc chắn là điều cần thiết để nâng cao kiến thức khoa học !",,,
"Em thấy các phụ huynh bảo phải đi học thêm ngoài con mới theo kịp được. Con em năm nay 5 tuổi, ham chơi, nên tiếp thu chậm. Em phải ra hiệu sách mua bộ cánh diều cho bé làm quen trước. Con nhà người ta học 1 năm thì con nhà em phải học 2 năm.",,,
"Bảo hiểm gì khi nằm viện mà thanh toán cũng bị gây khó dễ, như tôi đây bị sốt cao co giật, đi cấp cứu, xet nghiệm không rõ nguyên nhân, hạ sốt xong theo dõi họ bảo tôi về. Do chưa rõ nguyên nhân nên không cho đơn thuốc gì hết, do chỉ cấp cứu vài tiếng nên không phải là nhập viện nên không có giấy ra viện. Đến lúc cầm hóa đơn đi thanh toán BHYT thì đòi giấy ra viện, không có thì mời anh về. Cầm hóa đơn sang bảo hiểm, ôi thôi lại đòi đơn thuốc, không có mời anh go. Mua 2 cái bảo hiểm mà không được bên nào thanh toán, nghĩ nó cay cú làm sao. Mình đâu có đi xin.",,,
Trẻ con hiếu động là thật nhưng mới có tí tuổi đầu mà cắn con nhà người ta như thế thì nên xem lại cách dạy dỗ con của quý phụ huynh ạ. Thường thì cha mẹ là tấm gương cho con cái noi theo mà.,,,
"Nhìn mặt 2 cậu này trông ""xinh trai"" ghê, thế mà có gái mê, lạ thật",,,
Việc chặn đứng được số ca tử vong và chuyển nặng là một thành công lớn của ngành Y Việt Nam. Kinh nghiệm này cần được đúc rút như một bài học quý cho việc điều trị của ngành Y Việt Nam sau này !,,,
Nhật bản hay Đức đắt nhưng lại là RẤT Rẻ,,,
Rồi từ vụ nhỏ giờ loài ra vụ lớn luôn. ,,,
"Chúc mừng messi , cũng là 1 cái cúp mà",,,
Ai chỉ em cách chia động từ với ạEm không chắc lắm về nóEm cảm ơn mọi người rất nhiều ạ!,,,
"Khi đang bay hết nhiên liệu hoặc động cơ hỏng, gặp phải lóc xoáy, bị chim đâm, bị trụt rút tay, bị ngất do bay lên quá cao không có oxi để thở, lái sai dẫn tới đâm vào chướng ngại vật, bị trúng tên lửa xD . Giải pháp cho tương lai. Có lồng che chắn. Al lái điều khiển khả thi hơn",,,
"3 tỷ bạn nên chọn mua nhà rồi cho thuê lại sau này nếu lên giá thì bán ( vừa có lãi vốn vừa có dòng tiền) . 3 tỷ giờ không khó để lựa chọn nhà phù hợp, cần tìm căn nhà có vị trí và tiềm năng tăng giá sau này chứ không phải căn nào mua cũng được ( KD bđs hơn nhau ở chổ biết mua và bán đúng lúc, chứ không phải ai mua BĐS cũng điều có lời)",,,
"Đúng là mỗi thời mỗi khác, mỗi thế hệ có những thị hiếu khác nhau. nhưng mà âm nhạc bây giờ cứ như thế này bảo sao các cô gái chỉ thích yêu bad boy",,,
10 gia tộc thì đã có 6 gốc Hoa.,,,
"Ở nhà cháu ngoan lắm, gia đình gọi toàn tắt điện thoại.",,,
"Làm cho 2 người chết trong tức tưởi, gia đình 2 nạn nhân sống trong khổ đau, mất mác, hụt hẫng...mà chỉ bị tù 2 năm 6 tháng thì sợ chi không chơi tiếp, giống đi nghỉ dưỡng thôi!",,,
"Trong khi cấp trên thì luôn luôn nói là chương trình không nặng. Chẳng lẽ nhà trường và giáo viên đang dạy sai chương trình của bộ. Mình đang có con học lớp 1, muốn khóc luôn vì chương trình. 3 tuần 3 bài thi: 1 bài tìm hiểu Đan mạch, 1 bài vẽ ô tô mơ ước, 1 bài vẽ hà nội. Học đọc thì phải biết đọc trơn, học viết thì phải viết được câu dài 2 dòng. Quá bức xúc!",,,
Chỉ có 30 tháng tù với 2 mạng người,,,
bài bình luận phân tích tổng hợp quá hay và sâu sắc! cảm ơn tác giả,,,
"Câu hỏi thiếu dữ liệu để có thể đưa ra câu trả lời hợp lý. Gia đình bao gồm bao nhiêu người? Có trẻ em không, bao nhiêu tuổi? Có quá to cao không?",,,
"ngoài mấy bài các bạn kể trên thì mình còn nhớ bài "" những mùa dấu yêu"" của Đan Trường rất dễ thương, gợi nhớ tuổi học trò",,,
Chúc mừng Messi đã vui trở lại. Đầu tuần vui vẻ cả nhà Fan Bóng Đá,,,
"Bạn cần 4 chỗ hay 7 chỗ, có 400tr mua xe sao phải mua xe cũ nhỉ.",,,
"Quá nhiều em không theo kịp, con tui học trước 1 năm mà thấy đuối.",,,
"Nếu tôi là một trong ba cô giáo kia, tôi sẽ làm mọi cách để bảo vệ trẻ dù có đưa lưng cho phụ huynh kia trút giận",,,
"Với túi tiền khoảng tầm trên dưới 500 triệu thì bạn có thể chọn cho mình 1 chiếc xe sedan ưng ý như sau:1. Suzuki Ciaz 2020 (giá lăn bánh khoảng 570 triệu. Ưu: Thiết kế hiện đại, đẹp, rất sang trọng, tiết kiệm nhiên liệu, động cơ bền bỉ. Nhược: Mất giá khi bán lại xe cũ, phụ tùng thay thế khan hiếm, cao)2. Nissan Sunny XT-Q 1.5AT (giá lăn bánh khoảng 550 triệu. Ưu: Thiết kế hiện đại, đẹp, sang trọng, tiết kiệm nhiên liệu, động cơ bền bỉ. Nhược: Mất giá khi bán lại xe cũ, phụ tùng thay thế khan hiếm, cao)3. Mitsubishi Attrage 2020 Full (giá lăn bánh khoảng 530 triệu. Ưu: Thiết kế hiện đại, đẹp, tiết kiệm nhiên liệu, động cơ bền bỉ. Nhược: Mất giá khi bán lại xe cũ, phụ tùng thay thế khan hiếm, cao)4. Toyota Vios 1.5E 5MT (giá lăn bánh khoảng 570 triệu. Ưu: Thiết kế đẹp, cân đối, tiết kiệm nhiên liệu, động cơ bền bỉ, bán lại xe cũ ít mất giá, dễ bán, phụ tùng thay thế dễ tìm, giá rẻ. Nhược: nhiều người chê là thùng tôn).Nói chung, các hãng xe đều có điểm ưu và điểm nhược, đẹp với người này nhưng lại xấu với người khác. Vì vậy, nếu bạn thấy xe nào đẹp, ưng cái bụng thì mua thôi. Mua 1 chiếc xe mới của 1 trong 4 hãng xe Nhật nêu trên để sử dụng gia đình thì bạn đi trong 10 năm, số km đi được là 150.000 km, bảo trì bảo dưỡng tốt, không bị tai nạn, ngập nước thì xe không bị hư hỏng bất cứ 1 thứ gì ngoài thay lọc gió, lọc dầu, lốp và 1 số linh kiện lặt vặt rẻ tiền khác. Vì vậy, bạn yên tâm mà mua xe mới để sử dụng.",,,
"nếu so với attrage thì soluto ổn hơn về thiết kế đó bác, cục máy 1.4l. Đi lâu dài thì cứ 1.4 cho chắc",,,
"Tôi đang hy vọng ông ấy thắng cử, nhưng có vẻ như sẽ nhọc nhằn cho Trump đây.",,,
Diễn viên Quốc tuấn là một người cha tuyệt vời chúc hai bố con mạnh khỏe hạnh phúc,,,
"Già quá, cô đơn quá thì cho nó ra đi. bà con dòng họ, bạn bè, con cháu lần lượt ra đi hết rồi sống cũng ko có ý nghĩa gì nữa. hic..chắc thế.",,,
"Người lớn đánh người lớn đã là tội hình sự rồi, người lớn đánh trẻ em tội nặng thêm...Phải xử tên côn đồ này cho thật nghiêm.Cô giáo thì chỉ có thể phân xử cho 2 đứa con nít chứ sao có thể phân xử cho tên côn đồ được. Việc để một tên côn đồ được vào lớp học là lỗi của cả hiệu trưởng, và hệ thống bảo vệ của trường, tại sao chỉ có cô giáo chịu trách nhiệm !",,,
"Đúng là kẻ cắp gặp bà già. Khâm phục cụ quá, chúc cụ luôn mạnh khoẻ.",,,
"Tuổi trẻ tài cao mà ăn nói khiêm nhường biết bao""Tôi sẽ tiếp tục làm việc, và HLV là người quyết định. Tôi sẽ tập luyện chăm chỉ. Nếu có cơ hội, tôi sẽ cố gắng tận dụng""...",,,
"Số bài kiểm tra giảm thì áp lực hoc thi sẽ nặng hơn, nếu trươc kia bài này điểm thấp thì có bài kiểm tra khác để gỡ, còn bây giờ mà lỡ 1 bài thấp là hết gỡ gạc. Đưa thêm ngoại ngữ thì áp lực lại nặng hơn nữa nhất là với học sinh nghèo. Riêng giáo viên công việc lại thêm phần vất vả, chấm điểm thì dễ chứ nhận xét rất khó và mất thời gian. Nếu đã cắt phụ cấp chấm bài của giáo viên thì cũng đừng bắt giáo viên thêm cực, lương có nguy cơ giảm mà việc lại tăng.",,,
Fan trump không bao giờ chịu chấp nhận sự thật. Tranh cãi với họ càng tốn thời gian.,,,
Ôi quê hương nuôi sống ngàn đời,,,
"Cũng chỉ là lý thuyết thôi, nếu thực tế như vậy thì chẳng có kẹt xe",,,
Thật dễ thương. Hy vọng chúng sẽ phát triển nhiều hơn,,,
"tôi chỉ thắc mắc ở bài tập toán , nhiều câu hỏi rất dài các cháu chưa đọc được đề bài và ko hiểu gì thì các cháu làm kiểu gì vậy ?",,,
Cha nào con nấy,,,
Cám ơn Vnexprees xem rất thích những phần như này.,,,
"Đang có rất nhiều khe hở trong giao dịch ngân hàng , vậy nên làm cách nào khác tốt hơn và an toàn hơn cho mọi đối tượng khỏi bị mắc oán vì nợ nần không đáng có ,",,,
Số ca nhiễm bệnh dịch nCoV chưa đạt 20tr thì chưa dừng lại,,,
"Quá hay, AI mà áp dụng vào trong điều tiết giao thông thì giá trị hiệu quả nó mang lại là rất to lớn.",,,
Mình cứ tưởng lại phải bắt báo mẹ thả xuống cho nó gặp,,,
"Giữa cái nút thắt như vậy mà để tiến độ tới 18 tháng, mình không làm trong xây dựng cầu đường nên không rõ. Nhưng sao không học các nước phát triển họ giải quyết công việc giao thông nội đô như thế nào? Khu vực khác thì cứ kéo dài vài năm không sao, chứ vị trí này cần rút xuống 1/3 đến 1/2 thời gian phải hoàn thành. Chủ đầu tư cần phải đưa ra tiến độ cần để nhà thầu đáp ứng chứ cứ bôi ra 18 tháng thì người dân đi qua nút này không biết vất đến mức nào trong thời gian thi công.",,,
"Đúng là diễn viên ""đa số"" trên màn ảnh và ngoài đời.... na ná nhau!",,,
Nếu Đi không ra tay thì sau này ai nói Thạnh không giết Đi . Côn đồ vẫn là côn đồ còn có súng nữa rồi trong 11 năm đó ai nuôi con anh Đi,,,
"Tôi đọc mà ko biết chuyện gì sảy ra nữa.đau buốt ruột,mình cug có con gái tầm ấy tuổi mà hình dung ra cảnh như vậy đau lòng quá",,,
"Ngoài lý do như chiến lược linh hoạt trong tiếp cận - chuyển từ chở khách sang chở hàng hóa khi có dịch - trong 4 hãng thì cả 4 đều nằm ở trục bay Đông Á sôi động và nối chuyến đẹp, với các sân bay hub quá cảnh số lượng đông như Đài Loan (Eva và China Airlines), Seoul (Korean Air và Asiana airlines), các chuyến bay sang Mỹ - Canada đa phần chọn dừng nối chuyến tại đây, Hongkong hoặc Narita nhật bản.",,,
"ko hỏng vặt tiết kiệm xăng thì attrage là lựa chọn số 1 rồi 4,5l còn ít xăng hơn sh150 , nhưng đi cẩn thận chứ xe hơi mỏng và ít an toàn",,,
Bayern gợi lại ký ức đó đó nữa rồi. Theo tôi đây là hành động cố ý.,,,
Mes không thẻ xa Bar. Xa là chìm luôn kéo theo cả clb nào mua Mes.,,,
"Trump bảo thủ trong việc đeo khẩu trang, tuy nhiên đó là lợi thế trong cách ông ấy làm kinh tế. Nước Mỹ sẽ hùng mạnh dưới bàn tay của 1 người làm kinh tế giỏi như Trump. Hãy chiến thắng Bin!",,,
"Nhiệm kỳ 2 bao giờ cũng là sự tiếp nối của những gì nhiệm kỳ 1 đang dang dở. Giờ mà đưa thông điệp khác ra là không nhất quán với thông điệp xuyên suốt của ông Trump, hơn nữa có thể làm ông mất điểm vì tư tưởng không nhất quán và phe đối lập sẽ nhạo ông ""sao mà lắm thông điệp thế?""",,,
"Người nuôi chó đau khổ biết bao nhiêu, mong là luật mạnh tay hơn và mọi người đừng ăn thịt chó nữa thì không có chuyện đau lòng",,,
Rất tiếc nhiều phân đoạn đã bị lượt bỏ khi kiểm duyệt nhưng bộ phim rất hay đối với những bạn trẻ dưới 30 có lẽ sẽ không được như kỳ vọng vì bộ phim không có những lãng mạn diễn viên không là minh tinh điện ảnh phim nhìn về cuộc sống SG với một góc độ khác khiến người xem phải suy ngẫm,,,
"Yên tâm đi Beo, vì anti CR7 các Cules VN sẽ dùng cậu làm tốt thí và săn sàng gom góp tèn trả lương cho cậu ^_^",,,
"Điều kiện khá giả, ko chạy dịch vụ, mua phục vụ bản thân gia đình thì mua Fadil, lại được tiếng yêu nước, chốt Fadil đi. Đừng nghe fan Nhât-Hàn chém gió, mệt.",,,
Bình thường!,,,
Lần này thì ông xem nó như cúm mùa không nhé. Mong ông khỏe,,,
"Cần tăng cường các biện pháp tuyên truyền rầm rộ hơn nữa để thu hồi hết các sản phẩm đã bán ra thị trường, đảm bảo cho sức khỏe nhân dân",,,
Men rượu vào rồi thì sao ko nóng nảy. 2 bên nặng lời là lao vào nhau ngay ,,,
Cái này khác gì trực thăng. hay máy bay cánh quạt cỡ nhỏ. Bao giờ con người loại bỏ được yếu tố cánh quạt cho các phương tiện như này thì mới mong có taxi thật thụ để đi.,,,
Xem xong chóng hết cả mặt,,,
"Đợt rồi mình cũng có thuê xe chạy dịch vụ, đã từng chạy qua cả 2 chiếc, theo cá nhân m thấy Attrage cảm giác đi phố thì ngon chứ đường trường thì máy yếu chứ ko bốc như Soluto. Trong phố thì ngang nhau",,,
Trên thế giới dịch Covid-19 bắt đầu đi vào giai đoạn kết thúc. Các nước đang tập trung phục hồi nền kinh tế. Chúng ta cũng bắt đầu mở lại đường bay. Sang năm sẽ có Vaccine và thuốc. Cuộc sống sẽ trở lại bình thường.,,,
Nhạt nhòa quá,,,
"Soluto bác ơi, tư thế ngồi lái của soluto thoải mái và tầm nhìn tốt . Volang nhẹ hơn .. chay taxi cả ngày volang vậy cho dễ lái, khoang hành lý cũng rộng rải",,,
"Lần này hy vọng Hùm Xám sẽ nhẹ tay hơn, 1 bàn tay nhỏ là được.",,,
"Ko sắc bén nhưng vẫn ghi bàn phải không. Thực ra thì sở trường của g7 là lệch cánh vì anh thuận chân trái, vị trí đó messi đang chơi. Baraca nên mua 1 tiền đạo to con chơi trung phong làm tường hallang hay Lukaku phù hợp. G7 cho chơi tiền đạo trái còn messi dự bị cho g7",,,
Hãy dồn phiếu cho TT Trump. Xin cám ơn,,,
Quá đẹp,,,
"Đúng là rất khó phân biệt. Mình rất thích uống bia Sài Gòn, dạo này uống phải bia nhái nên cứ bảo sao bia Sài Gòn uống không ngon nữa. Mong cơ quan xét xử làm thật nghiêm vụ này để bảo vệ sức khỏe người tiêu dùng và bảo vệ các công ty làm ăn chân chính.",,,
"Thương các con quá!! Trẻ con hiếu động, nhất là ở quê, đứa lớn trông đứa nhỏ cho ba mẹ đi làm, lúc bé tui cũng vậy thôi!! Đáng trách ở đây là cha mẹ chủ quan quá, ko cảnh báo nguy hiểm và trang bị kiến thức phòng thân cho con (cảnh báo chỗ nào nguy hiểm, việc gì ko đc làm... nhưng mà làm theo hay ko thì tùy đứa à! hồi bé t cũng nghịch lắm, may ông bà phù hộ!). Nhưng mà hy vọng các ba mẹ chú ý con nhiều hơn, các bé ý thức nguy hiểm hơn! thiệt sự luôn!! :-/",,,
"Lại pen hôi à, vậy thì đâu có tính, phải không culi?Bên kia cũng không tính pen hôi, nhưng có 1 bàn bật cao đánh đầu gỡ hòa, kiếm 1 điểm trong thế đá 10 người trên sân khách. Kể ra thì cũng chưa đến mức vạ, hôi, ăn hại nhỉ?",,,
Máy bay điện hạn chế ở quãng đường ngắn .,,,
Cám ơn các anh rất nhiều !,,,
Những thành phần làm bại hoại xã hội. Đề nghị có biện pháp thật mạnh tay. Đi tù cải tạo xong về phạm tội tiếp cũng như ko.,,,
"Đọc tiêu đề tưởng ý thức tốt, không ngờ cũng có tranh giành nhể.",,,
"Cải cách cái kiểu gì.Mẫu giáo thì không cho viết,vào lớp 1 thì chạy đua với con chữ, sách thì vừa giáo khoa lại có sách bài tập.Mang cái cặp giống như mang balo hành quân, con về nói mà nghe xót, con mang cặp nặng quá mà ngã ra té luôn.",,,
"chỉ sợ bây giờ trẻ em có nhiều sự lựa chọn lại không đón nhận bộ truyện này, nếu chỉ có tác dụng sưu tầm cho các 8x-9x đời đầu thì thật đáng tiếc :(",,,
Chim tu hú ở VN đây mà.,,,
Chúc Bôm nhiều sức khỏe. Khâm phục ý chí của anh Tuấn quá.,,,
"Năm nào cũng cải cách, học nhiều quá riết tụi nhỏ bị khủng hoảng tinh thần luôn, cấp 1 thì chỉ bắt đầu tập đọc, viết, tính toán đơn giản thôi, quan trọng phải cho tụi nhỏ phát triển thể chất, rèn luyện kỹ năng sống. Học cho lắm môn vào rồi cuối cùng có vận dụng dc vào cuộc sống đâu.",,,
Em đi qua thật nhé thôi nhé ,,,
Sao cứ là Nhiệt Ba mà ko phải Khắc Tư. T thích Khắc Tư chụp khắc tư đi.,,,
"Cuộc đua xếp hàng mà không ai muốn dẫn đầu, sợ quá. Mong sao sớm ngăn chặn được",,,
Các bạn dừng lại đi! Toàn hành động của những cái đầu nóng!,,,
"Có ba chiếc Lunar Roving Vehicle đã được sử dụng để chở các phi hành gia hoạt động trên mặt trăng trong ba sứ mệnh Apollo 15 (1971), Apollo 16 (1972), Apollo 17 (1972). Hiện nay các vệ tinh đang hoạt động trên quỹ đạo mặt trăng có thể quan sát được ba chiếc LRV này tại Hadley-Apennine, Descartes và Taurus-Littrow, ba địa điểm mà Apollo 15, 16, 17 đổ bộ.",,,
Cám ơn các bác sĩ. Các bác sĩ quá giỏi.,,,
"HLV làm nhìn thật dễ dàng, trong khi mình làm thấy khó quá!",,,
Mình bán vé máy bay. Thấy người hàn quốc họ mua vé thì họ chọn hãng kore của họ chứ họ k chọn hãng khác mặc dù giá cao hơn gấp đôi. Mình mong người Việt mình cũng dc như thế thì nước mình mới vững mạnh dc,,,
Giám đốc gì mà kỳ vậy???,,,
"Việc chia hạt giống như hiện tại còn nhiều bất cập, chỉ nên lấy 5 đội vô địch giải hàng đầu châu âu, nếu thiếu thì xét điểm thành tích trong vòng 5 năm trước. chứ chia kiểu này năm nào zenit, porto nằm hạt giống số 1 nhưng đều bị loại sớm, thậm chí không qua vòng bảng. nếu các đội yếu lọt bảng này nữa thì bảng đấu chẳng có gì đáng xem",,,
Với 300tr khéo bạn còn mua được xe đời cao hơn ấy chứ,,,
"Trump dương tính mà cả thế giới khủng hoảng, chứng khoán tuột dốc, USD giảm giá,... xin ông sớm bình phục",,,
"Chung quy cũng vẫn là do người tặng phải tìm mọi cách để gây ấn tượng với người được tặng thôi. Hải sâm, trứng cá tầm, vi cá,....có cái đắt nhất thì cũng đã nhét hết vào rồi mà người được nhận cũng chẳng thiết tha, kg thèm ăn thì thôi làm cái vỏ cho sang để mong phần nào thể hiện dc cái đẳng cấp vậy.",,,
Thấy mê thật. Ước gì được gặp nó 1 lần.,,,
Há miệng chờ trê.,,,
"Khổ phải chạy thử đi fadil là tốt nhất phân khúc rồi ,về mọi mặt .",,,
Mong đồng bào Miền Trung vượt qua khó khăn này !!!,,,
Cái này để xây nhà lấy ánh sáng vào nhà mà không sợ có nhiệt nóng của mặt trời tác dụng như nhà bê tông cốt thép được đấy ạ.,,,
Hí hí sắp được phê rồi,,,
thời điểm này có nên đi du lịch đà nẵng hội an chưa mọi người.,,,
"một ông bố tuyệt vời, chúc anh và con anh có nhiều sức khỏe",,,
Nên xử lý hình sự cho tới nơi tới chốn,,,
"Nhờ trump mà các công ty lớn như apple , intel , Qualcomm , chuyển phần lớn dây chuyền sản xuất về vn , tạo ra hàng chục nghìn công ăn việc làm",,,
"Với kinh nghiệm vô địch giải Golf Madrid open, hi vọng Bale sẽ truyền khí chất đó tới Tottenham. Tôi tin bạn sẽ làm được!",,,
"Bão vào khu vực giữa Quảng Bình và Quảng Ngãi, vùng tâm bão cắt ngang qua Huế gần Đà Nẵng. Thương quê vợ quá",,,
Biết rằng giết người là trái pháp luật. Nhưng cái cảnh bật đèn pha ( nhiều khi là đèn ánh sáng trắng ) Tôi cũng bức xúc và cũng nổi cơn khi bị ánh đèn chiếu thẳng và mặt. Sao không thấy phạt những người này....!?,,,
"Cố gắng bình tĩnh, bám sát chương trình để giúp con vượt qua những khó khăn ban đầu, sau đó là tự học. Chẳng ai ngồi kèm được cả 12 năm học. Đó là lý thuyết mình nắm rất vững, nhưng thực hiện được thì cũng khối lần đau tim! Dù sao kiên trì từng bước thì giờ cũng tự giải phóng bản thân dần dần rồi!",,,
"Cũng là đại diện từ tây ban nha ra đấu trường châu âu mà sao sevilla, real, atletico madrid đá sòng phẳng với các ông lớn như thế, còn barca thì năm nào cũng kết thúc bằng một tỉ số vùi dập.",,,
Thật đáng buồn,,,
"Tốn tiền và ko hiệu quả, hãy chờ xem",,,
"Có thể chiếc xe đã mất phanh, thấy đèn hậu đỏ nhưng xe vẫn lao đi",,,
"Xin mọi người hãy cho chúng tôi có cơ hội được về dù có xét nghiệm ,cách ly bao ngày cũng được . Hàng 100 nghìn người làm ăn tha hương xứ người mất việc ,không chốn lương thân rồi đã và đang sống dở chết dở .Cha Mẹ đau ốm ,sinh ly ,tử biệt ngậm ngùi ,sợ sệt trong vòng túng quẫn.",,,
Em này dê thương hém ! Cố gắn bơi đúng đường ! Tránh lac vào biển japan hay china nhé .,,,
"May là nó không nhảy lên như cá heo, không là có film kinh dị ngoài đời thật rồi ;V",,,
Nên gởi tiết kiệm lấy tiền lãi đi Grab chứ ko nên mua 2 xe này.,,,
Răng to bằng quả chuối thật khủng khiếp,,,
"Hợp lý, họ cống hiến, giúp đỡ trong 60 năm qua, thật tuyệt vời tinh thần Cuba.Quá xứng đáng!",,,
Thế tóm lại là Vaccine vẫn còn đang thử nghiệm hay đã được chấp thuận rồi?,,,
"nên giảm đóng BHXH,VAT để cứu DN lỗ nặng. còn thuế thu nhập là doanh nghiệp đã có lợi nhuận rồi.",,,
Trộm chó rõ là không ra gì. Nhưng để trộm được nửa tấn chó trong một đêm thì chắc chắn là do các hộ gia đình thả rông rồi,,,
Quan trọng là cô ấy được Ronaldo lựa chọn.,,,
các ao dạng này thường được đào bằng máy xúc. Rất sâu nhưng thành thì bằng phẳng và không có bậc để vịn lên. Người lớn không biết bơi mà rơi xuống còn khó thoát chứ nói gì đến các em nhỏ.,,,
Cầu mong thế giới bình an!,,,
Nếu gặp lại thì Bayern sẽ không thể tái hiện chiến thắng hủy diệt 8-2 nữa Barca bây giờ không còn vận hành lối chơi Coca-Cola và đốt lưới nhà nữa rồi. đừng hòng mà bắt nạt Bayern nhớ.,,,
"Đen thôi, đỏ vẫn thế. Các bạn khi bắt cá dưới ao mà có cá to cỡ 4-7 kg thì nên cẩn thận, đừng đùa. Một cú vọt lên mặt nước mà vào trúng mặt thì xác định luôn.",,,
Quá thiếu sót khi thiếu tên mình. Ka ka ka,,,
"Con chưa về được, ba mẹ ở nhà giữ sức khoẻ nhé.Nhà mình ở Quảng Trị ( Huyện Cam Lộ ) tâm bão luôn. Thấy lo lắng",,,
"đánh giá là ""Siêu nặng"" thì mới chính xác, hihi :( con em đi học ở trường cả ngày (học bán trú), tối về vẫn phải làm bài tập, đó là chưa tính đi học thêm 1 phút nào, hic hic",,,
"Từ cuối mùa năm ngoái đến giờ chẳng ghi nổi 1 bàn ngoài trái trên 11m dành Fati (à 11 m không tính) nên chỉ ghi 1,2 bàn ở giao hữu thôi. Nhìn Rô kìa, về phá kỷ lục quốc gia, châu Âu cú dup vơi Roma và ghi 5 trận liên tiếp tới bây giờ",,,
Nghiêng mình khâm phục trước nghĩa cử cao đẹp của các em!,,,
"Có con nhỏ , đọc tin thấy xót xa quá",,,
Vì đâu mà nên nông nỗi này?,,,
"Tôi không phải là người trong ngành nhưng tôi nhận thấy những việc làm thiết thực của bác sĩ hết sức quan trọng, đặc biệt nhất là thiết kế mũ trùm đầu con vịt thực hiện thành công chuyến chở 200 người ( phần lớn có số người đã bị nhiễm dịch covid 19 ) từ guinue xichdao - ở châu phi về nước an toàn cho cả phi hành đoàn và đội ngũ y bác sỹ. Đây mới là một thành quả đáng tự hào cho VN trong công tác phòng chống dịch covid 19 và phát triển kinh tế của nước ta trong đại dịch và cũng có thể là mô hình để thế giới học tập để thực hiện.",,,
"nguy cơ bùng phát dịch luôn thường trực, nhưng lại để cho các quán bar, vũ trường tụ tập đông người. nên có biện pháp quản lý hay các quy định chặt chẽ hơn với loại hình kinh doanh này",,,
Bài thơ sau khi được phổ nhạc đã nâng giá trị lên tầm cao mới,,,
Mong vacxine từng ngày.,,,
"Không nên cho phép sử dụng điện thoại thông minh trong lớp học vì nó khiến học sinh bị phân tâm không chú ý bài giảng của giáo viên.Chỉ khuyến khích học sinh sử dụng vi tính tại nhà để tra cứu,bổ sung kiến thức các môn học",,,
Lại mất phanh...,,,
Chúc mừng con đã có 1 gia đình! Ngoan hay ăn chóng lớn con nhé!,,,
Tương lai ấn độ vượt mỹ là có thật,,,
"Rất dễ hiểu, mong các bác giao thông phạt đúng chứ đừng chơi chiêu khiến người vi phạm hoang mang là được",,,
lời giải thích vô lý thế nhỉ....,,,
"Tôi đề nghị cơ quan chức năng hãy mạnh tay trấn áp nạn bốc lột sức khoẻ, sức lao động của trẻ em để đi ăn xin vì nhu cầu của người lớn. Không chỉ trong trường hợp này. Hãy trả lại tuổi thơ và niềm vui cho các con",,,
"Hồi SV, có tấm hình trên báo dán trên tường KTX hình Hiền Mai, ngắm hoài luôn !",,,
chỉ sợ ông không ra trường đc.....,,,
"Người dân Mỹ sẽ biết họ cần ai !Mong ông Trump chiến thắng, ",,,
"Thêm chút tiền nữa mua Ertiga limited 7 chỗ số tự động mà đi cho sướng, tội gì lấy 2 con sedan chật hẹp này.",,,
"Xl7 thục dụng hơn , st đẹp hơn !",,,
Gia đình này suy nghĩ ngộ thiệt,,,
Nhắc đến FE credit là thấy sợ rồi,,,
hên cho một chiếc xe chạy chưa tới,,,
Vậy tổng hình phạt là bao nhiêu năm nhỉ?,,,
"Cái gì cũng có giới hạn của nó, ai biết sau 'tuần trăng mật' là gì !",,,
"nên cấm thực phẩm bán online, vì không ai quản lý dc chất lượng và hàng nhái. Thực phẩm là thứ ăn trực tiếp vào cơ thể nếu ko đảm bảo sẽ rất nguy hiểm và khi bị nạn cũng khó mà kiện dc nơi cung cấp.",,,
Biết nói gì hơn.,,,
"Cái này là mắc nợ 10 kiếp nè, chắc nhịn ăn cả ngày cũng không nuôi nổi.",,,
cuộc thi tìm kiếm nhân tài cho ... nước ngoài ^_^,,,
"Đơn giản tiết kiệm cho khách sạn nhưng cũng phải chắc chắn ngăn được dịch, bài toán nan giải, mong các cấp lãnh đạo của chúng ta tìm ra cách",,,
"Sau khi cách ly 15 ngày mới dương tính (sau khi lần 1 âm tính), thế mà dự định chỉ cách ly 6 ngày!!! Như vậy chẳng khác nào chơi trốn tìm với Covid?! Nguy hiểm quá! Khẩn xin cơ quan xem xét lại và kéo dài thời gian cách ly tập trung tối thiểu 14 ngày cho dân đỡ lo.",,,
Điểm nhấn lớn nhất là Fati ăn mừng theo kiểu của Ronaldo.,,,
4-2 cho bayem,,,
Quản lý tốt việc nhập cảnh là ổn,,,
Lại thêm một con quỷ đội lốt người.,,,
Kia morning nha bạn,,,
"Mọi người, nhất là trẻ em ở nơi có ao hồ, sông suối... bắt buộc phải học bơi và cách xử lý khi có người rơi xuống nước",,,
"Bây giờ ở đâu cũng rải thuốc trừ cỏ, thuốc sâu. Vẫn còn cá đồng là dân ở đó hạnh phúc rồi",,,
Đầu tư cái máy sục khí có đáng bao nhiêu tiền đâu. Thời buổi này mà cứ làm ăn phụ thuộc vào tựnhiên thế này thì chết,,,
Khi bị đặt vào tình huống sinh tử thì sinh vật nào cũng có thể làm được điều phi thường.,,,
Cuộc thi kiểu này hay đấy,,,
Tất cả xe mới ở thị trường Mỹ đều có nút mở cốp từ bên trong và còn có phát sáng. Tránh trường hợp bị vô ý kẹt trong đó hoặc bị bắt cóc.,,,
Nhật bản là một siêu cường châu á mà không có gia đình nào góp mặt nhỉ.,,,
"Câu cá mà bị cá húc chết, sợ thật.",,,
Không ai đeo khẩu trang cả,,,
"Ngoài bắc thì gió mùa đã về, trẻ con quanh khu m ốm hàng loạt",,,
Nói chung đàn ông mà ăn mặc hoa hoét lòe loẹt thì có xu hướng thiên về nữ tính.,,,
"Mình có cơ hội được trải nghiệm đi nhiều loại xe bao gồm cả xe sang, nhưng phải công nhận em Fadil tuy nhỏ nhưng đi rất em chắc chắn khá bốc... chạy thử 130km/h cảm nhận êm hơn Prado.",,,
"Bộ phim này coi vui lắm, vui đây không phải phim hài mà cái vui nó nhẹ nhàng đến má tối toàn xem cải lương, coi phim này xong chuyển sang phim Hàn luôn",,,
"Người khổng lồ đi tiên phong với to nhất A380 và nhanh nhất Concorde nhưng cả 2 dự án tiên phong đã không hiệu quả nay mong rằng không ""quá tam ba bận"" dự án máy bay Hydro sẽ thành công mỹ mãn .",,,
Nếu Schalke có Si trong đội hình thì đã ghi được 2 bàn danh dự. Vì hậu vệ BM sẽ chủ quan khi mải nhìn Si đi bộ vuốt râu.,,,
Khắc phục cũng chỉ mang tính tạm thời và khó có thể đưa về tình trạng trước khi cao ốc kia được xây dựng. Thật đáng tiếc.,,,
"Sau khi xem xong phim Ròm, mình có nhiều lớp ý nghĩ, tựa như Ký Sinh Trùng vậy. Kết thúc của phim hơi khó chịu vì nó để mở quá nhiều, nhưng nếu suy luận hoặc nhập tâm vào bộ phim thì đó sẽ là một kết thúc mở khá có hậu cho Ròm, khi Ròm lên 1 chuyến xe, 1 hành trình sáng sủa hơn của cuộc đời sắp tới. Thấy thương cho những người nghèo, những cậu bé sống vất vưởng bên rìa xã hội phồn hoa, tình cảm gia đình, tình cảm hàng xóm. Vấn đề cờ bạc, đề đóm có thể ở TP không sôi nổi như vùng quê, nhưng mình đã từng có trải nghiệm trong vấn đề này, chung cư cũ đó là 1 xã hội gói gọn của các con đề, nơi họ sẽ làm nhiều thứ để ra được ""lòng tin"" vào 1 con số. Mình rất thích các góc quay của phim, rất nghệ thuật và có chiều sâu (tuy 1 số chỗ chưa được mượt lắm). Mình mới xem tối qua, nhưng sẽ sắp xếp để đi xem lần nữa",,,
"Video hay quá, chúc quan hệ 2 nước phát triển và bến chặt hơn nữa.",,,
"nước mỹ còn có trump vị trí số 1 vẫn thuộc về mỹ . 1 bước đi giải quyết được quá nhiều việc .đòi lại công ăn việc làm cho người dân mỹ , tránh được việc bỏ trứng chung 1 ổ .... thế giới tránh được việc phụ thuộc vào trung quốc",,,
Qua cơn bỉ cực sẽ tới hồi thái lai. Mong con được bình an khôn lớn!,,,
Mình cũng rất thích giọng ca và cách diễn khi hát của Đan trường.Chuc ĐT nhiều sức khoả nhé,,,
"Đeo khẩu trang bây giờ cũng là mốt, khẩu trang vải có màu xanh đen, đen sẽ phù hợp cho người có cá tính, mặc đồ bụi bụi, đeo khẩu trang vào nhìn cũng thời trang phết. Nếu biết phối nhìn sẽ rất đẹp.",,,
"Trên này nhiều người chỉ nói nhưng không có khả năng mua xe nên tôi khuyên thật lòng bạn như thế này : Nếu bạn ở Hà Nội thì hãy dành 2h đồng hồ ngồi cafe ở bất kì con phố nào có thể quan sát tốt đường phố . Bạn hãy đếm tỉ lệ 2 xe này trên đường rồi quyết định mua , người tiêu dùng thực sự là những người thông thái nhất . Năm 2015 tôi ngồi trên Tràng Tiền và đếm trong 2h có 18 xe Fortuner đi qua và không thấy e Santafe nào ,tôi quyết định mua e Fortuner và dùng đến bây giờ !",,,
"Thật thương tâm, ai là người chịu trách nhiệm?",,,
Chúc mừng sinh nhật con gái. Nhìn bé có tố chất của 1 ng mẫu tương lai,,,
""""" Nếu phụ huynh có con học lớp 1 năm ngoái rồi năm nay lại có con học lớp 1 sẽ dễ có tâm lý so sánh, từ đó đánh giá chương trình nặng, nhưng thực tế không phải vậy """". Trường hợp đẻ năm 1 và học sinh ở lại lớp cũng có nhưng ít, hiếm. Nhưng mà mình thấy đa số phụ huynh đều nói chương trình nặng",,,
Thu nhập của D. Trump thấp nhỉ.,,,
Hỏng biết có ai kiểm nồng độ không mà đi lạc nguy hiểm quạ!... Chúc mừng Ông!,,,
Mỗi lần đọc tin mới nhất về Trúc Nhi và Diệu Nhi là tôi lại thấy vui. Mong 2 con mau xuất viện. Nhìn 2 con rất đáng yêu.,,,
Lúc nào có thông tin về 2 con cô củng chạy rất nhanh để vào đọc . biết được 2 con ngày càng hồi phục khỏe lại Cô mừng lắm. Cảm ơn Các Y BS đã đồng hành cùng con trong suốt thời gian qua. yêu 2 con nhiều,,,
Có lẽ mình đang bị trầm cảm mùa đông rồi. Hichic. Tâm trạng chán ghê. Chắc phải lang thang 1 mình xuống biển 1 phen :'(,,,
"Con tôi học phờ phạt, chương trình không phải nặng mà cực kỳ nặng,  khi xưa có nặng thế này đâu mà tôi vẫn biết đọc biết viết",,,
"Đề nghị pháp luật tước luôn quyền làm cha mẹ, cho đi tù mọt gông,giao bé cho trung tâm bảo trợ xã hội nuôi,để e còn được ăn học và ko bị bạo hành, đọc mà đau lòng quá, thà ko có bố mẹ còn hơn, chứ như vậy bé sống ko có tuổi thơ luôn",,,
có kỹ năng may thoát hiểm,,,
Biden nói rất đúng trong lần tranh cãi vừa qua...,,,
Quá nhiều kẽ hở ! Cũng do 1 phần những người vay vốn toàn thích đi lối tắt cho nhanh nên dẫn đến hậu quả .,,,
"Liverpool đội hình 2 toàn sao ,một phần thua do chủ quan cơ hội nhiều hơn arsenal, ngược lại arsenal kiên cường cộng thêm may mắn.",,,
Nhìn hai cái mặt này đã thấy bất nhân rồi,,,
Đá cho vui mà cũng cần thay hlv à? Khó hiểu thật,,,
Ố PEN KÌA !,,,
Vẫn phải chấp hành tuyệt đối việc đeo khẩu trang không là nước ta vỡ trận đó vì đợt này mở bay quốc tế rồi nên không thể tránh khỏi nguồn bệnh lây vào nước ta. Thật,,,
Thật kinh khủng! Cầu mong con bình an!,,,
"Mèo nhà đa số làm kiểng, lười nhớt thây! Gặp chuột cỡ này chui vô chăn bỏ trốn là cái chắc! Giờ phải nuôi Linh miêu, chó săn, cú, đại bàng hay những loài mê thịt chuột mới hy vọng tiêu diệt chúng!",,,
"Bài hit thì vô khối:- Giai đoạn 1998 - 2001 tôi nhớ nhất ngoài siêu hot Đi Về Nơi Xa, Bước Chân Lẻ Loi và Phiêu Du là Còn Lại Một Mình, Tình Quay Gót, Hôn Môi Xa, Cuộc Tình trong Cơn Mưa, Bóng Dáng Thiên Thần, Kiếp Rong Buồn, Đợi Chờ Phố Xưa, Email Tình Yêu, Biệt Khúc Chờ Nhau, Chờ Trên Tháng Năm. Các bài song ca với Cẩm Ly. CŨng đừng quên Dòng Máu Lạc Hồng- Giai đoạn 2002 - 2003: Dòng Sông Băng, Tình Khúc Vàng, Đêm Tình Yêu, Lỡ Hẹn- Giai đoạn 2004: Mãi Mãi Một Tình Yêu, Sao Đổi Ngôi, Nắng Sân Trường, Anh Phải Làm Sao, Chim Trắng Mồ Côi- Giai đoạn 2005 - 2006: Con sóng yêu thương, Trăng Vỡ, Nội Tôi, Anh Vẫn Đợi Chờ- Giai đoạn 2006 - 2009: Thiên sứ tình yêu, Hát ru tình yêu, Cắn Môi Tình Còn Đau, Lời Xin Lỗi- Sau đó: Ngôi Sao Bay, Ước Mơ Ngọt Ngào, Liên khúc Chuyện Ba NgườiVề sau phong độ anh xuống nhưng cũng vớt được Yêu Nhau Bao Lâu, Biển Người Nhân Gian, một số ca khúc dân ca như Anh Ba Khía, Ngốc Ơi...Nói chung nhiều lắmCá nhân tôi thấy Bước Chân Lẻ Loi, Phiêu Du, Hôn Môi Xa là 3 ca khúc đẹp nhất",,,
"Người ta giỏi thì mình cứ công nhận, dù cho đó là công việc hay chuyên môn j, tại sao phải tìm tòi chê bai để hạ thấp khả năng người khác chứ",,,
Há miệng chờ sung là có thật,,,
Không biết ông ấy có phải bieu hiện của bệnh Alzheimer không?,,,
"400 triệu thì thêm vài chục triệu nữa mua xe dòng hạng B của Nhật như Nissan Sunny, Vios cho nó lành",,,
Quá hay rồi. Muốn được xem chiếu rạp :),,,
đua không??? Tommy said !,,,
"Tuổi trẻ thích thể hiện, máu yên hùng, hơn thua. Có hơi men nữa càng nguy hại. Gây họa rồi thì tàn cả cuộc đời!",,,
"Mấy Bác mua xe Nhật là rành mấy món này lắm, vì 99% mua xe là đưa đi lắp ngay phụ kiện, ngoài 4 cái bánh xe với 5 cái ghế ra chẳng có gì cả,",,,
Phải tính thêm cho Si QBV WCup nữa chứ là 7 QBV hơn Rô 2QBV,,,
Chúng ta cần kiểm soát chặt chẽ hơn ở các vùng biên giới đường bộ. Covid có khả năng tăng cao vào cuối năm thời tiết trở lạnh nên ko đc chủ quan.,,,
"Đã từng có khoảnh khắc này giờ nhìn lại ước gì mình cũng tham gia vào,1 kỹ niệm đẹp",,,
Không biết có đường dây nóng để tố giác hoặc báo cáo khi người dân có nghi ngờ về việc chăn dắt trẻ ăn xin không nhỉ?,,,
Đơn giản là tam giác đó không nằm ở hệ qui chiếu trái đất...khi đứng trên trái đất quan sát tam giác từ khoảng cách xa vài trăm năm ánh sáng thì tam giác chỉ như hạt cát nhưng diện tích thật có thể lớn hơn thái dương hệ.,,,
Tất cả các nhà hàng cần phải cung cấp nguồn gốc thịt chó. Nếu không thì phạt thật nặng vào cứ phạt vài trăm triệu vào là xanh mắt ngay.,,,
"Hãy giúp họ xử lý hậu quả? Hãy cảnh tỉnh các cơ quan chức năng, các đại lý phân phối. Hãy vì chính mình, vì cộng đồng. Cần phải có chế tài hình sự cho các hành vi vi phạm an toàn thực phẩm. Hậu quả của nó vô cùng nặng nề nếu cứ buông lỏng như hiện nay.Ví dụ điển hình là các quầy bày bán bánh trung thu dựng bằng lều bạt ngay ngoài đường giữa trời nắng nóng liệu có an toàn ko???",,,
"Việc thiếu một tiền đạo sắc bén thực sự là vấn đề của Barca. Ôi mẹ ơi, mình có đọc nhầm không.",,,
"Chặt vây cánh của Si, tăng cường hàng thủ, củng cố chất Hà Lan...hy vọng sớm thành công",,,
"cái này dễ mà. giả sử tồn tại 1 tam giác có diên tích lớn theo công thức s=1/2 chiều cao nhân độ dài đáy,mà chiều cao thì rất nhỏ suy ra độ dài đáy rất lớn. suy ra góc đối diện gần bằng 180 suy ra 2 góc kia rất nhỏ suy ra cạnh đối diện 2 góc rất bé. MÀ ĐƯỜNG CAO VẼ TỪ GÓC BÉ ĐẾN CẠNH BÉ ĐỐI DIỆN SẼ RẤT LỚN. TUI NGHĨ VẬY MẤY BẠN VẼ THỬ LÀ RA",,,
"Em đi vios 2020 e, ngon bổ rẻ, atrage em chưa biết",,,
Về là dính. Cứ thế mở bay quốc tế. Nản thật.,,,
cứ thế mà lam không bàn thêm gi nữa,,,
Ác quỷ chứ không phải người nữa.Đừng coi người nghiện là bệnh nhân nữa!Đã dính vào ma túy thì mua bán và sử dụng đều là tội phạm.,,,
"Mong khoa học phát triển nhanh chóng cho nhân loại khổ đau nhờ. Cám ơn đội ngũ y tế ! Chúc cả nhà may mắn, thắng lợi !!!",,,
"Họ nghi ngờ không phải là điều xấu, có khi cứu được tính mạng của rất rất nhiều người nếu có sai sót trong đó.",,,
Một bộ phim rất hay và còn nhận được giải liên hoan phim tại Busan ấy vậy mà cục điện ảnh định cấm công chiếu! Thật không thể hiểu nôi?,,,
Cho dù thế nào thì Messi cũng xứng đáng được Barca tạc tượng. Chúc cậu mọi điều tốt lành!Tôi fan CR7.,,,
Tuyệt vời Việt Nam ơi! Mong là sẽ kéo dài mãi!,,,
"Vios thua thiệt về mọi mặt , chỉ lợi thế về biệt danh thùng tôn thôi !!!!",,,
Xin Bão Nuol hãy chuyển hướng và từ từ giảm cấp độ nhé.,,,
Xin chân thành cảm ơn Bác sĩ Nguyễn Trung Cấp cùng toàn thể những người đã tham gia chống dịch mang lại sự bình yên cho xã hội!,,,
"Có phải vì ổng tên Dunlop mà bây giờ cái phần cao su bánh xe đó được gọi là ""lốp xe"" không nhể",,,
200 tr bạn nên mua toyota wigo 2018 hay 2019 cũ lướt số sàn nhé nó thực sự bền . Đừng mua i10 hay mon nó hay hỏng vặt và đời thấp đây mất thời gian trật chội lắm,,,
Bão đi xuống phía tây nam thường sẽ rất mạnh vì vùng biển ở đây sâu và ấm hơn. Cầu mong mọi điều bình an cho mảnh đất miền Trung.,,,
"Covid thì không riêng gì chính quyền Trump mà Ý, Anh, Pháp... cũng vỡ trận. Nói gì thì nói nhưng thành quả mà nhiệm kỳ Trump đạt được không thể chối bỏ!",,,
Uống vẫn ngon như nhau !,,,
Nhìn thực tế thấy chưa có tổng thống nào dám nói dám làm như ông Trump.Và nước Mỹ giàu mạnh trở lại.,,,
Nên có một hình thức phạt xứng đáng cho những kẻ dùng ma túy này thôi.,,,
Hóng bình luận của ai kia,,,
"Cái này cules sẽ sướng âm ỉ cả tháng, bất chấp việc idol của họ bị biến thành quân cờ trong tay kẻ khác nè hihiii ...",,,
Nghĩ đến dàn máy tính để render là đã ùi....,,,
nặng hay nhẹ thì cô giáo mới biết. chỉ mong sao học sinh ko phải học thêm mà vẫn nuốt trôi cả cuốn sách.,,,
"Nếu duy trì việc áp thuế cao sẽ từ từ dịch chuyển, Chính sách thuế sẽ ngấm và dịch chuyển từ từ, Nhưng chắn chắn về lâu dài thì sẽ chuyển dịch cư cấu sản xuất. ",,,
Hài hước nhỉ ?,,,
"Theo e thì cứ xe mới mà quất. Ngày xưa ck e k nghe e đổi 3 lần xe lần t4 là e k nghe theo e quyêt vay mượn thêm ít đổi xe mới. Xe cũ 9 năm rồi đi thời gian k hỏng cái nọ thì hỏng cái kia. I10 đi cũng thoải mái lắm bác, vừa giá tiền nữa",,,
Cả đời chắc có một lần,,,
"Ấn Độ có nhân công giá rẻ trình độ cao, các ngành công nghiệp phụ hơn hẳn các nước nhỏ. Do vậy các công ty lớn sẽ chọn Ấn Độ là ưu tiên số 1.",,,
Giảm số lượng bài kiểm tra chứ không phải bỏ nhé. Chỉ có Văn và Toán giảm còn các môn khác hầu như không giảm,,,
Có nhiều cha mẹ coi con như cục vàng nuông chiều quá nên dẫn tới sẵn sàng ăn hiếp bạn khác. Nhưng khi động đến con họ thì họ sẽ làm ầm ĩ lên,,,
Chúc mừng Con đã trở lại với Cuộc đời. Vui quá !!!,,,
Mỗi một sinh mệnh mới sinh ra là một món quà tuyệt vời của tạo hóa!,,,
Chẳng thấy hay gì cả.,,,
"Mình ấn tượng với 2 bàn thắng của Bale trong các trận mình xem đó là bàn thắng vào lưới Inter tại cúp Châu Âu và bàn thắng vào lưới BC tại trận chung kết cúp Nhà Vua TBN. Tốc độ, mạnh mẽ và quyết đoán có lẽ là những phẩm chất đặc biệt của cầu thủ này, tuy hiện tại không còn phong độ đỉnh cao như trước nhưng với tư cách là ngôi sao quay trở về nơi đã tạo nên tên tuổi của mình, mình hy vọng bộ ba Kane - Son - Bale có thể tạo ra một hình ảnh mới cho chú Gà trống, mạnh mẽ và có thể cạnh tranh một vị trí trong top 4.",,,
Chạy đâu cho thoát tên đồ tể,,,
"Lây nhanh hay không phụ thuộc vào ý thức người dân, sự quyết liệt của chỉnh phủ, sự chung tay của cộng đồng. Thực tế đã chứng minh, chỉ cần 1 cá nhân vô ý thức thì điều gì xảy ra các bạn đã thấy.",,,
"Đâu phải ai cũng có thời gian để cả ngày theo dõi, đọc/thấy tin cảnh báo chung chung trên báo, đài ! Loa Phường/Xã đâu ? Xe loa lưu động của Phường/Xã đâu ?",,,
"Những sai lầm liên quan đến lịch sử và văn hoá, không thể chấp nhận được.",,,
Đẳng cấp là vầy. Cống hiến tạo điều kiện cho đồng đội mới đem lại niềm vui chứ không phải bú sức đồng đội và cáu bẩn khi đồng đội ghi bàn.,,,
Người quen có chiếc xe ford focus AT 1.6 (hackback) năm 2012 chạy được 680000km còn bảo hành thân vỏ đến hết năm 2021. Cho hỏi giá bao nhiêu là đc?thanks!,,,
MAZDA2 Nhập Thai tiết kiệm xăng nhât phan khúc,,,
"Chỉ giỏi tự ái vặt lại thêm tính nhậu nhẹt nóng nảy !!!! ,,, rồi gây sự !!! Cạn lời !!!",,,
"Sáng thứ bảy,thấy các bé lớp 1đeo cặp đi học thêm, mặt vẫn ngây ngủ, tay mang thức ăn. Chúng ta đang đánh cắp tuổi thơ của các cháu, khi nào hết cảnh này thì giáo dục thành công",,,
"Vài hôm trước trên đường đi làm về bắt gặp một đoàn diễu hành cả hàng trăm chiếc xe, treo cờ chạy nối đuôi nhau ủng hộ TT Trump. Còn phía bên dưới sông thì tàu đậu kính cả một khúc sông cũng treo cờ Trump and Pence. Nhiều người dân cũng ùa ra ngồi hai bên đường reo hò cổ vũ. Cảm giác thật là phấn khởi.",,,
Sao ko phơi cá làm khô mà đem chôn uổng vậy?,,,
"Đầu tuần không ca lây nhiễm mới, chúc mừng đất nước ta...",,,
"riêng tôi chỉ mong Châu Phi đừng dính bệnh, họ đã đủ khổ rồi.",,,
"Xúc động rơi nước mắt. Mong từ nay con luôn bình an, mạnh khỏe và được yêu thương nhé thiên thần bé bỏng. Nhìn con lại nhớ đến em bé bị bỏ rơi ở hố ga, nếu được phát hiện sớm thì chắc nay bé cũng được sống rồi. Thương các con nhiều.",,,
Đoạn đó đã đi vào lịch sử! thế hệ ngày nay thấy vẫn tuyệt phẩm ...OK!,,,
"Pháo thủ đang dần dần tìm lại được chính mình, chúc mừng Arsenal.",,,
"Nên lập chuỗi sửa chữa điện máy, điện lạnh Thợ điện xanh. Hiện thợ, tiệm bên ngoài nhiều mà không biết ai uy tín, sửa được không hay vẽ thêm bệnh.",,,
Tuyệt vời trí tuệ Việt Nam! Xin chúc mừng các nhà khoa học ĐHBK HN và cộng sự!,,,
"Thời điểm Bale ra đi, tại sao fan Messi không mua về Bacerlona để đá Chung Kết C1, Cup Nhà Vua, Siêu Cup TBN để làm poker C1 gánh ""tạ"" messi như gánh Ronaldo nhỉ ?À quên Messi chưa tìm ai gánh Bale vào CK để Bale gánh lại.",,,
Nên giữ lại vàng.,,,
Loài vật thông minh nhất thế giới cũng mất kiên nhẫn với con Người rồi!,,,
Hi vọng không như mọi năm : đầu mùa đá rất bốc đến cuối năm lại trùng xuống và giai đoạn cuối thua tan tác .,,,
Trump sẽ thắng cử lần 2 kkk,,,
"Ngày xưa mình cũng đọc không sót tập nào, cùng với bộ Dragonball khi đó, ôi những năm 95-96 đầy kỉ niệm tuổi học trò... Giờ chắc chỉ cần nhìn tên tập là có thể hình dung được nội dung...",,,
"Hà không hề có mục đích xuyên thủng vỏ thép, nó chỉ tiết ra chất keo để bám thật chặt thôi, chính keo này làm hỏng lớp sơn chống gỉ sét, khiến vỏ tàu bị gỉ bởi nước biển. Một con thuyền bị hà bám đầy sẽ giảm tốc độ lên tới 50%. Bề mặt đá hà bám lởm chởm do vô vàn đời hà chồng chất lên nhau",,,
Làm tốt lắm .cẩn thận dịch vẫn có thể bùng bất cứ lúc nào .,,,
"Những trào lưu này chỉ như cơn gió, một thời gian nữa sẽ đi vào dĩ vãng thôi. Nhưng lâu lâu có cơn sốt lạ cũng vui mà, ẩm thực mà lâu lâu biến tấu chút cũng vui.",,,
"Ba diễn viên mỗi người một vẻ nhưng đều đẹp, cá tính, mạnh mẽ và quyến rũ. Phim hành động nhưng rất hài hước, 3 nàng đóng đinh rồi nên bản sau không có cửa so sánh.",,,
"Đã qua Mỹ du học thì cần gì phải thi IELT dành giật số điểm để làm gì, Anh văn chỉ là công cụ làm việc chứ không phải cái nghề cái nghiệp",,,
Họ hàng bên nội ở đâu ?,,,
"Việc Boeing dùng chiếc 747-8i làm mồi nhử là lời đồn đoán, và khi đó Boeing đã cho biết là thị trường cho máy bay lớn như A380 khá hạn chế nên họ không muốn đầu tư quá nhiều vào đó và chọn phương án phát triển từ mẫu 747-400. Nhiều chuyên gia tại thời điểm đó chế diễu Boeing sẽ chẳng làm nên chuyện gì cho một khung mẫu của gần nửa thế kỷ trước. Theo tôi, Airbus sẽ vẫn tiếp tục phát triển A380 cho dù có 747-8i hay không.Thất bại của A380 là trên phương diện thị trường với sự bùng nổ của hàng không giá rẻ. Bản thân nó là một kiệt tác về mặt kỹ thuật. Tôi vẫn thích bay trên A380 hơn A350 hay 787, và chiếc mà tôi thích nhất là 747-8i.",,,
Trừ khi tam giác trên được vẻ trên mặt cầu.,,,
Thay đổi như thế này chất lượng chắc cũng ko tốt hơn. Mà ko tốt hơn thì như cũ cho khoẻ,,,
Đúng là kiếm được miếng ăn không dễ dàng gì. Con vật cũng vậy phải lừa nhau để tồn tại,,,
"Tới 80% ánh sáng bị dội ra cơ mà, còn băng tan thì đầy quá thì nó phải tan thôi. Nếu nó cứ tích băng vào 2 cực thì nước đâu mà dùng. Nên nhớ, tất cả đều là quy luật của Vũ trụ, con người không làm thay đổi được đâu. Quả đất đã 5 lần đổi trục rồi cơ mà, lúc đó đã có con người đâu!",,,
Gia đình này đẹp quá. Tổng thống Trump nghe nói nuôi dạy con rất giỏi.,,,
Lấy lầm vợ phiền toái Cả cuộc đời,,,
Năm nay trường lấy điểm thấy vậy thì thương hiệu trường còn đâu nữa?!,,,
"Vâng, sao nghe nhiều người nói chó rất trung thành mà ta? Tôi nói cho các bạn biết cũng tùy con thôi.",,,
Miền Tây xứng đáng được đầu tư các tuyến cao tốc ngang dọc như vậy vì tiềm năng quá to lớn của miền đất này,,,
"nếu muốn tra cứu điện thoại thì về nhà, còn ở trên lớp hãy tập trung nghe giảng dạy và làm bài vì ở trường chỉ có mấy giờ thôi, còn bao nhiêu thời gian ở nhà cứ việc nghiên cứu bằng điện thoại không ai cấm",,,
"Quá nguy hiểm, tôi chưa hết ngỡ ngàng vì người chủ DN là bạn của tôi.",,,
"Dù S-300 cùi bắp nhưng vẫn khó tin nó bị tiêu diệt, đến những thứ lạc hậu hơn cũng có video bị phá hủy nhưng S-300 thì chỉ nói miệng và một video không có cái kết thì khó mà tin được.",,,
Hi vọng chuyến bay quốc tế về sẽ sớm mở. Các bác tính toán nhanh dùm.,,,
"Thật là nghị lực, Chúc anh và gia đình nhiều sức khỏe.",,,
"Tôi cũng mong Trump dù cho ông có rất nhiều điểm yếu, bác Biden hay nói sai và quá vụng về trong các buổi nói chuyện .",,,
Huyện hải lăng Quảng Trị là huyện có nhiều nhà vô địch nhất cả nước rồi. Tự hào người con hải lăng,,,
Mặc bộ đồ bơi bằng hình cá voi sát thủ thì lo gì cá mập,,,
Bão thì phải chịu thôi chứ có ai muốn đâu.,,,
Bs Tú Dung nói chuyện rất dễ thương chúc bs co nhiều sức khỏe,,,
"Dù có là bản nào mà không nêu bật được tài trí của Batman cũng vứt. Đâu phải ngẫu nhiên Batman được xem là đầu não của JL dù chẳng có siêu sức mạnh nào. Xem bản 2017, thấy cảnh Batman lao đầu vào cái đám Parademons mà chẳng có kế sách gì là thấy nản rồi. Thêm cái lối diễn xuất vô hồn của Ben Affleck nữa lại càng nản. Dù sao cũng là fan DC nên chỉ biết hy vọng ở tương lai.",,,
"Khâu kiểm soát người nhập cảnh khó nhưng vẫn khả thi và hiệu quả hơn phát hiện ra một người mang virus không biểu hiện triệu chứng đi lang thang và lây bệnh cho cộng đồng 100 triệu dân. không thể xét nghiệm được PCR cho toàn bộ 100 triệu dân ở bất kỳ một thời điểm nào nên sẽ có các đợt bùng phát tiếp nếu để lọt người nhập cảnh mang mầm bệnh.Chiến lược nhanh chóng xét nghiệm PCR và truy vết , phát hiện cách ly đủ 14 ngày trong phạm vi lãnh thổ là mấu chốt.Chỉ cách ly 5 ngày thì không đảm bảo, vì khoảng 1 nửa người mang virus hoặc nhiễm bệnh nhưng không có triệu chứng, chỉ phát hiện được bằng PCR, đến ngày thứ 14 lượng virus trên người mới nhân lên đủ số lượng để xét nghiệm PCR dương tính. Nếu cách ly hoàn toàn không đủ 14 ngày thì rất dễ có người mang virus ra cộng đồng gây ra làn sóng mới. Với người nhập cảnh, không thể dựa hoàn toàn vào cách ly tự nguyện tại nhà vì cách này không đảm bảo.",,,
"Tất nhiên mỗi người có một cái nhìn nhận khác nhau,để mà so sánh giữa hai xe này thì tôi lại thích con xe honda brio hơn.vì xe này rộng rãi hơn và chất lượng chắc chắn sẽ hơn hai xe kia.chúc bạn mua đc chiếc xe làm vừa ý cả nhà nhé.",,,
"Mất mát lớn quá, xin chia buồn cùng gia đình. Cần phải có biển báo với những chỗ nguy hiểm, không cho trẻ tự bơi một mình",,,
8-0 chứ không phải 8-2 nhá!,,,
Tôi đọc bài ít khi bình luận.Nhưng chưa thấy tội ác nào như thế này .Mong pháp luật trừng trị mạnh tay ...,,,
và đó cũng lần cuối cùng chúng ta thấy đưọc bạn Mũi Nắp...,,,
"Gớm đi nhiều mà vác con Soluto về để 2,3 năm nữa uống xăng hơn uống nc. Nội thất xấu hơn Attrage bản mới 20120, attrage rộng rãi, gầm cao, máy bé nhưng mấy dòng 1.2 với 1.5 chả chênh nhau hao nhiêu. Nói thật con soluto cái phần đuôi cũng xấu, mua xe A hay B thì đã là tiền hạn hẹp rồi, cứ đề cao tính thực dụng thôi. Vote Attrage nhé, xe bền, nội thất đủ option, gầm cao, ăn xăng như ngửi.",,,
Chúng tôi đang ở Bà rịa đang rất mong kết quả của các F1 với bệnh nhân đi nhật.,,,
Nữ sinh lớp 9 . hết ý.,,,
Tường San đẹp dịu dàng mà không chói loá,,,
"Đúng là khốn nạn, con nó mà nó không thương.",,,
"Riết thấy màu mè, sến xẩm, ai cũng có đỉnh cao của cuộc đời, khi mà đã xuống thì có gượng cũng không được vì sắc đẹp và tuổi tác không cho phép.",,,
Cơn bão này hại ngành điện lực rồi,,,
Ký ức lại ùa về!,,,
"Bác sĩ giỏi quá, chúc các bác nhiều sức khoẻ!",,,
Đau lòng quá. ,,,
Tiêm vắcxin xong phải ẩm về nhà theo dõi một hai ngày. Có khi vaccin nó hành sốt phải nghỉ học cả tuần ấy chứ. Các bố mẹ khác nên rút kinh nghiệm để tránh điều đáng tiếc với các bé.,,,
Cho lên đài truyền hình nhắc nhở đi chứ nhiều người không có thói quen đọc báo đâu mà biết,,,
Nhìn tấm hình thấy sóng mũi cay cay các bạn à!!!,,,
sao người dân vẫn ăn và người bán hàng vẫn chưa biết về thông tin đã có rất nhiều người bị ngộ độc vì sản phẩm này hay sao?,,,
"Bão àhHãy mang mưa vào Khánh Hoà giúp chúng tôi, chúng tôi cạn kiệt nước đã lâu lắm rồi. Làm ơn đi bão.",,,
"Fadil nha bạn, Vin sẽ không làm bạn thất vọng.",,,
"2asinx + 5acosx=26 và 2acosx+3asinx=17. trong đó a là cạnh hình vuông. x: góc của cạnh hình vuông và đường thẳng đứng ( góc quay ). tính được tanx=0,75 và a=5 Vậy tìm được: Chu vi = 140, Diện tích= 175",,,
Còn thiếu decal tăng công suất nữa kakaka,,,
"A truây thì thấy dừng đó họ nghĩ đi chơi. Vi ốt thì họ lại hỏi ""anh ơi đây đến đó bao nhiêu tiền?",,,
"Chắc Sư tử nó nghĩ ""Cắn từng đó có chạy trốn cũng chết, kg cần quan tâm"" nên chó mới có cơ hội chạy thoát.",,,
phấn đấu qua được 49 ngày là ok,,,
Mối quan hệ phức tạp quá,,,
"Hai chiếc rìu chiến, được xác định liên quan tới trận chiến ngày 15 tháng 7 năm 1410. Sự kiện ghi lại được từng ngày, vậy có thể xác định được vân tay, hoặc lấy mẫu ADN, sẽ xác định được danh tính của người chiến binh trong trận chiến này. Hậu duệ sẽ được nhận bảo bối của tiền nhân.",,,
"Nước ngập ít nguy hơn là nước chảy, Nhiều người cứ thấy nước chảy trên đường đi, chưa qua nửa bánh xe thì nghĩ ko sao, nhưng dòng chảy ở dưới mặt nước rất mạnh, nó cuốn trôi cả xe lẫn người là bình thường.",,,
Cần phải truy tố trách nhiệm của cty để ngộ độc hàng loạt người tiêu dùng,,,
"Trời phật, may mắn quá, chúc con 1 đời an nhiên",,,
"Vừa nhậm chức là Trump cắt giảm thuế cho các tập đoàn, góp phần tăng giá cổ phiếu nhưng cũng tăng thâm hụt ngân sách. Giờ thì coi Trump có dám áp thuế vào các tập đoàn này như đe dọa không. Trump nói là làm. Nhưng sau 2 năm thương chiến, TQ là nước lớn duy nhất tăng trưởng dương, Huawei chưa chết, thỏa thuận thương mại ""lịch sử"" của Trump thì không tới đâu và phải tái đàm phán.",,,
"HIỆN TẠI LÀ QUÁ KHỨ, TƯƠNG LAI MỚI LÀ HIỆN TẠI, SỰ KHIÊM TỐN LUÔN GIÚP NGƯỜI TA TIẾN XA, SẼ LÀ CHÌA KHOÁ THÀNH CÔNG CỦA NHỮNG NGƯỜI CÓ NĂNG LỰC THẬT SỰ, CHÚC MỪNG PHIM RÒM",,,
Cơm chiên khét,,,
Ngoài thị trường vẫn còn vô số thứ hàng hóa nhái kiểu như này vẫn tồn tại. ,,,
sao đỉnh vậy ta ,,,
Ai sẽ chịu thiệt hại về tiền của và công sức cho học viên đây? Nên thu hồi hoạt động giảng dạy của trường chứ sao thu hồi bằng của học viên? người đi học làm sao họ biết được lớp phù hợp hay không phù hợp.,,,
Keanu và Sandra Bullock ôi hai thần tượng của lòng tôi . Hâm mộ anh chị từ lúc được xem Speed . Mong rằng trong tương lai hai thần tượng của tôi sẽ được tái hợp trên màn ảnh lần thứ 3,,,
"Con cái chúng ta bây giờ chỉ có học, học, và học. Học chính, học thêm, học phụ đạo, học nghề, học trung tâm, học online. Thành phố nhỏ nơi tôi ở có rất nhiều em phải đi học thêm mỗi môn 2 giáo viên. Chạy từ 6h sáng đến 9h đêm. Về đến nhà không còn sức để tự học. Đầu óc thì lơ mơ, sức khỏe giảm sút, quá tội nghiệp cho các cháu luôn. Riêng thông tư 26 có nhiều điểm mới, bắt buộc các học sinh phải nắm vững kiến thức, không có chuyện học tủ hay sắp đến kì kiểm tra mới học. Đồng thời giáo viên cũng phải lên lớp một cách chuẩn chỉ, thực hiện đầy đủ mục tiêu của bài giảng theo đúng chuẩn kiến thức kĩ năng. Tuy nhiên, phần đánh giá nhận xét học học sinh sẽ rất vất vả cho giáo viên. Việc đưa môn Ngoại Ngữ có vị trí tương xứng với môn Toán và Ngữ Văn cũng có nhiều cái hay và đổi mới nhưng phải cân nhắc nhiều khía cạnh, nhất là công tác giảng dạy, điều kiện kinh tế, xã hội của các vùng miền hoàn toàn khác nhau.",,,
"Thêm 100tr Vios hoặc accent mới. K cố dc tiền thì cố kiếm xe cũ 2 3 năm tuổi là dc. Nhưng B thôi, A máy yếu đi đường trường phan thiết vũng tàu k nổi",,,
Nếu dương tính với ma túy thì hình phạt ra sao ....tui thấy không ít quán bar khi bị kiển tra thì toàn bộ khách đều dương tính ma túy...có phải chăng mức khung phạt cho tội này còn quá nhẹ không đủ sức răn đe?,,,
Cầu mong thế giới bình an!,,,
"Nói thế này để bạn hình dung nhé. Chúng tôi hay làm việc ở công trường, hôm nào thường xuyên đứng ngoài trời trưa nắng từ sáng tới chiều, thì 3 anh em công nhân uống tổng cộng gần 20 lít nước, vị chi mỗi người 6-7 lít, nhưng tuyệt nhiên là không đi tiểu tiện từ sáng đến chiều, vì nước uống bao nhiêu đổ mồ hôi hết bấy nhiêu.",,,
Cảm ơn chị Noul hiền lành dễ thương.,,,
"vấn đề là bài toán không nói đên hình học phẳng hay hình học không gian. nếu một tam giác bao gần trọn môt hình cầu bọc ngoài trái đất thì tổng ba đường cao của tam giác sẽ rất nhỏ trong khi ""bụng"" nó bao toàn bộ quả đất.",,,
"Gà công nghiệp mà cữ dệt thành thiên nga... có thay bao nhiêu HLV bao nhiêu ngoại binh vẫn vậy thôi. Sức lực, tài năng có 5 mà cữ tưởng là 10 rồi đổ lỗi tại HLV, tại Tây... vậy mà Tây HAGL thải ra đá như lên đồng khi về Hà Nội, tây đá cho SLNA là trung vệ hay nhất vleague 2019 về HAGL đá như gà mắc tóc, HLV của TP HCM bây giờ năm ngoái giúp TPHCM á quân, năm nay đang vị trí thứ 3...bao nhiêu ví dụ đó các nói lên 1 điều duy nhất: Năng lực có vậy mà tung hô lên thành siêu nhân nhưng lại không biết chấp nhận thực tế.",,,
Nhìn voọc đẹp ghê,,,
"Tầm giá như nhau thì cứ em nào ưng mắt chọn thôi bác. Mình thấy seltos giá vậy mà bị cắt option quá. Kona cảm giác vẫn đầm, chắc lại an toàn, ngồi yên tâm hơn.",,,
Báo chí đã khuyến cáo ngừng sử dụng rồi mà chắc họ không biết nên vẫn cứ ăn.,,,
Nam mô A Di Đà PhậtNguyện cầu con luôn được mạnh khỏe bình an thân tâm.,,,
"Văn minh, niềm tin, cùng có lợi!",,,
"Xưa đến giờ không hứng thú với các phim remake nhưng lần này lại khá háo hức đón xem. Có vẻ hay, từ bài hát do Hoài Lâm hát, đến cậu bé nhân vật chính lúc nhỏ, dàn diễn viên có vẻ khá đạt.",,,
"Tội phạm giờ ngày càng tinh vi, hy vọng các ngành chức năng quản lý tốt cho người dân yên tâm.",,,
Giải bằng kiến thức lớp 6 đi các bạn ơi,,,
"Đôi khi ngồi quán trà đá nghe thấy một số thanh niên nói về chuyện đi câu mèo để làm bữa nhậu... Không những câu mèo còn câu chó, bắn chim... Thật buồn.",,,
"Em có trực tiếp xem con Seltos bản Luxury.Ngoại thất đẹp, nội thất so với Kona thì kém sang trọng hơn rất nhiều, Kona thiết kế nội thất tinh tế hơn và họ làm kỹ hơn 1 bậc.Do gầm cao, kích thước chiều ngang bằng nhau Kona nên chiều rộng ghế hẹp hơn Kona.",,,
Mấy trò ma manh sau khi bị khui đã làm các thánh cuồng xe Đức tỉnh giấc.,,,
Nhìn bà là biết cao thủ rồi!,,,
Trump chỉ là một người đàn ông ko biết nhận sai trong sai lầm của mình,,,
M(2+8) quá tuyệt vời nhỉ ?,,,
Tôi thấy họ xứng đáng giải thưởng này hơn bất kỳ ai.,,,
"Chỉ mong các nhân viên y tế thường xuyên phải tiếp xúc với bệnh nhân, nhất là ở các bệnh viện lớn được xét nghiệm định kỳ để phát hiện sớm người nhiễm covid-19 vì họ thường là F1 (lây từ bệnh nhân) nên dễ truyền sang F2 là những người bệnh khác, như vậy mới đỡ bị lan rộng trong cộng đồng.",,,
Cần phải có hình phạt nghiêm khắc với người sử dụng ma túy mới mong giảm bớt vấn nạn này.,,,
Đành tự an ủi nghèo mà yên bình thôi,,,
"T sẽ chọn Fadil vì :Kiểu dáng ngoại thất đẹp hơnMáy khoẻ đi đầm bốc hơn ,nhiều trang bị an toàn hơnGiá xe đang đc ưu đãi cũng rất hợp lýchi phí bảo trì cũng hợp lýỦng hộ thương hiệu VN !!!",,,
"Nhà tôi cứ nuôi to là mất, trong đó có một con khôn ngoan khi mất cả nhà ngẩn ngơ nhớ nó tháng trời.",,,
"Nhân tài hiếm có cần được đào tạo có bài bản và phải thực tế, mong là đừng có bị ngộ chữ. Nhiều thần đồng siêu nhân đặc biệt lắm nhưng đến khi ra đời cống hiến thì chẳng làm được gì",,,
nhìn các cháu người lớn quá so với tuổi.,,,
"Bầu Đức thu gọn Hội đồng HLV của bầu Đệ, tạo nên phiên bản Đồng HLV này đấy à?Xét tất cả hành động của ông Đức từ lúc đôn lứa U19 lên V.League (lứa U19 năm đấy luôn ra sân từ đầu trận nếu ko bị treo giò và chấn thương, muốn sử dụng bộ khung HAGL trên tuyển, đòi đuổi cổ HLV tuyển nếu làm trái ý ông, phát ngôn ""đá đẹp thua cũng sướng"", và lần này là Đồng HLV) tính chuyên nghiệp nằm ở chỗ nào ấy ạ?Tôi kiến thức hạn hẹp, không biết chuyện Đồng HLV này đã có ở đâu trên quả đất này chưa. Xin được mọi người hiểu rõ về bóng đá hơn chỉ giáo giúp ạ.Tôi cũng đã tìm thử trên Google, ""Đồng HLV"" nhưng ko ra kết quả tương ứng. Nếu muốn tìm đọc báo tiếng Anh vấn đề này thì nên tìm từ khóa là gì ạ?",,,
"Không có di chúc hợp pháp thì chia đều cho các hàng thừa kế. Nếu có 2 anh em sẽ được chia đôi, 3 anh em thì chia 3. Cứ thế mà làm.",,,
"Tôi ở Hà Nội. Các ngã tư, đèn đỏ đâu đâu cũng có. Thấy dưa các cháu 3,4 tuổi đi cùng, khóc lóc, nhem nhuốc. Không cho thì thương, cho thì vẫn biết là k đến dc các bé. Thực sự cha mẹ nào nhìn những đứa trẻ như vậy k cầm được lòng.",,,
"Fan hàn chê ghế của wigo, hãy nhìn ghế xe m3,4 này đi, cùng một loại cả. Đẳng cấp của wigo là không phải bàn cãi, mấy xe m3,4 này đã tham khảo thiết kế ghế của wigo, có chăng chỉ tinh chỉnh chút ít.",,,
"Là phụ huynh, tôi thực sự rất hoang mang và bức xúc, nhưng không biết lý giải như thế nào!Sao mà việc học của con bây giờ lại phức tạp thế, giữa trăn bề mối lo, trăn trở cuộc sống hiện tại!",,,
Sao không để cá sinh sôi tiếp ?,,,
"Lux SA vận hành rất tốt, đi êm nhé bạn! Hơn nữa thương hiệu Việt nên việc CSKH và bảo dưỡng sẽ thuận tiện hơn và ngày càng tốt dần trong tương lai.",,,
"Chỉ vì trong khi có bầu, người mẹ hay ăn củ dền mà bé sơ sinh suýt chết: Chuyện đó bây giờ mình mới biết.Lạ thiệt... thiệt lạ...Sợ thiệt...thiệt sợ...",,,
"Nhóc nhà tui 7 tuổi, lúc mới sinh ở bệnh viện bắt phải tiêm mũi B, ho gà uống ván... gì gì đó!!! Và cho tới nay không hề tiêm bất cứ mũi gì nữa. Vì tới lịch tiêm thì hết thuốc, hoặc chờ thuốc, hoặc xổ mũi, xì hơi... Bs kêu về. Ghét bỏ luôn!!!Thấy một số bé bị tử vong khi tiêm chủng... sợ quá!Tôi đành cho bé ăn uống đầy đủ, thể thao, dã ngoại... để tăng đề kháng!Và bé rất khỏe mạnh, thông minh, chăm ngoan.",,,
"Bệnh hạ kali máu rất nguy hiểm, mình bị bệnh này, nó hay bị đi bị lại, khi bị nặng nếu ko để ý hoặc đi kịp thời thì bị liệt hết cơ tứ chi, sau đó liệt cơ tim và tim ngừng đập.",,,
"Trời, vụ án ly kỳ hấp dẫn thật. Điều tra hay quá",,,
I10 đi bác,,,
Cầu mong thế giới bình an!,,,
Nên gọi Bến Xe Miền Đông Q.9/ TP Hcm,,,
Biden cố lên,,,
Không tiêm cũng sợ mà tiêm cũng sợ. Mong con an nghỉ.,,,
Có người không thích bác TrumpRiêng Tèo thì thích ông trùm Cờ hoaNhớ ngày bác đến nước taBao người chào đón như là người thânSiêu cường thân thiện dễ gầnBắt tay thăm hỏi ân cần quan tâmBác là bạn hữu Việt NamBốn năm lãnh đạo nâng tầm anh emMối tình Việt-Mỹ êm đềmTèo xin chúc bác làm thêm nhiệm kỳ.,,,
Nhìn cảm giác ớn cho cái tấm che mắt của cô ấy.,,,
Tốt đẹp nhất là đừng để điều đó nó xảy ra.,,,
Trước có xem dự án gọi là tìm nhà cho ốc mượn hồn này. Người ta mang vỏ ốc (thậm chí in3d) đến nơi chúng hay đổi để bọn cua dễ dàng chọn hơn. xD,,,
Ôi tuổi thơ của tôi đây mà. Ngày xưa không đọc đủ trọn bộ. Rất cảm ơn Nxb và nhà văn Bùi Chí Vinh đã tái bản lại bộ truyện này. Hy vọng truyện sẽ được giới trẻ ngày nay đón nhận.,,,
Mừng quá chị Minh Tuyết đã về Việt Nam sau 1 năm năm cách ly vì dịch COVID,,,
Mẹ thiên nhiên đang lên tiếng cảnh báo.,,,
Lấy tấm tôn đập gây tiếng ồn chúng bỏ chạy hết vào rừng. Căng lưới cao 10 m tốt kém thêm nhân sự để bảo vệ lưới.,,,
Mình chắc tháng ăn 1 lần cho bọn trẻ con thay đổi khẩu vị.,,,
"Làm ơn đừng mang Taxi bay này về VN , để cho Taxi truyền thống,Taxi công nghệ... bọn em còn kiếm cơm ! kkk....",,,
"Qúa hay và ấn tượng, tưởng chừng những thứ bỏ đi gây ô nhiễm môi trường lại được tận dụng làm ra sản phẩm có sự pha trộn màu sắc đầy nghệ thuật. Chúc cô và các e sẽ có nhiều ý tưởng sáng tạo mới nữa nhé.",,,
"mình thấy vậy là ok, các anh thực thi nhiệm vụ đều hoàn thành trọn vẹn. Mình có hay tìm tòi về các Mafia là cảm thấy vụ này bình yên hơn rất nhiều.#StaySafe",,,
"Chúc mừng thầy Huỳnh Quyết Thắng, mong thầy đóng góp hết mình để trong nhiệm kỳ DHBKHN nâng cao được tầm vóc mới. Em cũng chúc mừng thầy Hoàng Minh Sơn nắm giữ Chủ tịch hội đồng trường, nhớ ngày nào em là học trò thầy.",,,
Hay quá,,,
cậu này dường như lạc lối trong cách sống của mình ..,,,
"Nóng nảy nhất thời, giờ phải trốn chui chốn nhủi.",,,
Lyric vẫn có lời hàn mà( ở phần rap của Lisa),,,
"Giỏi giang, xinh đẹp, mạnh mẽ, độc lập và rất yêu thương con cái. Cần gì đàn ông nữa ! Trong mọi trường hợp luôn ủng hộ Angie nhé .",,,
"Fan hâm mộ Blackpink ở Việt Nam cũng rất đông đảo. Không biết được bao nhiêu % đặt mua album phát hành chính hãng? Còn nếu xem free trên Youtube, không biết có chịu click quảng cáo để ủng hộ nhà phát hành hay không?",,,
Một di tích mãi mãi đi vào lòng người trân trọng những gì mà cha ông đã để lại..,,,
Con người tiến hóa và thông minh nhất trong các loài động vật là nhờ ăn thịt nấu chín. Những ai cổ vũ cho việc ăn chay là đang muốn tua ngược lịch sử tiến hóa của loài người,,,
Việt Nam mình còn lại rất ít tác phẩm nghệ thuật có khuôn mặt của các danh nhân thời kì trước nên con cháu về sau rất khó làm đc điều tương tự như thế này.,,,
"Trời ơi, các con vừa ngày đầu đi học, đau lòng quá. cầu mong cho các con được siêu thoát. Tai nạn quá đau lòng",,,
"Phải phạt thật nặng bọn trộm chó, bọn này rất manh động và liều lĩnh, sẵn sàng tấn công người dân nếu bị phát hiện!",,,
Quá hay.,,,
"Hầu hết những ca phát sinh mới là người nhập cảnh. Điều đó chứng tỏ tính hiệu quả từ các biện pháp Việt Nam đang thực hiện trong phòng chống dịch Covid, cần tiếp tục thực hiện thật tốt những quy định hiện hành để giữ vững thành quả có được !",,,
Rất dễ thương !,,,
Sao thời buổi giờ mà thiếu cập nhật thông tin thế,,,
mong chúng ta mãi bình yên.,,,
"Cám ơn ông, người đã viết nên lịch sử của điện thoại di động. Loài người đã phát triển hơn nhờ phát minh của ông. ",,,
Chúc mừng thầy và trường BKHN,,,
may mà nó không bơi gần Nhật Bản,,,
"Tiêm vacxin luôn đồng nghĩa với chấp nhận một tỷ lệ rất rất nhỏ biến chứng, chủ yếu do phản ứng cơ thể đối với vacxin.",,,
"Attrage thật lòng mà nói thì chạy rất lợi xăng, có thể nói là tiết kiệm xăng nhất phân khúc hạng B,chi phí bảo dưỡng rất tốt. xe chạy đầm, cảm giác lái rất thoải mái nên mình vote Attrage của Nhật.",,,
Không thấy con trai và vk kiêm chị dâu của con trai biden nhỉ?,,,
Chắc phải học cách này thôi.,,,
Cơ sở pháp lý bồi thường như thế nào? Những người lỡ ăn có phải khám y tế và yêu cầu cơ sở cung cấp bồi thường ra sao?,,,
Bão cát to có nồng độ bụi gần đặc quánh sao mà thở?,,,
"Bayern đã hay lại còn may, ai mà chịu nổi.",,,
Cử chỉ văn minh và lịch sự,,,
Chàng trai mũi thò lò lớp 3C Kim Liên :),,,
Hãy dồn phiếu cho Trump.Xin cảm ơn!,,,
"""...Riêng tôi thì cho rằng cả năm học mới phải dạy hết bằng đó chữ thì đi đâu mà vội?""Vậy là hơi bất hợp lý với một số môn.",,,
"Con cá đang là con mồi của con rắn trên, do rắn đã cắn vào môi dưới cửa cá, con rắn dưới đang cố ăn cướp",,,
Đang hóng bão vào.Khánh hoà khô hạn quá mức rồi.,,,
Không níu kéo được đâu. Cái cổ nhăn sẽ tố cáo tuổi già.,,,
"Hic, những nơi này mình đều đến ít nhất 2 lần, không biết sẽ còn hư hại gì nữa",,,
"tr giờ học dùng dt thì ok rồi đó. ít nhiều có thầy cô quản lý việc sd điện thoại. vấn đề là ngoài giờ đó k thuộc phạm vi qly của giáo viên. nên hsinh sẽ sd k đúng mục đích (chiếm tỉ lệ lớn). quy định này chưa sát thực tế tâm sinh lý học sinh. đề xuất. dt do cô giáo quản lý, kho cần thì phát cho học sinh tr giờ học đó thì mới mong phát huy được hiệu quả. còn hiện tại thì chưa nhìn thấy hiệu quả đã thấy nhiều tiêu cực rồi",,,
"Nhớ tới cái lúc mua e kona 2.0 db e thấy cảm nhận của e nó là bền, đẹp. Thấy kona option nhiều quá lại gầm cao phù hợp với mục đích ngoài đi trong nội thành e còn đi về quê nên thấy ưng quá rước e na về luônn",,,
"Thật thương tâm:Ngày đầu em đến lớpChưa kịp nhìn thầy côThì cổng trường đã đổCướp đi cuộc đời em.Mong vong hồn các em siêu thoát, nhà trường, ngành giáo giục hãy lưu tâm xem xét sự việc.",,,
Với những kẻ cầm chắc cái chết thì cách tiếp cận như thế này rất nguy hiểm !,,,
"Chắc bác nghe ưu đãi của Vins nên định mua Fadil à, chứ tôi thì thấy thiết kế quá tù. Xe còn rất chật nhé. Mấy cái ưu đãi của Vins toàn có điều kiện, nếu bác ko muốn bị hớ thì chọn i10 mà đi cho bền và rẻ nhé. Mọi thứ đều hài lòng luôn đấy",,,
RỒi có dòm dòm xong rượt người ta không?,,,
Mình chạy xe lôi tích lũy mấy chục năm rồi mà sao không thấy có thống kê nhỉ,,,
"Riêng ngành đường sắt là ngành ưu tiên doanh nghiệp tư nhân cổ phần hoá, nhằm cải thiện dịch vụ.",,,
"Vậy mẹ này ko biết câu: bất kể cái gì, thứ gì dùng nhiều quá, kể cả thuốc bổ đều có hại cho sức khoẻ. Mọi người nên rút kinh nghiệm. Cái gì cũng vừa phải có liều lượng cụ thể.",,,
"Có!Tôi chỉ đoán thế thôi, nếu không có thì thầy đã không so sánh với diện tích trái đất.",,,
"Các nhà kinh tế học nên tập trung giải thích kinh tế hậu Covid 19 theo mô hình chữ K ngã ngửa. Nhánh thứ 1 của chữ K ngã ngửa là \_ nhánh thứ 2 là _/ ví dụ:- Ngành công nghiệp ôtô với ôtô điện sẽ vận hành theo nhánh 2, ôtô dùng nhiên liệu hoá thạch sẽ theo nhánh 1. Sở dĩ ôtô dùng nhiên liệu hoá thạch vẫn tồn tại là do điều kiện kinh tế do nó mang lại vẫn còn.- Ngành bán lẻ truyền thống \_ vì vẫn cần các cửa hàng vật lý, dịch vụ bảo hành, đổi trả, dùng AI thay nhân viên bán hàng...trong khi bán lẻ online thì _/- Cứ thế ta sẽ giải thích cho tất cả các ngành trong nền kinh tế. Hậu Covid 19 kinh tế thế giới sẽ thay đổi nhưng không có ngành nào mất đi hoàn toàn mà phải ứng dụng công nghệ nhiều hơn, thân thiện môi trường hơn.Trong giai đoạn chuyển tiếp để ứng dụng công nghệ đương nhiên sẽ có một lực lượng lao động cần đào tạo lại, cần chuyển đổi sang nghề khác, thất nghiệp tự nguyện...tạo nên bức tranh việc làm nhiều gam màu sám.Vượt qua Covid 19, tôi hoàn toàn tin tưởng vào một tương lai tốt đẹp hơn cho nhân loại.",,,
Lê Tư và Ngô Khải Hoa thích phim đó lắm luôn.,,,
Linh dương sao không có sừng?,,,
"Điều tui thắc mắc là tại sao Vin không sản xuất các mẫu xe hạng B, phân khúc chiếm phần đông khách hàng Việt mua được nhỉ",,,
Thế hệ tương lai mà cứ để bị ngộ độc thế này thật là nguy hiểm,,,
00:18 có ai thấy hình con mèo trắng đang quay đầu không xD,,,
Không cấm hành vi không đeo khẩu trang là một sai lầm khủng khiếp mà những người này vẫn cho là điểm tốt thì thua,,,
con cá nầy ăn luôn con vịt @@ và cần câu khỏi câu luôn,,,
"Thật ra phải học hỏi tinh thần yêu nước tự tôn Dân tộc của người Hàn những thứ họ không làm ra là rất ít mua bởi họ bảo ăn quen bữa sau không có mà mua mua hàng nội dù là chưa tốt bằng hàng ngoại nhập họ không chê vẫn mua cho Đất nước phát triển ,các cty sản xuất của họ cũng rất cầu tiến 2 cái này kết hợp lại thành tiếng nói chung là đất nước sẽ phát triển .Người VN phải học họ đấy .Tôi rất ghét người Hàn vì họ bùng lương của tôi rất nhiều trong những lúc tôi không có tiền những năm 1997-1999 ,nhưng tôi vẫn phải học họ nhiều cái ,Cũng mong các cty sản xuất VN cũng luôn hoàn thiện mình lắng nghe người tiêu dùng để phát triển cho Dân tin tưởng ....",,,
"Trưa mai mình tổ chức đám cưới ở Quảng Bình. Mong mọi sự bình an, thời tiết thuận lợi.",,,
"Tôi nói thật, thà mua mồi rồi rủ nhau về nhà nhậu, chứ tầm này hết dám ra quán nhậu nữa rồi.",,,
"Vậy là đã biết chủ nhân căn biệt thự, mình vẫn đi qua trên đường dẫn ra sân bay Cát Bi. Góc chụp này mới chỉ thể hiện một phần nhỏ.",,,
"- Quả na (hay còn gọi là Mãng Cầu) là một loại trái cây tốt cho sức khỏe. Cung cấp những dưỡng chất thiết yếu như ( kcal , gluxit , canxi , vitamin C , .. v.v ) .- Na giúp chúng ta cải thiện dàn ta tốt hơn , cải thiện hệ tiêu hóa , tốt cho mắt, cải thiện ",,,
"Quá thương tâm!Ở thành thị chỉ có hồ bơi, vào đó tốn tiền và luôn có người gíam sát, cha mẹ lại hay đi theo con nên hiếm có việc em đuối nước.Còn ở nông thôn, sông rạch mênh mông, hồ nước đầy đồng, đâu có ai giám sát, trông coi. Trẻ thường đi chung với nhau, ko có người lớn trông coi.Cho dù có biết bơi đi nữa, nhưng kỹ năng cứu người đuối nước các em ko biết, sức yếu trong khi trong nhóm có trẻ nhỏ quá mới 2, 3 tuổi như vụ này, hoặc có em ko biết bơi nên khi đuối nước thì hoảng loạn, kéo níu nhau nên chết chùm là không tránh khỏi...!Cho nên thường ở nông thôn, trẻ em bị đuối nước nhiều hơn thành thị là vậy , thưa quý vị!",,,
"Giờ mọi người động viên nhau thực hiện tốt khuyến cáo 5k của ngành Y tế, tình hình sẽ được kiểm soát, khả năng lây nhiễm công đồng không còn là vấn đề quá phải bận tâm !",,,
Với tôi bài hát Đi Về Nơi Xa mới là bài hit nổi tiếng và gắn liền với Tên của Đan Trường.,,,
Thêm 1 khẩu súng máy mini trên đầu trang bị AI tự nhận diện quân địch ngắm bắn chuẩn xác nhanh như chớp thì bộ phim kẻ hủy diệt đang tới gần,,,
Mong cho chúng lãnh án phạt cao nhất mới đủ sức răn đe.,,,
Vậy là đã tìm và nhận dạng được gần 50% rồi.Xin chúc mừng những gia đình tìm được tro cốt của người thân của mình,,,
Bây giờ phải gọi là bia THÁI,,,
Hi vọng sẽ gặp nhauVà rồi ac chả là gì,,,
"Lần đầu tiên mới nghe nói đến bệnh lạ này!. Mà cũng trùng hợp thật kỳ lạ, 13 học sinh ở các khu vực khác nhau đều ""chung số phận"" kể cả cô giáo lớp bên cạnh cũng có triệu chứng như các bé. Có ai khó hiểu như tôi qua câu chuyện trên?.",,,
Kế dụ hổ ly sơn hay điệu sấu ly hang kỳ đà cũng biết xài...,,,
Ko phải con mình thì mình có đc khóc ko? Mừng cho 2 bé quá,,,
"Pháp luật thì luôn cứng nhắc??? Vấn đề lúc cha mẹ còn sống, bác ăn ở thế nào? Xem lại mình có xứng đáng nhận đất không? Và khi nhận được rồi liệu ae có tan đàn xẻ ghé và họ hàng có ruồng bỏ mình ko",,,
Tuổi thơ ùa về qua các bức ảnh. Cảm ơn tác giả,,,
"Rất tốt, hầm chui có tính thẩm mỹ cao hơn cầu vượt., dù giá thành cao hơn. Nhưng cần làm nhanh hơn. 18 tháng là quá lâu. Chậm tiến độ phạt nặng",,,
Nên làm cầu có 8 đến 10 làn xe,,,
Công tác cắt tỉa còn kém quá.,,,
"Vong chung kết kì này không có em nào xuất sắc lắm so với các cuộc thi trước, khó đoán được em nào đạt giành quán quân.",,,
Người Hàn dùng xe Hàn. Rất khâm phục tinh thần ái quốc của người Hàn.,,,
cạn lời luôn,,,
"Bác mua cho gđ hay chạy dv thế? Nhà e 5 người đây, đi Soluto vẫn đủ dùng, rộng rãi chứ ko bí.",,,
"Nên có các Thư viện Dế mèn cho các em học sinh, nên có các cuộc thi sáng tác truyện thiếu nhi cho các em mặc sức thể hiện. Tránh việc thầy nói gì cũng đúng, kể gì cũng chuẩn, giáo sư viết ra sách thì không sai.",,,
Quá nhẹ nên vẫn xảy ra nhiều vụ tương tự,,,
"Pháp luật xử nghiêm, tội ác khó dung tha, cần xử tử làm gương cho kẻ khác...",,,
"Cứ để thực tế chứng minh đi ông ơi, Quan điểm của ông là thế, nhưng nó có phù hợp với số đông học sinh không thì còn phải đợi thời gian trả lời. Ở các nước có nền giáo dục hàng đầu, bậc tiểu học họ để phát triển tự nhiên, nhẹ nhàng, với những bài học, trò chơi vận động, giúp trẻ có nền tảng hoà nhập tốt. Họ ko xếp loại học lực, hạnh kiểm mà chú trọng dạy cho trẻ cách tư duy, phát triển năng khiếu.",,,
"Chúc ngài nhanh chong hồi phục, trở lại nhà trắng sớm .",,,
Bố mẹ em dùng Nokia 1200 vậy cho em hỏiEm sử dụng smartphone ở đường nào,,,
"Sang Serie A cũng tròn 2 mùa bóng. Ngoài giải "" Cầu thủ marketting "", lập kỷ lục sút penty nhiều nhất Juve thì mọi thứ là con số 0 tròn xoe. Ghi bàn thì kém xa Bô Lão, kém xa cầu thủ dự bị Liga, C1 thì tắt điện, thua lũ trẻ Ajax, thua một Lyon chưa bao giờ vô địch C1. Tính cả 2 mùa ở Liga đu bám Real thì 4 mùa giải ghi 1 bàn ở ngoài vòng cấm, sút hàng rào 1 bàn, qua người 1 lần. Nhưng fan thì lấp liếm nhào vô bla Barca-Si thua Bayern. Khổ, Si thua nhà vô địch giành cú ăn 3 vĩ đại chứ có thua Lyon thứ 10 Ligue One đâu? ",,,
Anh ta nói đã thảo luận với anh nổ về vị trí trên sân thì hi vọng đó không phải là vị trí trung vệ. Cũng hi vọng fans cuồng bại đế đọc hiểu bài này để không còn đổ thừa do chủ tịch đem về bắt xài như trường hợp Pogba ở Mu. Mắc cười là bại đế đăng đàn kể công gọi điện thuyết phục Pogba nhưng vẫn bị fans cuồng can đảm nói do Ed đem về mới ghê.,,,
có bão thì mới có mưa nhiều mà nhỏ nhỏ thôi đc rồi.,,,
"Lời thơ xúc động, âm nhạc truyền cảm và người trình bày có hồn làm nên 1 MV thực sự hay.",,,
"Thương dân mình quá! Mong bà con sớm khắc phục hậu quả của bão, ổn định cuộc sống!",,,
Mục đích cuối cùng UCV nào cũng Make America Great again! Hãy ủng hộ cho ai có mục đích đó.,,,
"Cám ơn các bác sĩ và nhà nước, dập dịch quá tốt.",,,
Xử thật nghiêm,,,
"Hay quá, vậy là tết này mình về quê ngoài Bắc sẽ vô cùng thuận lợi. Nhưng mà thôi, mình đi máy bay thuận lợi và nhanh chóng hơn !",,,
"Tôi không biết tiêu chí tặng danh hiệu anh hùng hay huân chương như thế nào. Nhưng các anh ở tuyến đầu xông pha,làm việc không kể nguy hiểm ngày đêm thì xứng đáng được điều đó. Đưa đất nước bình yên trong đại dịch ,gây tiếng vang lớn uy tín trên trường quốc tế. Tôi cũng không có ý phân biệt với vận động viên thể thao. Nhưng xét ở phương diện cộng đồng thì thấy các anh còn quá thiệt thòi cả sự chăm lo vật chất cũng như ghi nhận đóng góp ,còn những lời tung hô sáo rỗng đối với ngành y chỉ là một làn gió nhẹ thoảng qua mà thôi.",,,
Tui thà thấy sổ Hồng Sổ Đỏ mắc xíu mà yên tâm.trả theo tiến độ sổ thì không thấy đâu.Em chịu,,,
Mong Trump thất cử lần này.,,,
Có lẽ nào lại bị về xem tivi ngay từ vòng bảng?! kkk.,,,
qua rồi cái thời mộc mạc của bình minh sẽ mang em đi và tình ơi xin ngủ yên. tiếc quá ngày càng sến xẫm,,,
Đà Nẵng ngày bình yên đã trở lại.,,,
"Tôi thấy nhiều người cứ tự làm khổ mình rồi chuốc vạ vào thân. Nuôi chó với không nuôi thì có khác chi nhau, tốn tiền, mất thời gian...",,,
"Ma tuý mà nó mang mấy chục kg ,vài chục nghìn viên nghe mà thấy phát ớn",,,
Chắc ngày xưa người ta xây để thi bơi thôi ^_^,,,
Nạn nhân là một người cực kỳ bản lĩnh và mạnh mẽ. Nếu là mình chắc trụ được vài giờ,,,
"Lỗi sai làn là đi không đúng làn đường dành cho xe của mình và áp dụng cho xe đang đi trên làn đó, không áp dụng cho xe dừng.Lối dai vạch là lỗi đi đúng làm đường nhưng chuyển hướng không đúng chỉ dẫn",,,
"Tương lại AI lái tàu vũ trự, duy trì sự đóng băng và hồi sinh con người khi đến các hành tinh xa xôi. Ở các hành tính đó, chúng ta sẽ là người Inca, Maya, Ai cập cổ đại.",,,
"Pen à,tưởng nhường chứ?",,,
Nhìn cái mặt đã thấy ác thú rồi...,,,
yên tâm đi... vòng bảng thì si thánh là trùm rồi,,,
Thế là anh ấy đã có cup rồi nha. Mọi người cứ bảo anh ấy trắng tay. Ăn mừng thôi.,,,
"Thời Đan Trường nổi nhạc Hoa ( nhạc phim hay nhạc Hồng Kong ) nhiều cũng như thời trang phong cách Hồng Kong, ngày nay nó phù hợp, mỗi thời mỗi khac. Thanh niên choai ai cũng phải đầu bổ luống như Đan Trường",,,
"mỹ cũng xả thải, ô nhiễm môi trường như ai",,,
"Các cuộc thăm dò ở Mỹ đang nghiêng về Biden có lợi thế. Ngược lại các cuộc thăm dò ở Anh thì lại nghiêng về Trump.Năm 2016 trong đợt bầu cử trước, các cuộc thăm dò tại Mỹ cũng nghiêng về Hillary, ở Anh thì lại nghiêng về Trump. Lịch sử cho thấy cuộc thăm dò tại Mỹ ko uy tín như đã được chứng minh.Biden cà Trump có lợi thế cân bằng, tuy nhiên năm nay có thể Trump lại thắng thế",,,
Giờ cao điểm mà xe cấp cứu đưa bệnh nhân qua con đường 70 thì thôi. Bệnh nhân chắc thua.,,,
"Thế mới là khôn. Gió chiều nào theo chiều ấy, tránh trường hợp bầu sai sau này khó làm ăn.",,,
Tôi vote Trump!,,,
"Quá nguy hiểm, con người vô tình đến gần mép bờ thì e rằng cũng vào tầm ngắm của con cá sấu thôi.",,,
"Mua một lần, ăn thấy chua chua nên vứt cả hộp tưởng là khác khẩu vị, không ngờ ...",,,
"Vẽ ai cũng giống nhất là Thanh Lan và NC Tín ,trừ Thái Thanh.",,,
"Trùng tu đi , cho đấu giá trùng tu nguyên bản , và hội Mỹ thuật giám sát việc trùng tu này , 1 công trình có giá trị lịch sử đừng phá bỏ !",,,
chuẩn bị lên đó định cư thôi bà con ơi,,,
lên đây hỏi thì chín người mười ý mình thích thì mình mua đừng hỏi,,,
Ronaldo với tài sản 1 tỷ USD thì bạn gái chuộng đồ hiệu cũng ko có gì khó hiểu. Mà công nhận cô này kết hôn với ronaldo được sống trong nhung lụa mà tên tuổi được nhiều người biết đến,,,
Thích tiền của MU thôi.,,,
"Giữa mùa dịch mà có nhà đầu tư mạnh vậy,hoan nghênh quá.Việc làm xây dựng và vận tải phát sinh tạo việc làm thêm cho nhiều người Việt.",,,
Tự hào Việt Nam.,,,
"tình chỉ đẹp khi còn dang dở, lấy nhau về nham nhở lắm em ơi",,,
Xin hát theo câu hát của ca sĩ PĐT..Tình yêu đã khiến con tim anh mù lòa.,,,
16 năm rồi vợ chồng tôi mơ ước có một đứa con! Sao mà tủi thân và uất ức quá!,,,
"Thật sự Biden có lợi thế hơn, vì Biden không phải là tổng thống đương nhiệm nên những vấn đề của những năm vừa rồi Biden không phải là người chịu trách nhiệm, nên Biden có thể hứa hẹn nhiều thứ hơn cho người dân Mỹ những điều mà Trump còn thiếu sót, nhưng về vấn đề ứng biến và ngoại giao cứng rắn thì ngài Trump tỏ ra dày dặn hơn.",,,
Kết thúc sự nghiệp một golf thủ chứ danh! Anh mà ở lại hết hợp đồng với Real thì Tiger Wood tuổi tôm,,,
"Chơi đến tầm này toàn người thành đạt, họ có lối đi riêng và không quan tâm đến an toàn giao thông là gì cả",,,
Trong phim đóng tình cảm thế.. Ngoài đời lại ko thể hiện đc tình cảm như vậy.. Giữ mái ấm gia đình cho con,,,
"Khổ thân các con, ngày đầu tiên đến trường!",,,
cả 1 bầu trời tuổi teen của em. có mối tình đầu chớm nở lãng mạn với bài hát của c. nhớ quá,,,
Thấy chị bên cạnh như cầm chiếc smartphone nhỉ?,,,
Ông đã làm việc không cần lương,,,
Gà chiên thì KFC vẫn ngon nhất. Trừ khi không có hoặc quá đông mới qua Jolibee và Lotte.,,,
R.I.P cụ Sấu !,,,
tôi đọc mà nghe xót xa quá chỉ mong việt nam ta có cách nào dạy các cháu tập bơi từ lớp tiểu học để sau này không có những chuyện thương tâm như thế này nữa,,,
"Chính xác, bây giờ miền trung lại hóng mưa bão, nắng nóng gần cả tháng rồi",,,
"Cứ chia đều, anh trai nuôi dưỡng cha mẹ thì sau khi chia nếu bạn cảm thấy anh trai nên được nhiều hơn thì cho lại anh trai vài mét. Hợp tình hợp lý luôn. Trước khi chia ko cần phải nói trước lấy ít hơn, mất công anh trai tưởng bạn ko có phần",,,
"Nếu xe người quen vừa bán vừa cho thì mới có giá này chứ đời này xe ngon không có giá đấy đâu, cứ phải xem cẩn thận, còn con này là hạng C thì altis cũng không bì được chứ đừng nói mấy con hạng B như thùng tôn vios không có tuổi nói chuyện",,,
Barca ghi 7 bàn thì Messi 1 bàn nhờ Pen. Và cules nói Messi gánh Barca trên vai.,,,
Nhìn hình sao thấy mảnh khảnh quá :),,,
Chu vi 83.2mDiện Tích 189.28m2,,,
"Đừng nói đến sách học, hãy cầm cặp sách con e chúng ta đeo đi học mỗi ngày nó nặng như thế nào rồi hãy mở cặp ra xem tiếp bộ sách trong đó............",,,
Cột điện mà gãy làm 3 kìa trời!??!??!??,,,
"Vợ chồng tướng phu thê, chúc hai em luôn hạnh phúc.",,,
Sao giống tu hú vậy ta?,,,
"Lần nào đọc tin về 2 bé,mắt mình cũng rưng rưng....Trộm vía, nhìn 2 bé dễ thương quá",,,
Giờ nó đi lòng vòng ghép vào thành 1 nhỉ,,,
Hết thuốc chữa xui dại đứa bé .,,,
"Trước khi lên máy bay khách đã có giấy xác nhận, 2 ngày sau xét nghiệm lần 1 kế tiếp 3 ngày xét nghiệm lần hai nếu âm tính thì không cần cách lý nữa như vậy chúng ta sẽ đón được nhiều người đến Việt nam Công tác và làm việc cũng như người Việt ở nước ngoài đang cần về nước.",,,
"Đầu tư ngay nha bạn _ Bất đông sản là đảm bảo giá trị tài sản ổn nhất ,Nếu bạn đầu tư đúng vị trí khu vực thì về lâu dài là không gì hơn được",,,
Chúc mừng các đồng chí công anh Hà Tĩnh,,,
"Các Fan Trump đọc đoạn: ""Nếu chúng tôi có thể có thực lực đủ tốt, chúng tôi có thể nghiêm túc xem xét bắt đầu xây dựng dây chuyền sản xuất từ đầu ở Mỹ"", Kamler nói. ""Nhưng tôi cần sự chắc chắn. Tôi không quan tâm thuế quan là 0 hay 50%. Để có thể xây dựng chiến lược kinh doanh, chúng tôi cần một số yếu tố chắc chắn, nhưng hoàn toàn không có gì chắc chắn dưới thời Trump"".",,,
"Nghe thông tin bão cập bên quê nhàCon lo lắng nhà có chi không mẹKý túc xá sáng nay mưa buồn tẻNhớ quê hương con nhớ lắm mẹ à.Học xa quê ký ức con còn nhớKhi bão về con gió xoắn từng cơnMưa tuôn xuống như trút nỗi căm hờnMái nhà tranh oằn mình trong phong vũNhìn mưa rơi con tim mình mách nhủCú điện thoại con hỏi mẹ coi răngMẹ bảo rằng ""không can chi mi nạ""Lòng bâng khuâng con học tiếp mạ à.",,,
"Cảm ơn các anh, những tấm lòng lương thiện. Tại sao bé được 31 tuần rồi mà người mẹ nào lỡ nhẫn tâm như vậy? Thương con quá! Chúc con một đời bình yên, vui vẻ.",,,
"Ở các nước có nền giáo dục hàng đầu, bậc tiểu học họ để phát triển tự nhiên, nhẹ nhàng, với những bài học, trò chơi vận động, giúp trẻ có nền tảng hoà nhập tốt. Họ ko xếp loại học lực, hạnh kiểm mà chú trọng dạy cho trẻ cách tư duy, phát triển năng khiếu.Ngược lại, nước ta lại nhồi nhét 1 đống kiến thức ở độ tuổi mà trẻ cần được vui chơi, hoạt động. Trẻ chưa vào lớp 1, đã phải đi học thêm. Vào lớp 1, vẫn phải học thêm để theo kịp kiến thức, kéo theo áp lực xếp loại, bằng khen.Thực tế thì kiến thức ở bậc tiểu học ko ảnh hưởng gì đến việc thành công của 1 đứa trẻ, ngay cả ở bậc đại học vẫn chưa quyết định gì nhiều. Những kĩ năng trong cuộc sống mới là thứ quyết định thành công của một ngườiHãy dạy kĩ năng sống cho trẻ, đừng bắt trẻ thành máy học. Phụ huynh cũng đừng chạy theo thành tích, hãy để trẻ được học cách phát triển.",,,
"Chậm nộp BHXH, thuế các loại không tính lãi, vì đang trong tình hình dịch, buôn bán ế ẩm là điều cần thiết nhất, Giảm 30% thuế TNDN nên giảm cho cả năm thì hay biết mấy chứ. Vì tình hình hiện nay đa số DN là rơi hoàn cảnh khó khăn",,,
Hat-trick cho anh 7 của tôi,,,
Sống dai quá,,,
"Lâu rồi không được ngắm MPT, em vẫn đẹp như ngày nào!",,,
Cùng tầm giá thì chọn con nào chạy thích hơn mà đi. Tôi lấy Kona không nói nhiều.,,,
"Đối với ""Tiền"" nguyên tắc là phải sống chậm, suy nghĩ kỹ lưỡng trước khi Enter. Nhưng rất tiếc thói quen sống gấp, sống kiểu bon chen và suy nghĩ hời hợt nên đến khi bị dọa tí mặc dù vô can nhưng vẫn khai mã OTP. Học phí cho nhớ thôi mà!",,,
"Thái độ trận mở màn Bundes đã cho thấy,Bayer muốn lấy nốt chiếc cup này !",,,
Mình 30tNghiện nước ngọt nặng1 ngày ít phải 4 lon.,,,
"Theo mình thì chủ phương tiện, người bảo hộ của trẻ vị thành niên cũng liên đới chịu trách nhiệm!",,,
Bộ truyện tuổi thơ của tôi!!!!,,,
Phủ ceramic là cái rất vớ vẩn. Dán film thì toàn dán film đểu.,,,
"khi bị bệnh thì gào khóc là không tiền chửa trị , không đủ tiền sống , phải dựa vào xã hội , lúc không bệnh thì huênh hoang ngông cuồng , chán mấy tay này quá",,,
Cứ nước ngoài về cách lý hết là an toàn,,,
Vote sunny bác nhé. vừa rẻ vừa khỏe máy 1.5 chạy lại êm ái hơn con attrage,,,
"Điểm sàn ra trễ quá, nhất là ngành quan trọng",,,
30 năm mới xứng đáng chứ,,,
"Si vừa chọc giận chủ tịch Barca... chưa phê, ghi luôn pen cho anti tức anh ách...haha, thần tượng rất thông minh!",,,
"Sẽ rất ít khách vì xa,vé máy bay lại rẻ, thôi gian nhanh, chỉ khách ở gần bến xe mới đi",,,
"trường hợp bảng: Bayern- Barca- Inter- Marseille thì không cẩn thận Barca, Bayern bị loại từ vòng 1 :)",,,
Thả nó về với tự nhiên đi ạ! Đa tạ,,,
"Quá đau lòng! Nỗi đau của bố mẹ, gia đình các em không có từ để diễn tả. Cuộc đời trẻ thơ đang phơi phới trong ngày đầu tiên bước vào cánh cổng trường học mà đã bị dập vùi. Cầu mong vong linh các thiên sứ được lên thiên đàng đuổi ong bắt bướm và phù hộ cho bố mẹ các con sớm nguôi ngoai được nỗi đau này nhé!",,,
"Tôi vẫn thích dùng all night hơn, nghe cũng êm ái hơn. For example: We can do it all night",,,
A thật tuyệt vời. Cả nước phải cảm ơn những đóng góp của a.,,,
"Fati cố lên, đừng để chấn thương nhá.",,,
"Logistics quan trọng tốc độ và thái độ phục vụ. Các công ty đã làm khá tốt về tốc độ, riêng dịch vụ thì toàn thị trường đều chưa ổn. Nhân viên giao hàng nhiều người thô lỗ, cáu gắt với khách và thường xuyên hủy đơn của khách nếu thấy nó trái đường khó giao.",,,
Lặn nhanh kẻo gặp a Doremon,,,
Trong vài năm gần đây Barca như một sân khấu HÀI,,,
"Mình ghét đôi này chỉ vì ""hội bạn thân"" của cô vợ",,,
Ủa sao con chó nhà mình nó kêu vậy khi bị nhốt trong nhà một mình nè! ,,,
Không biết nhóm này. Chắc già rồi.,,,
"Vợ của Biden, Jill, đã đeo khẩu trang trong suốt cuộc tranh luận..... tuy rằng khẩu trang không phải là thuốc chữa hay ngừa nhưng là một trong các biện pháp ngăn lây lan...",,,
Gu thẩm mỹ người phương Tây lạ thật,,,
"Sau ánh hào quang ""giấc mơ Mỹ"" thì cơ bản mọi người vẫn phải sống cuộc sống thực tế.",,,
Thương các con quá. Chia buồn cùng 2 gđ,,,
Nhìn mặt hung thủ thấy ớn lạnh,,,
"Tin tôi đi, nguyên do là từ mấy cái quán nhậu vớ vẩn mọc tràn lan.",,,
Nhìn bà cụ bán hàng cực khổ vậy mà nó cũng lỡ lòng lấy của người ta .,,,
Vẻ đẹp trai hút hồn bất cứ bạn là nam hay nữ,,,
"Mình đang đi attrage. Có ít kinh nghiệm cho bạn :Ngoại hình thì 2 con k hơn nhau nhiềuNội thất thì attrage rộng rãiMáy attra 1,2 nhưng k yếu ( mình đã từng nhồi 7 người lớn vào xe, tất nhiên chỉ đi khoảng chục km, k dám đi xa sợ bị bắt ). Cao tốc thì 100 đi bt. Trên 100 nếu có ít nhất 3 ng thì k rung lắcXe đi lành, Mình đi 3 năm 6 vạn mới thay mỗi dầu với lọc ( mình k vào hãng bảo dưỡng do chi phí cao ). Phụ tùng đắt do nhập khẩuTiết kiệm nhiên liệu . Mình đi cvt tầm 5l/100km hỗn hợp dù đi trong tp thường xuyên.( ở tỉnh nên k tắc đường)Kết luận: so với giá thì attra vẫn là hợp lí nhất đó bạn",,,
M10 không ghi bàn nên BC thắng đậm!. ^_^,,,
"Tiêc quá , khuôn māt, mūi không còn Xinh xắn dễ thuơng nhu xua.",,,
"Hy vọng sớm đưa vào sử dụng , giảm kẹt xe khu vực bến xe cũ.",,,
"Hỏng cả một thế hệ rồi. Giờ vào cửa hàng tiện ích, quán cà phê, trà sữa là đều nghe rộn ràng tiếng nói tục, chửi thề. Nhìn sang là toàn mấy cô cậu học sinh, thanh thiếu niên mới lớn. Nghĩ đến tương lai của những đối tượng này mà thật sự ngao ngán.",,,
nếu tính 90 phút thôi thì cũng chưa đủ tạo kỷ lục nhưng chắc chắn mùa tới kỷ lục này sẽ còn kéo dài vì vòng bảng khó ai cản nổi Bayern.,,,
Thật sự cảm phục tài năng của Bạn! chúc gia đình Bạn luôn luôn được Bình An!,,,
"Ôi rớt mất rồi. 22,5 điểm mà tổ hợp C00 lấy 25 điểm buồn thật.",,,
"ổn chứ bác, xe rộng, ghế ngồi thoải mái là được mà. Thêm nữa loa trên em này nghe khá hay, khách e đi xe toàn khen",,,
"""... Sau khi khống chế thành công đợt dịch đầu tiên hồi tháng ba và tháng 4, Việt Nam có thể tự hào khi lần thứ hai đánh bại Covid-19"" một nhận xét khách quan đúng đắn.",,,
quả đầu 2 mái cũng hot vào thời đó nữa! tới giờ 4x rồi vẫn nghe nhạc của a Bo.,,,
Đẹp trai quá!( Nhưng nhìn ánh mắt và cấu tạo miệng có vẻ ông là người độc đoán và đáng sợ!!!),,,
Ủng hộ Tổng thống Trump,,,
Tại sao lại ghi là diện tích trái đất nhỉ? Trái đất là hình cầu và giả sử không tính đến lồi lõm thì coi nó như hình cầu lí tưởng. Nếu có diện tích thì là diện tích bề mặt toàn phần của hình cầu chứ.,,,
"Tăng giá rồi giá nhà đất cao để làm gì. Người giàu thì không đi metro, mua nhà ở dọc tuyến metro vừa chịu tiếng ồn của tàu điện, vựa chịu bụi khói xe của đường bên dưới.",,,
Ford focus 2018 bạn nhé.,,,
Hi vọng lần này Daklak sẽ ẵm vàng sau bao năm có cầu truyền hình,,,
"Tôi nghĩ 2 con xe này con nào cũng có dáng dấp rất đẹp, nhưng nếu bác chạy dịch vụ thì nên lấy XL7, tiết kiệm được một khoảng tiền hơn Kia Seltos. Với lại XL7 có 7chỗ ngồi, tiết kiệm xăng.",,,
Tác hại của việc coi thường covid. Cũng là Trump mà thôi,,,
Ôi con này nặng cân gần bằng mình rồi,,,
"Thương em bé, chúc em luôn bình an!",,,
"Xin cho biết rõ giá thật của điện gió bằng tiền Việt ai ơi...giá mua điện gió trên bờ theo Quyết định 39/2018 là 8,5 cent một kWh, còn ngoài khơi là 9,8 cent một kWh với các dự án vận hành trước ngày 1/11/2021.",,,
"Nghĩ tới nghĩ lui vẫn thấy tội ông này ghê gớm ! Tự nhiên bị thằng khùng vác súng đến nhà dí vào đầu mà còn bị hăm dọa nhiều lần, mấy ai đủ thánh nhân bình tĩnh mà ngồi im cho nó đánh ! Án nặng, người này là bị tấn công trước mới tức lên không giữ được bình tĩnh. Mong sớm cải tạo tốt để được về lại cuộc sống bình thường !",,,
Cắn yêu đó mà.,,,
"Ấn Độ, Trung Quốc là những nước có nhiều người giàu nhưng cũng có rất nhiều người nghèo. Với khoảng cách giữa giàu và nghèo ngày càng xa.",,,
Thì ra giờ mới bắt đầu thử nghiệm giai đoạn 3.,,,
"Người lớn đã quên mất tuổi thơ của mình ra sao, để rồi áp đặt chính áp lực cuộc sống trước mắt cho tuổi thơ con cháu mình, vốn dĩ hồn nhiên, học theo bon chen.Xin các nhà cha nhà mẹ hiểu rằng, tuổi con nít, nó khác hoàn toàn với tuổi trưởng thành, và cần phải có một lối đi mềm mại để từ con nít thành một thanh niên lành mạnh. Thế thôi,",,,
Nissan Sunny Xt hoặc XV. Quá đẹp trong tầm giá.,,,
Mới sáng đọc được cái tiêu đề thôi mà cái bụng nó phẻ,,,
"Anh giỏi thiệt, ngưỡng mộ a quá",,,
"Quả thật buồn vì đây là ngày đi học đầu tiên của các cháu, buồn hơn là người lớn chúng ta nếu chịu khó quan tâm kiểm tra thì sẽ hạn chế các tai nạn kiểu này!",,,
"""Nhóm nghiên cứu cho biết thêm, con người có thể đã đẩy nhanh sự phân hóa từ chó sói sang chó nuôi bằng cách giết chết những con hung hãn nhất, tạo điều kiện cho các gene ""ngoan hiền"" được truyền sang thế hệ sau.""",,,
"Không biết tôi có tài suy luận kiểu thám tử Sơ-Lốc-Hôm hay không chớ hôm xem clip bắt là tôi đoán 100% cảnh sát dùng kế kẹt xe có mấy chiếc container nữa, rồi con lươn bê tông giữa đường nữa rồi chừa trống chỗ duy nhất để ép chẹt khoá đầu khoá đuôi xe bọn chúng hết đường thoát !",,,
Rất yêu quý cô Kim Cương và cô Lệ Thủy .,,,
"Nữ sinh lớp 9 tổ chức sinh nhật tại quán Karaoke. Ở đó bao nhiêu thứ độc hại, thành phần bất hảo lại còn chưa làm ra tiền.",,,
"dù không ưa cũng phải cố mà khen ngợi, dù không còn đóng góp được về chuyên môn nhưng vẫn phải giữ lại vì lợi ích kinh tế từ các hợp đồng quảng cáo, hợp đồng hình ảnh...",,,
sợ thật ăn bám tận 20 năm.chưa ai làm được điều này,,,
"Các bạn ở Trúc bạch đừng chủ quan, có thể virus đang nằm đâu đó trong khu vực, hãy ngừng chạm vào các đồ vật công cộng xung quanh nhà bệnh nhân 17. hãy đeo khẩu trang và rửa tay thường xuyên.",,,
"nhóm hay quá ,cầu an bình luôn đến với các bạn và may mắn cho các bé",,,
"Theo cá nhân Tôi : Tham gia BHNT sớm rất cần thiết ,1) Độ tuổi trẻ thì phí thấp, 2) BHNT là phòng mọi rủi ro về tai nạn và sinh mạng ,3) Theo Tôi thì kênh BHNT là kênh rất an toàn về tiền đóng vào, tuy nhiên nếu mình phá vỡ HĐ thì phần thiệt là về mình. Đó cũng là quy luật chung. Góp ý theo sự hiểu biết.",,,
"Phải nói lớp diễn viên Thu Hà, Mỹ Duyên như thách thức thời gian. U50 mà vẫn trẻ trung, xinh đẹp. Chúc các chị luôn hạnh phúc, trẻ đẹp. Nhiều phim các chị đóng, đến bây giờ vẫn nhớ. Cuộc sống không Scandal.",,,
"Giữa thập niên 50 Nga đã hai lần đưa người lên cung trăng rồi, hơn 10 năm sau đó mỹ mới đặt chân lên.",,,
"Các bác cứ hô hào sinh nghề tử nghiệp ??? Em bán xe lu, em nghe mà sợ nhức nách luôn",,,
"Kona nhìn cứ nhỏ nhỏ và vỏ nhựa đen khá nhiều, nên chọn Seltos",,,
5 năm tù vẫn là còn nhẹ.,,,
vô liêm xỉ,,,
Các Bác Sĩ và nhà hảo tâm là người đưa ông từ cõi chết trở về.Bệnh viện chợ rẫy quá giỏi. 3 đêm thức trắng vì bệnh nhân.tuyệt vời.,,,
Lãng phí. Đất nước còn nghèo và còn biết bao người nghèo chỉ mơ ước có 1 bữa ăn có thịt thôi còn ko có. Thật chạnh lòng.,,,
"Mua đất ngay thôi, đất có sổ đỏ mua vất đấy vài ba năm hoặc 10 năm nữa tăng gấp đôi.",,,
Đã chích 7/9 rồi thì 1tháng sau mới chích lại .,,,
"Tôi không có ý chê bai vì cũng chưa coi phim. Tuy nhiên, xem đoạn nhỏ ""đánh lộn"" ở trên thì vẫn thấy đánh kiểu quơ quào, có chất diễn chứ không thật, nên đừng tung hô quá đáng.",,,
Mục tiêu của chương trình thì chỉ 1 mà cứ phải thí điểm thành chương trình cũ và mới chi cho khổ.,,,
"đeo khẩu trang vào thấy còn được được, tháo khẩu trang ra nhìn khuôn mặt ko bằng vk mình..",,,
Đợt này mở bay quốc tế rồi nên không thể tránh khỏi nguồn lây nhiễm covid vào nước ta nên mọi người hãy chấp hành tuyệt đối việc đeo khẩu trang nhé,,,
"Ai rồi cũng về với đất, kể cả cụ rùa! Mong cụ Cá sấu an nghỉ, hãy để con cháu tiếp bước cụ~",,,
"án quá nhẹ cho những việc làm thú tính, bệnh hoạn, mất nhân tính của hắn đối với 2 cháu bé. Một cháu lại chậm phát triển về trí tuệ nữa, kết thêm cho hắn cái tội bắt ép, đe dọa,, khủng bố tinh thần nữa mới đúng",,,
Bão đi nhẹ nhàng cho bà con hưởng không khí mát mẻ. Vậy là tạm ổn rồi bữa giờ theo dõi nghe tin bão tăng cấp mà giờ đi vào đất liền vậy là quá tốt,,,
"Tôi mong Trump đắc cử vì tôi thích cái cách ông ta xử lý triệt để, nói là làm vì quyền lợi nước Mỹ và bảo vệ công quyền quốc tế .",,,
Con cái thương chẳng hết vậy mà :(Tội cho con quá!!!,,,
"Bayern mạnh vậy thứ gì chịu nổi, thua đi cho cân bằng",,,
Khi nào có công nghệ pin mà có tính kinh tế gấp hai lần trở lên so với công nghệ pin chì-axit thì tính tiếp.,,,
"Khi ko bị Vòng kim Si trói buộc, thi đấu như thể chấp 1 ng, Barca vẫn toả thắng, Tạ có thật!?!",,,
Ôi trời?!! Lòng mình đau quặn khi nghe tin. Qua đây các trường nên rà soát đừng để sự việc đau lòng này xảy ra với các cháu.,,,
"Quá ngon cho một cuộc tình. Mer giờ lành mà chạy sướng gấp mấy lần xe Nhật, Hàn. Bảo trì bảo dưỡng giá cả cũng hợp lý.",,,
Tôi thì thấy nó có đầy ma tính,,,
Xin kính cẩn chúc mừng Bác Sĩ,,,
Mỹ cứ 1 người khỏi thì hơn 2 người chết. Sợ thật.,,,
"Vậy còn những vụ như mẹ vứt con từ nhỏ, cha đánh con tàn độc...vv con đánh lại hay phản kháng thì có tính bất hiếu, mẹ ghẻ con chồng...vv?? Cái gì cũng phải có ngoại lệ nhé.",,,
"Khóc rồi, sao thương mấy bé quá. Cảm giác đơn độc mà tủi thân vô cùng.",,,
"quá hay Trump ơi, thoát Trung kkkk",,,
Điểm sàn chứ chưa phải điểm chuẩn phải không mọi người? Nghe bảo ngành công an năm nào cũng lấy điểm cao lắm mà.,,,
"Mọi người ủng hộ Biden cho 1 thế giới tốt đẹp hơn, tươi sáng hơn.",,,
Ai giải thích giùm - Sao các cơn bão nhìn từ vệ tinh và chiếu theo hoành độ hệ mặt trời thì vòng xoáy của nó đều có chiều quay ngược chiều kim đồng hồ?,,,
Từ đầu năm chưa dư được đồng nào. Lại còn hứng bão.,,,
xem john wick mới thấy keanu reeves diễn viên đẳng cấp của thế giới.,,,
Chúc mừng Arsenal. Arteta rất có tố chất đá knock out. Nếu Arsenal chịu đầu tư thì Arsenal rất có tương lai trong tay Arteta. Còn Liverpool thì vẫn mắc triệu chứng sợ FA và Carabao,,,
Chỉ là chiêu trò bia kèm lạc của các đại lý,,,
8>2 Ok.,,,
"Cần nhất xây dựng định mức khoa học tiết kiệm , có cách giao thầu minh bạch, hạn chế tối đa được những tiêu cực, sao cho phấn đấu nhanh nhất làm xong cao tốc bác Nam trong 3-4 năm tới. Cần thiết nhất là chỉ giao thầu cho Các công ty trong nước để tạo ra, nuôi dưỡng năng lực sản xuất lớn thi công một loạt Đại công trình Hạ tầng lớn trong 15 năm tới để đưa nước ta bước vào hàng ngũ các quốc gia Phát Triển, tiến lên Việt Nam.",,,
Quá giỏi chúc mừng em. Nhớ cố gắng quảng thời gian học đại học nhé em.,,,
Nên đọc kỹ các điều khoản ghi trong hợp đồng. Nếu bạn là người lo xa thì nên mua.,,,
Chúc ông mau chóng bình phục .,,,
Diệu kỳ. Thực sự là diệu kỳ. Không thể nói khác được!,,,
Nên mua Attrage sẽ tốt hơn,,,
"lúc này thanh niên nóng tánh quá , mâu thuẩn một chút là vác dao đâm chết người .",,,
Chắc chắn sẽ có 1 con về VN B),,,
Vạy ai là người chịu trách nhiệm? ,,,
Cám ơn những hành động ý nghĩa của nhóm. Hy vọng những bà mẹ có ý định phá thai đọc được bài này.,,,
"phương Tây hiện đại, văn minh thì biết lâu rồi, giờ biết thêm tính bảo thủ, cứng đầu nữa, vẫn còn kỳ thị người đeo khẩu trang",,,
"Nhiều lần đến nhà đe dọa, dí súng vào đầu. Nếu nạn nhân không chém thì trước sau cũng bị giết. 11 năm thì không phù hợp.",,,
"1met vuông diện tích rừng cũng không được phá, chứ đừng nói là mé rừng. Nên tìm chổ đất trống khác để quy hoạch khu dân cư.",,,
"Tôi cũng không thấy ông Biden có vấn đề gì, cũng như bà Clinton trước đây. Nhưng xin lỗi ông Trump mới là người dân Mỹ sẽ chọn.",,,
"Đúng, để người khác đánh học sinh của mình vậy mà k có động thái nào can thiệp, k có trách nhiệm.",,,
"đỉnh cao của tinh tế và sang trọng, chỉ có thể là các nhà mốt lâu đời ở châu âu",,,
Vì tình mà tâm hồn điên đảo!,,,
Cuối tuần này chắc được ăn cưới rồi. Ko bị hoãn kèo như bữa trước.,,,
"Nhìn hàng loạt cột điện bị gãy ngang, nhà bay nóc, cây xanh bật gốc hàng loạt... chỉ có 3 vấn đề phải xem lại: 1 là dự báo cường độ (cấp gió) đổ bộ của cơn bão này ko chính xác, 2 là địa phương có bão quét qua phòng chống chủ quan, 3 là chất lượng cột điện? Tuy nhiên, thiệt hại nặng nề như vậy chứng tỏ rõ ràng 2 vấn đề: tính dự báo ko chuẩn và phòng chống quá chủ quan.",,,
"Mấy hãng trên phù hợp với ăn nhanh, ăn nhẹ, ăn no thì 100k mới đủ.",,,
"Eo ơi vai kề vai thế kia, không hề giãn cách. Bảo sao không lây.",,,
Nhìn côn đồ thế thì đàn ông cũng chưa chắc dám can chứ đừng nói các cô chân yếu tay mềm. Theo tôi chỉ khiển trách là được.,,,
"Có anh chị nào có thể chỉ cho em khi nào dùng must , may ,might được không ạEm cảm ơn rất nhiều ạ!",,,
Đăng ký bản quyền luôn :'),,,
"Sao mà dám dùng ""thuốc thử nghiệm "" !",,,
giữ vàng vào thời điểm này là tốt nhất bạn nhé. không nên bán. Mình đang muốn mua thêm vàng đây. Nhưng lại ko còn vốn để mua . vài năm tới nữa thôi. vàng sẽ còn lên giá đều đều. bạn cứ yên tâm.,,,
"Tuyệt vời, ý kiến khác biệt của một cá nhân, cộng với lòng say mê nghiên cứu sẽ tạo ra bước đột phá",,,
"mình thấy cụm từ ""Edge out"" cũng khi nói muốn cho ai đó ra rìa, tuy nhiên cụm từ thường thích hợp khi bạn ""loại/đánh bại"" ai đó khỏi cuộc chơi hoặc cuộc đối đầu trực tiếp (ví dụ trong các vòng playoff, khi một team loại một team khác thì gọi là ""they edged them out of the tournament""). Còn khi muốn nói ai đó bị cho ra rìa hoặc bỏ ngoài tai ý kiến của họ mình nghĩ nên dùng cụm từ ""cast aside""!",,,
"Nhìn con cá đã thật,xin chúc mừng các cần thủ",,,
Cần xử nghiêm khắc không lý do,,,
BMW bây giờ ăn đứt hoàn toàn Mercedes ở Việt Nam,,,
"Hi vọng Juve chung bảng với Barca/ManCity. Tiến lên Juve, Pirlo, CR7 !",,,
"Fadil là lựa chọn số 1, giá hợp lý tính năng an toàn và lái vượt trội",,,
"Giam giữ người trái pháp luật, bạo hành trẻ em, sử dụng và tàng trữ ma túy, tàng trữ vũ khí quân dụng, chống người thi hành công vụ,... :|",,,
"Bình yên đang trở lại trên đất nước Việt Nam. Hãy bình tĩnh, tự tin và luôn mạnh khỏe để làm việc và học tập tốt nhé đồng bào ta ơi. ",,,
"Áp lực là do giáo viên và nhà trường tạo ra, không phải do phụ huynh.",,,
"Nhìn Ái Phương rất xinh đẹp và khỏe khoắn, đúng như cái tên Ái Phương (yêu Phương)",,,
"""Anh ơi, bộ lót sàn này mới xứng tầm xe mình anh ạ!""Nhân viên bán hàng hồ hởi giới thiệu cho mình bộ lót sàn bộ lót sàn đỏ choét bằng da mà họ marketing là 6D hay 7D gì đấy.Bạn bán hàng thấy mình im lặng mau mắn bồi thêm một câu: ""Anh tưởng tượng xem, mỗi lần chị nhà bước lên bước xuống không khác đang bước trên thảm đỏ.""Mình nhìn bộ thảm 6D mãi cũng chỉ thấy...3D như mọi tấm thảm và cộng thêm một đống lớp các tấm màu đỏ chồng lên nhau, vừa thô thô lại vừa rác mắt.Bạn bán hàng nói đúng, nếu đặt bộ thảm đấy lên xe mình thì nó sẽ là bộ phận nổi bật nhất. Chỉ là mình không hiểu tư duy của người bán hàng và những người mua sản phẩm kiểu đấy. Nếu mua xe một vài tỷ, và nếu muốn khoe, tại sao lại không khoe những thứ sang trọng có sẵn trên xe? Tại sao lại để tấm lót chân trở thành tâm điểm của cái xe?Cái mình muốn chỉ là một bộ lót sàn đơn giản, thanh lịch, và không làm cho mình phải chú ý đến nó. Nói cho cùng, nó là thứ mình ít muốn để ý nhất trên xe.",,,
"Làm ăn lương thiện tuy khó giàu, chưa giàu hoặc không cần giàu nhưng họ có một cuộc sống vui vẻ, 1 giấc ngủ bình an, một gia đình hạnh phúc, con cái được lớn lên với đầy đủ tình yêu thương, ở bên chăm sóc được cha mẹ già!=> Mình cảm thấy hạnh phúc dù cuộc sống mưu sinh còn nhiều vất vả!",,,
"Chúc mừng, ông bà nội ngoại đã nhận lại được cháu...bài học cho các bạn trẻ với câu ca ""con dại cái mang"", cảm ơn những người đã phát hiện ra cháu và cứu cháu thoát được lưỡi dao tử thần, bố mẹ cháu phải nhớ là XH vẫn còn rất nhiều người tốt../...",,,
"Thông minh nhất cho lựa chọn của bạn là: giữ 1 tỉ tại ngân hàng kiếm 4tr lãi mỗi tháng. Mang 1,8 tỉ đi mua 3 lô đất vùng ven có pháp lý rõ ràng nhớ là 3 lô nhé và mỗi lô ở mỗi vùng hoặc tỉnh khác nhau. Cuộc sống gia đình bạn sẽ rất thỏa mái hiện tại về sau, 10 năm nữa 3 lô kia sẽ là vốn luyến dưỡng già và kinh phí để lo cho các con cái có cuộc sống tốt hơn. Lời khuyên chân thành của người từng làm giống như thế",,,
"Luật nên cho các bạn ấy vào tù, vài năm liền thì chắc chả bạn nào đi trộm chó.",,,
Loài này ko chừa loài nào.,,,
"Đã xảy ra khá nhiều trường hợp trẻ bị bạo hành, nhưng dường như cơ quan chức năng can thiệp và xử lí rất muôn. Cả người dân và cơ quan chức năng dường như không có khái niệm tách trẻ ra khỏi bố mẹ, nhưng theo tôi thấy sống với những người cha, người mẹ như này còn nguy hại cho trẻ cả về thể xác và tinh thần hơn, có lẽ đã đến lúc chúng ta thay đổi cách tiếp cận, bảo vệ trẻ em.",,,
"378 cháu mà có 16 cô coi thật là khủng hoảng, tôi coi 2 đứa con đã không biết làm sao để đi vệ sinh được nữa huống hồ là hơn 20 đứa. Làm sao coi hết và đảm bảo các cháu không xảy ra sự cố ngoài khả năng? Khi có sự cố giáo viên còn phải chịu thêm áp lực từ phía gia đình, chổ tôi 15~16 cháu đã có 2 cô rồi, lớp này chắc phải 3 cô.",,,
"Có những người mẹ ""yêu"" con thật kỳ lạ.",,,
"Tôi không ủng hộ việc cho học sinh sử dụng điện thoại smartphone trong lớp học với những lý do sau:1/ Nguồn thông tin trên mạng rất đa dạng và trái chiều chưa có sự sàng lọc đáng tin cậy. Việc này đòi hỏi giáo viên phải có kỹ năng thật tốt và khả năng phản biện với học trò, tương tác cao, nếu không thì sẽ phản tác dụng.2/ Nội dung trên mạng, quảng cáo, hình ảnh, phim, bài... rất phổ biến chưa có kiểm soát3/ Không ai cũng có điều kiện mua cho con mình một chiếc smartphone dẫn đến nhiều áp lực cho gia đình có con đi học.4/ Tuổi các em đang là tuổi hiếu động, và lối mòn tư duy chưa hình thành, sao nhãng, mất tập trung vậy việc dùng smartphone sẽ dẫn đến chủ động trong ngắn hạn nhưng lại thụ động mãi mãi.5/ Lạm dụng smartphone sẽ làm ảnh hưởng tới sức khỏe. (thần kinh, mắt, tay, cột sống)6/ Thật khó quản lý khi các em sử dụng smartphone để tạo group nói chuyện khiếm nhã, quấy rối...7/ Dễ tạo điều kiện cho các thành phần xấu tiếp cận, suy diễn, lôi kéo. ",,,
rất xứng đáng,,,
"May quá, dịch được ngăn chặn trước khi bão vào",,,
Em ko có tiền mua I10 lại càng ko có tiền mua Fadil. Nhưng đi thử xe mới thì thấy con i10 chắc chắn hơn fadil.,,,
Có đất quận 2 thì không nghèo đâu !,,,
Ko có,,,
Việt Nam đất nước hoà bìnhDập ngay Covid - Xuân Thì vui hơnNhiều người tỏ vẻ căm hờnNhưng nay đã hiểu cảm ơn nước mình!Nếu không quyết liệt cách lyThì nay ngã ngựa toang khi nào rồi ?!??Hỡi ơi ai còn chống đốiTừ nay biết nghĩ cho đời yên vui !,,,
Không biết y pnt có cộng điểm ưu tiên khu vực không mọi người,,,
Không quản lý tốt đồ ăn thức uống thì hậu quả khôn lường.,,,
Em giỏi lắm. Nhìn mặt thấy dễ thương quá à.,,,
"Mỹ lại nắm một công nghệ mới hứa hẹn hốt bạc từ khắp thế giới. Cách làm giàu của những người giỏi, có tầm nhìn hàng trăm năm.",,,
Tới bản thân ông mà không giữ được nhiễm covid thì nói chi đến dân Mỹ.,,,
Như phim hành động,,,
Cây đẹp nhưng theo phong thủy án ngưỡng trước cửa nhà như vậy là không tốt. Lại tán lá xum xuê che kín mái nhà thế kia thì quanh năm áng ánh mặt trời. Chủ nhà nên chặt bỏ.,,,
Họ đúng là những thiên thần.,,,
"Em bé được sinh ra trong hoàn cảnh gia đình quá phức tạp, éo le. Bố mẹ là những người nghiện ngập, thiếu trách nhiệm, thiếu tình thương với con mình sinh ra. Tôi thấy tình trạng bạo hành trẻ em bây giờ không còn hiếm nữa, pháp luật phải trừng trị thích đáng những kẻ bất lương như thế!",,,
Kia soluto nhìn ngoài trường xe dài đẹp.còn attrach nhìn đầu như cá mập ko hài hòa bằng chưa kể chi phí bảo dưỡng KIA rẻ hơn nhiều đó cụ,,,
Sẽ có nhiều vấn đề sảy ra....,,,
Có con rồi đọc những tin này thật buồn và xót xa biết bao. Xin chia buồn cùng gia đình bé!,,,
"Chỉ riêng thống kê minh chay bán 12000sp ra thị trường x 300.000đ thì doanh thu đã là 3.6 tỉ chưa kể các sp khác, với lợi nhuận tạm tính 30% thì minh chay lãi tầm khoảng 1.2 tỉ cho mấy tháng hoạt động, quá lãi.., vậy hãy bồi thường cho nạn nhân và dừng việc kêu ca về không có tiền đi",,,
"Cám ơn các đồng chí công an,chúc các anh nhiều sức khỏe và bình an!!!",,,
Phú quý sinh lễ nghĩa. Không nên chạy theo phong trào mà quên ý nghĩa thực sự của ngày trung thu. Hãy là người tiêu dùng thông minh.,,,
Coi thường luật pháp.,,,
phiếu bầu cảm thông nhé,,,
"Bọ cạp thời tiền sử có kích thước khổng lồ, với bọ cạp biển dài tới 2.5 m và bọ cạp trên cạn dài tới 1 m. Chúng đã tồn tại rất lâu trước khi loài người xuất hiện.",,,
chừng này ma tuý thì tử hình là cái chắc rồi,,,
Khi phát hiện tổ ong vò vẽ gần khu dân cư (nhất là trong trường học như thế này) thì Đốt Ngay và Luôn,,,
Xây bến xe rất lớn mà không thấy cây xanh đâu cả.,,,
"May mắn có nhiều người thông minh, tài giỏi biết nhìn xa. Những người đó biết nguồn lực hiện tại không thể phá án nên lưu trữ cho tương lai.",,,
Đây là ở mỹ. Còn ở việt nam thì bs nào cũng vất vả,,,
ko phải là rắn cứu bạn bị cá trê cắn à :D,,,
Sài vặt 50 tỉ . Ước mơ mấy chục đời của 1 gia đình làm nông .,,,
Phú Vang - Huế bão rất mạnh nhé. cây đổ nhà cửa tốc mái hết,,,
"Không trực tiếp ghi bàn nhưng messi châm ngòi cho bàn thắng của griezmann.Mà nói thiệt ông này đá cắm mà dứt điểm rất tù,kém hơn Suarez nhiều.",,,
Có những người muốn là gã bám mà không ai cho bám thế mới hay chứ,,,
"Nhiều người chả nghĩ gì tới làm ăn. Chả hiểu mua đất để làm gì? Bản thân anh chị ko buôn bds mà làm ra 3tỷ, nếu ko phải mua nhà cho con làm của để giành thì hà cớ gì bỏ 3tỷ đó vô miếng đất đó mà sinh lợi thì ko bằng đầu tư cái khác. Còn nếu đã muốn lãi suất kép ở bds thì 3 tỷ đó mua đất chỗ nào rẻ, mua dt lớn rồi quăng đó làm nhà vườn chơi chơi chục năm nữa lời khẳm chứ cái miếng tí teo ở q9 thì làm dc gì, chưa kể 3tỷ q9 thì ko phải mặt tiền rồi, có cho thuê cũng chỉ vài ba triệu nguyên căn.",,,
giết người có tổ chức thì phạt thế nào??? án có số thì chắc không đủ sức nặng,,,
"Cũng có lý. Nhưng Mes ở lại vì nhiều lý do khác: Không thể cho ra đi với giá 0 đồng, cũng không thể tìm ra mức giá bán, không CLB nào muốn mua với giá cao + lương cao + lối chơi cá nhân, mất cân bằng của cả đội bóng.",,,
Inova 2014,,,
"Tôi hơn Nhã Kỳ 2 tuổi, 2 đứa con, 1 anh chồng, một mái ấm nhỏ gọi là nhà. Còn tiền bạc, tài sản, nhan sắc, hào quang và sự nổi tiếng đều kém Kỳ. Nhưng tôi không đánh đổi đâu.",,,
"Nếu chỉ đi nhà thì Fadil là lựa chọn tốt, nhưng chạy dịch vụ thì i10. Vì i10 hơn Fadil chỉ mỗi việc là rộng rãi, nhưng cái rộng rãi này là mấu chốt cho chạy dịch vụ. Gọi xe dịch vụ mà gặp morning là next cho khoẻ, Fadil cũng vậy.",,,
"Showbiz đâu cũng vậy thôi. Khi đối mặt với mặt trái của giới này thì nhiều người trong số họ chọn cách kết thúc cuộc sống của mình, chúng ta ai cũng biết những mặt trái đó là những thứ gì.",,,
Cạn lời,,,
Ở thời điểm này thì có lẽ anh nên cân nhắc thêm Sorento 4.0 mới ra mắt hôm kia,,,
"thế là đường ai nấy đi, duyên 3 người chấm dứt từ đây :')",,,
Mua xe nên cân nhắc vấn đề bảo dưỡng sau này nhưng chắc chắn một điều là fadil không thể dễ dàng về chi phí như i10. Bỏ phiếu cho i10,,,
Khiếp đảm! Chỉ có thể là FC Bayern,,,
"thương hiệu oách, cao cấp hơn kiểu hàng hiệu Dior, LV nhưng ít người biết. Kiểu này mới là đỉnh cao của hàng cao cấp!",,,
Trước khi tập cái này phải tập cho tay khoẻ đã.,,,
Ai mà hãy tung hô bale thì hãy hôn những bước chân anh ấy đi còn real xin lỗi đá thì đá ko đá thì lên ghế dự bị. 28 triệu lỗ vì trả lương cho ông này. Thích thì bế quá baraca mà đa với ông lương 82 triệu,,,
vậy là sao? Sao đến đón mới thấy bé tím tái? ,,,
Nó trở thành quy luật rồi . Thùng rỗng kêu to . Những kẻ nổ nhiều đều thất bại,,,
Thiết kế phía trước mới mẻ và thể thao quá,,,
Rừng bê quá dày đặc (chung cư) mật độ dân số quá đông hiệu quả không cao,,,
"Mình thấy rất nên học tinh thần của người Trung Quốc, tuy là đi sau trong khoa học kỹ thuật nhưng cái gì thế giới làm được mình cũng học hỏi làm cho bằng được, chứ không chỉ ở đó trầm trồ khen ngợi mà không cố gắng bám đuổi.",,,
Nam Mô A Di Đà Phật,,,
Một chàng trai thanh lịch.,,,
Ngon tuyệt vời luôn,,,
Bão ơi dừng lại nhé. Mong lắm luôn.,,,
"Lú lẫn của tuổi già, tuy nhiên vẫn thắng cử, ấy mời là điều đáng lo cho nước Mỹ và thế giới.",,,
"Wave Alpha, bền, tiết kiệm xăng, dễ sửa chữa. Chốt.",,,
Tội Phạm nguy hiểm.. xúi giục đứa bé đi phạm pháp.. rất ảnh hưởng đến cuộc sống sau này của bé.. cần phải phạt thật nặng,,,
"Mạng người rẻ mạt vậy sao? Dù có tuổi vị thành niên hay gì, từng sử dụng ma tuý nhiều lần, làm chết 2 người mà chỉ 30 tháng thì còn gì là pháp luật răn đe???",,,
"Kiểu này thì Si lại chuẩn bị đòi ra đi tập 5 rồi. Trận trước gặp bayern Si mới lập cú đúp kiến tạo, trận này chắc lập hattrick luôn, fan Si tha hồ vào tung bông.",,,
"Bỏ phiếu qua thư khó kiểm soát,dễ gian lận ,để công bằng ,khách quan người dân Mỹ chịu khó bỏ phiếu trực tiếp vào thùng phiếu (đi chợ mua sắm được sao không đi bầu được), nếu sợ dịch đeo khẩu trang đi bầu vừa phòng chống dịch hiệu vừa đảm bầu cử mau lẹ trung thực ,khách quan .",,,
Mình cũng đồng ý là nên cho em ấy về rừng. Em ấy đã quá chán bị nuôi nhốt nên mới năm lần bảy lượt tìm cách thoát thân mà lại cứ bị bắt về nhốt. Thật tội nghiệp.,,,
"bây giờ nhà nào cũng có hàng rào kiên cố hết rồi , không hiểu sao bọn chúng lại bắt được với một số lượng lớn như vậy trong một đêm !!",,,
"Em được lái em Seltos 1.4 Luxury thì thấy ngoại hình đẹp, lâu lỗi thời nhưng option lại bị cắt giảm quá nhiều quá: ghế điện, cruis control, cửa sổ trời, đèn full led, màn hình 8 inch, nội thất da màu be bẩn..",,,
Nam mô A di đà Phật!,,,
Sao họ vẫn lạc hậu như thời trung cổ vậy?,,,
"Tôi ở Hà nội, tận mắt chứng kiến lũ chăn dắt trẻ em đi bán tăm bông, kẹo cao su quanh khu phố cổ. Nhìn những bé gái nhỏ xíu đáng lẽ ra phải được học hành, phải được vui chơi, thì lại phải lang thang từ hàng này sang quán khác mời khách mua tăm bông, kiếm tiền cho lũ chăn dắt mà lòng quặn lại. Không mua thì thương, mua thì cứ như là mình tiếp tay cho lũ chăn dắt. Bao giờ mới quét sạch lũ chăn dắt bất lương này?",,,
Xử vậy cho nên tai nạn vẫn còn nhiều.,,,
"Cái này nên loa phường , xã , thôn ...nên phát huy tác dụng của nó đi. Thông báo đến ngõ ngách cho mọi người biết. Nguy hiểm thật.",,,
làm ăn lương thiện khó giàu lắm...giàu nhanh là hiểu rồi...thôi đi lượm bạc cắt tiếp đây...để còn nuôi con trong bình an.,,,
"Phong cách của Trump luôn khiến người nghe hoài nghi, phải xác minh lại thông tin có chính xác không?",,,
Tiếc cho Cu tí nhô..... :'(,,,
Khi chưa có sự chuẩn bị tốt thì không nên cho nhập cảnh,,,
Trước khi nhập cảnh cần phải có giấy xét nghiệm âm tính trong vòng 72h,,,
Rất hay và hữu ích,,,
"Người ta nói ""oan gia ngõ hẹp"", biết đâu đấy.",,,
"Đúng như dự đoán, sau các TT thất bại trước xe Nhật như Mỹ, Pháp, Anh ( và cả Nhật) thì xe Hàn gỡ lại ở các TT Việt Nam và Hàn Quốc. Ngoài 2 TT này thì chỉ có TT Pháp là xe Hàn có 1 xe ( Kia Sportage) đứng áp chót. Đúng là "" xe Hàn dành cho người Hàn"".",,,
Thực phẩm có màu đen đang được khá nhiều người tiêu dùng ưa chuộng vì chúng lạ mắt... Những người đó nói chung là có nhiều tiền hơn người khác và họ ăn bằng mắt!,,,
"Kỹ luật mấy cô cũng tội,tình huống xảy ra quá bất ngờ,ai mà nghĩ được người lớn mà làm chuyện ấy.Chung quy nên xử thật nặng ông bố tầm bậy này.",,,
Rất cảm ơn lực lương chống tội phạm ma tuý đã ngăn chặn được tội ác nhưng tôi nghĩ các anh cần thận trọng hơn với bọn ác quỷ vì chúng sẵn sàng liều mạng,,,
Người Việt có đề kháng cao nhưng không chịu nổi con vi khuẩn này. Nên phải áp dụng các tiêu chuẩn ATTP theo mấy nước G7 thôi. Nhật họ toàn ăn đồ sống. Còn ta phải ăn chín thôi.,,,
"Tôi thích cách Hoài Lâm đưa cảm xúc vào bài hát, nó chân thật như chính tâm tư của cậu ấy vậy.",,,
"nhìn diễn viên ngày xưa đẹp thật đấy, rất là trong sáng thuần khiết. Cảm ông đã để lại tác phẩm để đời !",,,
"tiếng việt học nhanh nên không hiệu quả, các cháu hay quên. ",,,
"sở giao thông vận tải nên chú ý về cách phụ vụ của xe bus 604, đợi trạm quá lâu ở hàng Sanh, và Suối Tiên, chất lượng xe cũng nên cải thiện",,,
BV tai mũi họng cơ bản là khó có giải pháp tốt để phòng ngừa rồi.,,,
Bến mới thì tốt thì đẹp rồi. Hy vọng khả năng kết nối từ Bến mới với các quận huyện tạo được thuận lợi cho người dân. Chứ thấy tình hình khởi đầu là chi phí hơi cao rồi đa.,,,
"Nếu mua để chạy dịch vụ thì XL7 hoặc X-spander là phù hợp nhất, xe máy nhỏ tiết kiệm nhiên liệu và chở đc nhiều người hơn ( 5+2).",,,
"Vote i10 cho bác.Fadil không gian hơi chật, máy dùng lại của aveo với spark chứ có gì đâu.",,,
khung cảnh đẹp và ngoạn mục...thiên nhiên đẹp quá!,,,
"Tính dài hạn thì đây là cơ hội gom cổ phiếu tốt, quan tâm chi những con sóng nhỏ lăn tăn. Step back and look at the big picture!",,,
"Cảng biển quan trọng như thế này thì nếu đc 1 cty trong nước đầu tư thì tốt hơn, lợi nhuận về sau sẽ rất lớn. Nhưng nếu ko có công ty trong nước thì đành để nước ngoài vào thôi, Eu đầu tư thì chất lượng khỏi lo rồi. Nhưng phải cân đối lợi ích, và nếu có công ty trong nước liên doanh với % lớn thì sẽ tốt hơn",,,
"Cưỡng bức mà chỉ bị phạt như vậy là quá nhẹ nhàng, người bị cưỡng hiếp còn thiệt thòi hơn nhiều",,,
Các lời khuyên rất hữu ích. Có một cách nữa mà mình hay làm đó là viết theo chủ đề mình mong muốn. Đây cũng là cách để ghi nhớ và biết nhiều hơn về cấu trúc câu cũng như từ mới.,,,
Khá là đáng tiếc... nhưng vạn sự vô thường.,,,
"Đội hình nhà bác Trump toàn người mẫu, đẳng cấp nhìn thấy đã kính nể rồi!",,,
Giống cá La Hán .,,,
"chạy xe dịch vụ ,xe sẽ mau hư vì ngừng va chạy hàng ngày nên xe mau xuống cấp,nếu mua luôn ,thì nên mua thêm bảo hiểm bảo trì gia hạn....nếu mướn đuọc là tốt nhất vì 3 năm đầu xe còn đuọc bảo trì không tốn kém vá sau đó lại mướn xe mói khác...!!",,,
Những công trình của người xưa bây giờ mang lại những trải nghiệm thật tuyệt vời!,,,
Người đứng trên các nguyên tắc và lý thuyết thêm chút quyết đoán sẽ tạo ra sự khác biệt lớn . Chúc mừng anh,,,
Tự hào Việt Nam.,,,
TÔI NGHĨ LOA PHƯỜNG VẪN CÓ VAI TRÒ QUAN TRỌNG VỚI NGƯỜI DÂN,,,
Cần tuyệt đối cấm hàng rong cũng như bắt sạch bọn móc túi thì cả thành phố đi bộ cũng được.Nhưng tôi thấy ở Sài Gòn nên có cả phố đi thuyền nữa,,,
Có một sự phân biệt đối xử không hề nhẹ !,,,
Con người bắt hết cá của nó thì nó nổi giận tấn công thôi.,,,
"Đối với tôi ko chỉ có 2 bài trên, tất cả ca khúc của anh đều là ""hit""! Thân ái!",,,
Đề cử là một chuyện được giải mới là quan trọng.,,,
"Trước người ta hay sợ ăn cái gì đen đen cháy cháy vì sợ ung thư, giờ thì nó lại cực hot. Đúng là hài.",,,
Phương án 2 hợp lí nhất. Và nên làm 3 làn mỗi bên. Đừng như Tp HCM - Long Thành. Đường cao tốc 2 làn kẹt luôn cả ngày thường.,,,
Phải trị thật nặng bọn người lưu manh cướp giật nây . ,,,
"Đúng vậy, cho đường cao của cạnh đáy là 0,2mm, cạnh đáy dài gần như vô tận, diện tích cũng như vậy. 2 đường cao còn lại luôn <0,4mm.",,,
Tiểu Vy xinh quá,,,
thật ngưỡng mộ những người trung thành như vậy,,,
Thật xui cho Covid!,,,
Chắc các em xơi nốt toán cao cấp bậc Đh luôn quá!,,,
"T 29t, thu nhập cũng vừa, a chạy 1 lúc 2 gói bảo hiểm. Rủi ro thì k bao giờ biết trc được, còn nếu mai mắn suông sẻ thì coi như dc 1 khoảng hưu. Nếu kém mai mắn, biến cố xảy ra thì ng nhà cũng có 1 khoản để lo cs. Suy nghĩ thế cho nhẹ đầu",,,
Ra tòa giải quyết theo luật,,,
"Nên cho dọn vệ sinh. Lau chùi bàn ghế học sinh thời gian dài tí cho các bác lao công của nhà trường bớt nhọc. Chứ cho tụi nó nghỉ học chỉ tổ làm gánh nặng cho gia đình và xh thôi...gọi phụ huynh lên và làm phiền thêm nhiều lần thì phụ huynh mới có trách nhiệm giáo dục cho con của mình, chứ hiện nay không ít phụ huynh ỷ lại hay phó thác cho nhà trường mà quên mất vai trò trách nhiệm của mình. Chỉ chăm chăm vào xem con mình đi học có bị thầy cô giáo ""ăn hiếp"" con mình hay không để biết mà tố cáo lên mạng xh thôi. Chỉ tội cho đội ngũ giáo viên nào có trách nhiệm thôi..",,,
Cô này có cặp môi giống Angelina Jolie. Giống hệt.,,,
"Em khâm phục anh lắm. Xem những hình ảnh anh chăm sóc cho các con em rất xúc động. Một người cha không sinh nhưng có công dưỡng dục, nuôi nấng còn hơn cả đấng sinh thành. Có lẽ nhiều người cha khác nên nhìn và học hỏi ở anh. Chúc anh luôn mạnh khỏe và thành công trong sự nghiệp để cho các con một cuộc sống tốt đẹp mà chúng đáng được hưởng.",,,
vấn đề là cần thời gian ủ bệnh và phải chờ 14 ngày để biết rằng có bệnh không !,,,
"thấy bộ giảm chương trình học, nhưng thấy cấp 1, mỗi năm mỗi nặng, chương trình khó hơn ,học nhiều hơn, sách lớn hơn. mag cặp nặng hơn, tiền mua sách nặng hơn",,,
Cầu mong con bình an!,,,
Lại tiếp tục cải cách. Huuu,,,
Attrage vô đối.,,,
Lấy ai làm chứng cho lời khai đó? Có khi nào ngược lại kg?,,,
Quá tuyệt vời việt nam ơi,,,
Yêu toá yêu toá...yêu mấy bố con nhất luôn!,,,
"Mua con Suzuki Ertiga hoặc XL7, nợ phấn đấu tiết kiệm trả dần,",,,
Những cơ sở nào làm việc này thì đó cũng nên quy vô tội cố ý giết người.,,,
Không thể tưởng tượng nổi .,,,
Thật khâm phục anh một ông bố thật tuyệt vời,,,
"Thị trường còn khe hở để kiếm tiền: các doanh nghiệp đầu tư nhập hay sản xuất loại chai trẻ em không tự vặn nắp được ... mới an toàn hơn. Và cần phải ""giáo dục cha mẹ"" không chứa chất này trong chai kia... :@",,,
khuyên các bạn là khi mua xe cái gì trừ được thẳng vào tiền thì cứ trừ bằng sạch nhé . đừng ham hố gì mấy thứ này .,,,
"Nhắc đến bảng tên đường thì ở VN có một sai lầm rất căn bản nhưng không thấy ai nhắc đến sửa, thậm chí không nhận ra đó là vấn đề.Người không quen thuộc khu phố, đang đi đường A muốn rẽ sang đường B, nhưng không thể nào nhìn thấy được tên đường B trước khi đến ngã rẽ. Chỉ có rẽ sang đường B rồi mới đọc được tên đường. Nếu rẽ nhầm sẽ phải quay lại tiếp tục tìm đường.Tôi lấy ví dụ ở Mỹ: Tên đường A và B được gắn ở cùng vị trí trên cùng một trụ nhưng chìa ra ngoài hưỡng ngã tư thay vì chìa về hướng trong đường. Như thế ai đang đi trên đường A có thể nhìn thấy tên đường B trước khi rẽ. Ở những ngã rẽ có đèn đỏ, bảng tên đường gắn ngang trên trụ đèn, vừa to vừa có phản quang để có thể nhìn thấy rõ ràng ban đêm.",,,
"Tôi thấy xử lý như vậy qúa nặng,các cô làm sao chống lại được tên côn đồ hung hãn ấy .Tội nghiệp các Cô quá , hãy xem lại việc xử lý kỷ luật các cô .",,,
"Hàng tồn tại Mỹ không nhiều đâu. Chỉ là số lẻ. Phần lớn là drop ship nên các nước khác ôm trọn.Phần nữa là hàng tiêu dùng bền đã đến chu kỳ đi xuống, ví dụ như máy giặt phải mất chục năm sau mới mua mới.",,,
Xin thành thật chia buồn cùng gia đình chị Nhung. Đọc qua là thấy rất căm phẫn kẻ giết người. Hành vi quá dã man đê hèn. Dù đã ly hôn với vợ cũ đã nhiều năm rồi. Lý do nguyên nhân gì mà quay lại truy sát gia đình vợ cũ rồi truy sát gia đình vợ cũ. Chắc chắn kẻ này phải nhận bản án cao nhất.,,,
Đã 2 3 lần vi phạm nặng sao còn hoạt động???,,,
Cầu mong đồng bào được bình an,,,
"30 tháng tù cho 2 mạng người?? Chưa kể ko bằng lái, sử dụng ma tuý. ",,,
Đúng loại bất nhân . Pháp luật hay cho 2 con người này mức án cao nhất . Thật tội cho cháu bé khi có 1 người cha như vậy .,,,
Vn giờ rất nhiều ống xả phụt thẳng vào mặt người phía sau!,,,
Thế mới thấy tầm quan trọng của King cr7 là như thế nào,,,
K nghe được tí lời - tôi nghe nhạc nhiều nhưng thể loại này không ngấm nổi,,,
"Nên đổi luật. Làn nào vẽ xe đó và tốc độ trên mặt đường. Có 2 con mắt mà vừa phải nhìn đường, vừa phải canh cái biển trong, ngoài khu dân cư xuất hiện đúng 1 lần như quay gỉai đặc biệt. Nhiều khi sơ ý chả biết đang trong khu dân cư chưa, đường thì xa mà cứ phải bò. Giao thông kìm hãm phát triển kinh tế.",,,
Tôi thích kiểu phố đi bộ là đi bộ 24/24 luôn - sẽ có xe bus điện phục vụ trong khu vực...Chứ kiểu đi bộ như hiện tại thì thực ra chỉ ngăn đường để làm khu vui chơi tạm thời thôi,,,
"Chevrolet Cruz chạy rất đầm, không bồng bềnh trôi nổi như Vios, mặc dù hơi tốn xăng một tý.Hốt nhanh gọn khỏi suy nghĩ nếu em nó không đâm đụng hay bơi trong lũ lụt.",,,
Tốt đấy nhưng thấy cấn cấn gì đấy khi thấy mình hoàn toàn thành đất nhanh quá và biến mất,,,
Chúc mừng con. Chào mừng con trở về lại thế giới thoát ải tử thần. Cầu chúc cho con luôn mạnh khoẻ và thật nhiều hạnh phúc trong tương lai.,,,
Cầu mong bão nó đi quẹo loanh quanh rồi vòng ngược ra biển rồi yếu dần và tan đi !,,,
"Cha mẹ đã mất bao lâu ?. Sau ly hôn mới nhớ Cha mẹ còn 300 m2 đất . Cha mẹ còn sống bạn có phụng dưỡng không hay bận lo ở rể , Nhà có bao nhiêu anh em ? Cố gắng tìm luật sư giỏi để đòi đất bạn nhé !. Chúc bạn thành công .",,,
"Tôi cũng làm kinh doanh nhỏ có nhãn hiệu, dù có khác 70% cũng bị mổ xẻ đủ kiểu thậm chí yêu cầu đổi tên, để lọt nhãn trên chắc có nguyên nhân chủ quan cả.",,,
Giờ mới hiểu về bệnh hội chứng tóc mây.,,,
"Tôi tin TP HCM sẽ làm được,quan sát một số công trình công cộng đã hoàn thiện tôi rất vừa ý.Ngay chỗ tôi ở là Thảo Điền Q2, hiện có rất nhiều công viên sạch đẹp hiện đại, Công viên dạ Cầu Sài Gòn đưa vào sử dụng là một thí dụ: cảnh quan rộng rãi, đẹp,khu vui chơi tập thể dục hiện đại .",,,
"Nhiều người tiếc 500k/tháng và đi khuyên người khác đừng dành 500k cho BHNT.Nhưng khi vào hoàn cảnh rồi mới thấy cái cảnh:- PHIỀN người khác cỡ nào khi bạn nằm đó, bạn không thể đi làm, người nuôi bạn cũng không thể đi làm, đại gia đình lo lắng chăm nom cho bạn, chưa kể đến gia đình bạn đơn chiết => RẤT LÀ PHIỀN.- Khi bạn nằm đó thì người khuyên bạn không nên tham gia BHNT lại thăm nom bằng ký đường, hộp sữa, trái cây,.... dúi vào tay bạn vài trăm với lời động viên mau hết bệnh nhé. Và chưa chắc có lần thứ Hai lại thăm.- Khi bạn KHỔ quá thì phải Phiền bạn bè, người thân,.... đi vận động người khác hỗ trợ cũng là lẽ thường tình.- Cho đi là sẽ nhận lại, bạn không giúp đỡ ai thì khi cần có ai giúp bạn???500k = bao nhiêu ly cf, thức uống => chưa chắc tốt cho sức khỏe.500k = bao nhiêu cuộc ăn chơi => hao tốn sức khỏe.500k => chắc chắn không làm thay đổi lớn cuộc sống của bạn trong 1 tháng, nhưng làm thay đổi lớn khi bạn gặp rủi ro.Cũng không trách khi yên bình ai cũng came giác an toàn, Chỉ Trách có cách phòng dễ dàng mà mình không xài.",,,
Vấn đề ông ấy đã cho người dân biết cần bầu ai. Bây giờ ông hãy giữ sức khỏe và ra đòn cuối. Hy vọng đó là chiêu bài để đánh bại Biden.,,,
"Tự hào quá Việt Nam ơi! Đúng mà, Việt Nam xử lý quá tuyệt vời",,,
xin chia buồn.,,,
"Chắc Mỹ là đất trú ngụ của rồng hay sao ấy, vòi rồng xuất hiện rất nhiều. Nếu có lịch sử lâu dài có lẽ con rồng sẽ thế chỗ đại bàng làm biểu tượng của nước Mỹ",,,
Cám ơn tất cả đội ngũ bác sĩ đã giữ bình yên cho xã hội.,,,
Giản dị mà vẫn toát lên vẻ đẹp của minh tinh tầm cỡ thế giới,,,
Có đội còn tệ hơn rạp xiếc nhỉ. xD,,,
"14 ngày vẫn còn nguy hiểm, yêu cầu cách ly 14 ngày tiếp tại nhà, và Công an địa phương và người cách ly phải có trách nhiệm khi người phải cách ly đi ra ngoài trong thời gian bị cách ly tại Nhà.",,,
"Chiếc xe vừa là phương tiện đi lại,vừa là tài sản khi cần để bán lại,và là sự tự hào của mỗi chúng ta nên theo tôi nghĩ mua xe có thương hiệu vẫn hơn.",,,
Việt Nam cố lên! Đất nước chiến thắng!,,,
Đất đai lại nhảy múa giá.Để đi phà cho vui cũng dc,,,
Hà Kiều Anh đẹp mãi với thời gian!,,,
"Phụ nữ 50 tuổi chỉ phù hợp với giữ cháu (nội, ngoại) thôi, chứ giữ trẻ thì là quá sức, quá tầm...",,,
"Xe này chuẩn như bạn nói thì chủ nhân mua xe về để ngắm cho vui. Nếu bạn thích này thì mua, xe Mer dù là hạng xe bình dân thì nó vẫn là xe sang ở Việt Nam, xe Mer nó thể hiện đẳng cấp và chịu chơi, chịu chi của chủ nhân.Nếu bạn phân vân về số tiền bỏ ra quá thì không nên, với xe đã cũ thì bạn sẽ phải chi phí sử dụng, bảo dưỡng tăng theo.Với tầm giá 800t bạn có thể tìm hiểu mẫu xe khác nếu tài chính bạn không đủ mạnh.",,,
"Bão rất khó đánh bật gốc cây sồi vì cái rễ của loại cây này bò rất xa. Hoặc xa bằng hoặc xa hơn cái tán cây trong hình và ăn rất xâu trong lòng đất. Tới mùa thu tuy vẫn có rụng lá, hoa nhưng lá mới mọc lên liền cho nên nhìn tổng thể thì cây này có lá xanh quanh năm cho dù là có tuyết",,,
"Em mới bán. nếu xe ngon giá đó thì quật ngay. xe chạy đầm chắc, phụ tùng đầy, rẻ , dễ sửa, xăng cộ thì hơi ăn hơn, xác nặng , đừng so với atis toyota, khập khiễng lắm, chạy nó nên so với sedan hạng D.",,,
"Về hình thể sẽ rớt vòng đầu, không có cơ hội thể hiện tài năng.",,,
Lúc này chỉ thở thôi chúng ta cũng quý bằng vàng so với châu Âu :(,,,
Việt Nam quá xuất sắc. Qua ba đợt dịch tôi hoàn toàn tin tưởng và yên tâm vào khả năng chống dịch mà chúng ta đang làm. Quá yêu!,,,
"Chúc mừng Barca với chiến thắng này, nhìn Su thỏ ghi bàn cho ATM mà tiếc, còn Griezmann và Coutinho vẫn vô hại như mọi khi, chỉ có fan Rô kém hiểu biết mới cho rằng Griezmann và Coutinho là gánh team, các cầu thủ Barca cần cố gắng tập đi trên đôi chân của chính mình đi chứ bao nhiêu năm qua ỉ lại đi trên đôi chân của Messi quen rồi, cứ ung dung ngồi đợi Messi đem cúp về hưởng ké thôi.",,,
Ông cũng có hơn Trump đâu mà nói người ta?,,,
"Xu thế phát triển của xã hội, những dụng cụ ,phục vụ con người , đã lạc hậu , tự khắc phải mất đi , xưa kia lấy lửa cách khác , giờ khác , xưa kia đọc báo giấy là chính giờ đọc báo điện tử , nên việc đào thải những lạc hậu, để phát triển những lợi ích ,hiện đại hơn , là quy luạt tất yếu của sự sống .",,,
"tốt nhất là dùng hàng rào điện, ở mức điện áp chỉ gây choáng có biện pháp kèm theo để bảo vệ ngừoi rất nhiều khu bảo tồn dùng nó rất hiệu quả, chi phí đầu tư không cao vì không cần thi công quá hoành tráng",,,
Đau đớn quá.,,,
"Theo bác này thì chủ yếu đi gia đình, tuy nhiên lại muốn kết hợp. Vậy nên chọn i10 sedan, có cốp sau tiện hơn. Hy vọng fadil có bản sedan, nếu có thì lại khuyên bác ngược lại là chọn fadil.",,,
Nhìn rổ cá rô gai đã quá.,,,
"Minh Chay khó khăn, cạn sức là sao, công ty mới mở góp vốn đến 20 tỷ đồng, nhà xưởng máy móc chỉ ở mức cơ bản sản xuất nhỏ chứng tỏ đầu tư thấp. Mới hoạt động dăm ba tháng trong điều kiện như trên, không có nâng cấp mở rộng gì thì tiền góp vốn của Minh Chay chắc chắn còn nhiều nhiều tỷ chứ.",,,
"Không nhờ Bale chắc Real ko vô địch C1 đâu,a ít ghi bàn nhưng toàn ghi nhưngd bàn thắng quan trọng",,,
"Thêm nữa là mua những thứ mình cần chứ không phải những thứ mình muốn và luôn chăm sóc sức khỏe tốt , chúc mọi người thành công và giàu có",,,
I love FC barcelona,,,
"Vaccine là để phòng bệnh tuy nhiên với bệnh này kháng thể con người hoàn toàn có thể đánh bại virus này, đã có nghiên cứu khi bị nhiễm vào phổi thì kháng thể mới xuất hiện sau đó đánh bại virus covid19, còn những người xuất hiện kháng thể ngay từ đầu hầu như không hề hấn gì, do đó đề xuất của Nga đề nghị Mỹ tiêm vaccine khi mới bị nhiễm là hoàn toàn có cơ sở, Mỹ nên tiếp nhận đề xuất của Nga",,,
"cute quá, chúng ta nên chung tay bảo vệ các loại động vật quý hiếm :-)",,,
Thế mới thấy đàn ông Ý vô cùng lịch lãm nam tính. Brad Pitt ng Mỹ nên ko có được nét đúng chất Ý. Những ảnh này cũng đã qua thêm thắt nhiều chứ giờ anh ấy ko được như vậy nữa.,,,
Ko thấy messi chọc khe bóng dài hả các bác,,,
"vợ chồng tướng phu thê quá, chúc mừng gia đình",,,
"Ngây ngất với BMW. Mặc dù tôi vẫn thích dòng 5 hơn vì dòng 3,4 này nhìn quá cá tính, quá ngầu. Nhưng cũng hay hay có tiền mua BMW M4 và BMW S1000RR thì lúc nào cũng muốn ra đường (trừ trời mưa lớn đường ngập hihi)",,,
"Ars đã trở lại. Vẫn nhớ Henry, Beckam, EVra. Thành tích bất bại 1 mùa vẫn còn đó.",,,
"Mặc quần short, dép lào bắn súng bắt ma tuý, CA Việt Nam đỉnh thực sự!!!",,,
"Tôi đã từng cmt phản đối việc đốn hạ rừng để xây khu tái định cư ở Côn Đảo, nay đọc bài này thấy chính quyền Côn Đảo giữ lại rừng tôi thấy rất vui vì đơn giản rằng rừng lá phổi bảo vệ sức khỏe con người thì dù ít hay nhiều rừng cũng vẫn mang đến lợi ích về sức khỏe cho con người, vì vậy hãy bảo vệ rừng bằng mọi giá",,,
"Mẹ của chú ấy đẹp quá, sanh điệu nữa.",,,
"Ngày nào lên đọc báo cũng thấy toàn hàng mấy trục người, hàng trăm người dương tính với ma túy. Nghĩ mà nó chán. Thiết nghĩ nên nâng cao hình phạt đối với đối tượng sử dụng ma túy, để cho xã hội thêm bình yên.",,,
về quê đào ao nuôi cá sống cuộc sống an nhàn thấy còn khỏe hơn vì nguồn nước sông SG ô nhiễm quá!,,,
Bọn này không phải là người !,,,
"Thật sự cái này chỉ là chiêu trò chục năm qua, lần nào cũng đòi ra đi mà có đi đâu. Căn bản đội bóng thua tỉ số đậm quá, nên lái dư luận sang chuyện khác thôi",,,
"Trái đất là tuyệt vời nhất. Ngoài kia, vũ trụ thật huyền bí, cô đơn và lạnh lẽo. Vì thế, xin mọi người hãy giữ gìn, nâng niu và bảo vệ trái đất của chúng ta. Xin hãy bảo vệ môi trường!",,,
"Mình thích ăn kem của Jollibee, Lotte thì kem không ngon bằng :-)",,,
Trời ơi đau lòng quá. Xin chia buồn đến gia đình 3 cháu.,,,
"Ko biết đến bao giờ Bộ GD mới có cánh nhìn khác về cách học kỹ năng và tư duy như 1 số nước phát triển để các con vừa có kỹ năng giao tiếp vừa có kỹ năng sông trong cộng đồng chứ ko phải như bây giờ các con học tối ngày ko có thời gian nghỉ vì áp lực học quá nhiềuỞ hầu hết các trường TRÊN THẾ GIỚI các con có phải đi học thêm nhiều như ở VN ta đâu học học trên lớp đã đủ để các con hiểu bài rồi, họ đc học tư duy logic chứ ko phải 1 đống kiến thức như ở chúng ta",,,
"NHìn nắp hộp, hộp là biết hàng không đảm bảo chất lượng, hộp này mua ngoài chợ trời đầy, đựng thức ăn khô có thể tạm gọi là được, còn chất ướt, có muối, đường ... đựng vào hộp này ko bao giờ đảm bảo đặc biết thức ăn đóng hộp, hút chân không càng không đảm bảo, chưa nói đến chất lượng đô ăn bên trong.",,,
AI để đếm xe. Tương tác lái xe. Điều khiển mở làn. Căn thời gian tín hiệu đèn để giảm tải giao thông từ trước... Việt Nam cần khuyến khích tư nhân phát triển mảng này.,,,
"Nhỏ nhỏ chứ gan ra phết, nhiều ông tướng mới 12 tuổi là siêu quậy phá xóm làng",,,
"Nhìn thấy Bảo Thy là dường như cả bầu trời kỉ niệm ùa về, mới đó mà đã 15 năm rồi, ôi! Thời trẻ trâu nay còn đâu.",,,
"Cúp này là chiếc cúp danh giá hàng đầu ở châu âu, hơn nhiều Euro và Nation League",,,
Hoàn toàn ủng hộ,,,
"ủng hộ ý kiến này , họ hy sinh bản thân rất nhiều cho mọi người , xứng đáng được có danh hiệu này",,,
"Tỷ số vẫn còn in đậm 2,8, sao a nỡ đành xếp e vào nằm cùng hang hùm vậy huhuuuu",,,
"Cám ơn các bác sĩ đã nỗ lực và rất kiên trì tận tâm cứu người. Thật tuyệt vời khi anh Tâm khỏe lại, chúc anh và gia đình sớm trở về cuộc sống bình thường.",,,
"Thành kính tiễn biệt ông ! Cháu từng xem nhiều lần bộ phim Vợ Chồng A Phủ và cảm thấy rất yêu thích, nhưng không hề biết để hoàn thành được vai diễn A Phủ ông kỳ công đến như vậy! Xin cảm ơn ông đã đã có những đóng góp lớn lao cho điện ảnh nước nhà. Kính chúc ông được an nghỉ nơi cõi vĩnh hằng!",,,
Thế mới thấy Barca vẫn quá xuất sắc khi ghi 2 bàn vào lưới Bayern và chỉ chịu thua 28 chứ không như Schalke.,,,
"Bao nhiêu ngày nay báo chí, tivi phát liên tục mà sao họ vẫn ăn là thế nào nhỉ?",,,
"Cá Sấu nào cũng như ri thì sao gọi là Sấu được! Chưa làm hại ai, thật tuyệt!",,,
"Tội Fati, tự mình kiếm pen nếu không bị cướp là lập được hat-trick rồi, tiếc cho thần đồng.",,,
Hậu quả nặng như vậy. Cơ quan chức năng có biện pháp gì với công ty sản xuất thức ăn độc hại này ? ,,,
trump tuyệt,,,
Nếu thống kê cở 50 ngàn người thì hơn hẳn 1 buổi hòa nhac Rock con số thật kinh khủng!,,,
Thu hồi bằng là thế nào? Phải xem lại nội dung giảng dạy có đáp ứng được để cấp bằng hay không. Còn muốn thu hồi thì thu hồi hoạt động giảng dạy của nhà trường chứ...,,,
"Hay chạy và chạy đường xấu, đường dốc thì lấy Attrage MT mà đi. Chứ mấy con xe hạng A, B dùng hộp số CVT thì không ổn cả độ bền lẫn an toàn.",,,
Chúc mừng thành viên thứ 74 của nhóm. Mong em hay ăn và chóng lớn để vẫy vùng trên đại dương.,,,
50 tỷ rút sao êm ả quá ,,,
"Nó học câu tục ngữ ""Có công mài sắt, có ngày nên kim"".",,,
Người Mỹ sẽ thua !!! Lợi nhuận là quan trọng nhất với họ.,,,
Thật không thể tin được,,,
"Hốt ngay đi bạn, còn chần chừ gì nữa.Khối anh Toy đang thèm đấy.",,,
Cho biết xây trong bao lâu ??? Tiền và thời gian quan trọng như nhau .,,,
Thiệt chứ không thể nhìn ra hình ảnh của biểu tượng gợi cảm khi nghe bài Baby One More Time!,,,
"Cứ giữ y cũ tôi thấy hợp hơn,chứ sửa đâu sai đó càng rối rắm, đã bao thế hệ quen rồi",,,
"Đây là con đường giúp giải tỏa kẹt xe nhiều tuyến qua trung tâm. Vậy mà cấm đường đến 6 tháng. Tôi còn nhớ rõ hồi đó có bài báo nói về con đường bị sóng thần đánh vỡ tan hoang ở Nhật Bản năm 2011, được khắc phục như mới trong vòng 6 ngày. Biết so sánh vậy là không chính xác, mà sao vẫn thấy rất buồn.",,,
"Giá có được một bộ để hằng ngày đi làm, không còn lo gì cảnh kẹt xe nữa.",,,
"soluto nhìn trẻ trung hơn, Attrage thì lợi thế là xe nhập nhưng máy nhỏ, nếu bác đi TP thì ok còn ko bác cứ cân nhắc cho kỹ",,,
Thật quá xót xa!,,,
"Tương truyền Ngưu Lang- Chức Nữ gặp nhau trên cầu Ô Thước bắc qua sông Ngân Hà, năm nay Covid buồn quá nên họ dùng sức mạnh tình yêu để kết tinh Cầu vồng biển mong cho dịch bệnh qua mau chăng? Mong tất thảy luôn được Bình an- Hạnh phúc!",,,
Xác định luôn. Pháp luật cần nghiêm trị những loại tội phạm quá nguy hiểm này.,,,
Mừng vì thời nay VN đã có rất nhiều diễn viên hay,,,
Tội cho 2 ông giữ xe.,,,
Bọn quỷ dữ này cấn phải loại trừ sớm ra khỏi xã hội.,,,
Bale tiền sử chấn thương vẫn còn đó. Vụ này hên xui cho tot rồi. Mou thành hay bại chắc đó bale mùa này thôi,,,
"Đây là cơn bão trung bình, từ đầu năm có 4 cơn bão nhưng đều bão nhỏ, năm nay bão vậy là ít và yếu so với các năm khác. Thu lợi từ biển nhiều nên cũng phải chịu thiệt hại từ biển, so với các cơn bão vào philippin thì bão vào nước ta yếu hơn, vậy là may mắn hơn họ rồi. Chúc bà con ở quê hương tôi tránh bão an toàn.",,,
"Gì cũng ăn,bó tay!",,,
"Cá rất yếu còn đưa lên bờ nữa thì xong rồi, cá mắc dây câu, lượng nước chảy qua mang không ổn định, thiếu oxy nên cá rất đuối sức, sau lại bị bế lên bờ...",,,
Đình chỉ là đúng .không có kỹ năng gì cả,,,
"Câu 1 có nhiều hơn 1 đáp án. Đáp án của tôi: Hai đường vàng chia thành 4 phần hình vuông (gồm 4 hình vuông nhỏ), nếu ở mỗi phần hình vuông này, tổng cột bên trái bằng tích cột bên phải thì con số phải điền là 1. Cột đơn giản hơn là đường chéo.",,,
Tư vấn nghe có vẻ sai bản chất Bảo hiểm quá.,,,
Nên định nghĩa lại: làn đường & vạch chỉ đường.,,,
"Năm nay ban tổ chức xếp lịch quá nghiệt ngã. Ngay những vòng đầu tiên, Mu và Mou đã phải gặp những đội trong top 19 ở Ngoại hạng rồi.",,,
Đã dây vào matúy thì khó có thể còn nhân cách để làm ngừoi.May là chưa xảy ra án mạng.Thương cháu quá!,,,
"Kona nếu bạn muốn an toàn:1. 6 túi khí, bên Seltos có 2 thôi.2. Có cảnh báo điểm mù và áp xuất lốp rất tiện.3. Đèn full led đi đêm sáng hơn hẳn bên kia là Halogen4. Động cơ 2.0 có công xuất lớn hơn 1.4T của Seltos.5. Cảm giác Kona vỏ cứng cáp hơnNếu bạn thích rộng chút + form mới thì Seltos",,,
"Xe hơi "" cốt lõi "" có rồi.Xe bay cốt lõi hãy chờ xem sao !?!?",,,
Thật là tuyệt vời! Cầu mong cho con được khỏe mạnh!Cám ơn tất cả các bạn của Nhóm Thiện nguyện!,,,
bạn ấy đã chọn cuộc sống riêng cho mình! cô chủ quyết định vậy là đúng- hãy đến thăm nó thường xuyên!,,,
Cá nhân mình thì cho rằng em nó quá đẹp cả về nội thất và thiết kế. Mấy cái xe cỏ Cx5 và CRV khù khoằm thua xa.Quá đẹp nhưng giá sang Việt thì xem lại...,,,
Mua xl7 nếu có sự cố gì hay va chạm giao thông thì vui lòng nằm chờ từ 2 tháng đến 1 năm để có phụ tùng thay thế...và nó vô cùng đắt đỏ.,,,
Chỉ có ngừng bắn và cùng đàm phán là hay nhất.,,,
Quá thương tâm! Xin chia buồn với các gia đình . Mong linh hồn các bé sớm được siêu thoát !,,,
Chính quyền xử lý đối với hành vi của 1 đối tượng đang theo dõi như vậy là không kịp thời. Mong xử lý nghiêm khắc đối với thành phần này.,,,
"Thoạt nhìn trailer cũng đã cảm nhận được sức hấp dẫn thần bí so với bản 2017 ra rạp. Bản Của Zach cảm nhận nhân vật có chiều sâu hơn, cảnh quay u ám hơn hẳn",,,
Cả đội BC dạo này thấy cầu thủ nào cũng bị gù lưng nặng quá,,,
Đọc thôi đã thấy đau,,,
Điện thoại giá rẻ hay rác thải công nghiệp? Xu thế thương mại điện tử là sự thay thế tất yếu cho hệ thống cửa hàng phân phối. Hệ thống cửa hàng chỉ có tác dụng lấn át đối thủ mà thôi. Doanh nghiệp cần linh động quy mô hoạt động để có thể tồn tại khi thị trường bảo hoà và cạnh tranh gay gắt.,,,
"Ở với Mẹc Xi là tụt hậu, về với EPL để tận hưởng không khí hấp dẫn. Giờ mới thấy sức nóng của NHA lớn thế nào",,,
"Chuột mỹ to béo thế, phải bằng con gà nó rồi, con này mà làm món chuột nướng hun khói thì ngon phải biết :P",,,
Nhà buôn gỗ Morata.,,,
Bảo nay ko vào miền Tây vào miền trung mong cho chỉ là áp thấp nhiệt đới khi vào đất liền để có mưa không có gió. Miền Tây vẫn còn hạn mặn dài dài,,,
"Tôi cũng đang đầu tư đất đai nên khuyên bạn chân thành nè.Bạn lấy 500-1 tỷ gửi ngân hàng, gọi là phòng thân, trong trường hợp khẩn cấp có cái mà dùng.Số tiền còn lại là 2-2,5 tỷ,bạn lại chia đôi đầu tư vào 2 mảnh đất khác nhau. Đất khoảng 1-1,5 tỷ, bạn có thể mua ở Đồng Nai, Bình Dương, Vũng Tàu, Long An. Chú ý bạn nên mua đất có thổ cư, đường ô tô đi được (có thể là đường đất cũng được). Sau khi mua xong thì xây 1,2 hàng gạch lên để bao đất lại, khỏi ai xâm lấn, nhớ để số điện thoại lại cho hàng xóm khi họ cần thông báo gì với mình. Sau khoảng 6 tháng -1 năm bạn có thể nhờ môi giới bán, tuỳ tình hình bạn có thể rao giá gấp 1,5 lần khi mua. Cho dù chưa bán được ngay thì môi giới họ sẽ ghi nhận mong muốn và chạy giúp bạn. Rồi bạn sẽ bán được sớm thôi.Bạn sẽ được: an tâm tài chính, có 2 BĐS có tính thanh khoản khá tốt, có thể đi vay khi cần.",,,
Testla phải đi học lại hoặc mua lại công nghệ Autopilot của Trung Quốc chăng?,,,
"Ý Thức Của Từng Cá Nhân Là Tuyệt Đối Quan Trọng ^_^Chúc Mọi Người Sức Khỏe, Ngày Mai Luôn là Một Ngày Đẹp Trời ^_^",,,
"Linh hoạt thích ứng cho phù hợp với giai đoạn mới. Chuẩn bị tốt các điều kiện đảm bảo an toàn cho người nhập cảnh, hạn chế thấp nhất các truòng hợp nhập cảnh trái phép, không chấp hành quy định lây nhiểm ra cộng đồng.",,,
Không biết qui đổi ra thang điểm 1.200 như thế nào?,,,
"Tôi thấy mọi người cứ mãi kêu ca nào là lãng phí, tốn kém, mất thời gian...khi phải đổi tên đường lại cho đúng. Cái gì sai thì phải sửa lại cho đúng. Các giấy tờ, bảng hiệu chỉnh sửa có gì là khó đâu, chẳng tốn kém bao nhiêu. Năm nào chúng ta cũng có nhiều chỉnh sửa giấy tờ, bảng hiệu khi xã thành phường, huyện thành quận thành thị xã, thị xã thành thành phố...đều làm rất nhanh rất tốt, không có khó khăn gì cả.",,,
"Nên chọn i10 vì nó hơn hẳn morning về kiểu dáng, độ bền, độ tiết kiệm .",,,
"Quá tuyệt vời và đẳng cấp, khi xe này lăn bánh RR cũng phải ngại về ngoại hình lực lưỡng này .",,,
Muốn xe rẻ thì mình phải làm chủ được mọi khâu trong quá trình chế tạo ra cái xe. Nếu chưa làm chủ đc công nghệ; vật liệu; chế tạo các chi tiết máy; động cơ... thì ko bao giờ có xe rẻ,,,
"Đôi này phức tạp quá, không mang phong thái của người nổi tiếng.",,,
"Nể thật, họ sản xuất cái xe đẹp và hiện đại như vậy với cái giá giật mình.",,,
Dù sao bầu Đức cũng nhìn nhận ra ông HLV Lee Tae-hoon cùi bắp sớm. Cứ xoay tua đổi HLV cây nhà lá vườn có còn hơn không.!,,,
Ngày nào cũng mong covid sẽ ko còn lây nữa. Muốn cuộc sống trở lại như trước đây.,,,
"Đan Trường quá nhiều bài hit luôn, kiếp ve sầu, đi vê nơi xa, phiêu du, tình khúc vàng, dòng sông băng, mãi mãi một tình yêu...",,,
Milan năm nay top 4. Hy vọng Inter vô địch.,,,
Đá không cần đẹp đâu miễn hiệu,,,
Thật đáng buồn cho cách đối xử với các cô giáo,,,
"Ưu đãi về thuế là tốt. Chi phí nhân công Ấn độ rõ ràng cạnh tranh hơn TQ, cũng là tốt. Tuy nhiên ngành sản xuất Ấn độ lại phụ thuộc vào thượng nguồn nguyên liệu từ Trung Quốc. Ví dụ như ngành dược phẩm mà Ấn độ rất tự hào. Top 2-3 thế giới, sản xuất nhiều loại thuốc với giá hợp lý, nhiều người nước ngoài phải đến Ấn độ mua thuốc. Nhưng API thành phần hoạt tính của thuốc, nguyên liệu đầu vào chính, Ấn độ phụ thuộc hoàn toàn vào TQ. Tuy nhiên Ấn độ đang làm đúng, chỉ cần một tác động trong chính xách, ví dụ như gói 23B USD, sẽ thúc đẩy nhiều công ty đến mở nhà máy, vì rốt cuộc thị trường 1,3 tỷ dân là đủ hấp dẫn bất kỳ nhà sản xuất nào.",,,
"Mình không đồng ý với lời khai của Long, thậm chí việc mẹ nuôi để chùm chìa khoá trên bàn để Long tự ý lấy cũng ko đáng tin cậy.",,,
Phen này hết phát rồi phát ơi,,,
Tai nạn nghề nghiệp hay thú giải trí thôi. Hy vọng sẽ tìm ra cách để bảo vệ cần thu an toàn hơn trong tương lai.,,,
Ôi cá trê Mỹ...,,,
"Hết vòng bảng C1 Bà Xã xuống C2 , lúc đấy chung kết Ars vs BC xem 8-2 của ông nào ý nghĩa hơn",,,
"Năm 2020, dù không muốn nhớ vẫn phải khắc ghi trong tim: Dịch bệnh, thiên tai, thảm họa",,,
"Tôi không đồng ý việc cho gia đình nhận về. Được người này sẽ được người khác và cứ thế những đôi trẻ cứ mặc sức sống buông thả rồi bỏ rơi con. Nhìn lại xem các mái ấm tình thương nuôi trẻ bị bỏ rơi, mỗi mái ấm có bao nhiêu bé?",,,
"Nếu không mở đường bay thì nhiều hãng hàng không sợ không thể trụ nổi,kể cả những ngành kinh tế phụ trợ,du lịch,dịch vụ...Quan trọng là quy trình để thực hiện,việc đưa đón và giám sát cách ly như thế nào.Điều để chúng ta có thể lạc quan là trước khi nhập cảnh vào việt nam tất cả hành khách đều đã được xét nghiệm âm tính trong vòng 3 ngày tại cơ sở được cơ quan có thẩm quyền chỉ định.Ngoài những người nhập cảnh hợp pháp thì chúng ta cần phải thắt chặt quản lý người nhập cảnh bất hợp pháp từ đường mòn,đường biển đó mới là nguy cơ tiềm tàng.Mong rằng chúng ta có thể bình an đến lúc vacxin được phát hành rộng rãi.",,,
Miền Tây giờ ngăn mặn trồng lúa 3 vụ nên không còn cá tôm,,,
Chúc Ngài Trump Mau chóng hết bệnh,,,
mùa này mà bơm cạn ao thì bơm đến khi nào mới cạn?,,,
1.6 triệu km. Nhìn Trái Đất tròn như hòn bi,,,
"Hoàn toàn ủng hộ Fadil. Chắc chắn, mạnh mẽ và an toàn khi vận hành.",,,
"Ôi ngành dệt kim, cùng nghề với tớ",,,
"chữ đánh máy một kiểu, chữ viết tay một kiểu. làm khó cho các cháu rồi.",,,
"Tuy chưa chuyển nhưng cũng lên kế hoạch dự phòng, chờ kết quả bầu cử. Nếu ngài Trump thắng thì chắc chắn sẽ rời đi thôi. Chờ sau ngày 3/11 mới biết được rõ ràng hơn.",,,
"Trường chuyên??? Trường Bình thường??? Học ở đâu, nơi nào cũng vậy. Quan trọng vẫn là Thần Thái của các em khi học. Xác định: Học để làm gì, và việc học nó sẽ Giúp các em điều gì???Cha mẹ bây giờ, quá đặt nặng con mình vào cái VỊ TRÍ CỦA MÌNH, khiến các em mệt mỏi, stress, tâm lí không được ổn định. Học là công việc, vậy Tại sao lại quá coi trọng Học ở trường chuyên và Trường không chuyên. Vậy những thủ khoa, những bạn đã từng học trường ko chuyên ở đâu???",,,
"Góp ý rất hay , có cơ sở hợp lý ! Hoàn toàn ủng hộ",,,
"Có lẽ hại nhiều hơn. Thầy giảng một đàng, trò xem một nẻo, Khó mà quản nỗi.",,,
"Mã tầm mã ngưu tầm ngưu, Mic hứa lèo C1 thì Bartomeu cũng hứa lèo với Mic.",,,
"chắc lái xe bồn buồn ngủ , xem camera giây 29s 32s đèn hậu xe bồn có sáng nghĩa là xe có đạp thắng và giảm tốc, tới đèn đỏ xe vẫn đi tốc độ bình thường, không có vẻ tăng tốc... tài xế thức nhưng thực chất trong tâm khảm ông ấy đang ngủ, con xe camera hành trình cũng đi quá tốc độ cho phép 82km/2 trong khi đoạn đường này cho phép max 70km/h , tới gần đèn đỏ xe camera đã biết xe bồn có vấn đề liền đánh lái vào lane xe máy, nếu không cái xe bồn kia đã húc đít xe camera người đi máy có lẽ sẽ tránh được vụ tai nạn này.",,,
"Sao nhiều thiên tai,dịch họa trút xuống nước Mỹ dữ trời! Khi nào nước Mỹ được bình yên trở lại?",,,
Hành động không nhất quyết để ngăn chặn virus của Trump đã gây ra hậu nghiêm trọng và giờ đây chính ông phải trả giá,,,
Đọc cảm nhận và hiểu thật sự cuốn hút hơn hình ảnh! Tác phẩm thật sự sống mãi!,,,
Hy vọng các em nhỏ không sao.,,,
Rồi ai sẽ ăn nấm?,,,
"con tôi lúc đi học bị bạn cào cắn nát hết tay và lưng, nhưng trẻ con mình chỉ khuyên bé mình và báo cô giáo sắp xếp, phụ huynh bé đó cũng xin lỗi và hợp tác với mình dẫn cho 2 bé đi chơi chung giao lưu. cuôi cùng hai đứa là bạn thân cấp mẫu giáo :)",,,
"Đám này cho đi dài hạn,chứ để nó ra tù sớm cũng chỉ trộm với cướp",,,
"làm sao để các em xem việc học là sự đam mê, thấy vì áp lực và hình thức",,,
Xin chia buồn cùng gia đình. Có được vai diễn để đời như bác là niềm mơ ước của nhiều nghệ sĩ. Cuộc đời vậy là viên mãn.,,,
"""Lo ngại những con mèo hoang có thể chết đói do vắng bóng du khách, các nhân viên của khu cắm trại đã quyết định đưa Georgie tới trung tâm nhận nuôi mèo Cats Protection's Glasgow"".Tôi mong Việt Nam có thể phát triển và cũng có thể làm được điều tương tự ",,,
"đúng là thời cực thịnh, giống như ở barca lúc có xavi, iniesta vậy, trăm hoa đua nở, mọi người nhìn nhau mà phấn đấu. Phút cuối ông nào 17 tuổi mặt non choẹt còn đi bóng dứt điểm mà cứ tưởng là siêu sao nào.",,,
"Doanh nghiệp nào cũng phải đăng ký, trả lương nhân viên, đóng thuế đầy đủ. Các doanh nghiệp nên được đối xử công bằng với nhau. Nếu giảm thì giảm đều.",,,
"Với kinh nghiệm 20 năm có xe oto. Tư vấn bạn như này, với 200 tr nên tìm 1 xe camry đời 2000_2001, còn tốt. Chạy hơn hẳn mấy xe hạng A cũ.",,,
"Nhìn tấm ảnh 3 người làm cá mà thèm, mỗi con cá trê cân nặng ít nhất cũng cả ký hoặc hơn chứ không phải vừa, thời buổi bây giờ ngay cả ở miền quê, cá đồng cũng rất hiếm, cá đồng lớn như thế lại càng hiếm do sông suối nhiễm thuốc trừ sâu, nạn đánh bắt cá bằng điện đã tận diệt nguồn thủy sản ngay từ trong trứng nước. <3",,,
"MÌnh mới mua con Attrage 2020 CVT. Cảm nhận là góc nhìn rất rộng, xe chạy mượt, đèn bi led nên đi đêm rất sáng. xăng tiết kiệm, tóm lại là ổn trong tầm giá. Bạn nên mua",,,
Lúc đầu thấy Trump có vẻ sốc nổi tôi đã mong bà Clinton thắng. Nhưng giờ tôi thật lòng mong ông tiếp tục nhiệm kỳ sau những đòn kinh tế chí mạng ông giáng cho TQ.,,,
"Mình cũng thích bad boy nhưng style này vẫn còn thíu thíu gì á, ko đủ mạnh mẽ sexy cuốn hút như những hình tượng khác đã làm",,,
nhớ ngày tháng đi câu cá rô quá,,,
"Có 400tr rồi, sao bạn ko tìm hiểu Accent 2020 ...xe êm ái cách âm tốt, có cửa gió điều hòa phía sau, Cam lùi hỗ trợ đánh lái, Cảm biến lùi, đèn pha, gạt mưa tự động v.v... và rất rất nhiều Option mà 2 xe bạn nêu trong bài thực sự là mơ cũng ko thể có dc, trong khi đó giá thì lại xêm xêm....",,,
Chúc bé có một cuộc sống bình an. Cám ơn các thành viên trong nhóm cũng như các bác sỹ viện sanh pôn!,,,
Trong trường hợp bị mẹ ruột bắt đi làm việc trái pháp luật thì chuyện gì sẽ xảy ra các bé vậy!?,,,
Phải điều tra chất lượng thi công Cổng và đơn vị thi công,,,
"Tôi cũng cứ bị nhận email báo là đến hạn thanh toán thẻ tín dụng của 3 ngân hàng. Tôi gọi lên tổng đài báo là tôi không hề mở thẻ tín dụng hay tài khoản tại ngân hàng của họ, họ cần phải kiểm tra thông tin từ phía họ. Phải gọi gần một chục cuộc mới hết nhận email thông báo. Tôi biết vì sao bị như vậy. ",,,
Gia đình đông thành viên trong độ tuổi lao động như vậy thì làm sao mà nghèo được?,,,
Mỗi nhà mỗi cảnh,,,
"M thấy mấy cái mini ko hợp lý vì đã đi mua đt hay đồ điện thì phải chỗ to mới thích. M thấy nên mở hiệu thuốc thì sẽ ok hơn, có hệ thống thì sẽ ko có mỗi quán 1 giá như bh ",,,
Luật pháp mình HIỀN quá...,,,
"Mình có nỗi sợ dặc biệt với không gian kín, nếu là mình ko biết chịu nổi đc vài giờ không, ko phát điên thì cũng tự hủy hoại mình tới chết thôi. Cô gái cực kỳ bản lĩnh, khâm phục thật",,,
"Có lẽ Bayern rất thích con só 8, nhưng với quốc nội phải thi đấu nhiều vòng nên Bayern không tặng quà.",,,
Tử thần đã đầu hàng trước sự chiến đấu kiên cường của Y BS bv Chợ rẩy và bệnh nhân ..Bái phục.,,,
Tất cả là do ma túy,,,
thánh giá đứng vững một cách kì diệu sao 300 năm . amem !,,,
"Ko biết năm nay Roland garros bốc thăm ra sao. Ko hiểu sao rất nhiều lần bốc thăm giải này thì Nole luôn vào nhánh đánh sau, rồi vào bán kết đánh sau dẫn tới đánh bán kết 2 ngày, kết quả là chỉ nghỉ có 1 ngày trc khi đánh ck và thua dễ ở ck. Mấy lần như vậy rồi đấy. Mình chưa thấy Nadal fai đánh bán kết kéo dài 2 ngày bao giờ. Ban tổ chức giải này sắp lịch cũng quá buồn cười.",,,
Lại thêm một trận thắngNgày vui còn tiếp diễnChúc mừng pháo nổ,,,
Ác quá. Yêu thương không hết sao lại có người đánh con như vậy.,,,
"Wow, quá hay!? Cảm ơn về bài viết này!",,,
mua không được thì đi thuê ở. giá thuê rẻ thì chẳng tội gì cố gắng mua nhà,,,
Sáng ra đọc tin này buồn quá...,,,
Có loại này trồng lan,,,
"Phim khi trái đất ngừng quay không thấy nhắc, phim đó hay mà",,,
Tui mệt mỏi lắm các bạn ah vì đại dương giờ ô nhiễm quá nên tui phải ngoi lên để cho các bạn biết,,,
"mình cũng bằng tuổi bạn và cũng chưa lập gia đình, mình làm ít tiền hơn và k dành dụm dc nhiều như bạn nhưng mình cũng đã quyết định mua BHNT, vì thật sự có những rủi ro k thể thấy trước( ( chẳng hạn như ung thư), khi xảy ra thì nó sẽ tiêu tốn vào những gì đã dành dụm, nên mua sớm khi người chưa có bệnh, lúc này chi phí đóng cũng thấp, càng cao tuôỉ, phí càng cao và khi có bệnh sẽ bị từ chối đóng BHNT. K cần phải mua gói quá cao đâu bạn, tầm 20tr 1 năm là ok. Nếu có vấn đề gì cũng dc nằm các bệnh viện chất lượng cao và dịch vụ tốt nhé.",,,
Hàng ngoại này thua xa hàng nội,,,
"Đúng là "" Phúc bất trùng lai - Họa vô đơn chí """,,,
Không ai cấm các bạn quan hệ trước hôn nhân. Nhưng làm ơn con trai thì có trách nhiệm. Còn con gái thì hãy tự bảo vệ bản thân bằng cách dùng thuốc. Làm ơn dùm nhé mấy bạn. Đừng để sinh ra rồi đứa bé không có lỗi gì mà phải bỏ nó như vậy,,,
Khổ thân quá,,,
Cháu đã lớn và mạnh khỏe lắm rồi. Chúc mừng gia đình,,,
"Chỉ biết than trời thôi,bắt giam được vài ngày thả chúng ra rồi lại đi trộm chó tiếp.",,,
"Ôi đẹp, nhưng mà thời buổi này kiếm mồi chắc vất vả lắm. Mấy chú có ăn hạt không để anh ship cho ít <3",,,
Nhìn kết cấu vững kinh. Tuổi của những cây cầu đã minh chứng cho những nhận định rồi,,,
"Đổi tên đường thì dễ nhưng giấy tờ tùy thân thì sao, sổ đỏ, sổ hồng...rất phức tạp tốn nhiều chi phí ",,,
Ôi đúng ngày sinh nhật tôi. Món quà thật ý nghĩa của Sài Gòn thành phố tôi yêu,,,
Mình từng là fan Quang Vĩnh nhưng nói thật đến bây giờ gần như tất cả các bài của anh BO những năm 2000 mih đều nhớ giai điệu....chưa 1 ca sỹ nào gây tầm ảnh huởng cho nhiều fan như vậy...và tất nhiên ko ca sỹ nào có 100% fan vì thế việc vài cá nhân đánh giá ko hay nhạc a Bo thì chiếm phần nhỏ xíu xịu.,,,
"Sinh ra giữa chốn khơi xaNổi danh là kẻ nhà nhà lo âuNgười dân chưa hết u sầuDịch đang tàn phá, trăm dâu đầu tằmVậy mà bão cứ ghé thămNăm nào cũng cứ qua rằm đến giêngDẫu rằng quy luật thiên nhiênCầu mong trăm họ, ba miền bình an.",,,
Em nào cũng xuất sắc,,,
"đi săn rồi bị săn, sinh tồn của loài vật ngoài thiên nhiên không thể lường trước được điều gì. ",,,
Vùng ảnh hưởng tận miền tây cũng đã có mưa. :(,,,
Mình nhớ là thời mở thẻ cách đây 5 năm muốn làm thẻ tín dụng phải cầm cmnd ra ngân hàng rồi đưa sao kê bảng lương ba tháng gần nhất và cả hợp đồng lao động gì đó nữa mà ta,,,
"Mới chỉ là các cầu thủ trẻ tiềm năng chứ nói là thế hệ vàng thì hơi quá, thành tích cá nhân và tập thể chưa có gì mà được mấy ông lớn tranh giành đẩy giá kinh quá.",,,
"Căn hộ giá rẻ nhanh xuống cấp, thiết bị công cộng lẫn lắp đặt sẵn hư hỏng không ai sửa chữa. Đội quản lý chung cư yếu kém, hàng xóm léo nhéo không khác gì lúc tôi ở khu ổ chuột.Không có tiền thì để tiền đó ở trọ, số còn lại nghĩ cách làm ăn, mua đất ven ven xây mái nhà nhỏ cũng ok.Tiền nào của nấy, đừng vì ham rẻ mà rước bực vào người. Bệnh thêm, tổn hại tinh thần. Tổng kết lại, tôi bán rồi he he",,,
"Vẫn phải chấp hành tuyệt đối việc đeo khẩu trang vì sắp tới mở đường bay quốc tế rồi nguy cơ tiềm ẩn nhiều nguồn lây nhiễm covid vì bệnh này lây bệnh một cách tàng hình nên không thể chủ quan được, thank",,,
Chúc mừng các anh phá án thành công,,,
Vote một phiếu cho Santa Fe,,,
"Quá chuẩn. Cần thực hiện ngay, đánh giá và nhân rộng.",,,
Vô địch olympic là đây!,,,
"Nếu công ty tốt thì họ đã chào bán ra công chúng rồi. Cố ý làm trái luật, phát hành riêng lẻ trá hình, thì rủi ro cho nhà đầu tư là rất lớn.",,,
Hy vọng lại được thấy những cú bứt tốc siêu đẳng của e như năm nào!,,,
Đạp xe tăng cường sức khỏe nhưng nguy hiểm do vô ý thức.,,,
"Theo ý kiến cá nhân mình hơi bảo thủ tí: ăn chắc mặc bền, tin tưởng xe Nhật hơn. Nên sẽ vote Attrage, máy ngon, vô lăng nhẹ khi chạy tốc độ thấp, đầm chắc ở tốc độ cao...",,,
Tôi tin Tổng thống Donald J. Trump sẽ thắng cử Tổng thống lần 2.,,,
con chim con là tu hú,,,
"Mang ít vật liệu ấy quẳng lên các hành tinh kia. Sau vài triệu năm, khi trái đất không ở được nữa thì di cư lên và ta đã có 1 ""trái đất"" mới tinh :).",,,
"Thành tích ấn tượng nhất: Chưa từng làm hại ai cả, dù có lúc mọi người bơi phía trên nó.",,,
"Chả lẽ cả đời bạn chỉ đi được mỗi chiếc hạng A. Theo Tôi thích chiếc nào mua chiếc đó. Tôi chưa từng nghĩ tới từ Fadil. Hôm đi vicom chạy thử thấy thích thế là làm 1 con cho vợ đi chợ cho dzui.Tui kết luận nhé. Xe này 2 vợ chồng đi chơi xa vô tư chạy nhanh thoải mái. Vượt an toàn, Độ ồn chấp nhận Được nếu không nói là khá ổn, có cân bằng điện tử rồi khởi hành dốc gì đó... nữ dễ chạy. Máy mạnh nên hao tí là đương nhiên. I10 tôi chưa chạy nên ko cho ý kiến => Fadil mua cũng ok đó.P/S: Tôi đánh giá dựa trên trải nghiệm đổi xe rất nhiều lần chủ yếu là suv và phương tiện hàng ngày của Tôi là Oto.Chúc bạn chọn được xe ưng ý. Theo tôi Vinfast Fadil cũng khá hay đấy. hehehehe",,,
"Giấy tờ nhà đất, sổ hộ khẩu, sổ KT3, hợp đồng cho thuê nhà, hợp đồng cho vay của ngân hàng, căn cước công dân mới ...... có cần thay đổi theo không nhỉ.",,,
"Công ty mình còn không có bánh trung thu luôn, phát thịt lợn ý tưởng quá độc đáo",,,
Sao lại có cách nhìn nóng vội trong giáo dục vậy nhỉ. Thật khổ các cháu lứa chuột bạch này!,,,
"Vừa xem chương trình giảm giá mới xong, thấy dòng soluto này giảm giá nhiều đó, giá lăn bánh bản cao nhất cũng chỉ tầm 510tr tính ra quá ngon",,,
Trump chiến thắng,,,
"Chỉ có fan cuồng MU vẫn ảo tưởng MU là nơi mọi cầu thủ muốn tới thôi. Chứ trung lập hay cả fan MU chân chính họ đều nhận ra những bất cập và tình hình hiện tại của đội bóng.Cầu thủ cũng như những người đi làm công bình thường thôi. Cái họ cần là tương lai, tương lai của mình và chủ quản. Mà cái đó ai đem lại. Định hướng của clb và hlv. khổ nỗi cả Ed gỗ và xôn xao lại không đem lại sự đảm bảo về cái tương lai đó",,,
"Ý định của Trump là rất tốt cho nc Mỹ, nhưng cũng phải hiểu cho các doanh nghiệp không phải ở nước nào cũng có chuỗi cung ứng hoàn chỉnh, ổn định về chính trị và cơ sở hạ tầng đồng bộ, thị trường tiêu thụ nội địa khổng lồ như TQ. Nếu mà có nước nào đáp ứng được tất cả các yếu tố trên thì có lẽ ông Trump chẳng cần gây áp lực các doanh nghiệp tự khắc chuyển đi",,,
Chúc mừng Arsenal có khởi đầu mùa giải ấn tượng,,,
Trump mà tái đắc cử giá trị mấy cty này còn tăng nhiều nữa...,,,
"Ở vùng sông nước mà đuối nước, một câu chuyện đáng để suy ngẫm",,,
Và 20 năm của Mẹc ở đội tuyển quốc gia Argentina là trang giấy trắng. Vì sao và tại sao?,,,
"ôi , đau lòng quá, xin chia buồn với gia đình người đã mất , em còn sống thì thật là quá may mắn , hy vọng là em sớm bình phục",,,
Nếu chính quyền bao dung và anh ấy có việc làm thì anh ấy đã trở thành người có ích cho xã hội.,,,
Thầu 10tr đồng/ năm rẻ quá,,,
"Chiều Xuân vẫn giữ được nét trẻ đẹp cổ điển, nền nã, sang trọng, không chỉnh sửa!",,,
"Không biết nói gì sau này nói gì với con? Khi đang tâm vứt con  thì đâu có tình thương gì đâu, hi vọng không làm hại bé nữa, mong ông bà chăm cháu tốt",,,
Tình cha ấm áp như vầng thái dương. Chúc gđ anh Quốc Tuấn thật nhiều sức khỏe.,,,
Quảng Nam quê cha tôi.,,,
"Các đồ ăn được gọi là ""chay"" chế biến sẵn hoặc là chế biến cho giống với các loại đồ ăn mặn đều có rất nhiều phẩm màu, hương vị... độc cho cơ thể, chưa nói tới nhiễm khuẩn như trường hợp này.Nếu đã là ăn chay tịnh thì mua mớ rau cải sạch về luộc lên và chấm muối mà ăn thôi, vừa có lòng vừa an toàn. ",,,
Mình nhìn thấy khá là giống với chú chó trong phim hoạt hình thám tử Tintin.,,,
"Con mình cũng học lớp 1 trước cả năm . Nên giờ đi học là biết đọc biết viết rồi . Làm toán cũng thành thạo , ai cũng than chứ mình thì thấy ko có gì . Con mình đi học lớp 1 về , thì bảo sướng quá mẹ ơi. Ngày nào cũng giơ tay đọc. Cháu tự tin hẳn..",,,
Mấy đứa này ăn không gọn gàng. Xác cá voi bị cạp nham nhở trông xấu thế. Kkk,,,
"Tính kinh tế so cách đây 5 năm, cách đây 5 năm thì đô là và vàng thế nào. Hiện xem chất lượng căn hộ và thiết kế còn giống cách đây 5 năm không khì chủ đầu tư còn đầu tư cả tiện ích. ",,,
Còn nhỏ mà bản chất như vậy r. Nguy hiểm,,,
Cả năm chỉ đóng 750$ thuế tncn á? Tương đương 17tr Vnđ???,,,
"Yên tâm sau này cccd có gắn chip, thì sẽ không làm giả đc đâu. ",,,
Chuột này mà làm món chuột quay lu thì thôi rồi...,,,
"Tôi nghĩ giá tăng 1 phần là do những người mua gom nhà để đầu cơ. Nên có cơ chế đánh thuế từ căn nhà thứ 2 thật nặng để giảm tình trạng đầu cơ, lúc đó nhà xây ra sẽ về với giá trị thực của nó.",,,
Chúc bình an- Hạnh phúc.,,,
Trump gây hỗn loạn như thế là đủ rồi. Bây giờ nhiễm Sar-Cov-2 thì mới biết thông cảm và chia sẻ với các bệnh nhân và người nhiễm virus này. Nhiễm nCovy cũng có thể là lý do để ngài 'rời ngai' trong danh dự đấy Trump ah. Chúc Ngài sớm bình phục.,,,
"Làm mới, tốn kém mà chấp vá là không đáng.",,,
Thấy giọng anh tôi next qua bài,,,
Tất nhiên là có rồi. Nhưng tam giác này không đặt vừa trên trái đất mà nó ở ngoài không gian,,,
"Muốn tiết kiệm nhiên liệu, vận hành êm ái, ít hư hỏng vặt, bán lại được giá hơn thì xài Attrage. Muốn đồ chơi nhiều, máy bốc thì chọn Kia Soluto. Trước tôi đi con Attrage 2015 mua 420tr, chạy 4 năm chỉ việc đổ xăng, thay lốp, nhớt sau bán lại được 300tr không thấy lỗ vốn.",,,
Bão covid chưa qua bão số 3 đã đến :-/,,,
"Trông không giống mèo hoang, chúng hơi mập, có lẽ nguồn thức ăn dồi dào.",,,
Lâu lâu kéo co mà cũng k cho,,,
"Ở Việt Nam, thấy chuột cỡ này có khi mèo cũng phải chạy. Lúc đó k biết con nào canh còn nào.",,,
"Phải phạt cả những nhà hàng mua chó của những người này. Họ thừa biết là đồ ăn trộm nhưng vẫn mua. Phạt theo tội danh ""Tiêu thụ tài sản do người khác trộm cắp mà có được""",,,
"Bạn đặt câu hỏi thiếu điều kiện nên rất khó để trả lời chính xác. Bởi lượng mồ hôi tiết ra sẽ khác nhau ở từng người.Trung bình một ngày người ta đổ từ 0,5lít đến hơn 3lít mồ hôi, phụ thuộc vào các yếu tố sau:- Kích thước cơ thể: người to béo có thân nhiệt cao hơn nên sẽ tiết nhiều hơn.- Khối lượng cơ bắp: với 2 người cùng cân nặng, ai nhiều cơ hơn sẽ tiết nhiều hơn.- Tuổi tác: người càng lớn tuổi sẽ ít tiết ra hơn vì do tuyết mồ hôi bị lão hoá.- Tình trạng sức khoẻ:stress, rối loạn nội tiết, tiền mãn kinh, hoặc mắc một bệnh nào đó có thể gây tăng/giảm tiết mồ hôi.- Thể chất: những ai khoẻ mồ hôi sẽ ra nhiều hơn người yếu vì có cơ thể hoạt động mạnh hơn.- Yếu tố bên ngoài: đang chịu nhiệt độ cao hay thấp, đang vận động thể lực hay ngồi văn phòng, có đang ăn đồ cay không... đều tác động lượng mồ hôi tiết ra.Còn nếu bạn muốn biết trong một lượt đổ mồ hôi, cơ thể tiết ra tối đa bao nhiêu? Thì với hoạt động thể lực cường độ vừa liên tục 1-3 giờ ở nhiệt độ ôn hoà MÀ KHÔNG UỐNG NƯỚC, ta sẽ mất tối đa 1,5-2lít mồ hôi.Thực tế khi mất 1lít thôi ta đã thấy khát rồi. Mất hơn 2lít mà không được uống nước bù vào sẽ dẫn đến ngất, mất ý thức, ngộ độc cơ...",,,
Hèn chi mình uống cứ chê dạo này uống sao đau đầu. Thế là do uống hàng kia ko phải của sabeco,,,
"Ý tưởng hay đấy chứ,",,,
Giấy tờ ổn thì xúc thôi bạn. Chắc không có đáy đâu.,,,
hình sự cho chừa. lớn mà đánh con nít.,,,
"Nhìn mà cứ lo mấy tàu đánh cá voi của Nhật xuất hiện, không cẩn thận thì con vật xinh đẹp này thành món sushi trên bàn ăn mất!",,,
"Cuộc sống này mấy ai thuận buồm xuôi gió, cứ ôm mãi những nỗi niềm thì chỉ khổ mình và những người ở bên. Làm thằng đàn ông thì phải đạp lên mà sống thôi, vì mình và còn vì những người thân bên cạnh nữa.",,,
"Nếu điều chỉnh lại thì phải sửa đổi lại rất nhiều giấy tờ , hơi bị mệt đây",,,
Mặt chầm dầm ; cho ngay trái Pen mặt tươi hẳn !!! tiếc là trận 8-2 ko ai cho ăn Pen hôi nên đành ngậm ngùi !!!,,,
Nhạc của Nguyễn Văn Chung có lẽ chỉ Cao Thái Sơn và Thanh Ngọc là truyền tải xuất sắc nhất!,,,
"Từ xưa đến nay, mỗi phát kiến mới đều gặp phải nghi ngờ và chống đối.Nó cũng không là ngoại lệ khi ở đâu đó tuyên bố đã chế vắc xin phòng dịch covid19 thành công.Và sẽ phải có một phong trào phản bác.Đó chính là cơ chế để loài người phát triển khoa học kỹ thuật đến ngày hôm nay",,,
"Biết nắm bắt cơ hội là ở chỗ này đây. Các nước như Dubai, Hồng Kông họ đều có mức thuế rất hấp dẫn cho các nhà đầu tư nước ngoài. Ấn độ đất rộng người đông xây dựng cơ sở hạ tầng tốt, đào tạo nhân lực chất lượng, sẽ rất thu hút đầu tư nước ngoài!",,,
Cái này gọi là phá cách để phù hợp với khẩu vị thị trường Trung Quốc. Thật hài hước khi xe phân khúc hạng nhỏ hơn lại lớn phân khúc hạng lớn hơn. Phá cách kiểu này là đang phá nát thương hiệu rồi còn gì...BMW ơi là BMW. Thân!,,,
đúng ngày đầu tiên đi học. thương các con quá....,,,
"Lối sống cả 2 đều đáng lên án, nạn nhân là người đồng tính thì nên tìm người cùng hệ với mình chứ bạ đâu gạ đấy thì kết cục này khó tránh khỏi",,,
chiến tranh thật quá khốc liệt,,,
"Linh đan rất cá tính, tương lai siêu mẫu",,,
"Phim hay và ý nghĩa là công nhận. Còn chuyện đạo diễn nói không vì doanh thu,ko vì lợi nhuận, nói chung không vì mục đích kinh doanh thì khó tin được, vài lời gửi đến đạo diễn, mong rằng đạo diễn nên chân thành và thực tế hơn...",,,
"Trời ơi dễ thương quá, chụy muốn nuôi em UwU",,,
Kia Soluto bản cao cấp nhất nhé. Hehe,,,
Cháu xin cụ,,,
"Rất nhiều tài sản bị thay đổi tên gọi, hợp đồng kinh tế cần chỉnh sửa, bản đồ, chỉ dẫn sai lệch .... không đơn giản. Tốn rất nhiều công sức nhưng không mang lại lợi ích nào cụ thể cả.",,,
"Bọn này dã man quá, con mình mà còn làm vậy",,,
Mọi thứ đều đẹp trừ 2 quả thận,,,
Lì lợm thật :(,,,
Chào tạm biệt em loan nhé con gái mà liều quá mang cái chết trắng cho bao nhiêu người rồi cũng ra đi,,,
Cho hỏi: Đầu làn có biển chỉ dẫn làn ô tô rẽ phải. Nhưng cuối làn thì trên long môn có biển chỉ dẫn đi thẳng. Vậy ô tô đi vào làn đó rồi cuối làn không rẽ phải mà đi thẳng thì có vi phạm giao thông không?,,,
Trời! Giống như phim nhưng đời thực tại Kỳ Anh Hà Tĩnh. Hoan hô các anh chiến sỹ.,,,
Chúc các bác mạnh khoẻ!,,,
Si28 ghi bàn đầu tiên của mùa giải bằng pen do người khác nhường cho !,,,
"""Tôi đã không tập luyện kể từ trận đấu của Xứ Wales hồi đầu tháng"". Bale tưởng lại được đi đánh golf lĩnh lương ở Real, nên lười biếng, thiếu chuyên nghiệp thật.",,,
Cột điện li tâm nên làm 2 cái các điểm quan trọng,,,
Ấn Độ tai tiếng rất nhiều về các vụ hiếp rồi giết.,,,
"Cho tạm trú nhiều ngày, nhỡ gặp tui hổng có vồ nha!",,,
Thật sự rất bất lợi cho ông Trump,,,
"Có vẻ giống một số Doanh nghiệp nhỏ Việt Nam, đang làm ăn ngon nên cố gắng mở rộng nhưng mở rộng rồi thì lỗ nặng dẫn đến phá sản.",,,
Tôi rất hâm mộ nhóm Blackpink,,,
"Giữa khó khăn mùa Covid nghe chia sẻ của Diệu Nhi thấy được sự đồng cảm và chân thật. Chớ ngày nào xem báo cũng thấy showbiz hào nhoáng xa hoa, giữa lúc bao nhiêu người thiếu trước hụt sau, lắm lúc thấy chạnh lòng.",,,
"Toàn thi công vào cao điểm. Lẽ ra nên thi công từ tháng 3, lúc đang cách ly, đường vắng",,,
Pen vô thưởng vô phạt có được tính là bàn thắng không fan hề bám hi hi,,,
"có nhà nhưng thích ngủ ngoài công viên. nhường ghế cho người lớn tuổi trên tàu điện ngầm,vv...",,,
Chúc mừng bạn,,,
"Tôi coi phim do John Wich đóng hấp dẫn ngay phút đầu vì kịch tính, nhân vật luôn hành động, cảnh quay thay đổi chứ không phải nghe phim",,,
"Tôi không ở TPHCM nhưng cũng từng nghe câu chuyện văn hóa về nhân sĩ Kha Vạng Cân từ nhiều năm rồi. Vậy mà tên đường đó vẫn để sai đến tận giờ. Học lịch sử biết danh tướng Trần Khát Chân, chưa nghe Trần Khắc Chân bao giờ. Hồi trước có tỉnh gắn tên đường cũng nhầm lẫn gây tranh cãi, sau cũng đổi tên đường. Tôi còn nhớ ở Đà Nẵng người dân viết số nhà ... đường Yên Báy (Yên Bái) :) , này chắc do cách phát âm nên viết sai.",,,
hoàn toàn đồng ý,,,
"Trời ơi tội bé quá,đọc cái cân nặng của con chó thôi đã rùng mình,may mà cháu không nguy hiểm tính mạng,mong rằng với tạo hình thẩm mỹ tốt bé sẽ có được gương mặt bình thường nhất có thể!",,,
Cứu một mạng người xây 7 tháp nam mô adidaphat các bạn giàu tình người,,,
Ai thích ăn thì cẩn thận với dịch hạch nhé ?,,,
"ông bố này kinh thật, lấy luôn cả bơm xe đạp đánh",,,
i10 chắc chắn hơn. morning đẹp hơn. Tùy vào nhu cầu của bác.E vote i10,,,
"Ngày ngày đón tin vui, mong dịch qua sớm",,,
Yêu cầu pháp luật trừng trị thẳng tay để làm gương,,,
"Nhìn 2 cách chống dịch hoàn toàn trái ngược, 1 bên đều đeo khẩu trang, 1 bên thì không, hậu quả thì mọi người đều biết mấy hôm nay.",,,
"Nên cho người dân 1 cách nào đó để kiểm tra mình đang có bao nhiêu thẻ tín dụng, bao nhiêu khoản vay tại các ngân hàng để tự tra cứu. Có khi làm hồ sơ mở thẻ/tài khoản ở ngân hàng X nhưng nhân viên ngân hàng lại tự ý mang giấy tờ các thứ của khách hàng đi mở thêm vài thẻ các nơi thì toi.",,,
Không nói rõ là mua xe gì: xe lam hay xe mô tô. Nếu được mua con xe đạp điện chạy khỏi nghĩ tiền xăng,,,
Vi phạm bản quyền trắng trợn từ chính những người cũ. Đề nghị pháp luật xử lý nghiêm để làm gương!,,,
"Thu Hà là đẹp đúng với lứa tuổi, không thấm mỹ, còn lại xin không bình luận",,,
Ông đức nhiều cái cũng lạ,,,
Những người cho rằng Nhật Bản dẫn đầu về công nghệ động cơ chạy hydro đâu rồi???,,,
"Vì bên cali năm nào củng khô hạn và gió lốc rất mạnh , bàn ghế ngoài vườn bay như trong phim kiếm hiệp vậy ,Hôm qua cali gió mạnh làm cây trái nhà tôi rụng cả ,",,,
Tại sao Ban quản lý các hồ thủy điện không chịu tính toán các phương án xả nước trước để đón mưa lũ về.Như vậy vừa giúp dân chống hạn vừa tránh thiệt hại lúc cao điểm của mùa mưa lũ.,,,
phải truy tìm và xử lý ngay,,,
Tên này không còn là con người nữa rồi,,,
Bạn nên lấy pháp luật ra nói chuyện với Anh bạn và đề nghị Anh bạn đưa cho bạn 1 miếng nhỏ để bạn xây tổ ấm. Nếu Anh bạn cự tuyệt thì hãy đem ra tòa giải quyết. Mong bạn và gia đình bạn giải quyết việc phân chia nội bộ trong nhà.,,,
Rớt xuống nước xem như xác định làm mồi cho cá voi,,,
"Loại này có mặt ở các bãi đá/san hô dọc ven biển miền trung Việt Nam, tôi hay gọi là Đá Nổi. Size của nó đủ kích cỡ khá nhỏ tầm 10mm - 500mm, nhưng số lượng rất hiếm gặp...",,,
Tuyệt vời!!,,,
Xe Vin mà chất lượng được đảm bảo như xe Hàn và giá cũng mềm như xe Hàn thì dân VN sẽ toàn đi xe Vin,,,
Sai cả họ luôn thì bá đạo rồi.,,,
"""Liverpool đã có cả một quá trình đầu tư bài bản, với nhiều niềm tin và công tác tuyển mộ tuyệt vời"". Ở kỳ chuyển nhượng mùa giải 2016-2017 Arsenal mua Lacazette với giá 46 triệu bảng, còn Liverpool mua Sadio Mane với giá 36 triệu bảng. Ngay cả mức giá mua cũng khác biệt.",,,
"Họ đã tiến rất dài trên hành trình trở thành cường quốc công nghệ, ở hầu hết mọi lĩnh vực, một số công nghệ cốt lõi - thậm chí bỏ xa phần còn lại của thế giới (5G)",,,
 mong chờ ngày anh ra toà.,,,
"Như bệnh nhân này ngoài vẫn đề sức khỏe thì giao tiếp,giao dịch hàng ngày của anh sẽ rất khó khăn và thiệt thòi. Ví dụ việc làm giấy tờ tùy thân như thẻ căn cước,hộ chiếu hay bằng lái xe hoặc bằng cấp các loại cực kì bất tiện. Mong anh mau chóng khỏi bệnh và hòa nhập cuộc sống bình thường như bao người....",,,
Đọc tình tiết như 1 bộ phim. Cái ác luôn bị phơi bày.,,,
"Cám ơn đạo diễn. Cám ơn tất cả các thành viên Ekip làm phim ""Ròm"" đã cho tôi một trãi nghiệm tốt như vậy. Phim gần đây nhất mà tôi xem là phim ""Hai Phượng"" khai thác chủ đề rất hay nhưng có nhiều cảnh quay bị ""gò bó"" thật sư xem ức chế (trong lúc chạy cứu con mà còn có thời gian đội mũ bảo hiểm?), tôi thông cũng thông cảm cho ""Hai Phượng"" vì ekip cũng không muốn như vậy.",,,
"Điều kì diệu đã thành hiện thực. Vui mừng, xúc động, cảm ơn các y bác sỹ, chúc mừng 2 cháu và gđ! Cảm ơn cả cộng đồng đã cùng động viên chia sẻ nữa chứ",,,
Vận động live stream là cách thức hay trong trạng thái bình thường mới.,,,
thêm tí nữa mua xe mới tôi vừa tậu 1 e i10 at 400tr chỉ việc đi .sao phải mua xe cũ,,,
1 tam giác ở xa trên trời,,,
Hành động vô lương tâm thật!,,,
"theo mình chỉ làm cao tốc cầu ct2 - ngã bảy. từ ngã bảy - cà mau mở rộng quảng lộ phụng hiệp thêm 4 làn xe nữa và tách biệt làn 2 bánh hoặc cấm 2 bánh vào quảng lộ (thực tế 2 bánh củng không đi đường này về cà mau nhìêu, mà chỉ dân địa phương và rất ít đi vào ban đêm , làm cầu vượt tại các các nốt giao thông kết nối về sóc trăng và trà vinh. và cho phép tốc độ tối đa 90km/h là đủ dùng , nâng cấp 3 tỉnh lộ: 61b kết nối vị thanh, dt1 kết nối gò quao - đi kiên giang, 908b kết nối về miệt thứ. vừa giảm chi phí vừa tạo xương sống (quang lộ phụng hiệp) kết nối toàn đồng bằng!",,,
"Nên nhé, bất động sản luôn luôn tăng, chỉ là tăng bao nhiêu thôi. Mua đất có sổ đàng hoàng thì không có gì phải lo hết.",,,
"Phần lớn truyền thông Mỹ, trừ Fox News, đều ghét Trump nên không ngạc nhiên họ sẽ ra đòn công kích Trump. 4 năm trước họ cũng ra sức nói vậy, cười nhạo Trump, giờ lại lấy thêm ý kiến của....dân thế giới! Nhưng ngay chính người Mỹ lại đi bầu Trump. Họ biết họ muốn gì, cần gì.",,,
Ko có Son10 của Barcelona thì Bayern Munich khó mà thắng đậm như trận 8-2,,,
"Những con cá trê, cá tràu,... đó giờ là đặc sản, không phải có tiền là mua được. Nghĩ tới, mình lại thèm ngày xưa ra đồng nghịch ruộng, háo hức nướng con muồm muỗm nướng, nồi cá diếc cá trê kho của mẹ. Thèm!!!",,,
Morning hay i10 nhìn xấu quá!,,,
"Lấy con mazda 3 2017-2018 mà chạy bạn, đảm bảo với bạn không hối hận. Đừng mua toy hay mít chán lắm, cuộc sống đã khó khăn khi có dư hãy là người tiêu dùng tốt. Đừng ham mà mua cái xe ko có gì chán lắm. Thân",,,
"Barca năm nay đầy sức trẻ và nhiệt huyết + M10 luôn kỹ thuật và tinh tế, Barca năm nay rất đáng kỳ vọng. Hi vọng cuối mùa Barca ăn 2 là vừa đủ để M10 lập kỷ lục.  ",,,
Để tiền cưới vợ. Sau đó vợ chọn cái nào mua cái đó.,,,
"mua xe đạp, vừa không tốn xăng, lại có lợi cho sức khỏe, lại vừa bảo vệ mt",,,
Yên tâm một phần nhưng mối nguy cơ còn đó: nhìn cảnh chen chúc ở vũ trường mà ngại.,,,
Cái đầu của Trump là cái đầu làm ăn kinh tế nên mọi tính toán hay suy nghĩ của ông ý khác với suy nghĩ của người thường . đơn giản giống như cái đầu của 1 ông chủ nó cũng khác 1 người làm công ăn lương . chốt lại ai thắng hay thua không thể nhìn vào dư luận để phán xét,,,
tình trạng này xãy ra ngày một nhiều và xem thường pháp luật. gây cản trở giao thông và dễ dẫn đến tai nạn vì họ không chấp hành luật giao thông.,,,
Em thật giỏi. Khâm phục em.Thời đi học tôi chỉ cố gắng hết sức chỉ đạt đc 8 điểm..... đó là môn thể dục còn tiếng Anh tôi ko biết,,,
"Cháu tôi đang học lớp một , ngày nào cô cũng nhắn các phụ huynh kèm cháu đọc viết. Chả hiểu bộ biên soạn sách với chương trình dạy kiểu gì, khi mà học cả sáng lẫn chiều rồi mà tối vẫn phải học. lấy đâu thời gian cho các bé vui chơi nữa.",,,
"Theo tôi nên thông báo bằng loa phát thanh phường, xã toàn quốc cho dân biết ko nên ăn pate Minh chay vào lúc này",,,
Nghe buổi tranh luận mình thấy tầm nhìn Bill so với Trump hạn hẹp hơn rất nhiều.,,,
"Để trả lời được câu hỏi ""có phải là đáy"" thì 1 là thiên tài biết phân tích mọi thứ, 2 là người đến từ tương lai.Và người mà biết được điều này thì cũng không bao giờ nói cho bạn biết. Tiền của bạn, bạn dùng làm gì thì bạn tự lo.Theo kiến thức của bạn thấy ok thì cứ tự tin làm, có thể không mua 1 lần hết toàn bộ số tiền, mà chia ra 3 lần, mỗi lần 1 tỉ, kiếm một miếng nhỏ mua trước, sau đó sẽ có thêm kinh nghiệm, rồi tiếp tục tìm kiếm đầu tư. Tôi vẫn thích ý tưởng ""không cho trứng hết vào 1 rổ"" khi đầu tư hơn.",,,
"Người ta lai 1 xíu là đã đẹp rồi đằng này soái ca lai tới 4 dòng máu, có cả Nhật nữa. Bảo sao không đẹp ! Nét đẹp chuẩn không thể chỉnh nữa :)",,,
"Hết dịch nhanh để còn ổn định kinh tế, chứ đói lắm rồi.",,,
"Khoảnh khắc ấy, mặt con cá đực to thẫn thờ thấy tội... :') :P",,,
Bị bạn bè rủ rê chứ cháu nó ở nhà ngoan lắm.,,,
Cách chia công bằng nhất là sự đồng thuận bằng con tim của tất cả anh em ruột thịt.,,,
"Đây, cho những ai bảo con không có bố thì chẳng thể nên người .",,,
Mùa bão đi qua cuốn bao niềm hy vọng.Hết đại dịch lại đến bão giôngĐất anh hùng khúc ruột miền TrungƯỡn thân mình oằn oại nơi đầu sóngĐể nuôi dưỡng ý chí kiên cường bất khuấtVà không có trở ngại nào không vượt quaĐể trở lại những ngày tháng yên bình nơi ấy,,,
50m là bể bơi rồi. Cần gì phải cố gắng xác định :D,,,
"Việt Nam chúng ta nên áp dụng theo Ấn Độ mình lái xe đi đêm sợ nhất là ô tô, mô tô độ đèn siêu sáng làm lóa mắt người đi ngược chiều rất nguy hiểm.",,,
"Người đam mê xe thì không ai sử dụng mitsubishi attrage. Bạn tầm 500tr mua con hyundai tucson, vay thêm 1 ít chạy vô tư.",,,
nỗi ám ảnh của nhiều người hồi bé ! hên hồi đó bị mấy lần gỡ được tuy có hơi thốn .,,,
Xót thật,,,
Cần xử phạt bố mẹ ruột và bác sĩ đã phẫu thuật cho ca này.,,,
"Ai cũng như mình thì thị trường này khó tăng trưởng, 1 năm cùng lắm chỉ 1 vài lon/ cốc nước ngọt trong dịp đặc biệt vì sợ tăng cân và không tốt cho sức khỏe.",,,
Nói thật là nhìn thế nào thì cũng không thấy thiện cảm với ông này.,,,
Người lớn thì uống bia thay nước. Thanh niên và trẻ con thì có nước ngọt và trà sữa. Uống hàng ngày thì hệ lụy cho sức khỏe gia đình và xã hội là đây chứ đâu.,,,
Chiếc xe hơi kia sao liều mạng vậy? vẫn chạy đâm đầu vào,,,
Đau lòng quá vậy !!!,,,
Cha mẹ chỉ gợi ý và động viên !,,,
"Ôi, cây Thánh Giá của lòng tôi!",,,
quá xứng đáng!!!,,,
"Khi người đàn ông khóc, chỉ có 2 điều: hạnh phúc và bất lực. Bỏ qua hạnh phúc thì ở Juve đang có 1 người đàn ông ở vế sau. Dù yêu hay ghét thì bất cứ người xem trận chung kết năm xưa đều đầy cảm xúc khi thấy Ro chấn thương nghiêm trọng ở đầu gối, ngồi khóc bất lực với con bướm đậu trên má như muốn phần an ủi. Để rồi từ đó thấy Ro trở lại với cái băng quấn chặt chườm đá lạnh, cùng HLV hô hào Bồ quật khởi. Cái tinh thần nhiệt huyết của đội trưởng vĩ đại đã thúc đẩy toàn đội chơi 1 trận như trận cuối của đời mình trước 1 đội tuyển Pháp hùng mạnh mà lại ngay trên sân nhà. Trong lịch sử bóng đá, cảm xúc như vậy đối với ng xem chỉ có thêm ở 1 người đội trưởng vĩ đại khác: hoàng đế Beckenbauer với cái băng quấn chặt vai.Morata số lận đận, trở lại niềm vui bóng đá nhờ cô vợ hiền kèm lời động viên chân thành của thủ lĩnh Juve Buffon. Và lần này anh đc đá chung với thủ lĩnh tinh thần khác: C.Ronaldo. Hi vọng lần này a sẽ khóc, khóc cùng Buffon, khóc cùng toàn đội và hàng triệu Juventini khác.Ai cũng có 1 ước mơ. Hãy chờ xem điều đấy có thành sự thật ở mùa giải năm nay không.",,,
"Bầu Đức dạo này có vẻ khá giống bầu Đệ, thích những người thân quen làm HLV trưởng đội bóng mặc dù những người này chuyên môn ko tốt và đã từng dẫn không thành công. Như vậy đội bóng sẽ rất khó có sự thay đổi được.",,,
Coi đi coi lại mấy lần cũng không hiểu nguyên nhân tại sao như vậy? Dù sao cũng may mắn không có thương vong xảy ra. Mọi người đi đường nhớ cẩn thận nhé,,,
"Muốn biêt cứ lấy áo mưa mà mặc rồi đo lại. Nhớ mặc cả ngày, uống nước vận động đầy đủ nha",,,
Án nặng quá ! Nên giảm còn tầm 100 năm thôi,,,
 Kỳ Duyên quá đẹp,,,
Vay thêm 100 triệu mua xe mới bạn ơi!,,,
"Hai kẻ mất nhân tính, cầm thú. Xử lý nghiêm khắc nhất có thể. Hãy bảo vệ trẻ em - chủ nhân tương lai của Đất nước.",,,
"Dịch bệnh COVID 19 hoành hành, việc làm không có tiền đâu mà chơi bài?",,,
"Tôi ủng hộ Trump . trong mắt tôi ông là người quyết đoán , nói được và làm được .",,,
"Chỉ vì ham rẻ mà nhiều người bị lừa, mà lừa chính người dân Việt mình.",,,
Mặt vậy bảo sao. Khổ thằng bé thôi.,,,
nắm bắt dc thị hiếu và tính tò mò của con người thôi . Âu cũng do cái thói ham của lạ của độc chạy theo thị hiếu của NTD thôi,,,
7 tuổi rồi mà ko dạy con mặc đồ lót sao ?,,,
Lại là người Mỹ đi đầu trong những phát hiện mới .,,,
"Thật tiếc thương người nghệ sĩ tài hoa! Những năm sau giải phóng, bọn nhỏ miền Nam chúng tôi say mê những bộ phim chiến tranh VN như: Vĩ tuyến 17 ngày và đêm, Vợ chồng A Phủ, Chị Tư hậu... với hình tượng người chiến sĩ giải phóng ra đi từ lũy tre làng, những người nông dân chân chất vùng lên dũng mãnh chiến đấu với quân thù...! Tôi yêu thêm đất nước nhiều đau thương và anh dũng của mình, lại càng quý các anh chị diễn viên từ đó! Phim các anh chị đóng thật nhiều cảm xúc và với U70 vẫn đẹp trong lòng chúng tôi! Cầu mong đạo diễn sớm siêu nhiên nơi miền cực lạc! Xin chia buồn cùng gia đình đạo diễn, diễn viên Trần Phương!!",,,
Theo dự đoán của mình thì 100% sẽ kẹt xe tại trước cua quẹo (Điện Biên Phủ - đường bên hông cầu vượt Nguyễn Hữu Cảnh). Buổi chiều sẽ kẹt nhiều hơn buổi sáng.,,,
"7 tiền án thù ko nên đưa ra ngoài xã hội nữa, mất khả năng cải tạo rồi!",,,
Chú chó dễ thương quá! <3,,,
Từ từ rồi quen à! Thành phố dân số phát triển quá nhanh nên bắt buộc phải di dời bến xe ra ngoại thành là OK.,,,
Hy vọng ông Trump sẽ tái đắc cử vì thích sự quyết liệt của ông ấy,,,
Trước sau gì cũng tan vào đất nhanh hay chậm có khác gì đâu. Hoả thiêu 2 tiếng là xong.Quan trọng là bất tử cơ.,,,
Có ăn có học cũng khác...haha....,,,
"Hoa hậu Lương Thùy Linh không được xinh lắm, chỉ được mỗi cái học giỏi và chân dài",,,
Ai cũng có quê hương nhưng người có tâm như anh Hoài Linh thì thật hiếm hoi,,,
Bằng việc dùng đt trong giờ học chúng ta đã tạo rất nhiều điều kiện các em hs làm việc linh tinh trong giờ học... và rồi chúng ta sẽ sớm nhận ra sai lầm của mình.,,,
Chắc chắn là Fadil,,,
sao tôi có cảm giác á hậu lại đẹp hơn hoa hậu vậy haha :'),,,
"Giá quá tốt cho một chiếc xe sang, dù là cũ nhưng đám anh em nhà Nhật nhìn mà phát thèm. Bước vào xe đã thấy cảm xúc và an toàn rồi. Giờ xe nhật cũ tính kg chứ tiền triệu ai mua.",,,
Nét đẹp tự nhiên của chị Thu Hà ️,,,
i10 chắc chỉ được cái rộng hơn Fadil chứ có gì đòi hơn. Còn không thì làm con Mit Attrage không phải ngon hơn sao. i10 ngoại hình kiểu nào cũng thua Fadil và Attrage,,,
Tin vui việt nam chúng ta đang kiểm soát tốt dịch bệnh,,,
"Chúc mừng Asrenal một trận đấu vất vả nhưng vẫn chiến thắng và có hai trận thắng liên tiếp, hi vọng năm nay có thể trở lại tóp 4 để đá C1",,,
"Thật không vui cho Azarenka, do chủ quan hay do thời tiết quá lạnh ???",,,
"Côn Đảo đc yêu thích là do bê tông hóa chậm hơn các đảo du lịch ngoài Nha Trang, tour du lịch tâm linh, trải nghiệm cuộc sống yên bình ở đảo.Nếu CĐ phát triển theo hướng bê tông hóa thì ai lại đi du lịch CĐ làm gì cho xa, tốn kém thời gian, tiền bạc, cứ kiếm đại mấy đảo gần gần mà chơi",,,
Mong cho tất cả mọi người hãy ý thức tốt để đẩy lùi Covid!,,,
Tội cháu quá! Sinh mà không nuôi thì xã hội tiếp nhận cớ sao bỏ rơi cháu! Cơ quan chức năng nên xử nặng những trường hợp này. Cháu Tôi chỉ bị muỗi đốt là Tôi đau lòng ,,,
"Riêng cá nhân tôi nên chọn xl7, 7 chỗ hơn 5 chỗ,máy bền, tiết kiệm xăng,xe nhật",,,
"Biện pháp cô lập và tìm, triệt vẫn là ưu việt nhất, đã chứng minh tại Vũ Hán và Việt Nam. Điều đáng nói là sau này có 1 chủng vi rút mới hơn và độc hơn thì thế giới sẽ thế nào? Cái dở nhất là hầu hết ít lo lắng. Cần phải học hỏi tất cả kinh nghiệm phòng thì sẽ vượt qua hết. Qua đây cũng có thể triệt con HIV thay vì sống chung với nó vậy mà WHO chả có động thái gì.",,,
"""Thị trường nội địa khổng lồ, chuỗi cung ứng công nghiệp hoàn chỉnh và cơ sở hạ tầng tốt là những điểm hấp dẫn nhất đối với các khoản đầu tư sản xuất nước ngoài"". Chúng ta chẳng có cửa gì để thu hút được ""đại bàng"" cả. Các bạn thật tuyệt vời nhưng với chúng tôi tiền quan trọng hơn.",,,
"Vậy là đã giữ lại đc cánh rừng tự nhiên,vui mừng quá",,,
Tự hào Việt Nam!,,,
Đồng phục quái đản quá !,,,
chính quyền địa phương chuẩn bị các điều kiện tốt nhất để sơ tán người dân khỏi vùng nguy hiểm mất an toàn của bão cấm biển tuyệt đối để dảm bảo tính mạng và tài sản của ngư dân.,,,
"Dựng hình chữ nhật ABCD tâm O có cạnh AB= 0.2mm; AD= 12.000 tỷ mm,Diện tích tam giác AOD có đường cao AH=0.1mm, 2 đường cao 2 đường cao AM và CN đều nhỏ hơn 0.2mm và DT= 600 triệu km2>510 triệu km2.Tam giác cần tìm là AOD",,,
"Chắc là ko có đâu,cùng lắm chung với Liver,mà năm này ko có Roma nhỉ???",,,
"Mình là người sống trên trục đường Phạm Văn Đồng và mình rất bức xúc với cách di chuyển của những người đi xe đạp này. Mình tin trong số những người đạp xe này sẽ đọc được bài này. Và cũng không phải lần đầu báo chí phản ảnh. Xin lỗi các bạn, các bạn mang tiếng là dân thành phố, chắc là cũng có điều kiện, nhưng ý thức các bạn quá kém. Các bạn thường xuyên vượt đèn đỏ, lấn làn, dàn hàng khi chạy xe tập thể dục buổi sáng. Tôi hi vọng bạn nào đọc được bài này nên thay đổi, và cũng nên nói cho các bạn đạp xe chung với bạn thay đổi nhé.",,,
Mình thấy dự án này sẽ phải tiêu tốn hơn nhiều so với số tiền 6 tỷ đô ấy ... Mong là nó sẽ trở thành hiện thực góp phần tạo nên một châu Phi mới ... Wakanda Forever !!!,,,
"Những phim này tôi đều chưa xem. Phim Việt Nam tôi xem gần đây nhất là phim ""Ma làng""",,,
"Phải giữ được vùng đệm thì vùng lõi của rừng mới tồn tại bền vững. Hãy dành cho cây xanh, rừng tự nhiên một sự ưu tiên trên hết. Đừng để vài chục năm nữa, con người sống trơ trọi trên đống bê tông khô cằn giữa biển khơi.",,,
"Thời gian gần đây, học sinh đi học nhiều nguy hiểm quá! Nào là cây đổ, cổng trường sập giờ lại cả ngộ độc thực phẩm....",,,
Đây mới thực sự là chủ của Đại dương.,,,
Mong Trump tái cử.,,,
"Tổng tài sản là thế, còn tổng nợ là bao nhiêu ko thấy nói",,,
"""Messi kỷ niệm tròn 20 khoác áo Barca, từ lúc Messi là một cậu bé 13 tuổi"" - cống hiến cả tuổi thanh xuân cho bóng đá và đam mê",,,
"Tận thế chắc gì có màu đỏ nhỉ, chắc nó phải là trong suốt ko màu.",,,
"nói chung lớp 1 là lớp chuyển giao giữa học mẫu giáo và học tiểu học, nên để các cháu làm quen từ từ từng chút một, đáng nhẽ học xong lớp 1 các cháu chỉ cần đánh vần được nhưng từ đơn giản, một số từ ghép không phức tạp, đọc trơn tru một câu đơn giản, học toán cộng trừ trong phạm vi 100. thế thôi là quá đủ, đằng này thì quá nặng, quá khó, quá khổ cho các cháu!",,,
"Hồi chiều này bầu trời vàng đỏ như ngày tận thế, tro bụi khắp nơi, Estacada, Clackamas County báo động cấp độ 3, còn Clackamas gần freeway 205 thì chưa, Oregon city thì người dân đã di tản từ ngày hôm qua. Còn Multnomah county thì chưa có báo động, nói chung là báo động ở những vùng farm , nhưng tôi thì đã chuẩn bị sẵn sàng , lúc nào cũng đọc báo cập nhật tin tức",,,
"Cái hình trang bìa cũng là cái áp phích hot thời đó, ai hâm mộ ĐT là phải có 1 cái treo trong nhà :D",,,
Anh Tuấn là người đàn ông người cha tốt nhất mà tôi từng biếtCòn còn anh là đứa con hạnh phúc nhất trên thế giới này vì có người cha như anhChúc cho hai cha con anh thật nhiều Sk (vì có lẽ với anh không có gì quan trọng hơn Sk) Sống vui vẻ hạnh phúcNgưỡng mộ anh,,,
Cứ cho các cháu đi xa 1 THỜI gian coii sao,,,
1 thước phim rất tuyệt..,,,
"Hy vọng tài liệu thuế của gia đình Trump công khai, minh bạch cho dân Mỹ thấy",,,
"Comment nhưng k biết các bác đưa các quyết định có đọc k? Riêng bản thân tôi hoàn toàn phản đối việc học thêm. Con tôi mới học lớp 3, ra khỏi nhà lúc 6h 30 đến 5h30 mẹ con mới gặp nhau, thế mà cô giáo vẫn nhắn với cha mẹ học sinh là buổi tối cho các con đến nhà cô học từ 7h30 đến 9h30. Tôi tự hỏi thời gian trên lớp bằng nấy tiếng đồng hồ vẫn chưa đủ sao? Vậy vấn đề nằm ở đâu? Nằm ở chỗ học 1 kiểu thi 1 kiểu? Thương mại hoá giáo dục? Riêng môn tiếng anh mua 1 quyển sách để học thêm (superkids ) giá đã bằng cả bộ sách cơ bản lớp1. Vậy có gọi là giáo dục k? Con quay cuồng với học, bố mẹ quay cuồng đưa đón. Còn chưa kể thời gian bố mẹ đi làm 1 kiểu, con đi học 1 kiểu?",,,
63 năm ánh sáng thì chỉ có..Đô-rê-mon mới đến được!,,,
idol của tôi từ hồi phim Ma Trận ... chúc a luôn bình an,,,
"Hôm qua ai xem ngay vòng 1 sẽ thấy trừ các sân mái che thì các sân đấu khác bên ngoài tổ trọng tài ngồi co ro chịu lạnh nhìn rất tội vì trời gió lớn, ngồi yên một chỗ liên tục ko vận động gì nên lạnh rất khó chịu. Tất cả vđv từ Nam đến Nữ ai cũng phải mặc thêm áo quần giữ nhiệt bên trong cơ thể chống lạnh.",,,
Vậy là trình độ của Schalke thua Barca rồi.,,,
Con quỷ chuột,,,
Tại sao bạn trai biết mà không tố cáo. Để nó đánh và giam giữ mấy ngày mới thả.,,,
Liệu có thu hồi được hết tài sản phi pháp không ??,,,
Su 25 có vẻ như là mồi ngon yêu thích của F 16 .,,,
lót dép ngồi hóng AntiFan Messi vô bình loạn.,,,
Rất phục những người kiên trì đặt bẫy Camera. Ngoài kiến thức còn đòi hỏi sự khéo léo. Những người có đam mê nghề nghiệp. Điều may mắn không phải lúc nào cũng đến... Gấu trúc này lần đầu mình được thấy.,,,
"Bảo vệ động vật hoang dã đôi khi cũng có những vấn đề to to, nếu đó không phải là một chú chó mà là một người thì thế nào nhỉ???",,,
Con chuột bự quá,,,
Mãi sống phần con mà bỏ đi phần người.Còn ác nghiệp nào bằng.,,,
"Lâu nay toàn uống bia nhái, ko phải của sabeco... Hèn gì cứ thắc mắc sao có chỗ bán 230k/th, có chỗ bán 290k/th... Hoá ra là hai công ty khác nhau dùng hai lon bia gần giống nhau.",,,
"Giờ thì chỉ mong Pen và đệm bóng cận thành thôi, tiền đạo đáy nhé",,,
"Tôi không biết Rap nhưng xem, nghe và đọc lyric thì thấy OK. Ca từ mộc mạc, lyric rất dễ nghe, relax và đặt biệt, đậm chất cá tính của người Rap. chỉ vậy thôi",,,
"ngành khảo cổ rất giá trị cho nghiên cứu lịch sử và văn minh nhân loại, nhưng cứ đào bới quá khứ liên tục thì có khi làm thức tỉnh nhiều loại virus, mầm bệnh cổ xưa, rồi chưa kể những thế lực tâm linh quái ác thức tỉnh nữa :v ghê quá",,,
Khổ thân cháu bé.....cầu mong cháu bình an !!!!!!,,,
Đường Sương Nguyệt Ánh là đúng hay sai,,,
"Cho em hỏi, Bộ Giáo dục thực hiện ""Cải cách"" trong thời gian bao lâu nữa là xong? Hay cải cách vĩnh viễn?",,,
trưa nay bộ y tế khuyến cáo không nên sử dụng các loại thuốc hay thực phẩm gì đó ý,,,
Chỉ là một trò chơi trên truyền hình dành cho học sinh phổ thông trung học. Phần thưởng du học có vẻ to nhưng các quán quân giành được giờ này vẫn lặn ngụp ở đâu đó chưa thấy nổi lên trong danh sách khoa học thế giới nào cả.,,,
Còn khi lưu thông ngoài khu dân cư thì sao?,,,
"Vậy thì có lẽ nào lại để nó chết đi. Nếu cây sồi này chết đi, bạn sẽ không còn cơ hội ngắm nhìn 1 cây sồi nào có tuổi đời đến 300 năm nữa. Hãy cứu lấy cây sồi đó đi",,,
Mọi tính toán đều vô nghĩa nếu đến hết dịch mà chả có ai nhận được đồng nào.,,,
Ở việt nam bọn này ko có cơ hội để phát triển luôn.,,,
"Chúc các em bình tĩnh, tự tin hoàn thành tốt phần thi của mình!",,,
em bé là nạn nhân của sự tham lam,,,
"Rất ngưỡng mộ cách làm và việc làm thiện nguyện của bạn, Mạnh Cường ạ !",,,
"Nên cho vào trường giáo dưỡng học tiếp thôi, không nên đưa trở lại trường cũ vì các em sẽ làm hư hỏng các em khác nữa.",,,
Camry 2008 bạn,,,
"Bánh thì nhỏ đi nhưng giá thì vẫn chua chát như vậy, trung thu là tết trẻ em mà giá bánh như này thì trẻ em nghèo muôn đời không có tiền mua bánh mà ăn, chẳng lẽ cứ phải chờ các tổ chức từ thiện tặng muôn đời? Nói trung thu mất đi ý nghĩa một phần vì giá bánh cũng chả sai.",,,
Căng rồi đấy,,,
Trẻ ko biết nhưng bố mẹ ko thể ko biết và ko thể ko dạy con. Nên suy nghĩ tích cực,,,
Mỗi khi mệt mỏi ăn đồ ngọt thấy tinh thần tốt hơn nên theo tôi thuỳ cơ thể mỗi người mà ăn thôi,,,
"Xe đẹp, chất, chạy nó chắc sẽ tuyệt vời. Chỉ có điều 4 cửa cứ mở theo cách cổ điển chứ mở cửa kiểu này mà gặp mưa rào thì thôi rồi",,,
Quốc Anh hoặc Tuấn Kiệt sẽ vô địch,,,
XL7 lợi thế hơn 5+2. Nhưng kinh doanh dịch vụ xe mau hỏng thì dịch vụ sau bán hàng + phụ tùng thay thế thì Kia Thaco đáp ứng tốt hơn Suzuki rất nhiều lần. Bạn nghĩ sao cái cần câu cơm của bạn nằm xưởng chờ phụ tùng 1 đến 2 tháng? Lúc đó thì mang nợ.,,,
sống trong dòng sông ăn nguyên con kankorou ..mà khi thấy mọi người bơi thì lặn sâu xuống dưới không hại một ai ...hiền từ thật ...,,,
"Nếu bạn đã có quan niệm tốt về BH thì nên tham gia sớm đi ạ. Vì bạn còn trẻ phí đóng thấp mà thủ tục cũng dễ hơn. Người thụ hưởng thì có thể thay đổi được nên bạn cứ an tâm. Với lại tham gia là để bảo vệ sức khỏe và giữ đc khoảng tiền 500 triệu trong bank nếu như ko may bạn có bệnh hiểm nghèo nữa. Nên nếu bạn đang có điều kiện rùi thì trích 1 ít để tham gia bảo hiểm bây giờ là tốt nhất ạ. Còn lời như ngân hàng thì ko có đâu bạn, bạn nên tham khảo kỹ khoảng này. Tại có những lãi suất chỉ là minh họa.",,,
"Những kẻ buôn bán cái chết trắng cần bị nghiêm trị với hình phạt cao nhất!Lực lượng chức năng đã tổ chức vây bắt bọn buôn ma tuý kịch tính như phim hình sự! Cám ơn các anh đã vượt mọi hiểm nguy, mang lại bình an cho xã hội!",,,
"nếu bạn là nữ muốn đến Ấn du lịch, hãy chỉ nên đến miền Nam, an toàn hơn, thân thiện hơn, đi miền Trung và Bắc thì nên đi 1 đoàn cho yên tâm",,,
Chúc mừng Hàn Quốc. quốc gia có nhiều người gây tầm ảnh hưởng. Tôi cũng có tên trong danh sách 7 tỷ người ảnh hưởng đến hệ sinh thái toàn cầu,,,
MC thắng và MU thua!,,,
Bài học cho những người xem thường dịch.,,,
đẹp như chốn thần tiên,,,
"Anh là ông bố quá tuyệt vời, cả 2 bố con cùng có nghị lực, chúc anh có nhiều sức khoẻ để hỗ trợ bôm nhé",,,
"Thực ra những kiến thức này khi thi bằng đều được học và đã được thi rồi. Chỉ là họ quên, cố tình vi phạm hoặc là đóng phí chống trượt :v",,,
Cần xử phạt nghiêm,,,
Khi một số ý kiến phản ánh thì chưa thành vấn đề nhưng gần như 100% phản ảnh là con vất vả và sợ đi học thì nên xem xét lại. Trẻ con mới đi học mà sợ học là vấn đề lớn! Kính mong các cấp có thẩm quyền xem xét,,,
Tuoi thơ của tôi toàn ăn ca trau,,,
Ờ thì Barca nhận 2-8 tiếp thôi có gì đâu ha :)),,,
"Không phụ gia, không chất bảo quản mà để hạn sử dụng 6 tháng (khi chưa mở)...",,,
"Tôi không hình dung ra học sinh sẽ tiếp thu kiến thức, nâng cao công nghệ như thế nào qua cái điện thoại. Muốn tìm kiếm thông tin thì học sinh có thể tìm kiếm ở nhà, còn ở lớp học là tập trung tối đa để tiếp thu kiến thức từ giáo viên.",,,
nhìn mấy con chuột này mình thèm món chuột nướng muối ớt ở miền tây,,,
Chắc dùng google map chỉ đường. ;)),,,
Trông màu nướng rất đẹp. Tương lai bé sẽ kinh doanh được rồi,,,
"tuyệt vời, cảm ơn anh vì những gì đã làm đc cho nhân dân, đất nước!",,,
Quỷ dữ,,,
"Chống Corona: ở yên, tự bảo vệ mình để tránh gây phiền toái cho người khác, không tung tin đồn, trung thực khai báo y tế là ""Yêu nước""..",,,
Đề dễ quá hay sao mà năm nay nhiều thí sinh điểm cao ngất ngưỡng,,,
Hiện tượng rối lượng tử được giả thiết là chiều không gian thứ 4 bị có lại nên nếu đưa hai hạt lượng tử trong không gian 3 chiều dù xa đến đâu có thể đến hàng triệu năm ánh sáng nhưng chúng Vẫn liên kết với nhau lập tức thay đổi trạng thái khi một hạt thay đổi. Nếu điều khiển được rối lượng tử con người sẽ phát triển công nghệ thông tin lên tầng cao mới có thể truyền thông tin tức thì vượt không gian và đảm tính bảo mật tuyệt đối không thể can thiệp từ bên ngoài,,,
Mong pháp luật cứ mạnh tay,,,
Đau lòng còn nhỏ quá,,,
Mình ở Eakar Đắk Lăk và cũng là cựu học sinh trường em Quốc Anh đang học! mấy ngày nay không khí cổ vũ cho em ấy rất là náo nhiệt! cố lên nhé Quốc Anh! Vững vàng - Tự tin - Chiến thắng!,,,
Đang thấy vui dần rồi đấy.,,,
"Bài nào của anh cũng dễ hát karaoke, nói tóm lại thời của anh cùng với Lam Trường, Phi Hùng, Ưng Hoàng Phúc, Quang Vinh,... là những tượng đài của thế hệ 8x chúng tôi.",,,
Trời ơi! Tin được không?,,,
theo tôi. điều chỉnh theo thế giới,,,
What do you know about our old house in cornwall ?,,,
Bây giờ có 2 tỷ chưa chắc mua được căn hộ dưới 60m2 ở Q. 12.,,,
Con cá này mà bắt được nhỉ!,,,
"Các bức tranh đều tuyệt đẹp. Toàn là những thần tượng một thời của cá nhân tôi. Ấn tượng nhất là bức tranh của danh ca Ngọc Lan, đôi mắt đượm buồn, sâu thẩm. Khi nào có triển lãm, chắc chắn mình sẽ đến xem. Cảm ơn họa sĩ Sa Long rất nhiều, đã lưu lại cho đời những bức họa đầy cảm xúc.PS: mong các thánh từ thiện đừng kêu gọi tác giả bán tranh đấu giá để ủng hộ các kiểu nhé!",,,
"nể ông đặt máy quay ghê, còn hơn cả một bộ phim",,,
"CÁI GÌ CŨNG VẬY QUAN TRỌNG CÓ CHỌN LỌC, CHỌN SAI, CHỌN KHÔNG ĐÚNG THÌ KHẮC PHỤC KHÔNG ĐƯỢC",,,
chúc các bs trên toàn tg bình an mạnh khỏe cầu cho tg sớm kiểm soát được dịch bệnh để nhân loại lại được sống những ngày bình yên không còn ca nhễm,,,
"Qua cơn bĩ cực đến ngày thái lai , cầu mong người dân VN và trên thế giới chung tay đẩy lùi dịch bệnh quái ác này.A DI DÀ PHẬT.",,,
"Ds chỉ có 10 người,mà HK góp mặt đến 4,không thể không phục tài kinh doanh của người HK",,,
"AI là rất tốt và cũng để VN theo xu thế, tuy nhiên nhân công VN vừa rẻ vừa nhiều thì AI chỉ nên áp dụng vào những lĩnh vực cần thiết còn những lĩnh vực nào sử dụng được LĐ phổ phông thì sử dụng.",,,
Thật là Tuyệt vời! Hãy nuôi dưỡng Thiên tài! Chúc mừng gia đình cháu nhé!,,,
Cứ yêu thôi đừng cưới,,,
Chắc chắn là không nên rồi. Vì không có điện thoại thì học sinh vẫn học tốt mà.,,,
Đây mới là người phụ nữ mạnh mẽ. ,,,
"Khổ thân các con. Những đứa trẻ có cha có mẹ thì những lúc ốm đau được nâng niu chăm sóc, còn các con phải tự thân chẳng có ai mà làm nũng. Thương thắt lòng!",,,
ĐẤT BÌNH DƯƠNG BÌNH PHƯỚC ĐANG SỐT NHẤT CẢ NƯỚC CÓ TIỀN SAO KO ĐẦU TƯ NGAY ĐI BẠN,,,
Tầm giá đó bạn tìm con Ciaz đời 2018-2019.,,,
"Theo mình nên chạy thử cả 2 xe để cảm nhận. Seltos mới ra, lại quảng cáo rầm rộ người ta không để ý cũng lạ. Nhưng kona 2.0 lại khác nhé, đẹp, an toàn, option miên man, máy lại bốc nữa. Cứ nhìn lại vote biểu quyết là hiểu à.",,,
"có hiếu hay bất hiếu đó là 1 định nghĩa không rõ ràng, ví dụ 1 người con tháng nào cũng gửi 1 triệu về cho bố mẹ nhưng cuối năm thì bán đất của bố mẹ lấy vài tỷ thì gọi là có hiếu hay sao??",,,
Bị hại có âm mưu từ trước nên mới khóa cửa phòng như vậy. Thật là kinh hãi.,,,
"các bạn phải biết rằng TQ có lịch sử 5000 năm, họ cũng có khoa học của riêng họ",,,
"Ai cũng nghĩ cho mình!!! Phạt hay không phạt lương tâm rõ nhất, nhân quả đến trong tầm tay.",,,
Cảm ơn bác sĩ rất nhiều!,,,
"Thích xe Nhật thì lấy Ciaz đi bác, bản nâng cấp cực đẹp, trang bị ngon lành cành đào chứ lấy thùng tôn mà còn số sàn để chạy taxi à",,,
Phần thưởng cho các em thi tuần quá ít so với giải thưởng trò chơi trên truyền hình. Các em học giỏi thì ở đâu cũng giúp ích cho đất nước.,,,
"Thức uống có đường rất có hại cho sức khoẻ. Ở nước ngoài nhiều người loại hẳn đường ra khỏi dinh dưỡng. Trong khi ở vn thói quen uống nước ngọt quá phổ biến. Đa số khi ăn thì sẽ có vài chai Coca, Sting trên bàn. Có lẽ do sức ảnh hưởng của quảng cáo",,,
"Tầm 300tr lên chọn Fadil vì.. Số còn lại trả 2năm không ls. BH 5 năm hay 100ng km là đủ muốn đổi xe, phụ tùng rẻ.. i10 2017 là hết BH và sẽ phải chi phí bảo dưỡng, sửa chữa nhiều.Chẳng ai nhìn con Fadil với i10 mà oánh giá trị của bạn hết..",,,
Chắc là do 1 mối tình ngang trái giữa cá sấu và cá heo vào đêm trời ko có nắng:)),,,
Bọn này là quỹ dữ đội lốt người.,,,
Xả được về miền tây cho bà con mình bớt khổ.,,,
Moon Nguyen đáng yêu quá.,,,
Thị trường chứng khoán cổ phiếu Mỹ lớn thật. Chỉ 6 công ty và giảm chút đỉnh đã thổi bay hết 1000 tỉ đô la ,,,
Hi vọng sẻ yếu vào không thành bão . chứ dân biển tụi tui khổ quá,,,
"Đọc mà tởm thật, không tin nổi dạng được gọi là Mẹ và được gọi là Cậu!",,,
"Bắt đầu ngày đầu tuần bằng không ca lây nhiễm, chúc mừng Tổ quốc ta...",,,
Đây là con gián biển mà.,,,
Gia đình bác Vượng đâu rồi?,,,
Như thế ... như thế .... thì Ronaldo vẫn còn đá bóng đều đều cả sân lớn lẩn sân nhỏ mới là tài ! Bái phục ... bái phục,,,
Ích kỷ và vô ý thức.,,,
không thể hiểu nổi,,,
Cá nhân tôi thì hi vọng VN loại bỏ hẳn học thuộc lòng bắt buộc hơn những thứ còn lại. Tôi học bên đây hiểu đc học thuộc thì mới làm bài đc. Nhưng đi đôi với điều đó là giảm tải bài học lúc kiểm tra. Nếu ko giảm tài lúc kiểm tra thì cho học sinh đem theo một cái note card như viết phao.,,,
"Quá chuyên nghiệp, nên bóng đá chuyên nghiệp không hiểu mấy ông chủ các clb làm bóng đá nhằm mục đích gì?.",,,
"Thua, Su vừa đi cái đội bóng đá như lên đồng, vậy thì Su sẽ nghĩ gì, M10 sẽ nghĩ gì và Neymar sẽ nghĩ gì, chắc chắn họ sẽ cho rằng Barca ko còn là nơi dành cho mình nữa, nếu gặp nhau trên chiến trường chắc chắn họ sẽ ko nể tình, hy vọng Barca sẽ ko thua.",,,
"Nhiều người chạy theo dòng chữ ""không phụ gia, chất bảo quản""",,,
Buồn quá,,,
Ôi Ấn Độ!,,,
"Tự nhiên rước nợ vào người ( tháng nào cũng phải đóng ) , đã có bao nhiêu cuộc Cãi vã không có hồi kết và cái kết là Người mua luôn chịu thiệt . 500 triệu Bạn có thể mua được một mãnh đất hơi xa TP một chút , 10 năm sau Bạn sẽ thấy kết quả còn hơn mong đợi .",,,
"bạn gắng thêm tý mua Fadil bản tiêu chuẩn, số tự động luôn đi, ngon hơn i10",,,
Trẻ gánh tạ khỏe,,,
 Sản phẩm này đáng ra phải được thu hồi triệt để. Hy vọng không ai bị nguy hại sức khỏe vì sản phẩm này nữa.   công ty đưa sản phẩm này ra thị trường bị xử lý ra sao,,,
nghe nảo lòng,,,
Điều này chứng tỏ nhiều người dân mình còn chưa nắm thông tin,,,
Thật khó để tin đây là sự thật. Sao có người nhẫn tâm bỏ rơi một sự sống đang tồn tại? Chúc con mau bình phục. Kính chúc đội Thiện Nguyên luôn tràn đầy sức khỏe và nhiệt huyết.,,,
Vú nuôi tốt bụng :-D,,,
Tôi nghĩ ông Trump sẽ chiến thắng,,,
"K chung thuỷ với chồng tự rước hoạ vào thân. Chưa ly hôn, trên danh nghĩa vẫn là vc, ấy vậy mà Đào ngang nhiên đánh chồng người ta, kể cũng lạ vì Vĩ quá hiền.",,,
Hồi mẫu giáo bố con hay chơi trò thẻ chữ. Giờ mới thở phào vì con theo được lớp 1.,,,
"Thần tượng của mình, vừa điển trai vừa tài năng!",,,
Đã đẹp trai ăn mặc có gu lại còn học giỏi T.T,,,
"Con chó cỡ đó thì người lớn cũng chạy không kịp, tội nghiệp cháu",,,
"Hay cho cái gọi là ""bạn thân"". Tôi không có bạn thân, nhưng tôi biết có những người xem tôi là bạn thân của họ, họ quý tôi hơn cả bản thân bọn họ, điều tôi hết sức trân quý.",,,
THẬT NHÂN VĂN.CẢM ƠN ĐỘI NGŨ Y BÁC SĨ.CHÚ THEO DÕI 2 CON TỪ LÚC BẮT ĐẦU TỚI GIỜ VÀ CẦU MONG 2 CON KHỎE MẠNH YÊN BÌNH. CỐ LÊN CON NHÉ. THƯƠNG CON.,,,
Ăn không ngon lành gì hết. Cũng đi mua ăn rồi mới thấy ghê..,,,
Có ai nhà cũ không dùng nữa không?,,,
Cá Tràu bé mà vẫn bắt tất như vậy có thể nói là tận diệt không ạ?,,,
Nhìn hình đội tuyển thì tôi khâm phục trí lực của các cháu này nhũng lại khá lo lắng về thể lực. Tôi thiết nghĩ các thầy cô và phụ huynh cần có điều chỉnh kịp thời. Có ai cũng nghĩ như tôi không ?,,,
"Giá xe ngang nhau thì lăn tăn gì nữa chuyện lấy chiếc nào, bạn mua cho bạn hay cho những người comment bên dưới. Thích em nào thì rước thôi B)",,,
"mỗi ngày ăn một túi rưỡi, ăn vậy chết phải rồi.",,,
Mẹ mình 70 nhìn trẻ hơn bà này nhiều,,,
Vậy có bạn nào giải thích thuyết phục dùm đi,,,
"Các cây hoa chuông đa số đều thuộc Họ Trúc Đào ( chứa chất độc bảng A ) , chớ đừng đụng vào (mủ nó chứa chất độc ) , trường hợp này là ăn luôn . rõ khổ !!!!",,,
"Thật đáng tiếc cho gia đình cháu bé, tỉ lệ tử vong là khó tránh nhưng vẫn cần điều tra để làm yên lòng những gia đình khác",,,
"Trẻ em chơi với nhau tranh giành đồ chơi la chuyện bình thường sao ông kia nguòi lớn mà k biết cư xử, k có một chút văn hóa nào.",,,
"Thương các con quá, sao các con khổ sở thế này!",,,
"Với suy nghĩ phục vụ gia đình là ưu tiên hơn, thì tôi nghĩ Fadil là lựa chọn tốt hơn và tốt nhất trong phân khúc A. Chúc bạn sớm có xe ưng ý.",,,
"Thấy mọi người bình luận về túi ni lông xôm quá nhảy vô ké. Điều này thật ra tui chỉ thắc mắc mới cách đây 1-2 tháng thôi. Chỗ tui ở có tiệm bán phở dùng cái hộp nhựa loại lốc 10 cái tròn để đựng nước lèo. Nhìn thì bắt mắt, hợp vệ sinh nhưng thật ra khi chúng ta đi mua cơm hộp, nước lèo đựng trong túi ni lông, hợp nhựa ... tất cả những thứ đó đều chưa được vệ sinh lại. Nói chung là vừa sản xuất xong vận chuyển ra dùng luôn thì rõ ràng là có rất nhiều chất, mùi vẫn còn bám lại. Rõ ràng là khi ta mua hộp nhựa về rửa rất dính hoặc nhớt tay. Tôi nghĩ dù quy trình thế nào thì với giá thành quá rẻ như thế nhưng sản phẩm này không đủ đảm bảo chất lượng.Vậy nên nếu được thì chỉ có mua đồ về tự nấu là hạn chế nhất, còn lại ăn đựng bằng cái gì cũng ảnh hưởng đến sức khỏe cả. BIết là sống thì phải dùng, nhưng thiệt là hạn chế được gì thì hạn chế thôi.",,,
"Nếu thạnh k chết, người chết sẽ là Đi",,,
"Xin chúc mừng thầy PGS Sơn và thầy PGS Thắng!Chúc trường ĐHBKHN ngày càng cho ra nhiều nhân tài và ngày càng phát triển mạnh mẽ, gặt hái được nhiều thành tựu to lớn hơn nữa!",,,
Lúc có thì không thấy khó khăn lại quay về.,,,
"Chó là động vật rất khôn và trung thành với chủ, cho nên muốn bảo vệ loại động vậy này, hãy nói không với thịt chó.",,,
"cám ơn các y bác sĩ đã cố gắng hết sức để cứu chữa cho bệnh nhân, chúc bệnh nhân mau chóng bình phục và luôn khỏe mạnh.",,,
"Hoàn toàn đc, đè đỉnh A về cạnh BC tiến tơi 180 độ, hai góc kia về 0, khi đó tam giác chỉ 1 đường cao (nhỏ hơn 1mm) các cạnh dài vô tận. Xong nhé",,,
"Ngày xưa thiết kế các ct phải tham khảo đỉnh lũ lịch sử, nay phải tham khảo thêm đỉnh ngập lịch sử",,,
"Ngày Mou ở MU trải thảm mời Bale có thèm về đâu. Thích lương cao + ăn ké danh hiệu thôi, nay quá ngưỡng chịu đựng bị đuổi đi mãi thì mới đi thôi...",,,
"Bán vậy thà bán M10 giá tầm 150tr+ cầu thủ không ngon lành hơn sao. Níu kéo làm gì khi tình cảm bị sứt mẻ, fan M10.",,,
"Biển không thể lên thăm cầu vồng, còn cầu vồng lại có thể",,,
Soluto thì bác nào chạy dịch vụ thì bản MT chứ nếu đi gđ e nghĩ phải deluxe hoặc luxury cho tiện,,,
"gieo nhân lành và cố gắng hết mình thì sẽ gặt quả ngọt, giờ thì chia sẻ với mọi người nữa thì quá tốt. Chúc mừng bé nhé.",,,
"Đau lòng cho những người làm cha, làm mẹ. Giờ đây một bên thì lo đám tang, một bên thì lo đi hầu tòa và bồi thường.",,,
THÔI XONG RỒI. MESSI SẼ QUYẾT TÂM RA ĐI TRƯỚC TRẬN CHO MÀ XEM.,,,
"Con hà tiết ra một chất dịch có tính axit cao, làm cho đá mềm ra. Sau đó, chúng dùng chân và vòi làm điểm tựa rồi xoay xoay toàn thân để cho những gai trên vỏ cứng của chúng cọ xát vào đá và làm đá vỡ vụn. Chúng cứ kiên nhẫn đào khoét suốt đời và tạo ra các hang động trên đá.Nếu không có đá để đục lỗ, loài hà này sẽ chết. Các nhà khoa học đã nuôi thử chúng trong các bể nước không có đá. Mặc dù được cung cấp đầy đủ thức ăn, hà vẫn không lớn được, vỏ trước bị khép lại, chân co vào và còm cõi đến chết.Hà đá không chỉ đào hốc trên đá mà còn đục khoét ngay trên vỏ ngoài của các loài trai, hàu. Trên một vỏ hàu có thể tìm thấy khoảng mươi con hà đá, trông như những điếu xì gà nằm gọn trong các hốc nhỏ do chúng tạo ra.Hà sống trên đá lại có hình dạng như quả trứng nhọn đầu. Chúng sinh sôi nảy nở rất nhanh và làm các công trình xây dựng ở các hải cảng bị đục khoét lỗ chỗ như tổ ong.Hà đá chỉ chịu thua đá hoa cương. Chính vì vậy mà người ta phải phủ đá hoa cương lên mặt ngoài các công trình xây dựng ở hải cảng, ở các vùng khai thác dầu khí ven biển.",,,
Cậu này ra đi thì chuẩn rồi. Mỏng cơm quá. Tranh chấp k nổi với cầu thủ đội bạn.,,,
"Sao Tùng nào cũng giỏi trừ mỗi mình thế nhỉ? Nhớ có bạn comment là ""học tiếng Anh phải có năng khiếu"". Mình cũng có năng khiếu, đó là năng khiếu ""không học được tiếng Anh"". Hihihi. Đùa vậy thôi, phải học chứ.",,,
"Câu trả lời chính xác là có, nhưng không phải trên mặt phẳng mà phải trên 1 mặt cong, lúc này các đinh lý toán học về tam giác ta đã học ở mặt phẳng đều khác đi, ví dụ như trên mặt cong thì 3 góc của 1 tam giác có thể lớn hơn 180 độ, lấy 1 ví dụ dễ hiểu là bạn vẽ 1 tam giác lên 1 tờ giấy rồi bẻ cong tờ giấy sao cho 3 đỉnh của tam giác càng gần nhau càng tốt, lúc này diện tích tam giác không thay đổi nhưng 3 đường cao (đường vuông góc từ 1 đỉnh tới cạnh đối diện) sẽ rất bé, tương tự khi ta lấy 1 hình cầu rất lớn và vẽ trên đó 1 tam giác có 3 đỉnh ở sát một cực của hình cầu thì diện tích tam giác có thề trải dài cả mặt cầu, nếu ta lấy 1 mặt cầu đủ lớn thì có thể tạo 1 tam giác thỏa yêu cầu đề bài",,,
"Tuyệt vời quá cháu ơi. Chúc mừng cháu và gia đình nhé, nhìn mặt cháu đã biết là hiền lành khiêm tôn và phúc hậu chặng đường còn dài nếu là BS, chúc cháu sau này giúp ích cho xã hội nhiều. Con người đang cần cháu, xã hội đang cần cháu, cố gằng nhé, trở thành một BS tốt, có lương tâm là tuyệt vời lắm cháu ạ",,,
Thực ra đã từ lâu học sinh đã ko còn sợ các hình thức kỷ luật của trường học,,,
"Hôm qua đọc tin chị phải nhập viện trong tình trạng nguy kịch, nay thấy tin chị đã ra đi. Mặc dù không biết chị nhưng vẫn thấy buồn. Xin chia buồn cùng gia đình.",,,
"XIN HỎI KHONG BIẾT VỊ THIẾT KẾ FORM XE NÀY CÒN LÀM CHO BMW KHG VẬY, NHÂN VIẾN ĐÓ CÓ PHẢI DO ĐỐI THỦ CẠNH TRANH CÀI VÀO KHG..... NHÌN MẨU XE MÀ SÓT LÒNG.",,,
Bài thơ hay và Hà Chương phổ nhạc cũng rất tình trong từng nốt nhạc.Dù không phải người Quảng Nam nhưng khi nghe cũng thấy bồi hồi xúc động .,,,
Mou tung rat thanh công vs người cũ hết thời Bale cũng vậy thôi,,,
Trời ơi! Có phải con người không vậy,,,
"Cò là ai, sao không thấy mặt anh ta?",,,
Một chiếc xe đẳng cấp mang thương hiệu nổi tiếng của Đức BMW chẳng có cái gì để chê được.Mong rằng các antifan Âu Mỹ đang cuồng Toy hãy thức tỉnh mà cố gắng tuyển em này về mà hưởng thụ để còn biết mà nói chuyện với đời.,,,
"Ngày xưa con mình cũng bị gần giống như vậy, nói cô giáo chú ý dùm các bạn hay cắn.. Thì cô bảo bé tự cắn: hết ý kiến nên chuyển trường luôn!",,,
"Nâng mức phạt lên 10 lần, đánh thuế thuốc lên 10 lần sẽ giảm số người hút và số vụ buôn lậu thôi, làm vậy không ai trách đâu.",,,
Nỗi đau bất tận!,,,
"Các bến xe lớn như BX Miền Đông, BX Miền Tây dời ra ngoại thành là hợp lý vừa giải quyết được tình trạng kẹt xe, ô nhiễm môi trường, mỹ quan đô thị...vừa có cơ sở hạ tầng rộng lớn để phát triển lâu dài.",,,
Có thật là ông bị không hay lại chiêu trò gì nữa,,,
Bạn nên mua lexus hoặc sendona hoặc mấy con xe cao cấp chạy dịch vụ mới có ăn,,,
"Tại sao phải làm hầm chui. Trong khi, mỗi lần mưa xuống thì đường phố ngập như sông.",,,
"Vậy là xong đời mấy tên chuyên gieo ""cái chết trắng""!",,,
"Việt Nam ơi! Nối vòng tay lớn, đồng lòng đồng sức chống dịch, khoảng 1 tháng nữa thôi là Thế giới sẽ hết, cố lên, cố lên!",,,
Quá hay với bài nhận xét này.!,,,
con người thật thần thánh,,,
"Cảm ơn bác sĩ Nguyễn Trung Cấp, cảm ơn các y bác sĩ và những người làm việc trên tuyến đầu chống dịch. Cảm ơn mọi người đã mang lại bình yên cho đất nước để các con tôi được yên tâm đến trường mỗi ngày.",,,
"Phải biết rằng attrage là xe Nhật chỉ dành riêng cho Đông nam Á, Soluto là xe Hàn chuẩn toàn cầu, bán rất chạy tại Mỹ. Attrage bán ở Mỹ ai mua!",,,
Không phải con người nữa rồi xử mức án 30 năm với loại này cho xã hội bình yên,,,
"Mẹ tôi _ ca sĩ Đan Trường trình bày. Luôn ghi dấu ấn khi tôi cũng sử dụng bài hát ấy trong kỳ thi giọng ca sinh viên khoa Công nghệ những năm 2006 2007. Nhưng lên thi thay vì hát tôi chỉ khóc sướt mướt. Cuối cùng cũng nhận được giải ba đơn ca trong khoa. Thật vui sướng, nhớ quê hương, cha mẹ, tôi lại thấy Trân trọng anh Bo biết bao.",,,
Sao không bán rẻ cho nông dân ủ phân mà chôn phí thế,,,
"Ngày xưa tôi đi học đại học dùng điện thoại, máy tính bảng để đọc pdf mà thỉnh thoảng còn vào xem tin tức trong giờ học thì học sinh sao tránh được đây. Nhắn tin, lướt face, chơi game bao nhiêu là cám dỗ cho tuổi học trò. Cấm tiệt là hơn",,,
"Trời, con báo nó mập mập ú ú như con mèo ú mà mình nuôi, nhìn chả có tý hình dáng của con báo nào ( loài đồng cỏ thì thon gọn bụng nhỏ) , đúng là môi trường nào thì sẽ tiến hóa phù hợp tích nghi môi trường đó, lạnh thì phải ú ú như gấu bắc cực ms sống được, nhìn leo trèo ú ú thấy cưng quá cơ, y như con mèo ú nhà mình mỗi khi leo lên cây",,,
Mình đã lặng đi trong vài phút...,,,
Án binh bất động cũng là 1 tuyệt chiêu để người khác không bít mình đang làm gì và nghĩ gì đợi thời cơ ra tay với đối phương,,,
ác quỷ,,,
"Cứ từ từ, xem ai có cơ hội đắc cử rồi mới tính!",,,
"Không thể phủ nhận: Các con nhà Trump thông minh, tài giỏi và có ảnh hưởng trong xã hội Mỹ.",,,
"oi trời...mình gần 40 tuổi mới biết vụ này. cứ tưởng cho con ăn rau nhiều sẽ có vitamin, tot cho sức khoẻ.",,,
Kể cũng đáng thương cho Rô khi nài nỉ ở lại để kiếm vài QBV tình thương do Perez ban phát nhưng bị ngó lơ và cho out. Messi thì CLB tìm mọi cách giữ lại và chìa thêm vài năm hợp đồng mới.,,,
Giọng hát của Hoài Lâm khiến tôi chìm đắm trong những cảm xúc mà e gửi vào bài hát. Những rung cảm chân thật nhất mà chỉ ở giọng hát của Lâm tôi mới thấy được. Cám ơn em đã cho tôi những trải nghiệm tuyệt vời.,,,
Ông mang khẩu trang ngược rồi,,,
Công an bắt tội phạm quá siêu.,,,
"Khốn nạn. Cả 2 chị em đều sống bất nhân tính, giao cấu với ngay cả cháu ruột của mình, lũ ác độcMong pháp luật xử lý nghiêm khắc với 2 tên này",,,
Tôi muốn chuyển cho anh ít tiền ủng hộ,,,
Được quảng cáo không chất bảo quản nhưng theo tôi lại có hại vì được bán online vận chuyển từ Hà Nội vào không bị hư mới là lạ. Hiện nay kinh doanh online tràn ngập trên mạng. Rất mong cơ quan chức năng có chế tài quản lý loại hình này.,,,
Em thấy mấy thím đi đâu cũng được ngoại trừ Ấn Độ.,,,
"Mua Honda City đi bạn, đời 2014-2015 khoảng tiền đó, nhưng xe Nhật ít hư hỏng vặt.",,,
Cái họ có chưa chắc nhiều người có - không khí quây quần của gia đình.,,,
"Hàng ngày đọc báo chỉ hóng tin như này là thấy đời phơi phới. Mong tất cả mọi người cảnh giác, nâng cao ý thức phòng dịch để Việt Nam không có thêm bất cứ tin buồn Covid19 nào nữa.",,,
Chiến lược là bán hàng online và dịch vụ chất lượng kèm theo. Theo tôi nghĩ đó mới là chiến lược tương lai của bất cứ dịch vụ nào,,,
"Tôi , một người Mỹ gốc Việt , rất yêu quý ông Joe Biden và sẽ bầu cho ông ấy",,,
"Mới đi xem trực tiếp 2 xe này.Tôi ưu tiên attrage hơn vì thương hiệu và xuất xứ. Nếu bản full sẽ chọn attrage nhưng ra biển gần 500 rồi. Bản base nhìn attrage lại quá chán, nội thất ko khác j con xe tải 1.5 tấn.",,,
Nhìn cách tính chống mặt luôn.,,,
"hãy phát bao cao su miễn phí cho học sinh nam lẫn nữ thì nạo phá thai sẽ giảm, coi việc trong bóp có bao cao su là chuyện đương nhiên và bình thường",,,
"Thật ngạc nhiên khi không có Laos , khách Trung Quốc và Hàn Quốc , Châu Âu đến Laos du lịch rất nhiều . Hay là đất nước họ chưa có công nghệ phát hiện nCoV?",,,
Nghệ sĩ diễn viên thường có những cảm xúc rất khó kiểm soát. Chúc em vẫn giữ được nụ cười trên thiên đường nhé!,,,
"Hành vi của Đi không thuộc trường hợp giết người do trong trạng tái tinh thần bị kích động mạnh, mà là giết người.Ôi trời, người ta vừa mang súng đến để giết mình (may không nổ) gặp tôi cũng sốc kích động mạnh, mất suy nghĩ ấy chứ.",,,
Xem cuốn phim Speed anh đóng cùng Sandra Bullock năm 1994. Một bộ phim hành động hấp dẫn từ đầu tới cuối và yêu thích những phim anh đóng cho tới giờ,,,
Chuẩn bị có món cơm cháy khét đen sẽ thâm nhập thị trường.,,,
"Tôi nghĩ,tiền đạo của ông sắc bén hơn nữa thì kết quả sẽ khả quan hơn rất nhiều",,,
Đáng lo và thật sự quan ngại!,,,
Cám ơn tất cả các Bác đã tận tâm lo cho 2 bé. Chúc 2 con có cuộc sống vui tươi như bao bé khác.,,,
Gắn thêm khẩu súng máy trên lưng nữa thì các bác lại chạy rẽ tóc.,,,
Các tập đoàn TQ thật sự rất biết chọn đối tác và phát triển thị trường. Sự kết hợp của Alibaba và Grab sẽ cực kỳ mạnh,,,
"Nghe nói ở Sing có dịch vụ giao đồ ăn đặt theo tháng, chọn món theo menu sẵn có theo từng tuần trên app luôn để đỡ hôm nào cũng phải lo chọn, đồ ăn thì nấu từng ngày tươi mới. Họ để vào các cặp lồng, đỡ rác thải môi trường, mà cam đoan là sạch sẽ, hôm sau giao mới lại lấy lại cặp lồng cũ. Thường các gia đình bận rộn đặt luôn cho bữa tối thứ 2-6. Hy vọng sắp tới VN cũng có dịch vụ tương tự, bảo đảm sạch sẽ, bảo vệ môi trường. Chứ sơ chế sẵn thế này thì thực ra giống đồ làm sẵn trong siêu thị thôi, càng ngày càng công nghiệp hóa giống Tây rồi.",,,
"Rất khó để đo lường Pirlo ở Seria khi ông cầm Juve. Nếu Pirlo cầm AC Milan ở thời điểm này và làm nên điều gì đó, như đưa Milan vào Top3 chẳng hạn, lúc đó mới thực sự đánh giá một cách chính xác được. Còn cầm Juve chơi ở giải quốc nội, e là quá dễ dàng cho Pirlo.Với một đội bóng đá như mơ ngủ mùa vừa qua vẫn vô địch - chức vô địch thứ 8 liên tiếp thì thử hỏi, Pirlo làm gì để né tránh chức vô địch tiếp theo? Hoặc giả ông không thể vô địch thì cũng không đầy đủ cơ sở kết luận ông chưa thể sẵn sàng bước lên vũ đài ánh sáng.Hãy đánh giá Juve vào cuối mùa, với các thứ hạng ở các giải đấu Juve tham gia và nhìn nhận chi tiết cách Juve chơi ra sao. Nên nhớ, mùa này Juve mạnh hơn mùa trước rất nhiều. Dzeko, Melo và cả Kulusevki là những bản hợp đồng bổ sung cực kỳ chất lượng.",,,
Một chai xịt muỗi hay một nồi nước sôi là tiêu.,,,
"Bạn mua vừa để đi cá nhân vừa để chạy dịch vụ thì tốt nhất nên mua i10 vì so với fadil nó rộng rãi, bền bỉ và tiết kiệm hơn nhiều.",,,
"Tại sao phải : heo quay chay , pate chay , thịt kho chay , cá ngừ chay ???? Tâm còn xao động thế ! Ăn chay là sự đơn giản mà người ta vẫn thích cầu kỳ bó tay !",,,
Nếu không muốn đẻ nữa các đàn ông có thể thắt ống dẫn tinh cho phụ nữ đỡ mệt trong việc tránh thai được không. Ý kiến mình đa phần đàn ông không đồng ý nhưng như vậy cũng là cách yêu thương vợ mình trong hôn nhân phải không ạ.,,,
Các nhà khoa học cứ chờ và có câu trả lời sớm,,,
"Bây giờ ông Trump lại có thêm kẻ thù rất nguy hiểm là nCoV, hy vọng ông vượt qua mọi đối thủ của mình.",,,
"Khủng khiếp thật 1 đêm gần 500 kg chó,biết bao nhiêu con vật cưng của chủ nhà phải ra đi vì đồng tiền của bọn này,cần xử lý hình sự mới mong có sức răn đe!",,,
"Quá khủng khiếp, giữ quả bom nổ chậm trong kho mà không biết.",,,
Tôi ơ Mỹ và tôi cũng xem ông như một chiến binh.ông hãy can đảm lên nhé!,,,
"Còn cá ngoài đồng là môi trường còn sạch, nạn thuốc trừ sâu và đánh kích đã làm quê tôi sạch bóng, không còn con nào.",,,
Xong rồi sao,,,
Đọc tin mà không cầm được nước mắt nam mo a di da phat,,,
Điện mặt trời trong những năm gần đây do tiến bộ công nghệ nên giá đầu tư đã thấp hơn nhiều so với trước . Thực sự đã thu hút được các nguồn vốn tư nhân và là cứu cánh cho điện lực việt nam trong những năm tới (thiếu hụt đầu tư điện và sản lượng điện ) ! :VN:,,,
Ngày xưa từng ngưỡng mộ em ấy biết mấy,,,
"Bảo tồn những loài có lợi cho môi trường, cho cuộc sống thì bảo tồn. Cái loài không trồng mà chỉ phá phách này thì sao phải bảo tồn?",,,
"từ gialai đi sai gòn 240ngan=600km,từ bến xe mới vào sai gòn 300ngàn =25km!ô trời.",,,
"Quá khâm phục tài năng huấn luyện của những người ""dạy chuột""!",,,
Nhìn hai gương mặt là biết ÁC NHÂN ngay!,,,
"Tên tớ đâu, thì lâu lâu lấy 11 người thì đã sao.",,,
Ủng hộ tông thống Trump đẹp trai,,,
"Thông tin hay quá. Cảm ơn BS, cảm ơn báo Vnexpress",,,
"1 chiếc bánh giá khoảng 25 k trở lên chi phí sản xuất dưới 10k ( có khi dưới 5k) , còn lại là bao bì , thương hiệu , ... Ăn thì dở hơn bánh handmade ..",,,
"Đường thi sách , Thái văn Lung thì dc chứ. Còn Đồng Khởi , Hàm nghi bình thường lượng xe lưu thông rất nhiều lại có nhiều đường cắt ngang thì quá bất tiện. Mà mình ở q1 đã lâu thấy thói quen đi bộ của người dân quá ư làm biếng.",,,
"Rất manh động và liều lĩnh, những tên này phải cần trừng trị nghêm khắc.",,,
"Không có Mane là Liverpool thua, kể cả đá ngoại hạng Anh.",,,
Thương con quá. Cần lắm 1 câu trả lời !!!!!,,,
Cá rô đó nướng thì thôi rồi luôn hihi,,,
"Tuổi thơ mỗi lần mùa lúa chín cũng là thời gian đi tát đìa đó là những khu vực thấp hơn nên cá thường tập trung về giờ thì quê mình đã hết cá rồi ,thật sự tiếc nuối",,,
"Tôi đang sống ở Mỹ và cũng là người ủng hộ ông, xin chúc ông và phu nhân mau bình phục để trở lại điều hành đất nước.",,,
vẫn phải chờ kết quả xét nghiệm mới có kết luận.Chờ thôi.,,,
"Trích điều Điều 185 Bộ luật hình sự 2015 về Tội ngược đãi hoặc hành hạ ông bà, cha mẹ, vợ chồng, con, cháu hoặc người có công nuôi dưỡng mìnhPhạm tội thuộc một trong các trường hợp sau đây, thì bị phạt tù từ 02 năm đến 05 năm:a) Đối với người dưới 16 tuổi, phụ nữ mà biết là có thai, người già yếu;b) Đối với người khuyết tật nặng, khuyết tật đặc biệt nặng hoặc người mắc bệnh hiểm nghèo.""phải tăng mức hình phạt lên 5 lần thì mới thỏa đáng",,,
sự xuất hiện của bà đã khiến tên côn đồ kia bối rối thật sự!,,,
"Phải công nhận bóng đá VN phấn khởi 1 phần nhờ Bầu Đức làm bóng đá trẻ, từ đó các đội khác mạnh dạng làm theo mô hình hiện đại...nhưng lứa 1 và 2 của Bầu Đức trình độ chỉ có hạn. Nên giờ lẹt đẹt Vlic. Nếu các đội khác đá mạnh chân, HAGL rớt năm nay liền.",,,
Để vụ nổ xảy ra thì nguồn nhiệt ít nhất trên 150 độ C,,,
"Tôi bên doanh nghiệp lữ hành có vốn đầu tư nước ngoài, công ty mẹ mở thêm chi nhánh để tiện điều hành chứ bao năm có lãi đâu, nên việc giảm thuế TNDN không có tác dụng đối với các doanh nghiệp lỗ thật trong giai đoạn Covid này. Thiết thực nhất là giảm thuế VAT, và tiếp cận các khoản vay ngân hàng với lãi suất ưu đãi.",,,
Một mỹ nam có tâm hồn đẹp. Luôn ngưỡng mộ.,,,
"ôi cháu mình đậu trường Y roài, vui quá",,,
"CẦU CHO THẾ GIỚI HÒA BÌNH , CHÚNG SANH AN LẠC.",,,
Ảnh Mùa thu suối Yến cảnh đẹp người càng đẹp. Cám ơn tác giả.,,,
"Bán đắt thế thì ai mua, lại đang thất nghiệp làm gì có tiền...",,,
Thực sự trông giống một cấu trúc sinh học!,,,
có camera chụp xuyên thấu thì hay nhỉ ??? kakakaka,,,
Ác quá.,,,
"1 năm hoàn hảo cho Bayern,hi vọng họ có thể giữ được phong độ này",,,
Mong là ưu tiên cho các nhà thầu trong nước thi công.,,,
Tội nghiệp con bị chính bố mẹ mình bạo hành!,,,
Nếu rẻ mà vẫn ngon thì vẫn cứ ăn thôi. Anh em nào ăn loại đắt tiền và loại rẻ này xin cho ý kiến,,,
Cúp rơi trúng đầu giải gì ko biết chỉ 1 trận! Và Si ngồi chỉ đạo,,,
"Cơ quan kiểm tra đã yêu cầu dừng sản xuất từ ngày 20/8 tại sao đến 28,29/8 công ty mới cho dừng sản xuất và dừng bán sản phẩm ra thị trường?",,,
Bão đi qua huyện Quảng Điền đã làm gãy hết cây lá trong vườn nhà tôi rồi. Ôi khổ quá.,,,
"Bale không hối hận khi dời Real, nhưng 7 tạ thì luyến tiếc và hối hận khi dở trò nhớ MU để vòi vĩnh tăng lương, không ngờ bị Perez tống cổ luôn khỏi Real, xa Perez không những mất QBV mà 7 tạ còn lộ mặt thật là cầu thủ ăn bám vĩ đại.",,,
đó là 1 tam giác có 1 góc tiềm cận 180 độ,,,
Messi là một phần thanh xuân của tôi. Cầu thủ xuất sắc nhất lịch sử bóng đá.,,,
Nước mình diệt chuột còn k hết còn ở anh họ p nhân giống vì sợ tuyệt chủng,,,
Ai đã từng đi qua đây chỉ muốn chửi thề.,,,
"Bài viết hay, cám ơn Vnexpress đã chia sẻ",,,
"Nên lập lại trật tự và dẹp hàng rong đi, phố đi bộ gì mà lộn xộn nhìn mà ngán ngẩm",,,
"Vĩnh biệt em, thần tượng của tôi.",,,
Chán thật đấy. Giảm được số mang thai ngoài ý muốn thì tốt.,,,
Họa vô đơn chí !,,,
"Khi mà mình còn đang loay hoay kiếm tiền mua xe máy, bên họ đã phát triển được taxi bay...",,,
Bão ơi xin đừng ghéVô miền Trung nhỏ béHãy quay đầu đi ngheVề khơi xa mau lẹĐể quê tôi đất MẹCòn chống dịch lăm leNhiễm từ già đến bé..Suốt bao tháng mùa hèGiờ mới hơi khoe khỏe..Mi vào chắc sứt mẻĐắm chìm thuyền lẫn ghePhá tan tành đất Mẹ...Bão ơi xin đừng ghé...!,,,
"Ngay cả Rô vẩu - một đàn anh dìu dắt gã bám Si xịt - cũng vừa tuyên bố Maradona, Rô béo, Pele,... là những cầu thủ hay nhất lịch sử bóng đá. Vậy mà tại sao 20k CĐV Barca lại quyết giữ gã bám Si xịt ở lại Barca? Chỉ là chiến lược PR của hắn quá tốt, vượt qua khả năng đá bóng của hắn ta.",,,
"Chúc mừng Liverpool. Jota và Thiago đem lại cho fan cảm giác thật thích thú, với tôi nó giống như mua cổ phiếu xong nhìn nó tăng giá hàng ngày vậy @@",,,
"Koeman nói là làm, mọi đường bóng không qua chân Messi nữa, Messi không còn là trung tâm nữa, và BC bây giờ thật đáng sợ, tôi bắt đầu lo lắng cho real và Aletico, còn cả Juventus nữa khi chung bảng đấu C1. DẠo này M28 không còn thấy bôi đỏ nữa rồi hahahaha....",,,
Vài ngày nữa có Phở Bò Đen..,,,
Dân vùng bão cô gắng lên,,,
Tin hay nhất trong ngày! bao người dân mong chờ Cầu nối Nhơn trạch hình thành.,,,
Hay... BS Thú Y có ý tưởng ra đời bánh có hơi....,,,
"Theo mình bạn nên mua xe VinFast Fadill xe gọn nhé, trang bị an toàn tốt chạy đầm chắc và cũng khá tiết kiệm xăng. Ngoài ra chế độ chăm sóc khách hàng cũng rất tốt.",,,
"CLB cần và đã được thay đổi, nhưng hiệu quả khó có thể vượt qua được ông Văng Dê lắm.",,,
"Nên dùng thiết bị cảm biến chuyển động, nối vào còi hú, khi vọc xuất hiện thì còi hú làm chúng hoảng sợ không dám ra nữa. Tôi vẫn dùng cách này để trị đám mèo nhà hàng xóm đêm nào cũng sang tè bậy trên sân thượng.",,,
"Tôi đã gặp chạy đường Hà nội rồi bạn à, đẹp về thiết kế chất về an toàn. Kia giờ khách hàng Việt luôn hướng tới khi mua xe, vì ở Kia hay Hyun khách hàng tìm được sự an tâm và thông thái.Chúc mừng Hàn đã mang điều kỳ diệu đến Việt nam nếu không người tiêu dùng luôn lạc hậu và tụt hậu.",,,
ĐVH hát bolero nghe nhức đầu.,,,
Nhưng huyndai i10 máy chỉ có 1.2 còn fadil là 1.5 chạy sướng hơn nhiều và nhiều khuyến mãi hơn i10 nếu bạn trả góp,,,
"Đúng là bán những cỗ máy bay trên trời thì giá hét cũng trên trời. Nhưng cả chiếc máy bay và giá của nó rồi cũng vẫn sẽ phải ""hạ cánh"" xuống mặt đất",,,
Nếu năm nay mà trao quả bóng vàng thì Neuer hoàn toàn xong đáng,,,
Hút ai thì ko biết chứ bạn bè tôi kinh doanh riêng hoặc lỡ đầu tư bđs có dùng đòn bẩy tài chính thì giờ đang dở khóc dở cười vì doanh thu sụt giảm nghiêm trọng nhưng nợ vay vẫn phải trả đều đặn.,,,
"Tuyệt vời. Chúc nhóm có thật nhiều sức khỏe, luôn bình an để tiếp tục công việc ý nghĩa này.",,,
Ủng hộ Trump chúc ông mau khỏi bệnh!,,,
Quá nguy hiểm cần phải cách ly hết tất cả các trường hợp nhập cảnh trái phép ít nhất 15 ngày,,,
Ko biết cụ này xài kem đánh răng gì mà 83 năm răng còn tốt ghê...kkk...,,,
"Thực sự là anh đã hết thời, tuổi nghề như vậy đã là đủ với Mr. Đàm.",,,
"Chọn lựa i10 sẽ hợp lý hơn đấy bác.Phù hợp chạy dịch vụ, hơn nữa lại rộng rãi, khả năng vận hành khá bền bỉ. Chi phí bảo dưỡng hợp lý và linh kiện tìm dễ.Còn người Việt xài hàng Việt, đóng góp kinh tế nước nhà thì bác cứ Fadil thôi.",,,
"Thật kinh khủng,cơ bão COVID làm thế giới khủng hoảng tệ nhất thời kì hiện đại",,,
mùa này Real trắng tay luôn,,,
Mấy ông xe khách cứ lò dò ở làn xe con nhưng có bao giờ bị phạt đâu? Không đi sai làn thì làm sao vượt được?,,,
Nhìn những bức ảnh này lại nhớ hồi nhỏ cũng hì hục đi tát bắt cá. Xin cho tôi một vé quay lại tuôi thơ,,,
"Do lạm phát mà các bác đi làm lương cũng tăng, bó rau cân thịt ngoài chợ cũng tăng. Cầm 500k ra chợ mua phát hết liền . Muốn mua nhà thành phố thì cố gắng học hành thêm phấn đấu lương cỡ 10k usd / tháng thì mua dễ thôi",,,
Thực tế là các công ty đó còn rất nhiều cổ đông nếu họ bị ảnh hưởng quyền lợi thì còn lâu mới làm được nhé.,,,
Tôi lưu trú trong SG gần 1 năm và thấy rất nhiều người lớn lôi trẻ em đi ăn xin và bán vé số cùng mình. Lúc đầu tôi ửng hộ nhưng giờ thì không vì nếu mình tiếp tục cho đi kiểu ngu dốt như vậy thì trẻ em sẽ tiếp tục bị lạm dụng!,,,
"Thực sự mới được con chip thui, trong khi Google có nguyên con máy tính lượng tử rồi, vả lại muốn chip lượng tử hoạt động ổn định cần môi trường nhiệt độ thấp trong nitơ lỏng.",,,
"Điều đó là bình thường khi số ng hưởng lợi từ nước Mỹ giảm đi. Sức mạnh mềm không chỉ biểu hiện ở các cơ chế đa phương, nó còn ở rất nhiều mảng khác mà khi ng Mỹ giảm tương tác với thế giới vì đại dịch, nó dĩ nhiên cũng giảm theo. Cá nhân tôi cho rằng đây là điểm thấp nhất của nước Mỹ sau vụ 11/9 và khủng hoảng 2008. Dù có bị chê bai hay xem thường, nước Mỹ vẫn là Mỹ và sẽ trở lại cực kỳ mạnh mẽ một khi nó bị tổn thương. Hãy đợi xem ng Mỹ sẽ làm gì trong 1 thập kỷ tới, sau cú vấp này",,,
So voi các hình trên Hồng Nhung cũng có tuổi rồi ,,,
Theo tôi nghĩ Sai ở đây là do ngắn nhân viên ngân hàng. Vì chung minh thư Đã có ảnh để đổi chiếu khuôn mặt mà,,,
Lời cả triệu usd chứ chẳng vừa. Làm ăn phải như Bát Ca chứ.,,,
"Chuyển nhà di cư đã là vấn đề gian nan,phải thích nghi đủ thứ.huống hồ chuyển cty ra khỏi TQ là bài toán ko hề dễ,nếu dễ thì các khu công nghiệp của nước ta chuyển về vùng quê rồi,tập trung chi trong các khu công nghiệp lớn ở miền nam.",,,
Xin lỗi! Đọc về cô này lần đầu chứ không biết Bảo Thy là ai!,,,
Ai cũng đã từng 1 vài lần bị khi bé. ,,,
Mình ko bao h quan tâm đến bầu cử Mỹ. Mà lần này Trump làm quá tốt.,,,
Ông ấy sẽ khỏi và đăc cử nhiệm kỳ mới. Đó là sứ mệnh mà ông mang .,,,
Quá đau đớn! Nỗi đau thấu tận trời xanh!,,,
"Có cách nào phát hiện ra vi rút covi trong 2 hoặc 5 ngày không? Nếu phát hiện sớm rút ngắn được thời gian cách ly, thế giới sẽ hòa hợp nhanh hơn.",,,
"Đà Nẵng năm nay quá đen. Vừa bị Covid-19 tàn phá, sắp tới lại bị bão.",,,
"Liv hồi xưa đc coi là vua đấu cup, nhưng có vẻ như giờ đã bàn giao danh hiệu này sang cho ARS rồi",,,
"Xử thật nặng,",,,
"Nhìn to cao đẹp trai thế kia mà lại đi ăn cướp, rồi giờ ngồi bóc gần 30 cuốn lịch chắc có mỏi tay?",,,
"Sở dĩ ở miền trong nhiều tên đường sai là do cách phát âm. Nhân tiện tôi xin góp ý về cách sử dụng tên đường ở nhiều thành phố có điểm bất cập và lãng phí. Việc đánh số nhà theo ngõ tuy rối nhưng thực ra rất dễ tìm và khoa học, có có bao nhiêu xẹt đi nữa thì cứ theo địa chỉ đó cũng tìm ra và người tìm dễ dàng xác định ở khu vực nào vì bắt đầu từ những con đường chính ai cũng biết. Nếu đặt tên kèm số kiểu như đường Thắng Lợi 12, Bình An 20, Thành Công 05... thật chẳng có nhiều ý nghĩa và nếu không có bản đồ thì người ở khu vực khác không biết đằng nào mà tìm. Ngoài ra nhiều con đường rất ngắn, nhỏ ít nhà ở mà lại đặt mất 1 cái tên trong khi chỉ cần đưa vào làm ngõ, hẻm là được",,,
không hiểu sao cha mẹ để con mình tự do đến thế ?,,,
"Ai cũng biết đối thủ mạnh nhất , nguy hiểm nhất đối với chiến dịch tranh cử của Trump là ncovid nhưng ông ấy cứ giả vờ không quan tâm . Thay vì ""công kích"" (chống dịch quyết liệt) ncovid ngay từ lúc đầu thì lại tập trung vào Biden .",,,
Chắc lại giành gái đó mà kaka,,,
Bài viết rất hay!,,,
Khổ cho con quá,,,
"Mua xe gì cũng được, trừ Toyota ra",,,
Đừng xả.giữ tích nước mùa khô.miền bắc đã hết mùa mưa,,,
Biết sợ rồi à?,,,
nhà mình ở quê chắc bằng tiền xây cái cổng này,,,
"Đây là tuyến trục xương sống của ĐBSCL, hy vọng được xây mới hoàn toàn song song với QL Phụng Hiệp hiện hữu, mỗi chiều 4 làn xe, chứ 2 làn xe/chiều thì không bao lâu sẽ lại quá tải.",,,
Có một bài mà Trump sử dụng đến mức thượng thừa đó là luôn đổ lỗi cho người khác và khoe khoang về mình.,,,
Đọc những trận đánh như này hấp dẫn thật,,,
Lại mâu thuẫn vì nhậu. Cái kết là cái chết vô nghĩa.,,,
"Mới đầu đọc lướt qua nhìn tỉ số cứ tưởng là trận beyern vs barca đc đá bù lại chứ. May quá định thần lại mới rõ là schalke, vậy là shalke kém barca rồi, bên nhà ấy còn ghi đc 2 trái cơ, quá đẳng cấp còn gì",,,
Hãy tìm hiểu và đầu tư vào đồng tiền kỷ thuật số ...là tốt nhất trong thời điểm này .Chúc bạn may mắn và thành công!,,,
"Mình không hiểu là hãng hay mời hoặc khuyến mại lắp sàn 'da', trong khi sàn nỉ nguyên bản cách âm và chống ù rất tốt?",,,
Vẻ đẹp của tự nhiên không có gì thay thế được,,,
"học trên trường, học ở nhà cô, học cả tuần, tối về lại học, mất hết tuổi thơ các cháu rồi. lớp 1 thôi, bày đặt mục tiêu cao xa mà làm gì. đúng là không cho con học chữ trước thì các cháu khốn khổ khi vào lớp 1, không khác gì học cuốn chiếu của sinh viên, học xong con quên sạch vì nhồi nhét, đến khổ, bao năm cải tiến cải lui chỉ thêm phức tạp, lãng phí.",,,
"Đôi khi là do các cháu ngứa lợi,đang mọc răng thôi ạ.con tôi cũng bị cắn này..giờ học luôn kiểu đó về cắn anh 2 nó.hii",,,
"Nói chung cái gì quá nó cũng không tốt. Cơ địa mỗi người mỗi khác, do vậy tùy theo nhu cầu cơ thể mà mỗi người có xu hướng ăn uống khác nhau. Tôi thấy nhiều người cứ nghe thông tin trên mạng ăn cái này uống cái kia tốt vậy là ăn, uống thứ đố vô tội vạ không cần biết liều lượng, số lượng.",,,
"Cầm thú! Lấy mẹ, hại cả 2 cô con gái nhỏ, dại khờ! Lời cảnh báo cho các bà mẹ có con gái mà muốn đi bước nữa!",,,
Cháu cứ tưởng mỗi người ủng hộ 5K lấy quỹ phòng chống covid. xD,,,
"Thực ra thì chi phí nhân công và vật tư không tăng nhiều, gần như giữ nguyên giá trong khoản 5 năm qua. Giá bán tăng có thể là do tiền lời của các đại gia tăng lên hoặc các chi phí giá đất (giá đất theo quy định để tính thuế cũng không tăng đáng kể) hoặc chi phí giao dịch, giao tế liên quan.",,,
Tôi thấy chữ V trong bức ảnh :D,,,
"Thở phào ! Nên ưu tiền trồng, bảo tồn, giữ rùng. Dựa án có thể hủy, thay đổi, điều chỉnh nhưng rừng và cây nên giữ nguyên !",,,
Ở đâu coi thường dịch bệnh thì ở đó sẽ phải trả giá đắt. Đẩy mạnh phòng chống dịch là việc làm tốt nhất đẩy lùi dịch bệnh,,,
"Xin chia buon, quá đau lòng.",,,
"nhớ hồi còn học cấp hai, mua này hay cúp học đi bắt cá, zui ghê.:))))",,,
Phương Oanh đẹp nhất nhưng nếu mặc đầm màu sáng sẽ đẹp hơn. Thích diễn xuất của Bảo Thanh nhưng giảm ký đi nhé em,,,
Anh văn ngọc Thiên Hải Lăng nói chuẩn,,,
Càng gây cấn càng kịch tính hình ảnh Trump càng nỗi bật đối bới tất cả những ai theo dõi bầu cử ở Mỹ,,,
Tại sao thi và sát hạch bằng lái xe hạng nặng giao cho bộ công an phụ trách là đúng.,,,
"Thôi đi các bạn, các bạn làm gánh nặng của thiên tài bao năm nay chưa đủ sao?Bàn thắng không qua chân thiên tài ai cho ghi ? Đã thế ghi hẳn 3 bàn ?May mà có cậu nhóc Fati đặt trái bóng lên vạch 11m cho thiên tài sút kiếm bàn thắng bôi thống kê Không thì thiên tài lại đòi ra đi tiếp nữa bây giờ.Nói vậy thôi, không ghi bàn thì thiên tài tổ chức lối chơi, kiến tạo 5,6 băng, kiểu gì mà thiên tài chả gánh team.",,,
"Seltos đi bạn, thời trang, trẻ trung, cá tính. Kona như siêu nhân ấy.",,,
Quê tôi giờ không còn con nào,,,
Quan điểm Covid19 có thể lây qua khí dung là có thật. Nên mũ bảo hộ con vịt là một sáng kiến hay và hiệu quả. BS xứng đáng là công dân ưu tú thủ đô. BS sẽ giỏi hơn và thăng tiến nhìu hơn trong tương lai. Chúc BS Cấp sức khỏe và lun hạnh phúc trong cuộc sống,,,
"Vn xe hơi còn quá xa hoa và đắt đỏ. Nếu kinh tế không ổn định, lương không đủ 30 củ /tháng thì đừng nghĩ đến việc mua xe.đây chỉ là ý kiến riêng e ai đồng quan điểm thì like nha",,,
"Đúng là rất kỳ diệu, là người trong ngành, đến thời điểm này tôi chưa thấy được ca mổ tách nào hồi phục thuận lợi, vượt cả tiên lượng như hai em này.",,,
"Cầu mong cho ông ý nhanh khỏi ốm, cầu cho ông ý đắc cử 1 lần nữa <3",,,
"Sáng nay mình dậy sớm coi buổi Tranh luận, thật lòng thì mình khá thất vọng với cách Điều phối viên Chris Wallace điều hành bởi vì ông ấy chỉ mang ra chủ đề, đặt câu hỏi rồi sau có Joe Biden chỉ trả lời như một cái máy, gần như là học thuộc, cho đến khi ông Trump phản hồi các cáo buộc và bị cho rằng là bất lịch sự khi chen ngang. Buổi tranh luận vòng đầu không có sự '' đối kháng'' giữa các ứng cử viên và ông Joe Biden chỉ mang ra cáo buộc, trong khi ông Trump phải trả lời những câu hỏi khó và tự nhiên.",,,
Cái này đưa lên vũ trụ rồi chụp xuống thì ôi thôi. ,,,
Mong Tt Trump vẫn vận động tranh cử kiểu giao lưu trực tuyến mõi ngày 45 phút . Cầu mong ông đủ sức vượt qua mọi chuyện,,,
Nghe 7 năm rồi h vẫn vậy,,,
"Luôn luôn có sự phân biệt đối xử giữa nam và nữ khi làm cùng một nhiệm vụ, nam bao giờ cũng chiếm ưu thế hơn dù chưa chắc đã giỏi hơn, vậy nên việc đòi công bằng cho nữ giới là một hành trình dài khó lấp đầy vì căn bản nam chiếm 1/2 dân số rồi. Cố gắng rút ngắn khoảng cách càng nhiều càng tốt thôi chứ để công bằng thực sự e là không bao giờ có.",,,
Giải pháp cho trường hợp bị áp lực là một lời khuyên ...không áp lực...!,,,
"Làm việc với đam mê đủ lớn sẽ không thấy mệt mỏi. Chúc mừng các em, hi vọng các chàng trai vàng trong tương lai sẽ đem những kiến thức của mình làm giàu cho bản thân và góp phần xây dựng tương lai phồn thịnh cho đất nước.",,,
Chuyện thật mà như đùa vậy nè.,,,
"Trời ơi ! tội các con quá, ai là người chịu trách nhiệm việc này?",,,
Mình muốn hổ trợ tiền cho bà thì phải làm sao. Mong doanh nghiệp Việt gắng vượt qua,,,
Cứ thương hiệu uy tín lâu năm mà xuống tiền bạn à,,,
từ khi bia saigon chuyển chủ sở hữu là người thái mình đã không uống bia saigon rồi,,,
Không ai mang khẩu trang!,,,
"Giám đốc Bệnh viện Nhi đồng Thành phố khẳng định: ""Sẽ đồng hành đến khi cặp song sinh 18 tuổi, hoàn toàn khỏe mạnh và độc lập"". cảm ơn y bác sỹ và chúc hai bé luôn mạnh khỏe, đúng là điều kỳ diệu.",,,
"Thuật toán để vẽ được lược đồ 3 chiều từ ảnh 2 chiều của Camera còn rất kém và thiếu chính xác. Tất cả các xe tự lái đang dùng công nghệ lidar để quét trực tiếp lược đồ 3 chiều từ tín hiệu radio phát ra từ cái quay tròn tròn ở trên đỉnh rồi đập lại chứ không phải từ camera nhận ánh sáng tự nhiên từ vạn vật xung quanh.Công nghệ lidar này gặp rất nhiều vấn đề do chỉ là hack của giới nghiên cứu nhằm moi tiền nhà đầu tư. Tin tôi đi, còn dùng lidar hay phản xạ đập lại tương tự kiểu như ultra sound thì còn chưa có xe tự lái hoạt động được phổ biến rộng rãi trên đường như xe người lái đâu",,,
Lộc từ đâu bay tới.,,,
"Thật nể phục các nước Campuchia, Lào, Myanmar, Timor-Leste...các bạn quá giỏi trong phòng chống dịch!",,,
"Với bọn buôn ma tuý này không thể nhân nhượng , nên dùng biện pháp mạnh, có thể xử lý tại chỗ nếu chúng chống cự bằng hàng nóng. Đặt sự an toàn của các chiến sỹ công an, bộ đội tham gia công tác vây bắt nên hàng đầu. Vì chúng sẽ liều lĩnh chống cự đến cùng khi bị vây bắt.",,,
"Ông bố tuyệt vời, mong cậu bé Bôm sớm thành đạt",,,
"Sao lại nhiều cầm thú thế này? Hết mẹ chăn dắt con đi ăn xin, cậu ruột hiếp cháu. Giờ bố tra tấn con rứt ruột đẻ ra",,,
Thật là... người tính không bằng trời tính. Kỳ này để xem tài năng của các Bs Mỹ thế nào? ,,,
"""Đó là một mũi tiêm bình thường, tôi không cảm thấy điều gì đặc biệt"". Hy vọng những năm tới cô ấy cũng cảm thấy như vậy và nếu sinh con thì em bé vẫn ổn.",,,
Hèn gì mình uống thấy nó chua và khó uống,,,
"Không ai dại gì từ bỏ làm ăn ở Trung Quốc với thị trường một tỷ tư con người đa số là giới trung lưu, giàu có, và là nước lớn duy nhất có chỉ số phát triển dương sau đại dịch Covid- 19...",,,
"Bản thân còn chưa hiểu hết về chính mình thì làm sao người khác có thể hiểu mình được chứ! Nhiều người cứ muốn được người khác hiểu mình là do bởi vì họ chưa hiểu về chính bản thân họ đấy thôi. Một người không muốn hay từ chối mổ xẻ, phân tích nội tâm của mình thì mãi mãi sẽ đi tìm ai đó hiểu mình.",,,
Mất nửa khuôn mặt và vẫn sống đến 96 tuổi thì đúng là bảo sao nhiều người bây giờ sống vô tư dù bị coi là.....mất mặt....,,,
"Cứ cho dùng đi, sau một hai năm lợi hay hại sẽ rõ. Tôi tin chắc rằng, lợi thì chẳng bao nhiêu, còn hại thì vô số kể. Nhìn thực tại đã thấy trước kết quả rồi.",,,
"Chúc mừng TP HCM, hy vọng cả nước hết dịch và các bệnh nhân đang nhiễm covid 19 sớm suất viện, ổn định cuộc sống.",,,
"Cần nhiều bên xe vệ tinh vì tất cả từ SG đến các tỉnh phía Bắc mà vào hết BXMD mới sẽ quá tải, bất tiện cho hành khách. Ví dụ Tôi từ Bình Tân mà ra đến BXMD mới để về QT thì thật ra nhiêu khê",,,
"Chúc mừng các anh. Chúc các anh mạnh khoẻ, tràn đấy nhiệt huyết để hoàn thành những trọng trách được giao.",,,
"""Mexico có lẽ từng là mục tiêu bị Trump công kích gay gắt nhất, khi ông chủ Nhà Trắng từng tuyên bố sẽ buộc người dân nước này phải trả tiền cho bức tường biên giới giữa hai quốc gia, biện pháp mà ông cho rằng giúp ngăn người nhập cư bất hợp pháp hiệu quả, đồng thời được đánh giá là ""vũ khí"" tranh cử đắc lực. Giờ đây, thay vì tức giận và hoang mang, người dân Mexico lại bày tỏ thương cảm cho nước Mỹ.""Người dân Mexico khiến Trump và những fan của ""nước Mỹ vĩ đại"" trở nên thật nhỏ bé.",,,
năm nào chẳng đón máy cơn bão . hy vọng bão vào thiệt hại ít. đem ít nước vào nơi đang hạn hán,,,
Có bác nào nói là ăn cắp của Mỹ nữa không biết.,,,
Càng ngày càng quá đáng. Đã sai lại càng sai,,,
"Xem biểu đồ, thì bão Luol sẽ tấn công sang cả Thái Lan, vậy bão rất mạnh. Các địa phương vùng này, cần tổ chức chống bão thật tốt, giảm thiệt hại, nhất là sinh mạng con người.",,,
Đảm bảo 100% là con Hàu làm thủng vỏ tàu bằng sắt do răng của con Hàu rất sắc và cứng. P/s: Ngày xưa mình thi trượt môn Hóa học khi tốt nghiệp THPT.,,,
Vậy là trump đã thành công 50% khi các nhà đầu tư đã nghĩ đến việc dời dây chuyền sx về mỹ,,,
Xui quá! Hôm nay k có quả pen nào. Hu hu,,,
Thanks rất tuyệt vời,,,
"Mấy bạn cứ lo phải đổi CMND và hộ khẩu, xin thưa với các bạn là theo luật bạn phải đổi CMND và hộ khẩu chỉ khi nào bạn thay đổi tên tỉnh, thành phố bạn sống thôi, còn thay đổi tên đường hay phường thì CMND và hộ khẩu vẫn giữ nguyên không phải đi làm lại gì cả, thay đổi tên đường chỉ là thay đổi cái bảng tên, bảng hiệu trước cửa nhà các bạn mà thôi, hoặc thay đổi địa chỉ nhận thư tín mà thời nay ít ai dùng thư gửi qua bưu điện hoặc có dùng thì bạn chỉ cần điền lại tên theo địa chỉ mới là ok. Do đó việc thay lại tên đường cho đúng cần phải thực hiện ngay và luôn kể cả những tên đặt theo phương ngữ và lệ kỵ huý như Tông - Tôn.",,,
"Thử hỏi tác giả trước khi xuất bản sách, tác giả đã thực hiện bao nhiêu buổi học với các con 6 tuổi",,,
tới 20 lọ huyết thanh cho 2 dấu răng nhỏ như cây chân nhang !!! ghê thiệt !!! :-/,,,
Đây là Chuột hải ly các bác ạ,,,
"Rõ ràng là cô giáo sai rồi còn gì, bảo lần thứ nhất còn được, chứ lần thứ2, xong lại còn túm tóc cháu như thế mà như k có chuyện gì, về sau còn bắt cháu xin lỗi, thế ông kia đánh cháu bé cx sẽ lại bị đánh và bắt xin lỗi chứ nhỉ",,,
NGHE TIN CHÁU NHƯ VẬY BUỒN THẬT,,,
Trump sẽ khỏi bệnh.,,,
"nhiều lần đi tuyến này toàn phải né mấy ông xe lớn, chạy ẩu lấn vượt rất nguy hiểm, rất mong nhiều chốt giao thông kiểm tra thường xuyên đối với những xe này.",,,
"Tôi có con năm nay lớp 1: 1 tháng qua nhà tôi khổ sở vì học của con, đặc biệt là môn tiếng việtĐọc sgk: b nhưng viết lại khác, k đọc , viết lại khác. Nên các cháu không thể phân biệt được mặt chữ, viết đc nhưng đọc cực khó với các conchưa được 1 tháng đã học và đọc 4-5 chữ dài liền nhau. ",,,
"Có một trường hợp hiện nay hoàn toàn mâu thuẫn với thứ tự hiệu lực ""người điều khiển - đèn - biển báo - vạch kẻ đường"": đó là tại những ngã rẻ có đèn đỏ và biển ghi ""Đèn đỏ các phương tiện được rẽ phải"" (có thẻ kèm phần kẻ vạch xương cá và mũi tên dưới đường). Rõ ràng ở đây nếu đèn đang đỏ mà rẽ phải thì tức là ta đã hoàn toàn đặt biển và vạch kẻ lên trên đèn đỏ . Nếu tín hiệu đèn luôn cao hơn biển và vạch thì đèn đỏ ở đây chỉ được đứng im.",,,
i10 thấy mỗi điểm hơn là có vẻ rộng hơn. Cơ mà cùng hạng A thì cũng đừng hi vọng là rộng quá đc. Đi quen thì thấy i10 vẫn ok.,,,
I10 mới thấy còn được còn xe chạy mấy năm rồi là đuôi xe nó xệ xuống nhìn nó cứ tếu tếu làm sao đó mất cam tình,,,
"Các công ty mua vào các mặt hàng giá trị thấp và sản xuất ra các sản phẩm giá trị cao và xuất khẩu. Khi dòng vốn xoay vòng càng nhanh, giao thương càng cao thì kinh tế càng phát triển.",,,
Nếu mà làm giàu khổ cực như vậy thì không lên làm giàu.,,,
tóc ko đẹp lắm nhưng sắc thái và váy quá đẹp,,,
"Tên này quá tàn bạo, hắn không xứng đáng làm cha đứa trẻ này nữa",,,
"Nhìn cảnh này mà ko thể giữ được bình tĩnh,tài xế coi thường tính mạng người đi đường quá,hành động này nên sẽ bị xử lý hình phạt nghiêm khắc nhất.",,,
"Vios ngon hơn hẳn. Nhưng đi phố thì số sàn vất vả, lấy số tự động đi cho nhàn.",,,
Chúc mừng thầy! Nhưng hơi tiếc cho các bạn sinh viên khoá mới của viện CNTT vì thầy Thắng dạy cực hay và nhiệt tình.,,,
Cầu mong thế giới bình an!,,,
Món cá đồng kho ăn vào mùa mưa lạnh ngon hết sẩy.,,,
"Cao tốc nên làm mới hoàn toàn, để người dân có thêm quyền lựa chọn đi cao tốc hay đi đường bộ hiện hữu ",,,
Theo Lí : Chia đềuTheo Tình: Nếu nói được chẳng phải lên đây hỏi ý kiến,,,
Đọc mà không kìm nổi sự giận dữ trước hành vi mất hết nhân tính của người mẹ và hành động cầm thú của người cậu ruột đã xâm hại cháu ruột của mình. Mong pháp luật trừng trị nghiêm khắc hai kẻ không còn là người này để lấy lại một chút công bằng cho các cháu. Thương các con quá!!!,,,
Rô lần thứ 5 nhận giải IFFHS,,,
"Nhiều người biết chó dữ nhưng vẫn nuôi, hậu quả quá nặng tự đem đến cho người thân yêu nhất ...",,,
"đọc tin mà đau lòng quá,thảm nạn cứ xãy ra hoài,mà kho ngăn chận đươc,tại sao?",,,
"Mua Fadil đủ lăn bánh. Nếu thấy đắt thì đi Morning, I10 dư ít tiền đổ xăng. Gia đình đi xe nào chả được, đừng nghe fan Nhât Hàn chém nhau cho mệt.",,,
Đúng là bọn mắt híp lò xo thụt :))) bên việt nam t cái này ra cách đây 10 năm r và bọn t gọi là cái L :))),,,
Từ lý thuyết đến thực hành là cả 1 câu chuyện dài =)),,,
Lúp lúp như chó .,,,
"Được anh ưi, lâu rồi không nghe phúc du rap 🤣",,,
"chán ghê hong có pé 2 mới máu được, hâhha",,,
Loại này cho dựa cột thôi chứ độ thế nào,,,
Ủa chứ bữa xin lỗi khóc tế om xòm mà giờ chửi nữa rồi bó tay con này hỗn quá,,,
"Dàn Táo năm nay làm chương trình TÁO QUÂN VI HÀNH nhé mn, phát sóng 9h tối 23 Tết trên VTV3 :))",,,
"có ai biết làm cách nào để tìm lại được, đồng đội, đồng chí, hay bạn hữu cùng đơn vị của người trong bức ảnh không.",,,
Nguyễn Hữu Nhân đớp cả của cháu. Thứ mắc dạy,,,
mài có óc để suy nghĩ ko add? cái đồng băng đó mài tính đào hồ bnhiu cho đủ hả thằng ngu?,,,
phải thầy k ta,,,
Nhìn chúng nó cmt mà đắng bạn à =))))))),,,
theo chân mấy anh hàn quốc rồi :,,,
Gia Lộc Tran Quang còn j vui hơn cà khịa :)))))),,,
Việt Tiến nghèo là rõ 🤦,,,
Anh ba láo nháo là Tú xiên giờ,,,
"mẹ, sao bộ k mở cửa hàng kinh doanh bán bình luôn cho dân, ko lại phạt vì mua phải bình đểu :)))",,,
Vừa tăng lương phát biết ngay,,,
Đấu khẩu - Chim lợn 👍,,,
Đầu 2 thứ tóc rồi mà còn bị trẻ trâu Levi lừa.🤣,,,
Quan va. Dan nhu nhau phai ton trong phap luat. Khong thuen vi mot ai?,,,
Việc nhẹ lương cao mình xin nhường cho những người thất nghiệp:)),,,
Diệp Gia Nghi nghiệp nó quật m chết bh,,,
Trương Duy ko mvp đội mình thì là mvp của đội bạn :))),,,
Du học sinh Úc cơ ấy =)),,,
Khá khó🙂,,,
"Hoan nghênh ông Trần Dần có tư tưởng tiến bộ, không chống cộng sản Việt Nam nữa. Chỉ có quên đi quá khứ để yêu thương . Ai cũng về già lo tu thân sám hối là điều lựa chọn tốt nhất. Chúc ông Trần Dần sống lâu 130 tuổi và luôn khỏe mạnh đẹp lão.",,,
Sương mù là tại thiên tai !,,,
Uầy tôi là cưng phán các ông ạ được vl a ưi =))),,,
anh tik nói quá đúng luôn,,,
Minh mẫn vcl,,,
Lee Quang tôi toàn nghe nhạc của bùi anh tuấn! Hà anh tuấn! Nghe mấy bài này ko thấm nổi,,,
Nghe nói trước đây 1 số thành phần người hà nội kì thị dân vĩnh phúc đúng không nhỉ. Bh sao thì mấy ngừoi đó bị lây hết chưa ấy nhể,,,
😞,,,
Vợ Cuốc sư là Bùi Kim Thành còn vợ nhỏ là lisa phạm,,,
#NAME?,,,
Duyên Phạm ghê tr nay văn chương dữ hén,,,
Anh Trung Magic,,,
Cho toyy xin in4 FB hoặc sđt zalo hay ig được hong :33,,,
Lại Hợp Sâm clm đến v thì /ff,,,
Nhanh thực sự,,,
Nghe kể chuyện tí rồi làm tiếp a Thanh Le :))),,,
Bt các bạn phan cuồng chửi vậy mik đã ko nêu ra ý kiến cá nhân,,,
ông làm bố tôi hơi lâu rồi đấy' Tùng sói said,,,
Có khả năng tối nay anh bị ngủ ngoài đường :)) tu bi con tờ niu,,,
Bóng khùng bóng điên,,,
Cao Lãnh với chúng tôi làyy,,,
ặc :),,,
"Nhìn chị Minh Hiếu có duyên hết sức, nói chuyện rất chân thật, mặc dù mỗi lần live chửi rất táo tợn nhưng nghe và nhìn chị ấy rất thánh thiện và chất. Chúc chị luôn vui khoẻ và hp. Mong có dịp sẽ được gặp chị",,,
nhớ nuôi kiểu tóc này mới đủ combo nhé ae,,,
1 ng thì giết 1 mạng . 1 ng thì feed tụt lol,,,
Luôn ủng hộ K-ATM,,,
Nguyễn Đào Nguyên,,,
"không có thì ""sản xuất"" ra -_-",,,
Con người sao lại như vậy?,,,
Cái trend Nghe có vẻ mãi chúng nó vẫn chưa chán nhỉ,,,
Anh Minh chậm cái con cặc,,,
"Đù dại ghê, bọn đấy ngày nào nó cũng lên Phường xiên cho nó 1 cái, đuợc tiếng luôn, vào khám mấy anh chị cũng thương, xiên hết mọi thằng trên Phường luôn cho nó Sum",,,
A tiệp:,,,
Vẫn có 1 người tặng quà va len thai cho mình mn ạ.,,,
Đào Hà Văn Rinaky Cn anh chị ơi cẩn thận nhé ạ,,,
Optimusthree với 99% sức mạnh,,,
"ô thế mọi người k bit ak, Trần Dần mắc bệnh từ khi chưa có dịch ak...ông này mắc loại bệnh còn nguy hiểm hơn Covid 19...",,,
gáy to thế mi anh,,,
Phạm Linh ko co cl,,,
Con Thương cô lắm,,,
xe chở súc vật mong người dân hãy tránh xa (đề phòng súc vật phóng uế lung tung làm mất vệ sinh).,,,
Có táo quân thỳ mới là tết chứ,,,
"Chi đep qua chi,e thích qua",,,
Nhật Long toang. Kiểu ni còn lâu lắm :((,,,
:)),,,
Á nhà tiên tri ủng hộ nghị quyết 36 rồi nhé 🤣🤣🤣,,,
Ok đẹp trai :v,,,
Cực kì thuyết p.....,,,
Chửi hay lắm ad,,,
Đau đầu vl :)),,,
"Day khong phai la con nguoi nua ,,, tinh tinh tinh ,,",,,
Fan cô Minh hiếu đâu taaaa ❤️,,,
bác dần chớm có tình yêu nước r đấy,,,
chị ba nói chuyện dễ thương quá,,,
Còn ngưỡng mộ có ba nhé hihihi,,,
thằng ad này não bị delay 3 năm à :)),,,
Mới hả mn 😅,,,
Thì ra thầy đã có tính tấu hài từ lúc làm tuyển thủ chuyên nghiệp,,,
Các em nầy khi vào báo “công ngủ” với ác hồ thì phải chỉa vào mặt ác hồ như thế nầy nè :,,,
Đi làm cũng khổ :((,,,
Bác ơi chói quá,,,
Ai yêu ib nhé,,,
Tại mấy a tàu mà ra,,,
"so với "" nghệ thuật sắp đặt "" trị giá 8.100 tỷ vnd của ông Hoàng Trung Hải thì tác phẩm ""trái chuối"".... rất là chuối !",,,
Trường Giang no no . Đg chỉ trích vì tính ích kỷ . K nghĩ cho ngkhac . Chứ bả sống thì tốt th chứ có j đâu,,,
Quân tâm ae có link xem chưa bao phê luôn ae ơi,,,
Cổ động viên quảng ninh nhưng rất thích chất cổ động viên hải phòng💐,,,
Bóng dơ,,,
Trần Bình Trọng Vừa xog = 1k like :) các bác sống nhanh vl :),,,
Mê cô quá,,,
Tú ko cho anh 3 blue và cái kết :)),,,
I love you to ca mo,,,
Đu.má tu.biên tu.diēn luon...,,,
Thanh Phương c làm 1 bài review đi c,,,
Đúng là chó làm người phải chịu ... haizzz,,,
Ai biết tên kiểu này là gì không ạ,,,
e chúc panda của abe iu dấu 20/10 vui vẻ nhé và đừng quên xoá kênh,,,
Dạo này nước mỹ ko dc an toàn . Sao không thấy cây súng 🔫🔫🔫 của nhà tien tri vậy,,,
Ri thì như thor luôn,,,
triệu hồi phúc nghẹo..trọng lú,,,
Mặt độ trông buồn cười vl kiểu con ơi cho bố cầm ms kkk,,,
Bà này đỉnh thật. Nữ tướng đáng khâm phục. Giá như mà Việt Nam! Có sự lãnh đạo của bà thay cho NTKN thì hay cho đất nước.,,,
Nghe kì kì sao á. Con trai với mẹ mà liệu mấy cái lời nghe 😋😋😡,,,
NGHIỆP BÊ ĐÊ NẶNG LẮM R MÁ ƠI,,,
Nó giống vãi lol a ưi!,,,
Lại lên cơn hoang tưởng bậc cao hơn!😁😂🤣,,,
@Chiến trần chuẩn 👌,,,
Chỉ chịch xã giao thôi =)))),,,
Có cc nè em :),,,
Quảng cáo lộ liễu quá 😁😁,,,
Loại này phải,,,
bậy zòi :v nhìn bên trái đi :D đừng nhìn bên phải :v,,,
Do lười chụp ảnh có mỗi kiểu chụp trộm thôi,,,
Hợp lí anh ưiii,,,
Huyền Khánh Phùng chả vờ chả vịt :)),,,
Chị ba sang quá à...Đi hửi quần xì của con les,,,
Hang Vu đú trend lâu roài =)),,,
"Nguyễn Thanh Mai Trúc t hay kể chuyện cười cho m nghe , nh làm việc gì nhớ tập trung chuyên môn nghe ch =)))",,,
đợi ei,,,
Lúc đó tôi tưởng thế là ngầu,,,
Âu cũng là số phận muốn đóng vai thiện nhưng đời xô đẩy ...,,,
BenBen Duong,,,
Nể nhất anh phóng viên! Ngồi mặt tỉnh bơ ko biến sắc,,,
dạo này pản động nhiếu quá mấy bạn bò đỏ ah :D,,,
"cái cap hơi gây war đó nha!vậy tui nói chương trình mấy người này nọ mấy người chịu không?nói gì thì suy nghĩ vào,xin lỗi chứ chương trình có duyên mà cmt đ có duyên thì dẹp hay im m* mồm cho xong!Thân!!",,,
Ngọc Như chắc là sẽ bíu ty phun lắm đâyyy,,,
dân miền tây nam rất thích đeo vàng khoe khoang nhỉ,,,
ĐM HCM : Đường mòn Hồ Chí Minh :v,,,
Cô ba Minh Hiếu xuất sắc quá nè mọi người :))),,,
Duy Trần xin video luôn ông ơi,,,
Ngô Tấn Hưng ông đang nâng trình Thầy Ba hay kéo trình Duke xuống vậy😂😂,,,
Con này k bỏ tù cũng phải bồi thường thiệt hại cho đất nước thì mới mong đc sự tha thứ,,,
May là có ý thức chứ k như mấy người bỏ trốn :)),,,
Kb ib có video,,,
Sao cô giống đàn ông thế cháu tưởng đàn ông,,,
"Bố lạy mày đừng ""hiếp dâm"" thị giác của bố nữa ad à 😂😂😂",,,
toàn dân công giáo,,,
Cực kỳ thuyết phục! 😂,,,
E khoe ké với ạ,,,
Gốc Tàu mà chửi trung quốc ghê,,,
đặt khô gà ở đâu v thầy ơi,,,
rách háng như chơi,,,
Hàng Fake bạn,,,
Nổ như chó,,,
Đúng là ở Kingdom đẳng cấp khác hẳn 😎,,,
Hợp lý😆,,,
Khôn ra rồi đấy . T sẽ cho m ở lại trái đất =)),,,
Bao giờ cho đến ngày xưa?chúng ta hãy biết ơn lịch sử suốt từ thời 3 lần đánh Nam hán trên sông Bạch đằng.đừng như bây giờ tên cũng không dám gọi.chúc Bác Lượng luôn an toàn!,,,
Mệt quá thầy ạ 😞,,,
Cách ly tại nhà rồi nhaa m.n,,,
Có màu rằn ri Ko b,,,
Đã dislike mv của Jack để ủng hộ Cây Ây Ti Em,,,
Tưởng gì - bắt chước trend của mình hồi nhỏ 1 ngàn 9 trăm hồi đó,,,
Đỷ chị minh hiếu,,,
Hahaha. Đĩ nl. Con bà 2 sinh cl bị sình đó b,,,
lolzzzz,,,
Yêu cô quá 🥰🥰,,,
Cô thấy cưng dễ thương quá iu cô,,,
"Vậy thay vì hô ""bớ người ta ăn cướp"" thì nạn nhân nên hô ""phản động kìa"" :)",,,
Link Facebook anh Trần Văn Xuân nè mọi người,,,
"Đâu ra mà vay, cái này là đang mua VN dưới hình thức trả góp đó !",,,
Mai Thu Hoàng tôi còn vừa bị chặn cmt rồi kia kìa😂😂..đúng là đáng sợ hơn cả dịchhhh:)))),,,
Thuỳ Trang giờ có nè :>>,,,
Đây là thầy ba sao 1 tuần dùm dầu gội,,,
Cứ như mấy ông trại tâm thần nghịch kiến ấy nhỉ,,,
Cuong Phan con này năm sau dự là 2000 đô nhé,,,
Sau Sing là tới Hàn Quốc . Bằng chứng là thím ngân đã cài cắm 9 điệp viên vào đoá . 😂😂😂,,,
"Auto mua, comment có thể mua được mà, nếu chốt đơn là thật đi, nhưng sau không nhắn tin cho shop thì cũng đâu bán...kakaaaaaaa",,,
Tú Trinh Đen quá mới dính 😤,,,
"Chị nói chuyện quá sản khoái  1000 like cho chị , quá thực tế",,,
Chu Gia Bảo ơ không trả lời được à,,,
đọc bài báo xong buồn ĩa đéo chịu đc,,,
Ko có hoa hồng nếu ko làm mà chỉ giỏi phá,,,
Thu Tuyền Phan hợp nhóm lại các cậu ơi :)))),,,
This is Việt Nam !!!,,,
Lần này sẽ khác,,,
Suc vat là có thật,,,
"Tôi cũng vây ,,,nói ko với tân hiệp phát",,,
nghe hư trúc nhưng rất mộ dung phục,,,
THIS IS VIETNAM!!!,,,
khi k con vb,,,
Ông nào khai giảng không chụp ảnh điểm danh cái,,,
Ok như 2 giọt nước,,,
Cô linda của chúng em đâu 😞,,,
"Không lối thoát, tiến k được, lùi cũng không xong",,,
Lan Hoa mấy đứa suốt ngày bảo người ta đạo này nọ cả đời chỉ núp dưới bóng của người khác 🙂,,,
Gửi thầy :)),,,
Hôm nay anh chưa đổi được tiền các em chịu khó mai anh em mình cùng bay,,,
Congrats,,,
So sánh quá khập khểnh hả thầy 😂,,,
😜😂😂,,,
Nhưng người hàn k biết kiểu dáng đó ở vn có một ý nghĩ ghê gớm,,,
A di đà phật :))),,,
Vại là e đã sai... pk nhỉ,,,
Sao chúng mày ko nhịn tham ô cửa quyền đi .,,,
Chất tiền đoán nữa  2017 xe về 2018 xe về năm 2019 xe về tiền đoán xa chúc 2022,,,
ông đặt cho tên Khánh bánh. ông mất rồi 🙂,,,
Ae 3/// cố gắng ở trong nhà tránh dịch nha. Chết nó chôn tập thể đó. 3/// mà chết hết thì ko có ai ăn cứt cho mỹ đâu.,,,
Ngọc Ánh sợ quá nhưng e vừa về rồi😜,,,
May quá idol giới trẻ của vũ trụ vẫn chưa dính virus 🤣🤣🤣🤣,,,
Chẳng thấy nó đẹp ở chỗ nào cả 😤,,,
hacker doi ten ^^,,,
Làm subnautica nx anh ơi mẹ anh làm mặn vl ra :))),,,
Thầy đi làm HLV cho T1 rồi nha các trò,,,
Quần gạ chịch à,,,
Giống nhau thế. Có họ hàng gì không vậy ?,,,
Em chào chị.. chị xinh quá .. thương chị quá...,,,
"LÚC ĐÓ CHỊ CÔNG ĐỨC VÔ LƯỢNG ,, TRỜI SẼ PHÙ HỘ  CHO  CHỊ",,,
Người thiệt hại là chủ xe . thì để chủ xe tự ý thức .,,,
nh vl anh :)),,,
Em sẽ sub cho abe kênh mới yên tâm nha abe :>,,,
"Mình là dân xem bóng đá đơn thuần, cổ vũ đội tuyển và cực ghét tụi xàm trên khán đài toàn đưa ảnh ng chết lên!",,,
Cương Đặng đang bảo ông palu lưu ấy 😂😂,,,
"Nhờ biết đến những video của nhà tiên tri,kiêm cố zấn cấp cao của tổng thống Đỗ nam chum mà em hết bị táo bón",,,
nhan nay` de lam j nhi ?,,,
Phương Tú ai biết người nghe đâu mà mấy bài đấy vẫn hit😀,,,
Hợp ní,,,
Giang hồ hải phòng sau khi xem giang hồ bắc ninh dạy dỗ đàn em và cái kết...,,,
Lại cà khịa,,,
Tưởng Xuân Hiển vcl ba chó :vvv,,,
K icm ca sĩ concac à,,,
"coi cái này nè : thành viên Facebook thân mến, Facebook là giả sử để được đóng cửa. Gần đây, nó đang trở nên quá đông. Đã có nhiều thành viên phàn nàn rằng Facebook đang trở nên rất chậm. Hồ sơ cho thấy rằng có rất nhiều thành viên Facebook hoạt động v",,,
Fan cô minh hiếu nè,,,
Xaolonnnnnnnnn=))),,,
Vs idol luôn luôn ❤,,,
Các cô chú phải cho tụi con nghỉ thêm 1-2 tuần nữa mới an tâm đến lớp học. :3,,,
Tân Bùi Duy Khá giống pha mù tạt =)),,,
Eo ôi đứa nào thảo với bố théeee yêu quá huhu ❤️❤️❤️,,,
Giống nhau như 2 giọt nước. Mà mỗi cái là 1 giọt nước mắt với 1 giọt nước 💩 thôi ạ 😂😂,,,
Xi - Men  tiếng pháp là tuần lễ. Các thiếu nữ phá đel bộ vòng nầy gồm 7 chíếc. Tượng trưng chl tuần lễ. Còn dân nầy mắc ngu quá nên đeo 70 chiếc.,,,
Con yên tâm bố cũng hòm hòm 7-8 triệu/tháng thôi nhưng vẫn lo được 2 bữa tôm hùm 1 bữa cua alaska cho con đều được :v,,,
😑,,,
teen gif ad ơi 😋,,,
Lặng Táo Quân Vi Hành đổi lịch phát sóng rồi nhé chứ giờ Táo Quân sẽ không chiếu vào tối 30 Tết đâu,,,
Quá chời quá đất Kon Tiết,,,
Thầy ba said:,,,
Xong,,,
Trái tim sao to bằng anh lê bảo bình được ??,,,
"Nguyễn Jonh thật ra Mỹ chỉ chống học thuyết cộng sản nói riêng và những nước gây bất ổn cho thế giới, chứ Mỹ ko xem độc tài như kẻ thù bất cộng đái thiên nếu loại độc tài đó chỉ làm khổ dân nước đó mà ko ảnh hưởng đến dân nước Mỹ. Đến giờ các quốc gia",,,
Khắc tiệp thì lấy Việt tiệp khoá mõm lại,,,
Cô có khỏe ko?,,,
Kiều Trinh đâu t chẳng đọc đc😎😎,,,
bị ngu à,,,
Tại sao lại đọc vai rớt .vai rớt là gì vậy. Đọc tầm bậy,,,
Mấy thằng nhận được máu,,,
Về vn ăn mau lol à.,,,
"Cầu mong thần cá VOI và thần cá HEO giúp nhật bản qua đc cơn hoạn nạn này""",,,
Giống vl . Khác mỗi cái mặt 🤭,,,
@NGỌC TÂM lúc trước tưởng thật coi.con giờ huy đăng ký kênh luon.éo coi nữa,,,
Đang nói chuyện này cái ổng bẻ lái qua chuyện khác mãi :v,,,
Tao xịt máu mũi luôn á chúng mày,,,
thg nào nhập a tôi vậy,,,
Con di,,,
"xuất cai L, đm quần áo Vn toàn nhập siêu từ TQ hết 70% chứ xuất xuất clm chúng mày",,,
"Tui nghĩ là xe Merc sẽ có camera hành trình phía sau lưu lại xe nào quay được cảnh này. Tội cắt ghép clip này là bôi nhọ lãnh đạo, vu khống, xuyên tạc chứ ít gì.",,,
Đức Mạnh Chu ok nha bạn,,,
Tại sao phải trả lời thầy,,,
Hihi cười muốn sặc cơm luôn hihiiiiiii,,,
"Tụi mày tuổi lồn, nói thế cho nó vuông",,,
Vòng thầy hiệu trưởng hơi nặng :)),,,
Miba young,,,
Nguyễn Việt Cường ơ thằng này ra tù rồi à,,,
Thôi xong ăn lol rồi,,,
Bê đê sống thật đi chị 3D,,,
gáy mạnh lên a,,,
Thầy éo đi show nữa ak 😄,,,
"Qua đài Loan mà tìm chứ nó mới giỏi , ngồi đó mà nói dốc",,,
Ah Độ đẹp đôi với chị trang quá,,,
Tức nhiên mày xạo quá,,,
Quả demo làm e k ngủ dc =)),,,
Nhà nàng ở cạnh nhà tui,,,
Guk,,,
Sẵn đây e nói lun. Hôm bữa e có nhặt được cộng lông ở nhà nghỉ ac nào đánh rơi thì tìm e e cho xin lại 😁,,,
"Luật sư nước ngoài hét ra lửa. LS ở VN hét ra khói. Có lửa sẵn thì nó mạnh lên, còn không chỉ là đồ bỏ.",,,
Cút lên top đi...việc còn lại cứ để bọn t lo,,,
nhìn ngon wa,,,
Happy new year,,,
Cực kì thuyết phục anh ạ:)),,,
Lừa minh hiếu còn sủa,,,
Chụp ảnh cưới ở Mộc Châu siêu xịnnnn,,,
Không còn gì để nói =]],,,
đã có Nas ! hãy cười lên các bạn .... cười cho thế giới biết chúng ta đang hạnh phúc như thế nào !,,,
Stream trận nx ik a độ,,,
Cùng nhau tự bảo vệ sức khoẻ chứ k phải vì miếng ăn sợ dịch bùng phát mà tranh nhau đi mua lương thực nhà nc nói rồi lương thực vẫn đủ cho nhân dân nhé,,,
Toàn tin tào lao,,,
Bảo virus corona nó sống trong máu thì thua :)),,,
Chất khỏi nói,,,
Đéo ai bắt xem ??=}},,,
đẳng cấp anh ơi,,,
Abe mang susan 0175 ra toàn thế giới :))),,,
Lê Trung Đức Thảo Uyên bữa nào rảnh 3 chị em mình vô net rồi quay clip reaction giống vầy cho mau nổi,,,
Nghi vấn thầy chà trộn TTBL tu,,,
Trần dần bệnh tâm thần chuyện có nói ko chuyện ko nói có làm cho cả cộng đồng người việt ở Mỹ quá bức xúc truyền thông pho bolsa tv giống Trần dần bịa đặt chuyện có nói ko chuyện ko nói có,,,
Lê Thị Trang đắt vcd,,,
Vừa bằng nhiều chàng trai :)),,,
Quá là phí thời gian,,,
Đi đâu cũng thấy mấy ông thuyết phục :v,,,
"Hoàng Đàm Linh thế e hỏi là vd là bạn c bị chửi c có rút kinh nghiệm k ạ hay là c cũng muốn nghe chửi tiếp, ngta ý thức tốt từ trc đến nay rồi nhé ạ.",,,
Được em ơiiii =)),,,
Ở gần nhà có ông bị khùng chuyên mang quần trong dài hơn quần ngoài như vậy đi ngoài đường. Tính ra gu ăn mặc của a Tiệp còn đi sau cả ông khùng xóm e,,,
từ thành phố Huế xuống Đô Đô có xa không nhỉ 😕,,,
Cô thật là dễ thương,,,
Lẽ ra phải cho dân diễn tập chống khủng bố trung quốc có lý hơn.,,,
Yêu em yêu đến vô cùng,,,
Ông im mẹ mồm đi :))))))),,,
bts= .....,,,
Đúng rồi phải cùng nhau chống giặc chống cướp ngày cướp trắng trợn chứ,,,
Tr ơi,,,
Cái con Hoàng Lệ làm j dc j cho đồng bào mà lên tiếng! Ng ta làm việc tốt ko ai trả lương! Dù có động cơ j chăng nữa cũng chưa đến lượt mày lên tiếng! Cái loại ngồi Một chỗ phán xét người khác! Ăn hại,,,
Jaha,,,
Ngô Thị Vân Anh,,,
Nhật TùNg r xong sản sủa,,,
Mình đang thắc mắc là liệu có phải là cột điện không hay cột gì khác ? Khoảng cách giữa 2 cột điện đâu thể ngắn thế này ? .-.,,,
Đầu cơ cả tỷ bạc tiền đất xung quanh đó rồi! =)) Phải chuẩn bị chứ!,,,
Ngồi nhà xem trym chống dịch,,,
Linda Bui Phúc XO do bạn,,,
Trên Cao Bằng bọn tôi đu cây suốt: A Độ said,,,
Cả năm không thưởng hay ngư nào,,,
Ui dào tòan cái lũ tham ô tham nhũng. Hốc hết cứt của dân thôi,,,
Nghe giọng lứng quá,,,
:( hợp lý,,,
"Bà nầy nói chuyện ko có văn hoá , ko biết xấu hổ",,,
Coi chừng nha Abe đừng gáy như yásuo nhiều quá nha,,,
🤣🤣🤣🤣🤣,,,
tuyet voi,,,
"Chao minh hieu, hom nay thay minh hieu dep gai qua ha",,,
Điểm gay ấn tượng và nổi bật đó ạ,,,
Nguyễn Tài koi ccc bn,,,
Chờ em mặc quần cái,,,
T phải phạt cô thật nặng mới được!,,,
"Ngta có tiền đi đâu kệ ngta miễn sao tuân thủ theo quy định nhà nước thì thôi, sân si vừa vừa",,,
Mình nói đúng ko bạn .làm bộ liệu nếu ae xem ky đúng 5phut30 thì sẽ biết,,,
bắn bỏ,,,
nghiệp,,,
áo với quần này đẹp hơn nè thầy ơi =)),,,
tự hào vì có nhiều admin fanpage ngu nhất thế giới nữa :)),,,
Mời con mèo ăn cơm :v,,,
"dân ở thế dưới vì sao ? vì không dám hành động nên mới ở thế dưới , dân đồng lòng cùng hành động thì mới ở thế trên được bạn ạ , VN mình 1 đảng không như các nước tư bản đa đảng khác , đến các nước tư bản đa đảng dân họ còn dám biểu tình đập phá nên họ mới có thể đứng ở phía trên , còn VN thì không .",,,
Vào đây kiếm thóc nè các trò của Abe . Liên hệ mình để nhận ưu đãi 3tr nè,,,
@Yo Min cc,,,
Linh Hoàng Thùy ủa gửi r nhưng k đk,,,
"May mà đã cho HS nghỉ học, chỉ cần 1 hs có gia đình bị lây thôi là toang tất cả.",,,
Đinh Phướcu,,,
Không đeo khẩu trang là dân play nha :(((,,,
@ss a bê đê đó má,,,
Mình cần tìm gấp in4 anh ng iu thất lạc ạ! Ai biết thì tag hộ vào vs hiccc,,,
M làm lại chụy em tao hông 😕,,,
Sản phẩm của 1 nền giáo dục thối nát,,,
Ai đang gặp vấn đề về mụn ib e chỉ cách hết sạch sau 2 tuần nhé 😋😋😋,,,
Mung qa,,,
khá lắm,,,
Tâm huyết quá !,,,
Cô này có quá cảnh ở sân bay Inchen HQ rồi mới qua sân bay Quatar mà lại không thành thật khai báo :) 1 tuần trước HQ thành ổ dịch mà cô vẫn không khai báo :) Thì ra vô ý thức không chừa một độ tuổi nào cả :) Hi vọng nhà nước share thông tin để né,,,
Toi roi,,,
áo khá xịn xò :v,,,
"Ý kiến cá nhân của mình là nghe không hay bằng những bài trước ,lưu ý , đây là "" ý kiến cá nhân """,,,
Hàn quốc phiên bản việt à,,,
Sống chậm tí các bạn,,,
Sướng như tiên là có thật :3,,,
Khung này ổn áp không thầy,,,
Nghĩ nó chán . 🤔,,,
nhìu khi mình chẳng còn muốn nói chuyện với ai =)),,,
Vllll đây là cánh hoa nhé hihi Bé Châu,,,
Mong thầy đánh tỉnh táo hơn đừng để nó lừa,,,
Nghiep,,,
Chào cứng :v,,,
Rồi ?,,,
Moon chị đẹp ở đó mà vẫn k cưỡng chế dc sự buồn ngủ :)) phim nó cứ tối tối thế nào :)),,,
Tươi dị hả thầy yêu,,,
Nay chị dẹp quá,,,
Họ Đoàn tên Đoàn văn VƯơn ở TIên lãng hải phòng.chứ k pải họ vương,,,
Trend này về VN ra đường dơ lên cái lại thâm mắt 🐒 các idol bậy quá.,,,
Khoảng cách lúc nào cũng là lí do nhỉ:)),,,
Minh Nguyen đếm lá chơi bời gì nữa,,,
Chào thầy !!! Chơi bê đê không thầy :)),,,
Susan đang giận,,,
王氏响,,,
nge luyến sao sao á :)),,,
cỡ giáo án Doãn Chí Bình tối qua ko ba gà :)),,,
không có anh bọn em xem sờ trym làm saoooooooo 🤣🤣🤣,,,
Tuân Anh Trinh thua thua,,,
Mỹ Duyên bạn tui ơi truyện hồi bạn về,,,
khựa nhé :)))),,,
Lại chuẩn bị hí,,,
Nguyễn chả bù chỗ bạn hành xe máy còn đắt hơn cả ô tô =)))),,,
gáy đê thầy ơi,,,
"Bạn nói đúng đấy! Người khác chỉ đánh giá sự thành công của bạn nhưng họ không chấp nhận sự nỗ lực của bạn đâu! Tiền ai trả muốn, nhưng cuộc sống này mới phức tạp, khi họ thấy đồng tiền nó quá bạc beo",,,
Đụng chết 5 thanh niên có đi tù k ta?,,,
T lạy m😂,,,
Hahahahahahaaaa,,,
Độ yêu Trang như Khá Bảnh yêu Vinahouse :)) nhể ?,,,
"Thế mới thấy ở dưới thôn xóm đã ""ăn lai 1.0 rùi"", càng lên cao thì càng tăng theo cấp số nhân thế nào đây từ thôn, phường, chi hội, hội, quận, tỉnh thành, trung ương.... Ôi thôi nó thối đến fat tởm thật.",,,
Ghép làm chó nha ae,,,
Cân thận nó lại keu phản động :v,,,
Đồng quan điểm.,,,
Khánh Con ôi đang khen hay mà nhỉ 🙄,,,
Stupid cực mạnh,,,
xd ko có giấy phép mà -_-,,,
Buồn anh tôi :(,,,
Đây là thầy giáo ba. Đẹp trai Vl . Ý tau là thằng ở phía dưới góc phải đó,,,
Xem ngay hậu trường cực hiếm của cô Minh Hiếu : https://www.facebook.com/ComeOut.BuocRaAnhSang,,,
Cô quá trời đẹp rồi 💗💗💗💗,,,
Nhi Lai mới nghe nói hồi chiều :))))))),,,
cục xúc vl =)),,,
35:01:00,,,
dou ma thầy,,,
Phạm Hồng Minh cảnh sát chính tả,,,
Cc haha,,,
Từ bé đến lớn con chưa bao giờ được chạm vào cái này. Cầu trời 🙏 con chỉ cần được chạm vào nó thôi.,,,
mọi chuyện có abe lo hết,,,
Yêu Grab k các bác,,,
Ca sĩ k-icm đéo gì 🙂 ca sĩ câm,,,
Nieu mấy bà này sống thật thì phải có đạo đức! mấy bà này ko có đạo đức nói chuyện nghề ko có lót lỗ tai cái đồ quốc gia chế độ cũ bị lật đổ,,,
"Cướp đêm là giặc, cướp ngày là quan. 24/7 lúc nào cũng phải nơm nớp. Than ôi cái đất nước hạnh phúc",,,
"Ồ ,tự nhiên add làm e nhớ mấy ông áo vàng cho lính đánh xe taxi chặn đường để bắt sai làn :)))",,,
Có quá nhiều áp lực trong cuộc sống... mỗi lúc áp lực hay buồn phiền nhiều lúc mình củng có suy nghĩ như vậy,,,
tham my dien vay choi co cam giac k chi dep gai,,,
Còn đây cũng là MV sắp ra của độ,,,
Cứ tưởng cô Minh Hiếu là phụ nữ thật không á,,,
Tặng anh em FA nhé,,,
"Muốn công ty phá sản, nhân viên thất nghiệp hay gì mà nghỉ, đã đi lm kiếm tiền chưa mà mạnh miệng vậy",,,
Án phí bên thua trả mà.,,,
Xuống kim cương chưa Abe,,,
"Cái giá của sự trưởng thành nó lớn lắm, thay vào đó là sự cô đơn, lo toan, va những suy nghĩ muốn thực hiện ngay và liền nhưng không đc:((",,,
Nghe có vẻ chạy trốn nhưng m k thoát dc đâu con trai to be continued,,,
Nguyễn Thành Nam Vl tưởng ntn,,,
"Thật ra thì nó đéo thích là đéo bh thích đâu chỉ là đợi đợi xem có cái kèo mới ngon hơn , thơm hơn không thoi còn không có thì vẫn có 1 thằng ngu cứ ngồi đó đợi mình , qt , lo lắng dại đéo gì mà nói ra cho nó biết mình là nó không thích mình lỡ mình bỏ đi thì toi , gọi là bỏ thì tiếc mà đéo muốn lấy . Món đấy dai nhai tốn thời gian lắm tốt nhất vứt mẹ đi kiếm món mới cho lành :)))))",,,
Ồ nắng qá tụi nó núp đó mà ....!!!!!,,,
đúng quy trình cmnr =]],,,
cungf quan điểm,,,
Thanh xuân như 1 ly trà,,,
Sức khỏe VN ❤️,,,
"Tui đổi hộ khẩu, phải đổi CMND kèm theo một tờ giấy A4 xác nhận thay đổi số CMND. Thiệt là rách việc! Vài bữa nữa nó lại đổi qua CCCD tôi lại phải mang thêm 1 tờ A4 nữa là chứng nhận số CMND là... kèm theo tờ giấy A4 cũ chứng nhận số CMND cũ...",,,
Nó dạy thế này đây.người e yêu thương k phải bố cũng chẳng phải mẹ.mà là chú bộ đội. Ngu mà làm đc tổng thống mỹ thì ai cũng muốn ngu,,,
vậy nên mới gia nhập TPP :3,,,
Không ngủ được nữa mới cay :)),,,
6:27 😂😂😂,,,
NHÔN LÙNG NGÔN LÙ 🤬,,,
Chac bj dua mat day nao hach nich dang linh tinh thoi..chu dua nao ma ngu hon ca cho moi sua ra cau nay...,,,
Tội nghiệp cô quá đi😭😭😭,,,
Đố anh bắt được e đấy :))) toangg,,,
"Ad update tình hình quá chậm, người ta biết lâu rồi.",,,
ship a 10 hộp ra bắc ninh nào,,,
Hoàng Sa,,,
Cực kỳ thuyết phục !,,,
xem,,,
Làm mất thời gian của anh là sở thích của em mà :333,,,
"Đánh chết cụ mấy tg nhà báo đó đi, láo lz, nta đéo cho còn cố vào tự ý hành động, dm mấy tg nhà báo tốt nghiệp TTGDTX thì có quy củ đb j, đánh chết mẹ nó đi",,,
"Ukm. Ko thèm để ý b êy, dù sao mãi nó cũng chỉ đớp phải giềng xả thui b nhể. Hê.",,,
Nguyễn Đức Thắng may có khánh nó mới nổi mấy bài hot,,,
ông anh được vl 🤣🤣🤣,,,
Chửi vậy rồi ai chửi lại 😂,,,
Thua lào vs campuchia rùi.phát triển thụt lùi cmne,,,
Lý do 1 đứa con gái chấp nhận yêu xa là thằng kia nó giàu vailou. Hết.....!!!!,,,
Đm chúng mày,,,
"Tụi dâm loạn viên ăn hết đống cá rồi tắm biển hết đi nha, sao mấy vụ này chả thấy thằng DLV nào vào sủa vậy, ẳng nữa đi mấy cưng",,,
oke,,,
Không thắng Pháp đuổi Mỹ nhưng rất thanh bình!,,,
Bài hát cuối thiếu mất cái đờn hello kitty huyền thoại rồi cô ơiii,,,
Nhờn à :v,,,
Muốn trợn trắng 😃,,,
"Kể cả thế, bh báo chính thống đưa, thứ bộ trưởng phát biểu mới tin",,,
Yen Lyn Hoang Huyền TrangNgọc Anh nhớ mãi quả báo của chú Tùng 🤣,,,
quen nữa nè cả nhà ơi =))) Mai Lê Thu Nguyễn Linh Nguyễn Thị Thuỳ Linh,,,
Xin vd,,,
Mặt dầy như đít trâu,,,
Dương Thành Nguyên=)),,,
Bua nao ve sai gon gap em nha em.,,,
"quá tội ,oan quá",,,
Xin tên hoạc link vs,,,
FB chính LinDa: https://www.facebook.com/linda009900,,,
Chắc ai cũng xem từ đầu đến cuối 😬😬,,,
Chú cuội hút cỏ dưới gốc cây đa :)),,,
Sao cho thầy đội cái nón vàng 1 thế kia =)),,,
Là taooooo :),,,
Ở 1 diễn biến khác 😂,,,
"cuốn sách này còn không mọi người, mình muốn mua về đọc :))",,,
tuấn kiệt 10 vợ cháu nhe,,,
Lí do chết : ngâm đầu vào nước. :))),,,
Mi Rose chị Bitch thích mà,,,
Tụi mình có ở trển đâu mà biết người ta thế nào...,,,
"Nể vợ chồng anh chị giáo dục Tùng Sói tốt quá . Ở tuổi đó biết tự ăn , rồi mạnh dạn hỏi , biết chọc đùa , biết nhận biết nhiều thứ ❤ Nếu có giải những bố mẹ của năm nên tặng cho anh chị một cái siêu to khổng lồ :)))",,,
Xin lỗi rồi chữi tiếp bó tay con 🐶🐶🐶🐶🐶,,,
"Thực ra: ba que là bọn ăn trên ngồi chốc. Chỉ mị dân cai trị để tham nhủng làm đất nước tụt hậu.. chúng là thầy của bọn bò đỏ.. mà bò mãi O nhận ra vì nhồi sọ umê, chửi càng, bò ơi nghỉ lại đi, chứ đừng để bị làm nội tạng cho giặc tàu..!",,,
ảnh hưởng cái cc gì. dm chúng nó bán cmnr,,,
"Nhà tiên tri sao bị nhiễm duong tính được , hihihihih",,,
Supi Trần bt cũng chửi,,,
Giốg c haha,,,
Bài hát này chỉ dành cho quảng cáo. Không có tiền thì làm nhạc làm sao :v,,,
Chúng bắt đầu cho báo chí đổ tại người dân dọn nhà đón Tết gây ra ô nhiễm kìa,,,
Dễ thương,,,
Dạ,,,
Admin làm một bài post để thể hiện sự ngu si. Chắc sợ mọi người không biết,,,
Oker baybi oker baybi 🤣🤣🤣🤣🤣,,,
Sói: chụp chưa thêa nhở ??,,,
Thương hiệu mãi theo năm tháng abe ơi,,,
Bệnh nhân nhận máu be like :,,,
Nếu ông Lân cười sợ Trần Dần không diễn hài nữa,,,
Em chỉ hài lòng khi có ny bên cạnh thoiii :< mặc dù k có ny :((,,,
"Tui tin là boác kính yêu nói được 29 ngôn ngữ đó mọi người. Chắc là boác chỉ nói được chữ Hello bang 29 ngôn ngữ ( Hi, Bon jour, Hola, Nĩ hảo, Hallo, Ciao...) mà tại tụi bưng bô bốc phét nói là boác nói 29 ngôn ngữ :).",,,
Mắc cười nhưng ủng hộ :),,,
bán hàng fake đã vi phạm pháp luật rồi nha chị,,,
Bà ao hồng này cũng rảnh,,,
Cái này sàm lắm rồi đo,,,
Ngọc Liên nc nv nha homie :))),,,
:))) ăn ở thôi abe,,,
Mì xì mì xì gêm mìng nhạc này mà thay cho nhạc donate nhỉ,,,
Ngô Tiệp chán Tiệp quá 😌,,,
Cực kì thuyết phục oki 😂😂,,,
"“Nghe nói em đẹp tự nhiên không có sửa ha” Ừ thì em có sửa gì đâu, em chỉ niềng răng thôi, còn muốn biết niềng ở đâu xịn thì vô đây, link nè:",,,
giá nhiêu v ad,,,
Mới nhìn thầy thay đồ mà giờ nằm một cục rồi,,,
Yêu A hưng nhất,,,
Ngô Kỷ về VN lánh nạn Covid19 rồi!,,,
cai cc,,,
Chị yêu đẹp gái quá đi.. 😘,,,
Ơn trời. Idol vẫn khỏe,,,
Lật như lật bánh tráng vậy trời hôm bữa bợ đít bã giữ lắm mà,,,
dân gian người ta gọi là mặt dầy,,,
Văn Phụng tui đi trc trend :)),,,
Kiên Kiến đã nói đúng còn sủa to 😆,,,
Đất nước ta chịu nhiều thiệt thòi vì trả qua nhiều cuộc chiến tranh liên miên,,,
anh kể cảm động quá,,,
"Anh ơi mê cak giờ cũng là đam mê ấy anh ạ.. và ngta gọi đó là bộ sưu tập ""chym"" của mấy con phò😌",,,
những người ở nông thôn thì sao hả các ông,,,
Dep wa,,,
Sơn Tiến,,,
"Hởi toàn thể 90 trịu dân VN chúng ta hãy truy tìm kẻ khốn nạn này. Đây là tiền thúê của chúg ta góp vào phục vụ đất nước, sao chúng trộm làm của riêng? Đậu móa anh chịu hết nổi rồi",,,
Chị ba đẹp gái có hai hòn dái hai bên,,,
Kkk anh yêu em cho ... hí hí,,,
Như này đủ tấu hài chưa thầy :Đ,,,
"sông cửu long thì bọn cẩu nó ngăn nước đầu nguồn , giờ miền trung thì xả chất độc :( chả có cái gì bọn cẩu này ko làm đc",,,
mênh m0ng toàn là nu0c eyy,,,
chán luôn,,,
Bà VN đi du lịch :)),,,
Tú đã sẵn sàng,,,
Vlol v:))),,,
Chậm thôi các a,,,
Dk vay,,,
Chắc RF quất thêm dăm ba cái top 1 bên Thái bên Đức nữa em vẫn chưa có người yêu 😞,,,
Dã man quá,,,
"Ôi dòi ad não phẳng muốn phản động nhưng k ai bênh mà, chỉ dùng vài bức ảnh, sử dụng PTS chèn chữ vào thôi, thật là lạc hậu quá, ad là tg nhà quê.",,,
T cũng buồn vì m thay đổi đi đấy :v,,,
"Bênh bênh cl nè,ahihi <("")",,,
"Mặt bà này là biết có dương vật ở dưới háng , mặt nhìn coi không có hậu gì hết .ăn nói như giang hồ mất dạy",,,
haaa,,,
Hk làm gì mà cđ fan cứng :vv,,,
"Dm trọng lắm chiêu, nhìu trò.eo lam đc cc gi",,,
Cày nào mn top 3 rồi,,,
Thế này thì chịu rồi abee ơiiiii,,,
dis :)),,,
Là thật hay ghép đấy,,,
Chả sao anh ạ,,,
Được luôn cả nhà oiii,,,
"tháng nào cũng đi đóng thuế để giải quyêt ngân sách kiểu này đây ,xây tượng góp phần giàu đẹp đất nước còn gì haha",,,
Hot girl?? Đáng ra phải là pónk dơ chứ nhỉ???,,,
Phạm Nguyễn Cát Vy cljv con,,,
Mai Thu Hoàng idol của cno là vua chúa mà:)))sợ vl,,,
Thầy ơi bọn này khịa nè :)) Mà cho em xin tên YT mới ạ.,,,
Anh Duy sao kì quá z m,,,
"Thần quyền Ếch vồ hoa mướp! Thở quá rồi, huyết áp 300 rồi!🤣🤣🤣",,,
Anh Vu Ngoc :oh:,,,
quần sọc đỏ 2009 20k😂😂,,,
Trần Ngọc có trc tết luôn mừng á,,,
con gì trông cửa trông nhà,,,
"Bác sĩ trẻ ,đẹp trai ghê ! Ngồi bên cạnh chị gái rất là xinh đẹp ""Minh Hiếu """,,,
Chiếc khăn gió ấm chứ🤣🤣🙄,,,
Quỳnhh Hoa lên top b à =))),,,
Ai cũng hung dữ hết,,,
#ERROR!,,,
xin vid,,,
"Tàn bạo ,HK cố lên",,,
Nhà nước minh nên có những biện pháp mạnh vs những hành vi đi nước ngoài về trốn khai báo.h đứa nào về nước trốn khai báo khi phát hiện đc là dương tính vs vi rút thì mang ra xử bắn luôn!,,,
Bánh mì thay đổi giọng giúp nhím hát hay hơn,,,
Thoa Phạm ô kê,,,
Abe đã trở lại và ăn hại gấp đôi :)),,,
nghe có vẻ healthy nhưng lại rất balacaynenvang,,,
Trâu bò ngựa quả này tắm giặ hết rồi,,,
":D Em hnay mới biết đến page, à may thay đọc được bài ghim này, càm thấy là cần phải like page ngay và luôn :))). Và có 1 điều e thắc mắc mong ad có thể tl dùm ạ : CÁC AD CHỦ YẾU LÀ GÁI HAY TRAI Ạ? Em xin hết.",,,
Chơi ngu 😂,,,
Hình như thằng Mỹ ko thiếu nợ thì phải. Tất cả các nước đang nợ Mỹ. Mỹ vô địch. I love you,,,
Xàm quá. Đó là phá hoại chứ giỏi cái gì,,,
Thiện Phong t cũng được nghỉ vô thời hạn mà đéo có lương :))),,,
Mk nghe k thấy hay mấy hay là chưa nghe kĩ lời nhỉ,,,
vẫn kiểu cs đánh úp như hồi chiến tranh 😂😂😆,,,
Đang đẹp tự nhiên sang tuổi 23 -_-,,,
Vừa có tay maskeup  vừa giới thiệu làm đẹp... biết đâu thật đâu vẽ,,,
mong muốn các bạn chia sẻ xem ủng hộ đang kí rộng rãi,,,
Kim Tiêm Hahahahaha,,,
Chấm hỏi,,,
Tối anh Độ ra ngủ với 3 con mèo nhé,,,
cần thuê con BMW 523i (3 ngày 2 đêm) để lấy lòng gđ bạn gái...gấp 😞,,,
nhìn vậy thôi chứ thanh niên ở nhà chín chắn lắm đây,,,
Lại thèm lone Ngọc Trinh chứ sao. Ông cứ văn,,,
Lmht2020xthayba nha ae,,,
Nguyễn Chí HùngChú ý. nha ba,,,
Nghe loáng thoáng...nó buồn ngủ rồi đó mày dẫn nó đi đụ đi,,,
thằng VC nào thì củng đều là lưu manh và gian trá .... chức quyền càng cao thì độ lưu manh càng lớn .... ĐM bọn VC ...!!,,,
Đũy nghiệp chướng 😂,,,
"Anh Ba thật đẹp trai và sở hữu 1 bộ não cực kỳ thông minh và nhạy bén trong công việc. Đó là anh Ba Tú, còn anh Ba gà thì ko có",,,
Cẩm Hà chắc ko,,,
Sắp tới đông lào sẽ đánh chiếm hàn quốc ông giáo ak .,,,
"Sang động viên đi a ơi, còn ngày cuối à, cố gắng để còn đi Thái nữa anh, RF vô địch :))",,,
Giày trăm rưỡi trên sóp pe hơi bị xịn nha các ông =)))),,,
Trịnh Hoàng Nguyên,,,
Nghi vấn con của abe=)),,,
Rất có tâm và có tầm mới nói đc những lời như vậy ...,,,
Cười đ chịu đc luôn :))),,,
anh off rồi hả a :((,,,
Phạt nặng là thế nào . Bắn bỏ mẹ nó đi . Xem chừng nó có âm mưu đó !,,,
Ờm.4 năm rồi,,,
Bao Bảo Ngọc viec nhe luong cao,,,
Này thì hỏi,,,
Lê Minh Nhất,,,
thằng ad thích thì thử ra cứu đi dm ở đây mà nhìn nhìn ..nhìn cái cmm ấy :3 làm như dễ lắm .. bây giờ mày có cơm ăn nước uống mà ko bị dí súng vào đầu như bên trung đông là nhờ ai hả thằng này ???? sủa như 1 con chó dại,,,
#ERROR!,,,
Xin thưa danh hài trần tiger việt nam se ko và ko bao giờ đổi màu cờ nhé.,,,
Bên tay phải mà hình nhìn phát biết lớn lên mua đủ thuyền 70 tỷ cho êcip đi chơi haha,,,
"Đụ mẹ, thầy làm clg vậy?",,,
Nhìn mặt tùng đang rất là bục :)),,,
Nghe thì vô sinh nhưng lại rất hiếm muộn :))),,,
Hối tiếc muộn màng + lời xin lỗi của 1 dân chơi :>>>>,,,
Ơ ơ :((,,,
Cạo lông lol há há há há 😂😂😂😂,,,
Gây tai nạn giong thong chet nguoi,,,
ko biet chính quyền đang làm cái j như vụ một thanh niên (thôi) xông vào ngân hàng cướp thì có tới trăm cảnh sát bao vây chi v troi ô nao cug muốn ở phưởng cơ quan có ô nào muốn lò mặt ra ngoài để điều tra đâu mà có chắc cug phải cả tháng cả năm cảm thấy xấu hổ vs nhung khách du lịch tới Việt Nam mình,,,
Làm ghế ngồi stream đc nha đi vệ sinh tại chỗ,,,
Ủa chi e ma bởi khói nói cũng biết xao ui kkk chi e e ma giờ chửi ta lúc Ninh bo   ma,,,
"😂😂😂 coi buồn cười ghê, cô Minh Hiếu tiếu ghê",,,
Sao ít quá dạ,,,
Biện minh cl,,,
Ng Văn Duy cút chỗ này đéo có loại người như m địt mẹ mày,,,
Chúng tôi yêu quý bạn Châu Bùi ạ <3 tham gia nhóm để cùng nhau chia sẻ chuyện làm đẹp nhé,,,
Khánh Ngọc bỏ tù và phạt tiền c ạ. Cách ly 14 ngày ko thích thì phạt 14 tháng tù và 140tr,,,
Loằng ngoằng thì được cái *éo gì mà ông thích loằng ngoằng thế. :/ lạ vl,,,
Trend này bé Hon bắt từ hồi chục năm trước 🤣🤣 Nguyễn Ngoan Phương Phương,,,
Đẹp quên ảnh gốc :))),,,
Sao no van len mang đc thế,,,
Năm nay chị bao nhiêu tuổi,,,
Tinh Minh Truong chú nghe cái tin này chưa?,,,
Lúc đó đứng ngoài đường live trực tiếp lun nhé bạn,,,
Bên mỹ chắc k có bệnh viện tâm thần,,,
"Ơi là tr, Tao coi mà tao cười như thằng khùng luôn dị đó",,,
Tui thấy mấy ông chống cộng chẳng ông nào còn tỉnh táo. Hâm hết ko giống con giáp nào hết,,,
Linh Chi tôm cua ghe thui,,,
ae đăng ký kênh ủng hộ mình với ạ,,,
"Anh tôi live đấy , anh tôi live cổ vũ nó phải ez game thế đấy🤣🤣🤣🤣",,,
Nguyễn Thành Lý ổng mà thấy là ổng đuổi học m đoá :)),,,
Hợp lí vl anh ạ 🤧,,,
dù sao bác Dũng vẫn tốt hơn !,,,
Chi dep lam chi yeu oi,,,
"Hên vl, lúc tao định mua mà nó ko inbox lại :))",,,
1 công đôi việc r =)))),,,
Châu Châu mắc cười thiệt đmm :)),,,
Dịch bệnh kéo dài vđ,,,
Xem 6 7 tập đầu cho biết nhân vật xong xem phát tập 63 ( a độ sad),,,
Đây chính là bé An dũng cảm nhé các bác :v,,,
Hút sữa còn hơn hút thuốc,,,
Cắt cổ các đối thủ .... anh trung sát thủ,,,
"Ông im mẹ mồm đi,xl quen mồm",,,
cố lên anh ơi 💪💪,,,
Nguyễn Hoàng Sơn Việt bị khịa kìa bạn,,,
Anh em mình ngắm nhau rồi :))) độ e hay độ anh bh,,,
Đẹp:)),,,
Mong ty của các bạn vững bền:)),,,
"Căn bản lắm crush vailon , k biết tỏ tình con nào :))",,,
@công danh nguyen https://youtu.be/fSypgwW1L_s,,,
Tối ra ngoài ngủ,,,
anh trung cô hồn,,,
Combo gây mù mắt người xem nhất của độ tày ... AKM X6🤣,,,
Về nhà vợ ơi 😗,,,
thoạt nhìn tưởng phim kinh dị,,,
"Hnay tivi vừa chiếu xong, năm nay các Táo ra nc ngoài nhé",,,
Giọng a kể truyện ma đc đấy a độ,,,
"Cang theo dõi Trần Dần. T hiểu vì sao ngta nói ông là gián điệp của VC. Kkk. Ông biến 3 / thành trò lố và ko ai hiểu VC bằng ông. Ông đã biến 2 chữ "" tất nhiên"" lên đỉnh cao mới của ngôn ngữ giao tiếp.kkkk",,,
Đọc cmt của bác mà đéo nhịn dc cười,,,
Tình nghĩa anh em có chắc bền lâu,,,
ép cung,,,
Đây là lý do tại sao thích tuấn hưng vs khắc việt,,,
cái này vẫn còn ah a,,,
"Khổ quá đi nè, nói được làm được nga chị ba, mà chất chị ba ở gần kho đạn",,,
Chào chi chỉ đẹp quá,,,
Hoàng Thu Trang lại nữa,,,
Võ Thành Nhân huyền thoại :((,,,
"khi nào về thầy ơi , nhớ thầy quá rồi =))",,,
Luật do bọn tham nhũng soạn ra thì đương nhiên là luật phải bảo vệ bọn chúng rồi,,,
"Chống mắt, chống mũi lên xem nè",,,
Nguyễn Đăng Dự nhục mặt fan Mu bạn ơi,,,
Lâm Khánh Chi gặp cô Minh Hiếu có vẻ hơi khớp,,,
Nhin chị đẹp quá ak yêu chị rồi ❤,,,
tem thi tốt nhé mấy anh,,,
umi,,,
10.000 tỷ = 10.000.000.000.000 Vnd .,,,
giờ muốn đi du lịch cũng phải xin phép nhà từ thiện online :)),,,
"So éo gì với cái bọn đi vệ sinh ra xăng. Không phải Iran, ko phải trung đông mà Mỹ mới là cái rốn dầu của thế giới. Giờ lại có thể biến đá thành xăng kia kìa.",,,
Mê phải rồi :v,,,
thầy khen chị ở dơ hả chị ?,,,
"Bà kim tiêm này nghe bảo là ""tiến sỹ"" phải ko mọi người",,,
dù sao nó nói cũng đúng. từ này mình nói mỉa mai thôi. cái j đúng thì công nhận đi,,,
Xin video ạ,,,
Nguyễn Việt Đức chắc lây từ Nhung k b?,,,
Hello mấy đứa lại là Thầy đây🤣🤣🤣,,,
Nghiệp ghê,,,
Kì tích rồi anh ạ,,,
Lê Hà Thư k hiểu c tôi nghĩ j mà làm quả đầu này 😆😆😆,,,
"Nước mình làm được mà, chỉ cần mỗi người cùng nhau cố gắng ! 💪🏻",,,
Giáo án cc gì đây,,,
"Kiếm tiền là bận 1 thứ, nhưng bận hơn vẫn là việc đặt tên cho gà 😞",,,
Lỡ rồi múc luôn đi. Mấy ảnh về lấy tiền của dân mua lại =]],,,
Thiều My Nguyễn xem xét ^^,,,
🤣🤣🤣 chao su phu,,,
Nhìn giả tạo vcl,,,
Huế Đêm trung thu em xách lồn đi chơi :v,,,
Văn Qúy xin video bạn ơi,,,
Rất thuyết phục 😂😂😂😂,,,
E nguong mo chi wa,,,
Đúng rồi.Chứ k phải do mấy thằng bụng bầu rước giặc về diệt chủng đồng bào đâu,,,
Câu nói của chuyên gia mèo,,,
Link bạn,,,
"E cảm ơn anh và toàn team đã cố gắng hết sức mình. E bt là mọi ng đều bị áp lực tâm lí, và cta thiếu 1 chút may mắn. Thôi, vui là chính. Những giải sau cô gắng tiếp a ạ. Phong độ là nhất thời, đẳng cấp là mãi mãi (forever).",,,
chậm lại các bro =)),,,
Sống chậm thôi :v,,,
"IQ vô cực :(( Đó là baroibeo, còn 3Ga thì Âm vô cực :((",,,
Thằng Hiệp nói gì sai à? Chú ta nói đúng đấy chứ?,,,
Ăn mặc như cái đb:)),,,
Nhìn mặt anh ấy đẹp trai VL😂,,,
Chuyên gia tâm lí giành cho các chàng trai mới lớn 🙂,,,
"90 phân tram, Tôi rât dông-y voi dâu-oc trai-tim, y-tuong và loi noi ra o dây cua  ông Trân-Dân. En l'écoutant parler, je suis très d'accord d son esprit, de tout ce qu'il s'exprimait ici.",,,
Em ở nhơn trạch Đồng nai,,,
Like cho những câu Ns của chị,,,
Ba nay be de ha gi,,,
đất nước thối nát,,,
Chính tã ??,,,
Nguyễn Viết Thịnh,,,
giọng rap love nhạc lại rape life :)),,,
K cần xử bắn. Để từ từ k chữa bệnh cho nó chết thấm với bệnh luôn,,,
Vân Kiều oke ạ,,,
"dân chủ ở đâu vậy các bạn , à tên của nó là bảo hiểm "" bắt buộc "" mà !",,,
Đôi mắt sáng ngời từ cao bằng,,,
anh bar ơi cứu tú:v,,,
Cảm ơn đồng chí Dần đã hoàn thành xuất sắc nhiệm vụ Đảng và nhà nước giao! Tổ quốc ghi công đồng chí!,,,
Sao con bop vú bà ngoại 😂😂😂😂,,,
"Nhận chữa ✅KINH NGUYỆT KHÔNG ĐỀU ( kinh vón cục , thâm ) ✅ LẠC NỘI MẠC TỬ CUNG ✅ ĐAU BỤNG KINH ✅TINH TRÙNG YẾU , LOÃNG TINH TRÙNG ✅ ĐA NANG BUỒNG TRỨNG ✅ TRỨNG LÉP , TRỨNG CHẬM PHÁT TRIỂN Nam giới ✅TINH TRÙNG YẾU ✅ TINH TRÙNG DỊ DẠNG ✅ SINH LÝ YẾU Call inbox :0984.888.291",,,
Cô này duyên ôi là duyên.thương cô quá trời ln 👍👍👍😘😘😘😘😊😊😊,,,
em mới mua 6 lọ chưa biết hiệu qảu thế nào,,,
Ổg kia giốg quang ngọc trinh vlll a ưi,,,
Nguyễn Vi Vân thật. Bác Hồ muôn năm 🤣,,,
Cái,,,
. Vcl,,,
1 nhân vật hải ngoại mà tôi yêu thích nhất chúc ông trần dần mạnh khoẻ nhé,,,
Ok thầy ;v,,,
Sao nó sống tới tận giờ đc nhỉ,,,
Có mấy đứa sợ thì thôi đừng có đú trang chủ liên minh nó đưa ra mà sợ còn mấy cái link ngu thì lại vào,,,
"Địt mẹ đến là hài, cướp như thế mà nó chỉ bắt vì tội gây rối trật tự công cộng. Cái tội này là tội máu lồn nhất. Dân oan đi khiếu kiện nó cũng vu cho người ta tội này được, rồi thì thanh niên ra quảng trường chơi chúng nó cũng vu tội này...Nhưng tuyệt nhiên chúng nó cho lũ an ninh, dlv đánh người giữa phố thì đéo thấy tội này đâu.",,,
"thương cô quá, cô thật tình dễ thương. mãi yêu cô",,,
Bố làm một tháng được có 7 8 tr thôi. Tiền donate của bố cũng chỉ đủ ăn tôm hùm cầm với cua hoàng đế cầm bụng cả tháng. Còn không đủ tiền mua cơm.,,,
Nguyễn Kim Gia Như Lòng tôi rộng nhưng lượng trời cứ chật,,,
Gọi con mẩy ở dưới mang 3 cốc tsua lên uống tiếp,,,
"Mình sống ở cái nôi của CS,nhưng hàng năm cứ đến những ngày này,ở HN,Hải phòng,Hạ long nhộn nhịp mua sắm cây thông thật,giả+ông già Noel+ đồ trang trí về đặt trang trọng ở phòng khách.không phân biệt tôn giáo,ra Nhà Thờ xem các chương trình chào mừng GS,mình nói đúng hay không thì mọi ng đọc & tự ngẫm với thực tế nhé",,,
Annh Phuonng chắc mùa này đn thiếu nv y tế nhiều đó :))),,,
Camera sắc nét quá Thầy ời :)),,,
Giang Thanh Đạt Đú Đẫn Quang Trung bác Ba ngày xưa khéo cũng thế,,,
Chúc mừng các bạn trẻ Hồng Kong. Đây là thành quả và cũng sẽ là kết quả của các bạn đã tranh đấu suốt time dài mà ko khuất phục trước sự đe doạ của thế lực tàn sát nào nữa. 1 lần nữa chúc mừng các bạn trẻ nói riêng và người dân HK nói chung. Các bạn là tấm gương của người VN chúng tôi phải nhìn và học,,,
Idol của con . Ai lớp du chu cờ mo 😍😍😍,,,
Ngọcc Lingg cái bút xinh xinh,,,
Co con cac,,,
"Nhị Thắng ông a chốt hạ câu lên top luôn,vãi cả nồi😂",,,
1 câu thôi là ad ngu như con chó chống phá nửa mùa xàm le xàm lông xàm lá,,,
Vương Nhật Minh thế mà trc giờ ta tưởng mi tục😔,,,
vay thi ráng ma lam co tiên nhu ngta di ... tóm lại la tư duy thôi ad oi ...,,,
Ủa j tui đánh nor cậu ơi @@,,,
Báo giao thông thì một phe. Chúng đăng báo để dắt mũi dư luận.nhưng toàn dân đã ko còn tinh cs nửa rồi. Một ngày ko xa cả nc sẽ đứng lên thay đổi cs,,,
Tài bọn ranh con riết cứ như armu chán ghê :))),,,
"Ad cho em hỏi ngu xí. Trong page này nếu em nói \""Địt mẹ AD\"" là có văn hoá hay vô văn hoá ạ :v",,,
"Hành kinh VN đi, chung lòng cứu quốc...",,,
là NGƯỜI ai chẳng ham quyền lực,,,
Nguyễn Trung Tuấn thôiii:v để dành,,,
Thanh Thùy chắc bệnh đa nhân cách là từ đây :)))),,,
Ty xa nửa năm của tui cuối cùng chẳng ra đâuu,,,
Chị Hiếu dễ thương quá!,,,
Ba gà,,,
Điệp Còii Con thứ hai của anh độ 🤷‍♂️,,,
Link full cười ị cho anh em đây,,,
Lo nhậu đi cưng ơi hahahahahaha,,,
Yêu nhiều :)),,,
Xem a be tất hàiiii,,,
Nguyên cái nguồn bị nhiễm lây bệnh là con N17 ngồi chung máy bay thì bảo chưa chắc lây còn bảo nghĩ khác là nghĩ gì?,,,
Tr,,,
Haha... Bọn thượng đẳng lỗi thời,,,
Bảo hiểm thì nước đ' nào chả phải nộp :v tai nạn ra ai thanh toán :v bóp cái tít cũng ngu :v,,,
Chuyen gia vu tru thi phai doan truoc duoc dich cua nuoc My chu? Sao lai phai mua gao du phong. Chung to chuen gia vu tru nay oc dac.,,,
Hơn 2 chục triệu chứ mấy,,,
Chị six belike 🤣,,,
người làm thầy 3 + sena + petlan và bố già kalista thua mấy ngày nay,,,
Có chắc là dùng hết 400 tỷ vào chống dịch k =)),,,
Phan Hoài Nhân đm tôi phải cmnt để năm sau xem sao kk,,,
Đỗ Đức An Tui chứ ai 😂 đốt nhà Abe xíu.,,,
Thầy giáo nhà ngta,,,
Nguyễn Thị Duyên đâu cũng thấy chị xuất hiện,,,
"Cave chịch đc tiền, làm thiếp bị chịch free rồi còn đc đè đầu cưỡi cổ nữa :)))",,,
"Phố bolsa là nơi bịa đặt  đồn tin thất thiệt lại có những người phét lác như trần dần thế mà vẫn có những người tin đúng là "" ngưu tầm mưu mã tầm mã""",,,
Có mỗi cái phòng 4m2 làm thế giới riêng tự tay sắp xếp mọi thứ cũng đéo được yên,,,
"Tại luật pháp vn chưa nghiêm thôi , luật nghiêm mà cứ phạt nặng ( động đến kinh tế bố thằng nào ko hốt ) bên hàn chỉ vượt quá nồng độ cồn mà lái xe nó thu bằng 1 năm và phạt 1tr won lên có thằng nào giám đâu",,,
Tới già nghe anh :))),,,
Trần Vũ đúng đúng😂,,,
Tiên tri vũ trụ à! Ta là cụ tổ của Tiên tri vũ trụ đây! 2020 Tiên tri vũ trụ sẽ chui xuống đất ở nhé!🤣🤣🤣,,,
😢,,,
Tết nhuộm màu gì cho ngầu,,,
Ôi: đúng là cách sử lý chánh ô nhiễm môi trường của việt nam. Các lãnh đạo tài giỏi và tin cậy của nhân dân có cách sử lý ô nhiễm thật khoa học đã giúp pômôsa giải tỏa những núi chất thải mà không ô nhiễm không ảnh hưởng đến sức khỏe và đời sống của nhân dân. Nếu có ảnh hưởng thì chỉ ảnh hưởng cán bộ lãnh đạo thôi.,,,
"thằng ad mày ráng làm theo đi nhá, bọn tao ủng hộ hết mình, yên tâm là sau khi mày tự tử bọn tao sẽ lập page 1000like để hồi sinh mày, ko lo đâu",,,
sao a???,,,
Đội ơn chị kế toán,,,
Ai giải quyết dùm má má ô đáng đời r,,,
Hết r :)),,,
Beautiful :)),,,
"Tâm Nguyễn t mắc cười thật,Quốc tịch VN thì không ở VN chứ ở đâu :))) có thấy người ta chê cái VN này chưa,khi nào nó chê đi tao dô chưởi phụ dí mày :))) nó giàu nên nó đi chuyên cơ riêng mình nó về rồi vô cách ly luôn đó ba ạ",,,
Đồ giả,,,
Hóng clip thử thách 24h ngủ với Susan của Abe nào ae 🙂,,,
"em có ktyt 4 lớp kháng khuẩn hàng CHUẨN có giấy tờ hóa đơn đầy đủ nhé mng, giá hơi cao vì tình hình dịch đang ngày càng nghiêm trọng và lượng khẩu trang đang dần cạn kiệt ạ",,,
"Ủa chứ em nghe mấy chú mấy bác hồi xưa kể là người ngoài Bắc với tư thế hào hùng đào núi, vượt rừng vào Miền Nam giải phóng ách đô hộ của thực dân pháp. Vậy khí phách anh hùng, hào cường ngày xưa đâu rồi. Sao giờ than với rên nghe chi mà não ruột quá dạ.",,,
Khánh Chi Ghim,,,
Xoăn sương sương :)),,,
Phát Võ :v :v,,,
Nghĩ tới chán gì đâu,,,
Duy Linh Bởi vì khẩu trang k thần thánh như dân buôn khẩu trang vẫn thường quảng cáo,,,
10 năm trước FB đâu ra bà ngoại,,,
Tạ Trần Yến Nhi bị thế đ nào đc,,,
"Nl số 1 á, ta thích c trinh nh géc thèn tiệp vãi",,,
cái mỏ l*n trong làng hài khẩu nghiệp!,,,
Văn Tuấn Mai hàng F1 là vi phạm pháp luật hồi nào v bạn ?,,,
Chi noi chuyên vui quá,,,
Cố lên những người con Việt Nam,,,
Đài loan tượng đài tưởng zới thạch to đùng,,,
Vinh Nguyễn Văn c.i vừa sinh baby hơn 2 tuần r á e 😁,,,
Em oi ..con Linh Dai Loan no´co´nhô? lông dai´cua em chua ma em lai lên Xi`Gon`kiêm´no´con nua?..lam`nhu em co bao nhiêu vang`lây ra deo hêt´hay sao vây ???..dzom`giông vang gia?..nhin den thui`lui`ha`..nêu´la vang thiêt thi no se sang´loe`luôn ah em oi cho anh noi nghe ne..em quên cai con Linh Dai Loan di ..no´noi bon CSVN an cut´cua no nêu´ma no ngung goi tiên USD ve thôi..chu no không co noi em an cut´cua no..em co biet Miên Tây bây gio bi nuoc man va khô han khong ne ???..bon Trung Quôc no ngan dong`chây? cua sông Me Kông rôi...dân mien Tay se chet doi´het..em chui? thang Trung Quoc dum anh di em...em dzam chui? khong ne ??..anh so bn Trung công no´den nha em no nhô? sach lông dai´cua em do nha,,,
"Ai trong số chúng ta cũng biết lương thu nhập DANH NGHĨA (số tiền lương) đang RẤT THẤP. Nhưng vấn đề là lương THỰC TẾ còn THẤP HƠN. Lương thực tế = Lương danh nghĩa/ Giá cả. Giá cả bây giờ rõ đắt đỏ mà tiền lương vẫn thấp lèo tèo. Bên cạnh đó, tỷ giá h",,,
Ctrinh dau tien cua come out ma minh xem. Thich co. MH ghê,,,
nước cốt ruồi kìa Sang Thanh m thích uốg lắm đó,,,
Từ nhỏ đã thích nghe nhạc KP r,,,
🙃🙃🙃,,,
Hưng Phạm sao mình nhập nó bảo nhận đc huy hiệu jax rồi mà vào game lại k thấy b nhỉ,,,
Ông bố của năm🤣,,,
Có bạn nào đang thấy lạnh k !!!,,,
Ban gai quoc dan dang thay do o nha minh nhe :3,,,
"Nguyễn Hữu Minh mua đôi này hàng fake đủ mua bitis real cmnr , chất lượng ăn đứt con hàng dởm này",,,
Làm cách nào để lên Mặt Trăng sinh sống :)),,,
đc thầy ơi,,,
Sư phụ nói chuyện đáng iu với chất phác quá à,,,
lại nữa àh.... tụi thân cộng nó như sói đói... luôn luôn rình rập,,,
Studio mới luôn rồi,,,
Có một điều,,,
Hâm mộ quả page này v. Đã chửi hay lại còn vẽ đẹp. Phát huy nhé ad oiiiiiiiii,,,
hic,,,
"Cuộc sống mà , ae ủng hộ album quảng cáo của thầy t nhe",,,
Trung cộng phát hiện có cả virus trong nước tiểu nhé.,,,
lý phục vô thuyết nhưng nghe lí hợp =)) ~~~,,,
Lê Hà Thư cái lol j đây,,,
Cuop,,,
Phạm Văn Đồng về VN cách ly free =)),,,
bác dũng 2 khóa thì cũng về dc rồi :T,,,
Lâm Phương chắc năm sau thi rồi :)),,,
Ngoan quá nên là k ai chơi cùng :)),,,
Vũ Trọng Chiến chắc miền bắc. Hhhh,,,
vui là chính,,,
Vãi cả nguyễn thị tươi khắm àh nhầm tươi thắm 😂😂😂,,,
Phạm Minh Tuấn ảnh của ông à,,,
Có ai xem trên 2 lần ko vậy ?,,,
Học sinh Úc trông cũng rất gì và này nọ phết :))),,,
"Homie là gì vậy, đọc mấy kia thì hiểu rồi mà ko hiểu homie",,,
Thương anh mong anh chết sớm cho đất nước bớt đi một loại phân,,,
Ad ăn phân con j mà ngu thế......????,,,
Ôi dm phát biểu vây coi dân nhu đồ ngu chắc,,,
Lâm Đỗ Hoàng Thông panba,,,
"Tính tạo trend , nhưng fail cmnr",,,
Thì ra là hình cánh hoa :v,,,
"Trừng phạt kiểu gì thì nói rõ ra lun, cứ lòng va lòng vòng thế ai chơi. Nói lảm nhãm anh Trump lại rút hết Visa tống cổ cả hơn 300.000 sinh viên trung cộng về nước thì chúng nó lại chạy Grap hết thì khổ 🤣",,,
❤,,,
Dụ má,,,
Ước gì sự giàu có tỷ lệ thuận với ý thức của Nhung.,,,
Hà Lội TP đáng sống nhất ..... VI THẾ CÁC BẠN BAKE ĐUNG ĐU CÀNG VÀO NAM . CU Ở NGOÀI ĐÓ MÀ HIT KHÍ THIÊN ĐUONG,,,
Abe tính cả rồi đánh VCSA xong bán suất trả nợ cho sena,,,
nữa đêm nghe chửi cười sản luôn kkkkk,,,
Tức diêng là bác có quyền đổi tên Tập Cận Bình thành... Cập Tẩm Bình rồi😀,,,
"Khổ a tao, có cái tên suốt ngày bị lấy.",,,
Mẹ làm ảnh hưởng bon tao Vl,,,
Chúc b mau sớm được chữa trị b Quỳnh anh đừng buồn đừng lo lắng quá nhé chúc hai b sức khỏe,,,
Ai biết mimosa là ai không ạ :))),,,
Đứng hình mất 4s :)) cool ngầu :)) Đẹp trai gần nhất nhì cao bằng🤣,,,
Thương Xiu lại 1 cơn sốt cho mà xem. 10tr lượt xem chỉ sau 24h công chiesu. Mv đạt kỉ lục các thê loại,,,
Cho đi tù thì lại bảo quá đáng,,,
đủ vui chưa bro ?,,,
Hong kong anh hùng!,,,
Có phải cô bé tên Nhung không ad.,,,
Võ Hoài Phong xin video,,,
Ừ chắc dây heng 😂😂😂,,,
Đưa cô lên top thịnh hành nào !!!,,,
Quà dành tặng abe khi tết về =)),,,
Em de mat nhu vay nhin rat dep nhin de thuong lam em gai oi,,,
Sức công phá huỷ diệt của mèo Tom :)),,,
Phía sau thằng đàn ông thất bại là con đàn bà xui dại :v,,,
Thằng xăm hình said :,,,
Nghe ko thuyết phục lắm nhưng có vẻ hợp lý =]]]~,,,
xạo bà nói câu đó có ngày bà nghèo cho biết,,,
Chợt nhận ra những điều mình làm là vì ai? Cố gắng vì điều gì?,,,
người làm thầy 3 + sena + petlan và bố già kalista thua mấy ngày nay,,,
Đức Mạnh gaga,,,
Võ Minh Hiếu xin vid ạ,,,
Già mà dơ,,,
Diệp Đình Huy phục cái địt mẹ mày,,,
Thôi xong 1 chú xxx lau chau nhanh nhảu,,,
sân bay tình hình như vậy chỉ có kiệt sức thôi. khai báo cho cố vô ko chịu cách ly giờ lòi ra cả đống luôn. 1 đứa bệnh 1000 đứa cách ly ai mà chơi lại.,,,
"cái đmm nhé ad, đừng có vơ đũa cả nắm, ăn cứt cả đống nhé con. 4.5 tr Đảng viên k phải ai cũng xấu mà để m nói cái giọng của loại chó đấy. cái page chó bẩn ngu si này. m ra xem ngoài xã hội đầy Đảng viên vẫn nai lưng đi làm để nuôi đầy cái giống đéo ph",,,
Tao xem mà t vui gần chết ! Nghe sướng lỗ tai 👂👂👂,,,
Cần tiêu diệt dân tộc Tàu khựa,,,
Hay lắm pro ?,,,
Nghe thì vô lý nhưng mà nó lại hợp lý vch :>,,,
Báo chí gì mà nói sạo lộ liễu. Nản,,,
"Thấy bảo hot năm nay cứ phải lát cốt, nhưng phải lồi mõm :))",,,
Nguyễn Trọng Quốc nguyễn khánh toàn chứ trần cái gì,,,
Obama cũng tặng lại cho các bậc ở trên lá cờ của Venezuela =)),,,
Oc bã đậu chỉ có j thôi,,,
@Nu 95 =)),,,
"Xin chào Bác Danh Hài Chần Dần, chúc bác luôn mạnh khỏe ạ... Để chia sẻ tiên tri trước sau cho bà con Việt Nam được biết... Ahi",,,
"Giết quách được phát ra từ miệng 1 người đại diện cho pháp luật VN,hỏi đạo đức,trách nhiệm của ông ở đâu?hay ông là loài đv máu lạnh?",,,
mà thanh toán qua master là đc giảm thêm 5tr,,,
"Thoát án tử thôi chứ đâu có thoát án tù :v không chết nhưng ăn quả chung thân thì cũng vỡ mồm sống ko bằng chết, thôi trả lại nhân dân còn tí sái mà hưởng :3",,,
Hay quá chị idol ơi 😍,,,
Vui lo`ng Tien Tri Khi na`o ong  Tran Da`n chet ?,,,
Tôi có súng đó,,,
Duyên vụ chị gái livetream đấy!,,,
My Tran e nói thật vkl luông đéo vòng vo tí nào mà lòng vòng có 1 tí thôi,,,
Ông Tuân cười ngặt nghẽo từ đâu đến cuối luôn,,,
:)) mày tưởng mày ngon à chung??? Cơ mà mày ngon thật 😂,,,
Sao e nhập nó lại ghi như v thầy. Ko đc :(,,,
và đéo có ai tham nhũng cả :v,,,
a độ rất là gắt ::),,,
Ăn mặc riết không ra gì,,,
chúng tao tuyên giáo hân hạnh tài trợ cho nas thực hiện chương trình mị dân này pew bưng bô said,,,
Rất thuyết phục 😀,,,
Đừng so sánh sống nhanh sống chậm mà hãy sống đẹp như những con thiên nga của trai cốp sờ ki đi các bạn,,,
Cắt cổ các đối thủ .... anh trung sát thủ,,,
"Có thể các bạn chửi chúng nó là ngu nhưng mà đó là chúng nó lo cho con cháu đấy, có điều không phải con cháu các bạn thôi. Xong phi vụ này con cháu nó đổi màu hộ chiếu các kiểu hết :))",,,
Thiếu răng... Phát âm ko chuẩn...,,,
Nói chung cũng tạm thôi ae ạ .. Không hay lắm .. nội dung bt .. giật mình đùnh đùng ấy ..,,,
giống chứ .,,,
Lộc Thành Đặng anh ba tan xác =)))))),,,
Ngộ ghê ta? Cách ly là để an toàn chứ bộ. Lỡ bản thân có bệnh thì sao? Không nói tới chuyện lây cho người khác hay không nhưng khi mang bệnh mà không đi khám hay cách ly để chữa trị thì sống được sao? Thà chết chứ không muốn sống à?,,,
"A ha chào cụ tiên sư trần mần ,hay mình khoái nghe hài của cụ ,coi chừng cụ nhé em NCov nó quặc vô là cụ đi đấy ,còn giờ này cụ chỉ có dương vật teo chứ sao mà cúm dơi cúm mèo đc",,,
Cmt xem còn fan cứng k😂,,,
Anh ấy có kq âm tính rồi ạ.,,,
Bên mĩ nổi tieng đánh bom,,,
Ông trần dần nói tổng thống phải nge hé hé đúng tự do ngôn luận,,,
Maruko Linh gấu tró à,,,
Thầy... vụ này sao thầy,,,
Nghe tiếp đoạn cuối đúng là loại phát biểu của loại lớp ba trường làng cộng với văn hoá thô lỗ nhất hành tinh . Huỳnh minh lực mà quảng cáo kiểu này thực sự bó tay luôn tóm lại quá sức vô văn hoá,,,
Nha ba nay o gan kho dan no banh xac,,,
Chui hay qua em oi,,,
Bún bean mắm shrimp :)),,,
Ai chưa có dép hịn để đi thì ib em nha,,,
R làm đc gì tụi nó? Đéo làm đc gì. Tiền này chia cho lũ dlv hvb cộng con hết r,,,
Như có bác Sèo trong ngày vui đại thắng .,,,
Xao lol ma noi ko so meo mieng nhi,,,
đó là sự tinh tế kèm theo một chút vãi loz.,,,
RĂNG MINH HIẾU LÀM Ở ĐÂU ĐẸP MÀ TRẮNG QUÁ XÁ  ĐẸP LẮM NHÉ,,,
Nhưng gọi biệt danh thôi đừng kèm tên bố mẹ!,,,
Trần Nhựt Linh nè,,,
:) ATM Cao Lãnh,,,
Long Duy Đào ko có đâu ô ạ ;((,,,
Ông lân k cười à :)),,,
Em được 9.75 công dân anh có thưởng gì không?? =)),,,
Cái đó là động lực để ổng thắng á,,,
Vừa viết vừa 🤔,,,
Thần kinh nhỉ,,,
Lường Văn Đức như mai thúy ấy,,,
thương cô người phụ nữ mạnh mẽ,,,
"Thế rốt cuộc ""chu cà mo"" nghĩa là gì thế mọi người",,,
Duy Văn công nhận vào xem hồi hộp vl xem xong kiểu phí 2 tiếng xem phim vl,,,
Abe stream bên kênh nào dạ,,,
Ko làm mà muốn có ăn thì chỉ có ăn .......,,,
Tình hình là anh em đánh 01 và 11 nhé,,,
Càng lớn càng thấy cô đơn.,,,
Khá Trần tại họ muốn KICM bị nhiều dlike và Jack được nhiều like để trả thù thôi. Chứ bài này dợ tệ,,,
đm bọn trung quốc chó,,,
Em 2k5 cũng fan khánh Phương nè,,,
"Người miền Tây lúc nào cũng thiệt tình, dễ thương vậy đó",,,
Nhin a châu đang yêu quá?,,,
Chúc hoàng lân và trần dần sức khoẻ,,,
Còn gượng đk lúc nào thì ráng nha ông. Tụi chau bỏ mê game vì. Hài của ông á,,,
Hóng quá thầy ơi,,,
Cho ae nhìn kênh ba tú lần cuối,,,
Ngộp ngạt thì lên rừng mà ở nha anh,,,
Nhìn cái mặt Trần cọp là thấy hài rồi hhhh,,,
Này chắc là chị của anh độ hỉ.,,,
"Quá mất dạy . Đồng bọn với con Bò Thái Ngọc Nhiên ở An Giang  . Lũ Cầu Cá Móng Phèn vô học mất dạy lại tham tiền vô đối bất chấp sĩ diện ( vô chổ làm Hộ Chiếu thấy rất nhiều chị em cá gô bỏ trong gổ chuẩn bị xuất ngoại qua ..Sing , Mã làm diệc j chắc ai cũng biết ngoài bọn như con Linh Lờ qua Hàn , Đài chống lầy kiếm lúa",,,
Cực kì thuyết phục :(((,,,
Nguyễn Thịnh 6 múi luôn kìa,,,
Câu cữa miệng đụ má nó 😁,,,
"Thầy đánh như thế là ổn áp r, đặc biệt cái giáo án nhường shutdown cho quái là quá ổn áp luôn, yêu thầy :3",,,
:)) mày biết tại sao k thằng ngu vì đứng đấy ngăn ngừa phòng chống hiệu quả nhất cái loại ngu dốt như mày nên học lại đi đã k hiểu ý người khác đã vào cmt người ta chửi cho nhục mặt lắm thân ^^ còn tao chưa nói gì là văn hoá hay k văn hoá tao đang muốn nói ý thức của các ông say rượu khi tham gia giao thông,,,
xuất sắc luôn :3,,,
Ngoan vãi cức,,,
"DM...thằng assmin này phản lại cái động...bố nó thông minh,tài giỏi mới làm lãnh đạo...nó có gen di truyền thông minh,tài giỏi đó mới làm lãnh đạo như bố nó...không lẽ mày muốn thằng phụ bếp làm ""tủ lạnh"",thằng thiến heo làm TBT...v..v..DM có mà xuống hố cả nút đất nước này ah...DM...",,,
M vặy á hả 😂,,,
Đó là một câu chuyện rất ý nghĩa 🤣 🤣,,,
Đoàn Sơn đợi bữa nào đi,,,
Quỳnh Dâu Tây bít là đi có cặp. Nhưng mua ở ngoài tiệm hoải sản sao mà có cặp đc b.,,,
Bà này là con gái thiệt hay sao z mọi người,,,
Chị vàng ngọc ít mất dạy hơn chị ba,,,
1tr like rồi nhé 😘,,,
Haha trend mới mà,,,
Loanh quanh đằng đít lại đằng đầu . Vẫn là một lũ xạo loz với nhau . Giờ khó kiếm ăn quay Ra cắn xé,,,
Thằng này láo,,,
thầy khen chị ở dơ hả chị ?,,,
Đúng mười giờ mới lạ toàn hụt mấy phút anh em nhờ,,,
Lên anh eyyyyyyyy,,,
Chửi nghe k kịp luôn.kk,,,
có ngày ko vào fb mất bố nó fan cứng a zai,,,
Bác trần dần kết câu chuyện ván cờ rất đúng.chúc bác luôn nhìn nhận sự việc luôn sáng,,,
"@Been 93 Nguyễn Thế bây giờ còn chửi ai không, tụi bây cũng ít rảnh lồn quá mà, vô cmt cũng đàng hoàng gì...nói trên đầu người ta không chứ đàng hoàng gì",,,
Du học Úc thế lào:))))),,,
Panda thái đã xem,,,
Dù cả đất nước có quay lưng lại với a và không tin lời a nói thì e cũng kệ mịa a 😆,,,
"Đưa tin đa chiều mà bạn ,.",,,
"Tạ Tường hẳn là em của 2n trước, vẫn TRẺ TRUNG và ĐÁNG YÊU như bâyh -)))",,,
Nguyễn Hoàng Sâm lồnnn Sâm,,,
"Đã đi xem và thấy nó đéo gay cấn gì cả, chỉ có hiệu ứng âm thanh âm thanh là ghê. Có lẽ bộ phim mang tới cái triết lý nào đó",,,
Hoàng Lịch ké,,,
Thì ra là quảng cáo à #,,,
Hùng Ngô đang dần đc thực hiện 😂😂,,,
actually theo tiếng Mỹ nha :)),,,
Mini Tae cai l,,,
Ôi đm 😂,,,
Đúng thiệt tình cô ơi ❤️,,,
Con này nó mà về VN thì tập xác định. Đúng là thật khó mà tha thứ được.,,,
Nhìn mặt con linh.mỏ nó như cá lao  kiếng,,,
Neu la Anh có cần phải đội lên đầu vậy k,,,
LÌ XÌ ĐI ABE ỚIIIIIIIIIIII,,,
Bác nói thì em nghe. Đồng lòng nhất trí với Bác như dân e còn nghèo không làm lấy gì mà ăn,,,
Đây hả?,,,
K phải khen chứ phim dỡ vkl,,,
Đoàn Văn Ngọc Sơn Abe dám cà khịa Sơn Đậm Sâu,,,
Đã si đa còn xông pha hiến máu.giờ ms thấm,,,
Hà Nguyễn nhớ vụ đứa bên trung ko 😂 bây h nhật cũng vậy :)),,,
Thấm lắm anh ạ ! Biến cố quá lớn. Phí phạm thanh xuân ...,,,
"Cái page này phản động đấy, ad súc vật biết cc j đâu",,,
Nhà bao việc mà vẫn làm nhạc à tộc trưởng😄,,,
❤❤❤,,,
Du học sinh Úc =)),,,
Thuật toán thông minh đây =))) nhận diện dc cả giọng nói,,,
Nguyễn Thái An =)),,,
Ok anh tôi :)),,,
Thật ra cần gì phải nhất thiết lấy cv Lê Văn Tám làm bãi đậu xe ngầm??? Dùng 1 cao ốc bỏ trống ở Hàm Nghi hoặc 1 số chỗ chuyển đổi công năng sang bãi đỗ xe! Office cho thuê mà không có bãi đổ xe thì thuê làm gì?,,,
Mười nghèn nà,,,
tao cho mượn nhưng m phải cho tao đi cùng nhé. Mày lái 👌,,,
"QUỐC SƯ ƠI , NHƯ QUỲNH khỏe không  ?",,,
rút con kẹc. rút rút quài,,,
Có 5tr ko e,,,
Minh sắp gồi 🤣,,,
Liên minh mobile ? 😀,,,
Từ từ đã :))),,,
Dơ nhưng t thích,,,
đội mũ vô q ơi,,,
Mặt thầy tươi nhất đám 🤣,,,
Hồi tôi còn trẻ tôi cũng cute như Tùng Sói,,,
Dương Bé chết rồi trời từ con 17 nó lây loạn xạ,,,
Trần Lệ Diễm fan của KP giờ đã lập gia đình hết rồi,,,
Nguyễn Hữu Đạt có duyên chết liền ....nhưng mk lại thích kkkk,,,
Khánh Bùi ừa thấy cái demo với viruss hay vl,,,
Trông thầy giống bê đê vcl :))),,,
Vâng anh,,,
Phạm Văn Linh ko tai dc ak,,,
Nguoi dan ba dai loan dau co hoi han gi.vua dut nghiep  phan to quoc.xong lai di khau chien tren mang xa hoi.tinh nao tat nay.dung rac cua xa hoi.nhin cai mo chui cua co ta nhu cai dit vit.qua ghe tom nguoi dan ba dai loan.dung nen lay quoc tich vn nua .,,,
Nó đéo biết ngại à,,,
Xuân Quyết chắc lúc đấy chưa phát dịch nên kbt,,,
Thảo Đào Văn tư duy người giàu Thanh Bình,,,
Tii Đô 😂😂 không trượt phát nào... Hai con mắt dính hai quả trứng vịt lộn,,,
Chắc sơ xuất kĩ thuật :v,,,
Tại ngựa loz nhột chứ ai làm lozz j má mà sủa,,,
Hội Hoàg cbi thịt đi cháu sắp về rồi,,,
Thanks...😊,,,
Hát hay k M.n 😂,,,
chuyên nói tục,,,
"Cần infor mấy thiên thần thiện lành này,🤦",,,
Lắm trò thật sự.. muốn cả xh lên án thì mới thấy nhục hay sao ấy.. chán các thành phần hại dân hại nước vô trách nhiệm với gia đình và cộng đồng,,,
Gõ chài đâm tiêu vô đầu nó đi cô :>,,,
Mong bác an nghỉ!,,,
Kb Zalo lam ban di ban 0908634738,,,
A làm e nộp đơn xin nghỉ việc cmnr và cái kết dkmn rồi sml ra “Cực kỳ thuyết phục”,,,
Đạt Royal google miễn phí :))))),,,
Khóc dở cười dở với xứ mình quá,,,
Học sinh xuất sắc👏,,,
mua đồ gia dụng đâu có tính là linh tinh và tùy tiện đâu,,,
mày khôn vậy mày,,,
Việt Nam vô địch,,,
Tôi thấy con Karathen vs đàn quái Trench trong Aquaman quẩy ở đây 😂😂,,,
Bé Phở Ghê dỏ:)),,,
già mà non :)),,,
Có vẻ hay nhưng nói có đoạn giật mình thì lại sợ hix tim mình nhỏ tẹo nên sợ phim kinh dị 😆😆😆,,,
Lê Văn Quật úp lên gruop lớp cho thầy coi đi,,,
Đăng ký ở đâu???,,,
Minh hiếu nhìn giống con gái thật luôn 😘,,,
Mặt y như đàn ông. Phẫu thuật lỗi.,,,
Dơ nhưng t thích,,,
Trung đi về nơi xa =)) Trung bị cô lập,,,
Chửi vừa lòng vl 🤣🤣,,,
"Ủa lao động chân chính thì cho dù có làm nail hay culi thì cũng đáng quý mà, bạn dám chắc hồi đó ba mẹ bạn ko lam lũ từ hai bàn tay trắng ko? Ai như cái hội nào đấy cơm cháo có sẵn từ tiền tham nhũng chứ vẻ vang gì :))",,,
ThanhHuy Nguyen vcl,,,
"mình góp ý nhé. ý kiến của mình là như này mình nói ra nếu mất lòng anh em thì mình cũng chịu, tại vì mình cũng chỉ đóng góp một chút ý kiến cho anh em biết là mình cũng là một người có ý kiến mình là con người không thích nói dài dòng chỉ đơn giản muố",,,
Cá mè một lứa,,,
Vì thuế,,,
Dễ thương!!!,,,
. còn gì để nói nữa không 😭😭sao ông trời nghiệt ngã quá vậy n còn nhỏ lắm bít gì đâu chứ 😓😓thw con 😭😭út hết dc gặp con rồi 😭😭,,,
"chửi cái qq gì, ko làm đúng quy trình thì bị loại đúng rồi",,,
Iu ghê 😀😀😀👍👭🌷❤️❤️❤️,,,
"Không phải ai khuyết tật cũng bán vé số hay ăn xin , vẫn có thằng khuyết tật đầu ngoẹo sang một bên vẫn được làm quan thái thú cai trị một dân tộc đó !",,,
Đây rồi anh ơi =)),,,
Đc đấy abe,,,
Nguyễn Hiếu xin vid ông ơi,,,
"thấy cái đó là xỉu hả 😳😳😳, chả bù cho mấy thằng dê thấy cái đó là nhào vô húp lấy húp để",,,
Thôi có ko xài cho em xin ít xài nhé hjhj,,,
Chương trình ln gì vậy ? :D :))),,,
Lên ảnh da dẻ a đẹp vll thật,,,
Chỉ được cái lôi thằng con ra câu donate là hay 😂. Tùng said: Chụp nhanh lên ông già,,,
Quên là bị bắt thì ko nói rồi ad..mình vi phạm thì mình chấp nhận thôi..khi nào nó quá đáng thì hãy nói,,,
Nguyễn Quang Huy thăng l nào chế cái này @@,,,
Cái áo nó ko hợp tác cho lắm,,,
"Mình k quan tâm tới chuyện c Linda làm đẹp ra s, những mối quan hệ hay scandal này nọ. Chuyện của c thì c biết ntn nên mình chỉ biết là có những clip của c xem mình thấy vui, thoải mái, những clip e xin phép nói vs c là thô nhưng thật và có những câu nói y như là khẩu hiệu hay câu nói của riêng c e vs bạn bè thấy rất vui và vẫn nói đùa với nhau thường xuyên. Thôi thì tks c vì những điểm vui từ c trước đây còn sau này thì e vẫn ủng hộ c <3",,,
Nếu em nổi tiếng giống thầy là em làm rồi,,,
Chi oi tay chi dep qua,,,
"thật ra đây là đòn đánh nguy hiểm nhất cho China. vì sau khi có luật do bà này phát minh, toàn bộ HK đã thành chiến trường. một sự tổn thất không đo đếm được cho China",,,
Bác của tôi đã già thật rồi !😢😢😢,,,
nó chụp mấy thằng cớm từ góc chuẩn vãi. nhìn như đang hành sự đi bắt tội phạm :)),,,
Hay lắm abe,,,
Nghe nhạc của sếp em lại tưởng em đang nghe cô dâu 8 tuổi,,,
"mình thì ngồi nhớ lại những ngày tháng ăn chơi sa đoạ, bóc mì tôm đổ cho mèo với gà ăn 🙂",,,
Su bà nai à 😂,,,
Chuc chi 3 khoe nha,,,
Cực kì ...,,,
"Ad học giỏi ghê, h mới biết VN cũng trong G7 =))",,,
Cho,,,
"Thoại Trần \""rầu\"" là clj ???:D???",,,
Phạm Thanh theo bạn thì có khả năng đấy k?,,,
cười k nhặt đc lồn luôn ấy. á mà mình làm éo gì có lồn nhể😂😂😂😂,,,
Ờ,,,
Đã tym and chia sẽ ❤️,,,
khi nào lên A đổi tốp là đi cktg luôn đó aba ơi :D,,,
Nhạc nền nghe thảm vậy :)),,,
Nên lập kênh mới là TrungG cho nó nhắc đến kỉ niệm này mà đừng gáy sớm nữa thầy =))))),,,
dm việc gì rồi cũng đến tay tao - Sói said,,,
Trần Diên Dưỡng uầy ghế tình yêu,,,
Anh dần nom tỉnh táo lắm nhỉ,,,
"mà t cũng đ' hiểu, rõ ràng là bọn quan nó cũng dùng nước mà ? Hay bọn nó có nguồn nước riêng nên kệ mẹ dân ???",,,
Sống chậm thôi mấy má🤤,,,
Nên like ko (,,,
"Mình nghĩ là bài này kiểu không phải sở trường của Jack . Có lẽ đây chỉ là màn comeback mở đầu của anh , sau này sẽ tốt hơn. Ra nốt bài Đom Đóm thì duyệt rồiiiiiiii",,,
Tiên tri? Tao lao,,,
Ae cho tôi hỏi nhận ở đâu thế chả biết cái j luôn,,,
Giấc mơ thiên đường,,,
Cho em xin inf anh nằm cạnh c Kim =)),,,
mờ thế,,,
giáo án này hả :v,,,
Vĩ Phạm tấm này m đẹp nhất r đó,,,
Kg hiểu người có não kg lúc khỏe ăn chơi nhẩy múa sứ người chê bai đất nước đến lúc gặp họa thì chạy về quê hương đúng là lúc gặp họa mới biết đất nước nào là ân tình,,,
Rầu bữa giờ!,,,
Chán ông già vãi các bạn à . Tiền donate thì đem đi nạp game kẹo. mẹ trang mua cho mà cũng dành . Hic,,,
Thấy anh cmt mà buồn lây :(,,,
"Tuổi 17 bẻ gãy sừng trâu, lên 18 thì càng lên level. Đề nghị các bạn đái nhẹ, ị khẽ, địt duyên! Khéo lại bể tường... 😓😓😓",,,
Giống bait vl 🙂,,,
Các bạn đừng lấy video củ để câu like kiếm tiền như vậy bạn còn tồi hơn cô Linh,,,
Abe đóng phim !,,,
Nhìn em cười thế này thì là iz rồi anh ạ :)),,,
Ăn nói toàn tục tiểu,,,
Con di trùng du học 😂😂😂😂😂😂😂😂😂😂😂,,,
Nguyễn Nhật Long vl nắc,,,
Bao giờ có hướng nghiệp nghề này thầy ơi,,,
Đầu bảng a ưii🤨,,,
Xin 7 tháng 😅😅,,,
Thịt mèo rất ngon em rất thích ăn thịt mèo . Hồi nhỏ em hay viết văn tả mèo như thế,,,
Hàm ông này là ông nào mà bodoi vậy,,,
Nguyễn Loan cả thể hiện sự giàu có nữa 😎,,,
Liêm sĩ gì tầm này,,,
Võ Hoàng Phi haha 😂,,,
#ERROR!,,,
Cam on chi noi that su. Thank you for letting peoples know.,,,
Bắn chet moe abe h,,,
Cực kì thuyết phục :>>,,,
Vỗ tay,,,
Bán kênh đi thầy,,,
Đã bảo rồi. Công lí là 1 diễn viên hài thôi,,,
"Các bạn muốn video này thì nhớ chụp lại phần cmt này nha , tôi sẽ rep all, tại tôi nhiều ib người lắm không biết video nào cả",,,
Hoàng Vi Thư a max fr hjx,,,
Jack bảo : Khôg có KICM thì tao vẫn ổn và đẳng cấp,,,
Cho xin Facebook Danh hai Trần Dan di moi nguoi,,,
Một nhà sư thái lan đã bày tỏ cảm súc về video này,,,
Tập này hay ạ.,,,
Con mẹ mày. Nhạ ơi. Nhòm vào bữa cơm 25k của các cháu trường tiểu học hạp lĩnh. Tp Bắc ninh xem mày có đớp đc ko,,,
Bữa cũg mua nc hoa của bà trần đòn xịt 1 cái thơm cả ngày t xịt cả 10 cái đi ra ngoài tầm 5p hết mùi,,,
lói dối bị môi anh khóa ngey,,,
đc vl a ơi,,,
Cực kỳ con cec,,,
Hiếu Bùi giỏi qá cc j cũng biết hết â,,,
Em đen lắm,,,
Ghét nhất mấy cái tin như z . Sao ko đưa link hẳn hoi cho người ta đọc . Đưa tin kiu nay co muon tin cung ko giám tin .,,,
Hợp lí,,,
Hoàng Yến học LS mới biết,,,
Xl abe 😅,,,
Phạm Nguyễn Cát Vy ai biết .,,,
Nhớ tuổi thơ vãi :)),,,
chứ không xoá kênh cũ à thầy,,,
thoại cc nhá thầy,,,
Này thì chém gió này 😂,,,
Nhật An có chữ n cũng bắt bẻ mm .,,,
Tạ Thu Hằng ae gì đâu nhỉ 🤣,,,
Gia Minh thầy bị camp chứ đánh lủng cc đâu petland quăng mạnh vcl ra ấy :)),,,
Tụt hứng kk,,,
"Cô cứ ""cứu nhân độ thế đi"" tụi con theo cô, quân bây đâu theo tao :)))))))",,,
Chúc bác khỏe mạnh để điều hành đất nước,,,
Quá duyên luôn cô ơi 😍😍,,,
Tính máy tính sợ lộn hahaa 🤣🤣,,,
Như vậy mà người bán cũng ko phân biệt đc thì sao mình biết :(,,,
Giống y công ty e luôn 🥰,,,
Hết bệnh chị lại sang trời Âu rắc muối :))) ây cha.... Đây chắc hẳn là một thuyết âm mưu chứ ng bình thường k thể Ngu như thế này dk 🙈🙈,,,
CYen hay thích thử món lạ nè,,,
Cô duyên dáng quá à,,,
Huyền Khánh Phùng huyền béo,,,
Cùng một dòng sông,,,
28:03 cô đang tính nói thêm cái LKC cắt ngang nên mặt cô quạo haha,,,
"Buồn nhỉ, tận hưởng thôi",,,
"Chế độ tốt sinh ra con người tốt . Hết xả súng da đen , trẻ em , CS mỹ lại làm 3 cái trò này ..",,,
H Ngưa Niê Kdăm xin link,,,
Ông trần dần nói hay quad,,,
Nhung Phạm giống mình đi kh quen nghe mùi máy lạnh là ói sml,,,
Địt con mẹ cnó vẽ rađể ăn chia với nhau ý mà. Làm cổng 200ti để tế thằng tổ cnó ah,,,
Thôi anh im đi,,,
"Cái miệng cua con bong thuôi này chuoi ngta sẽ bị UNG THU hong,lưoi miệng cực kô?",,,
Âm nhạc có bao giờ chán,,,
nhieu tuoi mak theo vet xe do :) mat l;ol,,,
con mèo hay nhậu nhẹt cũng dc mời ăn cơm kìa,,,
Hôm qua hứa hẹn trăm đường,,,
Tết đến rồi,,,
Thầy ơi có cô kiếm thầy nè :)),,,
Phạm Huyền Trang =))) đừng về nước lúc này nhé k đón đâu=))),,,
Me too :))),,,
cay thực sự =)))),,,
Ăn trộm ăn cắp cũng vừa phải thôi chứ 😠😠,,,
Dm vtv mặt trời ^^,,,
"Thôi, cháu thích ngột ngạt :((",,,
Minh Hieu Ali Chui Noi Bon Ngu NguCo Bang Cap,,,
Bùi Hữu Tiến,,,
sau vc ra,,,
Anh Trong a hay ăn thì để ý vào,,,
Chị này chỉ nói sai cái chỗ rằng là người đi xe máy thì không gọi là nỗ lực thôi .Không thể nào cứ nhìn vào con xe người khác đi là đánh giá được xem họ có nỗ lực không được đâu .,,,
"Trào lưu khoe của này nọ dạo này đang nở rộ lên trên mạng , toàn là xl",,,
Tui kể cho nó chửi đó chứ,,,
A ơi a đi chơi chỗ nào Hạ Long. Cho e đến xin kiểu ảnh được không a,,,
Mều Siu Nhơn KhanhLy Pham c Trang mua tạm cái bút ntkia bù cho c Ly đi =))),,,
Ở Việt Nam chỉ có độ tày và độ phùng thôi nhá,,,
Ở với + sản..bạn đấu tranh họ cho bạn là phản động...khi + sản sai...nó sẽ rút kinh nghiệm..đậu xanh rau muống..,,,
Sao cho thầy đội cái nón vàng 1 thế kia =)),,,
Chấp nhận add em dới <33333,,,
"Năm 2022 Bác Trần Dần về VN thì Hoài Linh phải giải nghệ, Trấn Thành chuyển hẳn qua làm MC nha anh em",,,
Thanks mixigaminh,,,
tổ lái,,,
Cực kì thuyết phục :v,,,
chuyện ở hong kong là một giấc mơ của thiểu số người Việt mà thôi ! .... trưa đọc tí truyện hài cho vui nhà ad ơi,,,
Nguyễn Nam khựa story,,,
Đm chúng mày,,,
xét nghiệm xong các anh CA Said :,,,
Tiền nhiều thì làm gì. Ngoan mà nằm im 1 chỗ đi,,,
Thầy solo vs faker đỉnh quá,,,
Minh hiếu nói chuyện duyên dáng quá,,,
Xin tên nhạc.,,,
Xạo lol để giựt tiền người ta,,,
"Việt Nam đang lèo lái cho qua trận dịch nầy ! Mong người Việt bốn phương tám hướng đừng chia rẽ , đấu đá nhau ! Cùng nhau xây dựng giàu mạnh ?",,,
Cây ATM cao lãnh,,,
Phước Hữu anh thì double ngon dồiiiii,,,
Học sinh xuất sắc :))),,,
@Tiktok Official  mới đầu ai biết ai tự nhiên nhắc ...chó gì ở đây 🙄,,,
­­­­­­­­­­­­­­­­­­­­­­­­­­­­­­­­­­­­­­­­­­­­­­­­­­­­­­­­­­­­­­­­­­­­­­­­­­­­­­­­­­­­­­­­­­­­­­­­­­­­­­­­­­­­­­­­­­­­­­­­­­­­­­­­­­­­­­­­­­­­­­­­­­­­­­­­­­­­­­­­­­­­­­­­­­­­­­­­­­­­­­­­­­­­­­­­­­­­­­­­­­­­­­­­­­­­­­­­­­­­­­­­­­­­­­­­­­­­­­­­­­­­­­­­­­­­­­­­ thầy t ăn mặn quá vậy :v,,,
"I pray to Jesus, Sakya Muni, Allah! Please! Please protect him!",,,
"Nổ lực trùng tu nhăn sắc ,để mồi chài đại gia ,đó cũng gọi là nổ lực đó chị đẹp à .",,,
Nhìn ngu vcl:))),,,
Các man sống chậm tý nào,,,
Trần Minh .Nhà cô ấy trả hết ạ😀,,,
Mua chai gucci cũng 2tr đỗ lên chứ bn mua chai 800k cũng là giả nếu bán 800k rồi tặng nữa thì sao giàu được chị mik mua rồi ko tới nước lã nhưng nói thơm hơn 12h khi ngồi trong phòng máy lạnh mày chị mik ngồi trong máy lạnh chưa tới 30p là hết thơm rồi ko tiền thà để dành đủ tiền mua 1 chai cho lẹ đỡ hơn là bỏ tiền ra cũng ko có ít j,,,
Minh muon Lam dep,,,
😊😊,,,
Skin mới mọi người ơi,,,
em vừa mới mua 1 hộp xong :)),,,
Hay kkk,,,
Tphcm trong tương lai sẽ là thủ đô thì phải. Vì người ngu sẽ bỏ hết thủ đô hn quá,,,
Thần đồng đấy việt quá🤣,,,
Kẹo của bố làm từ 💩,,,
mua bo hay lắm anh ơiii,,,
Nguyễn Minh Phương mua,,,
Càng già thì con virut nó càng mê. Sức đề kháng yếu rồi dễ đi lắm. Mong bác yên nghĩ 1 người vì mọi người,,,
Tưởng tưởng cc. Tưởng nhớ để sống lại à. Đm,,,
thầy lồn,,,
Hoàng Đình Sơn mấy bửa nữa hai ae ta đi biết chổ k,,,
Nhìn mặt tùng sói nhà ta có đùa không:))),,,
1 mặt khác của lịch sử,,,
Cô Hiếu vẫn giàu hơn bạn. Bạn bik đi đường quyền hok 😏,,,
Thuỳ Trang Kokkai Pham :)))),,,
"Má ơi ta nói như coi hài,cô dễ thương quá",,,
Nguyễn Công Viễn cẩn thận nha,,,
Mấy thánh boom hàng ơi. Làm việc đi.,,,
Trong Nguyen sống chậm lại để suy nghĩ kĩ hơn xem câu chuyện đó có gì buồn cười!,,,
Chúng nó đéo còn gì để làm mà nên mới sống nhanh với sống chậm :v,,,
Là cò tè 😂,,,
Chả nhẽ t lại phang cho không trượt phát nào giờ,,,
Abe vô địch Abe vô đối :< em mãi yêu Abe,,,
Nghe nói e thích 1 người đàn ông có sức hút,,,
"Hay coi , tren doi dung lam vay , nguy hiem do",,,
TĂNG CÂN cho người GẦY hoàn toàn từ,,,
Tấu hài vcl,,,
"Hihi, đẹp trai vl",,,
Thầy tui ơi 😆😆,,,
Lương 7-8tr chẳng đủ ăn cơm đâu con ạ. Ăn tôm hùm sâu răng đây,,,
Má lấn sân chơi local brand luôn =))),,,
Đây là chàng trai ấy vài năm sau khi xem lại được video này :))),,,
Đây đích thị là một người bác sĩ vĩ đại ❤️,,,
Mèo chứ ai,,,
lên luôn anh ưiiiii,,,
Một người Nga cũng said :,,,
30p rồi kêu chậm cái dmm,,,
Đang ăn cơm còn ăn bim bim ? Thế thì ăn cơm làm sao đc :<,,,
Chán thầy,,,
Vì cô Minh Hiếu ngồi thôi cũng tỏa ánh vàng r mà :)),,,
NhungLê Lê hoa chi đẹp rứa hầy,,,
Tình nghĩa anh em chắc có bền lâu,,,
ông già hay xaolon phết Tùng sói said :)),,,
Buồn lắm :)),,,
"Lại ra thế giới Tấu Hài, hay lắm abe",,,
Hà Hữu Tài dm hỏi sao t với mày chạy trống vl mà đất toàn bắn vào mặt :) được vl,,,
Dễ thương hết sức,,,
hh...yêu anh tôi vl,,,
VN vô địch Sea Games,,,
thầy và các đồ đệ ! chỉ là dân chúng dọn nhà thôi mà ngươi làm ta giật thót mình ! tộ sư,,,
Phạm Giang,,,
Clm :))),,,
Chiện là bạn bị mất 400 đồng tn vì thằng ad xl,,,
Hay quá thầy ơiiiii,,,
Chào chi .em thích chi nói chuyên quá,,,
Thanh Thảo Rùa Loan Đỗ Khánh Huyền Trần Thu Trang team nhận lương sau tết,,,
Vì tổ quốc xã hội chủ nghĩa.,,,
Diện Trần vậy là 1386 người yêu thích việc bác sĩ này qua đời à 🤔,,,
Cô đáng yêu quá,,,
9:10 MC còn cười chứ nói gì bọn mình 😂😂😂,,,
Rất thuyết phục và cực kỳ có lý :)),,,
Đỗ Thanh Nhàn chuyên cơ riêng cũng không thoát. Sợ =))),,,
Lên youtube seach dương trung quốc chất vấn Nguyễn tấn dũng,,,
hay quá thầy ơi thả tim,,,
1 ty ma ko bang mieng vai chui lon con nguoi an noi biet la do vo học ko co dao dục  thu do se bi qua bao se chẹt tham  ...,,,
Say oh yeah là của sếp mà❤❤❤❤,,,
"Bảo Hà bùn lém á. Nma thui. Mong họ hiểu cho anh mình nè. A comeback, sức khỏe ổn định nv là vui rồi",,,
"Ông bà mình dạy đâu có sai,thùng rỗng thì khua to quả k sai",,,
Và chúng nó gọi đó là đẳng cấp,,,
Ấn tượng mỗi cái bút của c 😂,,,
My Trần ủa ụ á 😂,,,
đell giống anhhhh ơiiiiiii,,,
K thể nói ra rằng tôi đag rất k ổn...😓,,,
Hứa Sơn ghép cho bạn thành ộp pa luôn nhá 😄,,,
Chắc ko hài,,,
"Tôi thấy phản động ở khắp nơi mà nhiều nhất là mấy thằng bán nước, hút máu dân đen. Cứ sủa ra là luật , bọn chó",,,
Thuý Liễu Bà có vấn đề về đọc hiểu à ai chê chưa hay bản thân mình suy bụng ta ra bụng người. Gặp hoạ là cl gì? Biết bố nó là ai và giúp gì cho VN chưa mà gáy thế hả bà. À mà học lại chính tả đi rồi hãy lo chuyện bao đồng,,,
Nghe ông này nói huề cả làng. Chuyện đã rồi ko ! ko có câu nào khẳng định,,,
Má 3 oi con men mộ má,,,
Be de roi lai con lam chuyện,,,
Đéo phải aba t rồi,,,
Cút mẹ luôn đi chứ tạm cl,,,
Trung ám ảnh,,,
Hơn một năm cho cái tên gà trống cao bằng :((,,,
Cái cap rất bình thường đến khi t đọc đến chữ Bé:)),,,
"Vũ Thanh Huyền chán vl câu mấy câu đầu chửi hay bao nhiêu thì câu cuối thối không kém 🤦 tiền người ta làm gì kệ mẹ người ta , núp gầm giường hay sao biết người ta không từ thiện . Mệt mỏi mấy nhà từ thiện online như này thật sự .",,,
Xờ lờ quá,,,
Quả bút chất vd 🤣,,,
Có cc ý :)) tin người vl,,,
Chung quy lại những ai chưa đọc Thông tư 01/2016/TT-BCA mà đã om sòm chửi đổng thì bị bác Quốc Dũng nắn gân cũng không ngoa :v,,,
Cực kỳ thuyết phục :)),,,
ý gì =))))),,,
Các ông sống từ từ thôi,,,
"cái đó chỉ áp dụng cho ""người ngồi trên phương tiện đang bị kiểm soát"", còn nếu muốn dừng xe bạn để kiểm soát thì vẫn cần ""Trực tiếp phát hiện hoặc thông qua phương tiện, thiết bị kỹ thuật nghiệp vụ phát hiện, ghi nhận được các hành vi vi phạm pháp luật về giao thông đường bộ""",,,
Sao k xoá thuế cho nông dân. Lm ăn thua lỗ tự chịu,,,
"Lương Kiều Trúc Uyên con giời cũng chết chứ chủ tịch mà to à, tầm này là cái đinh hết =)))",,,
"Quỳnh Như hâhha, k hổ danh idol bao nhiêu lâu",,,
Nghe vẻ như thật nhưng lại photoshop :)),,,
Thầy tôi,,,
Hướng Dương Cái đấy thì chịu :)) . Btw bài Who ft với Lauv nghe hay lắm 👌,,,
Nhìn bộ trên tường vs cái ghế là đúng kiểu bạo dâm,,,
"Cai miệng nhìn co duyên, chưởi ,nhung nhìn cai miệng co duyen",,,
Thương Mi Nhon chém hết,,,
Kim Hàng kèo thơm m kkk,,,
Chị ấy rất tỉnh và xinh gái :))),,,
Sai sai anh ê,,,
Mai anh Độ bắt đầu live thì cả bộ tộc chào cờ rồi hát tộc ca :v,,,
Trần Nhật uống milo im mẹ mồm :)))))))))),,,
Nguyễn Văn Nhã kệ bn đi b...mệt lắm =)),,,
okela,,,
Trần Diên Dưỡng ghế ấy liên hệ thần lừa nhé,,,
Trông vừa khít lỗ đít luôn 🤦🏼‍♀️,,,
Chuẩn a ưii,,,
ổng nầy dc đánh giá là làm việc nguyên tắc cứng nhắc.,,,
tôi thấy bác viết bài nói cũng đúng!,,,
Nước đii hayy đấy,,,
:)(,,,
Trần Nguyên Khôi,,,
Ngọc Đặng Lắt léo sao lại vào sở trường của bọn mình mới đau chứ hiuhiu,,,
Cũng khá hay mà buồn vì nv chính cũng die :(((,,,
Tạ Thị Quỳnh ăn cứt,,,
Ai giết dk con linh cá lóc tui ủng hộ 10000usd,,,
Đặng Ngọc Hà làm youtobe nói đơ vcl nhạt nữa huhu,,,
Trần Trang bond nhà mình đi trc thời đại,,,
"chắc lão đại biểu này ít đọc báo nên hơi bị mù thông tin, bây giờ ra đường gặp trẻ trâu thì bị đấm lúc nào éo biết nhé",,,
Vãi cả anh Tèo cũng sang đây hóng,,,
"Thôi thôi thôi thôi thôi thôi mày đừng có bốc phét, mày đừng có mồm điêu đi :v",,,
Xem mà cười đau bụng😆,,,
Lại lợi dụng trẻ em. Tội ác,,,
"Đừng nghe cộng sản nói, hãy nhìn cộng sản làm muôn đời vẫn không sai !",,,
Đời t lúc nào cũng hạnh phúc k trọn vẹn,,,
Nguyễn Văn Tường nghe nhiều mà t cũng thuộc mẹ nó luốn😸😸😸,,,
Tôi tin vào người Nhật vì họ ko lấy sự dốc láo làm chân lý để sống .,,,
"Với điều kiện phải đảm bảo tiến độ công việc nhé, là làm việc ở nhà, chứ ăn ở ko thì ko có 1 đồng",,,
Phe vl,,,
Cô chửi hay quá ❤️❤️❤️,,,
Sự Xoăn,,,
Nguyễn Hồng Phi cập nhật ttin phải nhanh nhưng cũg chíh xác anh ạ. 😂,,,
Lily Trịnh vụt đè tứ quý há hốc mõm,,,
Le Mynhut thứ 5 tuần sau đó chế,,,
Quỳnh Phạm thì thấy e đau thì a buồn hoy,,,
Mỹ Linh Đỗ,,,
Anh ở trong khu cách ly mà la lối tùm lum tùm la,,,
Chị trang điểm kiểu này nhìn cứ như gái 18 luôn á ta,,,
Ai dám đụng đến thằng bạn vàng của tao vậy?,,,
full:,,,
Petland ghép vào con gà là hơi sai nha,,,
Sống chậm thôi,,,
Huy Phạm đề nghị anh xuất trình giấy tờ hợp tác làm việc,,,
Phát Nguyễn đánh dằn mặt nè cđ cho chừa :))))),,,
@• Amber • làm thơ thì phải có vần. Còn không có vần thì thôi cũng được =)),,,
tại ba cả đấy,,,
chết cười pha JJLeo hiến thân cho Rambo =))),,,
Gửi con ml nhung17 nhé =))),,,
5C và 5Đ,,,
có ông nào kí dự án này chưa =)) bắt tay vào mà code đi không không kịp quản lý bây h =)),,,
Ho tran xuong,,,
Châu la gi cua chi vay,,,
Cảm giác anh nhớ em,,,
Quẩy lên mọi người:),,,
Oke thầy đã chỉ dạy biết bao dự án năm qua oi thầy vĩ đại vcl :v,,,
"Thiếu! Ý thức của người VN quá yếu và quá kém. Giờ giấc cao su, cha chung ko ai khóc, thiếu tinh thần hợp tác...",,,
Zừa lòng t lắm :)),,,
Trần Sinh Đức đến là làm phiền,,,
Đcmm đi chết đi:)),,,
Huỳnh Ngân đẹp đấy chứ b,,,
Ng ta gọi đó la xây đường theo định hướng xa hội chủ nghĩa,,,
Giống người k :)),,,
Ba má đụ chi cho uổng công uổng nghệ uổng nghễ quần quân uổng công tuột quần tèo lên tuột xuống banh loz đau loz đẻ lớn chơi trò gì md ghê. Iu minh Hiếu,,,
Quang Minh diễn hơi sâu rồi đấy 🙃,,,
Đụ con đĩ mẹ thầy nhá,,,
Ha Anh Tri đuôi nó tròn là con so còn hình tam giác là con sam đó chú ăn con so mới chết.,,,
Chuẩn . Chuyện riêng tư người ta mà soi quá,,,
Nhật Phú Nguyễn xin video bạn ơi 😅😅😅,,,
Nhin c minh hieu con co duyen còn con di linh ca loc nhin mat  no muon cho no an dam,,,
làm thật đó hả thầy :)),,,
Idol đã come black và tiên tri lợi hại hơn xưa,,,
Cái mặt nghệt ra như mất sổ gạo ấy.,,,
Mỗi người dân ta phải đoàn kết và đại đoàn kết. Thì sẽ thắng được covic19,,,
Mày ngu vừa thôi ad :)),,,
Con khỉ trần dần vẫn còn răng à?,,,
Xin thành kính phân ưu cùng gia quyến. Cầu Thầy sớm vân du tiên cảnh .,,,
Tôi ko nghe tôi ko nghe:(((,,,
Nhìn giống Diễm My bộ tính níu kéo Vũ Linh quay về ha dì,,,
Lúc còn thời thì chửi ng ta. Hết thời rồi ra cái vẻ tiếc. Vớ vẩn vl :)),,,
Bà bị nhiễm là đúng thôi chẳng có gì là lạ đất nước bà là thánh sống nên coi thường đại dịch mà cả thế giới đang lao đao chống trả . Kỳ thị khi đeo khẩu trang xem như một bệnh cúm bình thường khi nào chết mới trắng mắt ra đúng là ( nước đến trôn l ... mới nhảy),,,
Thiết nghĩ thầy sẽ mở lớp dạy múa :),,,
trốn kĩ vô anh ơiii =))))),,,
Quảng cáo hấp dẫn vl a ưi,,,
Trời ơi đẹp quá à,,,
Lâm Đình Khoa,,,
Ta nói nghe nguyên ngày hổng chán 😘,,,
Hôm qua mới gặp đi ăn đám xong ...,,,
Ủa sao nói nó khóc lóc xin lỗi rồi mà,,,
"Suốt ngày ngoài ruộng, chẳg ai qtâm đâu",,,
Mầm mống tai họa của xã hội,,,
"Helo các chú , hôm nay cháu sẽ review ông già của cháu nhé :))",,,
cháu chứ đâu chủ đâu,,,
Tao à🤬🤬😒😏,,,
Để sbtc,,,
Long Duy Đào cái tội ớ,,,
tây nó tưởng điên trốn trại,,,
Dự Nhiên kết hợp lại thành bộ 3 hủy diệt cmnr😂,,,
Anh ước gì anh là con gái để đc đi nghĩ vụ quân sự,,,
Nghĩ đến chỉ muốn băm con chó đĩ ấy trận,,,
Là đúng. Quyết định cắt đi 20cm tóc thật là sáng suốt cđ,,,
Cô hieu ncv vui quá,,,
Bao ChiMiinh AnhNy Thảo ng ba ria:,,,
Có thật kg chị,,,
Chị 3 giàu quá chị giúp đỡ cho e với,,,
gioi da nguoi nua moi chiu ah😂😂,,,
1 HOUR LATER =))))),,,
Gai oi .nha em o phuong5 cay lay k gai,,,
Tịch An chuẩn,,,
Xuân Mai Bảo Ngọc Yến Nhi trend nha mấy bà,,,
Hnay sói sẽ làm thử thách 24h đưa ông già về quê😂,,,
Minh Phạm mỗi người có mắt thẩm mĩ diêng mà bạn,,,
Hy vọng các em sẽ được cách li o môi trường tốt cùng các bạn khác. Cố lên có chị ngân 98 mới nhập học nưa đó,,,
Bố đùa m à,,,
Em khuyên thầy:,,,
MvP cc gì tầm này :))),,,
Cùng tâm trạng,,,
Vl fake,,,
Có người iu đ đâu mà iu xa anhh ưi :(,,,
Được vailon :)),,,
phong cách gây sự chú ý,,,
Vũ Khắc Hoàng tui thích chùm râu ấy,,,
Loại mât đậy,,,
rồi cô có may kênh vay cô,,,
Idol lạc qua đây luôn😂😂,,,
Giả ốm để khỏi stream,,,
Ơ tưởng duyên dáng chứ,,,
Ai cũng hiểu chỉ có một người ko hiểu là Add,,,
Ad óc con chó vãi lồn,,,
"Tội anh tôi, lương tháng 7 - 8 triệu, đến tôm nhỏ chẳng có mà ăn, chỉ ăn được mỗi cua hoàng đế và tôm Alaska😢😢😢",,,
Thì ms gọi là Linh cá lóc,,,
Cùng dùng mà công dụng khác nhau =)),,,
chưa vk chưa ny uống vào ko biết có động dục ko nhỉ 🤨,,,
Đến bâyh mà vẫn còn mấy đứa tin lũ ngoa hoặc chửi thuê review phim ấy hả =))),,,
ông edit video chán quá,,,
Vui vẻ có quạu abe ơi,,,
"Thanh Hoa t bị hack nick, chứ t bình thường lgi like mấy cái page đấy😥😥🙄",,,
oki =))),,,
Mún tìm cũng khó kkk,,,
Lâm Đình Khoa buồn cười vcl hahhaaa,,,
Sau này lớn lên ms thấy hối hận,,,
Thêm địa điểm ăn nhậu sau cuộc họp và cách diễn nữa chứ. Kakaa,,,
Vậy là ngay gần nhà mình mà có những kẻ tồi tệ vậy sao! Hại người sẽ thành hại chính mình thôi.,,,
Vl. bỏ 33 giây cuộc đời ra để cười. tốn thời gian mà đéo đc cl gì,,,
Bán nước hoa 500k như nước lã...Ko thơm tho gì hết...like trim thì chửi mắn cha mẹ người ta.. giờ khóc rồi hả.  Nhân quả đó e ơi....Bán hàng thật đi...,,,
CôCa In bế r :)),,,
Không phải là mập mờ,,,
Con đi gia,,,
HÃY ĐỠ !,,,
Hồi sáng sau vào kênh của a châu không đc vậy ?,,,
phe Nguyễn Phú Trọng compat tổng Nguyễn Tấn Dũng =)),,,
Mai Anh Tuân Mua được mấy cái siêu xe cho các con du học bên bển rồi :v,,,
Đan Nguyễn nhưng ở đây k liên quan b à 🥴🥴.,,,
"mua ở đâu cho mình địa chỉ với, chồng mình yếu quá :(",,,
như 2 giọt nước :v,,,
xin cánh tay của các anh em chưa xem tập nào như tao :((,,,
Cụ này vừa bị lẫn vừa bị hoang tưởng rồi....,,,
Hồi đó giờ nghe giọt nước mắt cá sấu. mà giờ mới thấy,,,
Tiểu Levi said : m vừa nói gì :)),,,
"Các bạn đọc thông cảm bme của tg ad đi gặm xương rồi, k mang nó theo nên nó xàm lồn, ngồi liếm cứt của bọn Bốc Bãi Cứt ra ăn đấy",,,
Con mẹ nó,,,
Chậm thôi:)),,,
Quang Minh học trò cưng của Abe,,,
Dù sao vẫn trất :v,,,
Về quét nhà cho ngta đi,,,
Tộc trưởng quê gốc ở Nam Phi thì phải,,,
"Hô ng việt dùng hàng việt đâu hết rồi, làm mẫu đi chứ",,,
"Trang Bùi mi là trùm ỉa dạo đó Bùi, ghi nhớ dùm",,,
Mong các bạn ủng hộ MV mới của ông già mk để ổng còn mua sữa cho mk uống chứ vã lắm r:D,,,
Quang Nam ô nghe thấy ko hay đâu có nghĩa là bài đấy ko hay vs mọi ng,,,
Thi nhau add =)),,,
Muốn thay giang hồ cỏ mà dễ à,,,
TD yêu quỷ nói chả đúng gì cá,,,
baroibeo,,,
Cuoi qa troi qa dat lun,,,
Đc của nó anh ạ,,,
Nguyễn Hoàng Sâm lol sâm nôn link :)),,,
"Đoàn Yến có chứ, khác mọi năm thôi",,,
Ngựa ngựa,,,
Tôi hồi còn thiếu nữ trăng tròn đấy các bác ạ!,,,
Bụng như con heo vậy mà bài đặt bán thuốc giảm cân. Uống đi rồi chết.,,,
Phương Minn thế là chúng ta chung thần tượng rồi đấy,,,
Tùy gu nghe nhạc của mỗi người thôi. Với lại có lẽ b đã quen với phong cách âm nhạc hồi trước của jack nên bh jack kết hợp với người khác và theo phong cách âm nhạc khác nên có vẻ hơi lạ với người mới nghe,,,
Trần Linh đau đầu thực sự 😂,,,
Nói cái gì vậy mà  cứ nghe đụ má đụ cha vs vàng,,,
Dm nghĩ chán 🤤,,,
Chuẩn vl anh ơi,,,
câm mẹ m mõm lại nói nhiều,,,
Dành cho ae nào muốn test zô lấy link tải bản china,,,
mắt lé mà cứ làm duyên muốn nôn ghê :v :)))))))))))) chốt đơn chốt đơn chốt đơn :))))))),,,
Thật ra bình cứu hỏa china là dùng để xịt mấy thằng hút thuốc lá trên xe. Vừa tắt thuốc vừa chống hôi xe nữa . ĐMCS,,,
Cực kì thuyết phục !,,,
Hayato Gaming 🤪,,,
thi ngay xua cac cu dong thue than xe tau xe thi gio minh dong thue thu nhap ca nhan thue luu hanh.dai khai la van the nhung gio hoa mi hon ve cach goi.the la phat trien rui,,,
Tưởng k có tuổi vs vong ba gà,,,
Biết mà,,,
08:50,,,
Lan trinh nha bạn,,,
Làm nhẹ 3-0 cho nó ok,,,
"Hổ ca nhìn là thấy kết rồi , nhưng Hổ ca tỉnh hẳn chưa",,,
Cái con tinh trùng khuyết tật này xaolol mua ko xài được đâu,,,
Chi ba oi chi giau qua e dan kho e dan thieu no 20tr chi cho e muon dc ko chi,,,
Lúc sinh ra ta chi la doi tay trang. Lúc chet di ta chi la ke trang tay- ba 3 vang Ngọc giao lam sau. Dung la co tien thi mua duoc moi thu nhung co một thu o trên dới nây ma ko co ai mua duoc.,,,
Thanh Hải có lên Tạ Hiện quẩy ko đấy,,,
Tiền có thể kiếm cả đời. Nhưng mạng mỗi người chỉ có 1. Hãy tự vì mình trước tiên đã!,,,
"Tùng sói said :"" nhìn cái gì mà nhìn ;) """,,,
Thằng ad page nào đúng là Óc Chó 😒,,,
Lỗ đít nè chơi đi,,,
Mui ba nay sua nhin ghe qua ma oi. Haizz,,,
được vl,,,
Cô hát hay đi vào lòng người luôn :),,,
Làm nhạc ri chết tụi học sinh,,,
Tăng theo giờ 😭😭😭,,,
muộn vậy thầy,,,
"Con quỷ cái này nước mắt cá sấu, bán hàng dỏm lừa đảo có ngày xe đâm may",,,
"Nguyễn Ngọc Linh thì hợp rồi mới truyền đó cậu, bài ghi rõ là truyền cho 9 người rồi mà!",,,
Chị hiếu nói chuyện có duyên,,,
Minh Đặngg chúng nó bắt chước cô mình 🤣,,,
T k thích k ưa mẹ này.... Mà dx cái chưit ngta nghe hài vcl bù lại củng đỡ 😂😂,,,
Thằng chủ tịch thị trấn lớn phết nhể!,,,
Ông già dẫn con đi bay nhé =)),,,
Trai đất nay la cua bố mày,,,
Mong rằng những công dân Việt Nam đang ở bên Nhật Bản học tập và lao động luôn giữ được sức khỏe tốt. Và đồng thời chúc cho Nhật Bản nhanh chóng vượt qua đại nạn lần này ❤,,,
:),,,
:)))),,,
Diệu Nguyễn có check ib m nhé,,,
Cảm động,,,
Anh Ba giống Duke 2016 thời SKT. Đi top toàn chơi vs lính . 3 lane kia lo hết,,,
Ông này có họ với chị Nhung à,,,
Vì nó là người nước ngoài nên phải qua đại sứ quán,,,
Cư Sĩ Lê Tuấn Nghĩa vn mình nó phá tan nát hết rừng rồi.,,,
3 tiếng thoai haha,,,
Hằng Grin bạn mk cũng cố gắng thôiiii,,,
nhường cho còn ko ăn đc,,,
:(,,,
Fan thầy lắm đấy 3 heo à,,,
Điên,,,
Ai lớp du chu cà mo :))),,,
du học sinh úc đâí 🤣🤣,,,
Chúc cho team REFUND GAMING và những ai thấy ảnh này 1 năm mới ấm áp bên gia đình và những người mình thương nhé 🥰🥰,,,
Mưa suốt này đi đâu được vậy a Độ :((,,,
Em mà đập đc thằng chính phủ như vậy chắc e đã làm rồi 😂,,,
Bóng già đeo vàng giả sửa như chó,,,
Ok chúc mừng thầy,,,
Vừa nhận được thông báo lên fan cứng thích thú vl :)),,,
"Chuyên mục mỗi ngày 1 tin sốc, sợ vl",,,
CHI ĐEP QUÁ.,,,
Trần Hiếu Cút mẹ mày luôn đi. 🤣🤣🤣,,,
Ai muốn video ib mình gửi nha 😊,,,
Nguyễn Đình Chung dô cái link thầy ghi trên stt đó,,,
Nhân viên quán bar và mấy ông nội ăn chung lúc này :,,,
Nhớ thằng NYC quá ta 😅,,,
"đây đừng hỏi tại sao mình có suy nghĩ khác nhé, đẩy lùi? khi mà bảo vệ các con chiens không đập phá tài sản để ko bị kiện ngược lại thì thành ra như thế này đây",,,
Chúng nó vay xong làm ăn thua lỗ tính bán cả nước đi trả nợ mà ..?... nhà tiên tri nói thế,,,
Cho vào túi nilon thả trôi sông chứ cách ly làm gì tốn chi phí nhà nước,,,
chỉ biết tự nhắc mình cần phải cố gắng thật nhiều để tương lai có thể lo cho em và gd,,,
tưởng các bác thế nào 😂😂,,,
Nhìn muôsn lại kéo khoá dùm quá:),,,
Nghe vô lý nhưng lại cực kì thuyết phục 🙂,,,
"muốn mua cho chồng uống mà cũng thấy tội mình quá, kg đi nổi luôn quá",,,
trả fan cứng lại cho iem =((((,,,
Edit sợ thế =)),,,
Nghe có vẻ mina nhưng lại là abe :)),,,
Hay =))),,,
"Anh sắp cover cô ""thắm không về"" ae nhớ ủng hộ",,,
mải thao 🤣,,,
Này đối diện hồ bời kỳ đồng mà :3,,,
Okela sơnbamtp,,,
"Nghe có vẻ thuyết phục, thôi chúc nốt đã rồi tính tiếp",,,
"Ông Tuân ổng cười khà khà , ổng cười quài luôn á. Ta nói chời ơi cô vừa dễ thương còn thật thà nữa",,,
Ra đường toàn khói bụi,,,
Cười muốn lộn ruột vĩnh thiên kim ca L,,,
Đỗ Xuyên. Bình thuận kìa.,,,
Cà mau nè (P5),,,
Style hư dây kéo 😂,,,
"có 5 loại xe ưu tiên : thứ 1 xe cứu hỏa, thứ 2 xe quân sự và xe công an , thứ 3 xe cứu thương, thứ 4 xe hộ đê, thứ 5 xe có đoàn cảnh sát dẫn đường . vậy trong hình này 2 xe biển xanh nhà nước nếu mà có xe csgt dẫn đường mới là xe ưu tiên thứ 5 nhưng mà ko có xe csgt dẫn đường nên 2 xe này vi phạm nơi đỗ xe",,,
Lê Thuần Triệu official bóng dơ này bán đồ giả nhe bạn nó khịa minh hiếu nên fan tag minh hiếu vào nhé,,,
Nói gì thì nói,,,
Ma ba rat la xinh xan con noi thiet,,,
E trsi làm cái cằm nhọn quá,,,
"đây là nhà của thần tượng cho những ai cần AMEN.https://www.google.com/maps/place/572+L%C3%AA+Quang+%C4%90%E1%BB%8Bnh,+Ph%C6%B0%E1%BB%9Dng+1,+G%C3%B2+V%E1%BA%A5p,+H%E1%BB%93+Ch%C3%AD+Minh,+Vi%E1%BB%87t+Nam/@10.8175314,106.6891305,21z/data=!4m13!1m7!3m6!1s0x317528ef4626ef2b:0xbaad215491e63c25!2zNTcyIEzDqiBRdWFuZyDEkOG7i25oLCBQaMaw4budbmcgMSwgR8OyIFbhuqVwLCBI4buTIENow60gTWluaCwgVmnhu4d0IE5hbQ!3b1!8m2!3d10.8175667!4d106.6891347!3m4!1s0x317528ef4626ef2b:0xbaad215491e63c25!8m2!3d10.8175667!4d106.6891347?hl=vi-VN",,,
"Thứ ko nhân cách , tiền nhìu cko ngta là cai nghiệp kiep truoc thiếu ngta h trả chứ méo đc miếng đức nào đâu mà hô hào , chị ba ! Chị ba phi",,,
T phải phạt cô thật nặng mới được!,,,
Sam oa sam,,,
Popy đi Thầy,,,
😂😂😂🙏,,,
A tôi 😂🤣,,,
ầy ướt quần :<,,,
Tất cả vì mấy thằng bụng phệ óc mỡ quản lí thôi.,,,
Trung quảng cáo 🤔,,,
Troi sao ranh nua,,,
Khổ a tôi,,,
Ae đô nết cho anh tôi mua hack về clear map đi chứ. Nháp hoài thế lày thi toang quá,,,
Thì rõ ràng VN vô đích nên tuy sống với ô nhiễm ở mức nguy hại nhưng dân ta vẫn vui vẻ đi bão và tướng niểng bảo dân ta vẫn vô cùng thông minh đấy thôi !,,,
2022về?!?!hài cốt có đc chưa chứ nói gì đến TD xuong thịt.,,,
O nha ko di lam.  Nghe Nguoi nay noi chuyen cung gietduoc thoi gian. Nham Chan,,,
Nhật Trường giận bay màu😃,,,
Nhìn đội hình chắc ai cũng bt thầy ba yếu nhất,,,
Link mấy phút,,,
Chi ba thong tam chi trong sang thiet,,,
Tuyết Nhi 😶,,,
"Sáng nghe các đài phát thanh của loa Phường ra rả kết luận mà nghe nực cười quá thể, hoá ra mấy tháng qua điều tra các kiểu cũng quay lại giả thuyết ban đầu theo 1 phía trường cung cấp. Vậy thì điều tra quái gì cứ phán quyết bất chấp ngay từ đầu luôn đi cho gọn! Quả báo tới từng người bây giờ! Nhanh lắm!",,,
Mixi không đan em một ai một mình Mixi chấp hết 💣,,,
rửa nách cho tiểu tiểu đi anh ba,,,
Thì chỉ có thể bên phía gia đình bé kia nói sao cho bớt tội thôi chứ sao bây giờ chuyện đâu ai muốn. Phải chi lúc chở quấn lại (chắc tôn ko to nên ko quấn lại đc) thì cũng ko tới nỗi. Chỉ khổ là đi chở thuê mà bị như vậy haizz,,,
Tâm Ngô yen chuyen gia an con đo đo,,,
trần dần chém gió.nghèo kiết xác không có tiền để làm răng gãy mẹ nó hết rồi mà còn ngồi chem gió,,,
Chị Ba khùng nhìn chị buồn nôn,,,
Đăng ký ở đâu ạ,,,
Cừi ẻa á,,,
Nhìn cưng quá tr ơiii😍,,,
Chao chi 3 vang Ngọc,,,
Co ba vang ngọc noi hay qua cho e cacmobi 100 nha co,,,
Ngu người,,,
Nguyễn Thu HườngPhan Xuân HưngThành NguyễnHoàng Văn QuyềnĐào Thị Thu lịch lên Cầu Giấy họp hơi lâu.:v,,,
Trời ơi ! Ngày xưa a tôi khác quá =)))),,,
"lần đầu tiên trong đời đọc 1 bài văn, bài giới thiệu, cũng là cái điều lệ nó tục tĩu 1 cách nhân văn đến như thế, xin lỗi chứ đm ad viết hay lắm, tham gia page luôn :v",,,
Hoàng cn về làm vài nháy chứ béo gì kkk,,,
Mua hay hốt của người ta thế,,,
Mong cụ về việt nam sớm bằng đôi chân khoẻ mạnh chứ 2022 cụ về bằng hòm là cả triệu người khóc,,,
Xem thầy từ lúc 10k sub,,,
Ngầu thế. K giống tộc trưởng ẻo lả nữa r 😂,,,
Cá thấy người lặn đó mấy bác ;)),,,
Cực kì thuyết phục :),,,
"Đôi lúc trong lòng đầy tâm sự nhưng biết nói cùng ai và hiện tại cũng thế , có lúc mong thời gian trôi thật nhanh rồi có lúc mog thời gian chậm lại",,,
Chỉ mong tứ hoàng mãi chơi thân như vậy thôi tụi mày ạ,,,
Trốn thì im sửa cũng chả ai nghe,,,
Con so tròn chứ ko có mấy cái ngạnh như sam nhé,,,
Đúng tính cách a ấy luôn bây ơi. Loài hợp quần,,,
Hoàng Đình Dũng đi xa chỗ này ra,,,
😂🤣😂👍👍👍😂🤣😂,,,
"Cứ chửi bọn tư bổn, mà sao con cái, quan chức ko ở xứ thiên đường mà trốn ở lại xứ dẫy chết là sao.",,,
Huy Mikochi in ở đâu v ta. Ib cho ai bh,,,
Vinaphone,,,
Vô liêm sỉ. Dối trá. Tàn độc mà đòi chổ tựa của văn minh sao? Tìm lại các câu nói của đảng viên coi..,,,
SAO KHÔNG MỞ ĐẦU BẲNG CÂU '' ĐỊT MẸ '' NGHE CÓ PHẢI HẤP DẨN HƠN KHÔNG,,,
Dạo này báo tuổi trẻ muốn đi theo báo người cao tuổi =)),,,
cc ne Chu Tich. Phạt tao đi.,,,
"Bài này bình thường hơn so với mấy bài trước nhiều,",,,
Đọc cmt mà tức vl 🙂,,,
Chữ bắt kì nghe thấy thích rồi 🤣🤣,,,
Ae thất lạc của abe ak,,,
Cđl lo xa ghê,,,
Tinh yêu như con chuồn chuồn,,,
Cực kì thuyết phục 🤣,,,
Kiều Trinh Hương Giang Khúc Nguyễn Minh Như huhu tết này chị em về đánh bài miếng i :),,,
Tối Thầy stream đá phò đi thầy ơi,,,
Chưa xem ai chửi mà t cười như thế này 🤣🤣🤣🤣🤣,,,
"Cái này là nói thiệt..con quỹ này bán hàng dõm 100 %..nhỏ bạn tui có mua 1 lần về xài thử, như là nước lạnh, nt hỏi thì bị chặn, lúc trước mình cũg tưởng uy tín mà nge nói dậy lúc nó live mình vô hỏi bị nó chặn ln...lừa đảo",,,
Lê Hải Long bởi vì chó là vật nuôi và lợn gà bò dê dc nuôi để ăn ok ? Ngu còn tỏ ra nguy hiểm :))),,,
0338929069catvitel chị ba,,,
Giờ xem tinh ngủ luôn,,,
Kiếp bóng gió sống được lâu năm mà sao ko giữ được cái nết vậy...,,,
ổng tưởng ko đc.hóa ra đc thâtj.hihi.sbtc vô địch,,,
Nhưng mà khi tỏ tình xong rồi bất bại vừa mất ng mình thương vừa mất luôn bạn 🙂,,,
Về còn Linh Cậu Diệt dành Cho dien,,,
Ủa rồi nhiều tiền để mang dịch về hay gì,,,
Tạ Thị Quỳnh khôn nhề,,,
Mình hạ hoà này gần ngay chỗ mình oét mà vẫn phải đi học😪,,,
Ô uế cái đất A Bảnh ra🤧🤧,,,
Tú Tý Tởn cười cái qq à bạn :((,,,
Chí quá thầy ơi,,,
Mốt bể bánh xe giữa đường cũng bị phạt!!! Lý do bể bánh dắt bộ gây cản trở giao thông kkkkkk,,,
Hồng Thắm book lịch đánh nhà cá nha :))),,,
Chờ Cái loz 😉,,,
Trịnh Nam Long,,,
Hít keo chó nhiều quá dẫn tới hậu quả bị ngáo đá,,,
Nhìn mặt đã thấy chán mà còn 2 nhiệm kì thì chán con mẹ nó luôn rui,,,
thầy có nhận học sinh cá biệt hông thầy :))),,,
ơn giời cậu đây rồi. trần dần chưa chết còn dược xem hài miễn phí dài dài,,,
Duyen Huynh chắc cty mình đó :))),,,
Cháy ô tô cái bình nhỏ để làm gì vậy,,,
Lần sau lấy xe máy mà đi già rồi mà cứ thích đú theo tụi nhỏ :))),,,
Vậy đó hả :))),,,
Ý thức?,,,
"Anh sắp cover cô ""thắm không về"" ae nhớ ủng hộ",,,
Đcm game lol gì cay vãi Như Quỳnh nào mua máy về tải t chơi,,,
"Vũ Thanh Huyền đừng dạy ng giàu cách xài tiền nhé,",,,
Chị đẹp Quá chị yêu ơi,,,
sell slot cho đỡ căng,,,
Thứ chúng tôi muốn,,,
My Moi Biet Minh Hieu Nhung Ngje Minh Hieu Noi Vui Chan That,,,
Do con mẹ nữa chứ k phải mỗi thợ. :))),,,
:(( anh trung đít bự,,,
Cứ tiếp tục như vầy thì không lâu nữa đâu,,,
Ok thầy nhé,,,
"Lê Tuấn Nào nào, Đừng khịa k98 của em chứ anh =))))",,,
"ổng nói đúng nhé, đa số là thực phẩm an toàn mà: Nhà hàng 5 sao, siêu thị, Lotte, KFC,... tại dân nghèo không thèm ăn thôi :v ai kiu họ nghèo làm gì :v",,,
"Dang gi thi Dang, dem lai DôcLâp ThôngNhât DâtNuoc, co ngày hôm nay là môt Suc-Manh duy-nhât co môt không hai cua Thuong-Dê ban cho, rât qui-bau con qui hon hêt tât ca kim-cuong, vàng-bac.",,,
Nghĩ có lộn ruột không 🤣🤣🤣,,,
Haha “ Chị thấy cái đó là chị xỉu” haha cười ỉa với bả,,,
Ngọc Lan Huỳnh m đó Nu. sắm quanh năm mà tết cũng bày đặt mua đồ tết đồ :))),,,
Còn hoan nghênh nữa =))),,,
Coi kênh thầy đéo bh bật loa ngoài =)),,,
Cái bài hát này nghe lại muốn khóc ghê 😭😭😭,,,
Phòng ốc sạch sẽ thoáng mát. Ăn ngủ điều độ đúng giờ,,,
Xin video với broh,,,
Giải nhất luôn nha 😂,,,
"Hồ Hoàng Huy thế từ 17 đến 33 là bao nhiêu mà nói là \""chỉ\"" ?",,,
Tao cháo bác Hồ nè,,,
"Sll 4,5K",,,
Chị trang ơi tối nay chị có thể cho anh độ ngủ ngoài ban công cũng được :3,,,
clm =((,,,
Ghê kakaka 😂,,,
Ủa tưởng ý thức người nhật cao lắm ?,,,
Mong là k lủng như năm qua :v,,,
Thiết nghĩ tiền với đam mê nó luôn đi cùng nhau mà 🤔 đam mê của t là tiền 😌,,,
Phạm Hương người ta gọi là đi trước thời đại đấy bạn ạ,,,
Cực kỳ thuyết phục 🤣🤣🤣,,,
mớ để ý kỉ a mc đẹp trai vừa gì😊 cười cái muốn rụng tim luôn ❤️,,,
Link die ?,,,
Cực kì thuyết phục :)),,,
Viet Mai Tran được quá nhờ,,,
cắt. Diễn tốt lắm,,,
áo khá xịn xò :v,,,
Hong này Bà Linh nói đúng mà coi cười ỉa luôn,,,
Nhị Thắng éo gì căng thế bạn 🤣,,,
Nhìn anh Châu dthw cute ghê thích anh r đó,,,
"Tụi nó cho con cháu sag nc ngoài hết r nhá , chúng nó k quan tâm",,,
Tẩy chay là xong mõm vs bọn này làm gì. N là ng của cty ấy :))),,,
BaLight Liên Minh susan hay hơn 😂,,,
.,,,
HHaaa,,,
Cách phân biệt thằng ngu ba gà và ba vi thì đúng hơn đó thầy,,,
Nào ta cùng share cho cô đi mấy bợn,,,
Ông già nhà mình đi họp tổ dân phố với con mều nên mình thay ổng stream =))),,,
Khá Trần có những người tai trâu. nghe nhạc theo số đông nhạc thị trường. thấy ngta khen hay thi cung khen. cha biết đên tầm này tháng sau còn biết đên bài này la gì không nữa.,,,
Nhanh chậm cái địt mẹ mày,,,
Cho chết mẹ nó cái đám bò đỏ đần độn,,,
"họ nhận lương từ chính quyền , chính quyền làm sai, mọi người hảy chửi chính quyền, bộ đội họ không có lỗi, họ đáng đc xem trọng nhiều hơn thế, còn về MC phan anh, mình không làm đc như a ấy nên không bình luận",,,
Khi bạn xai trính tã nhưng cá ghén vít đún trính tã :)),,,
Đây là câu chuyện không được vui =))),,,
cái kết ?,,,
Tiêu Chảy Cấp,,,
Đáng sợ:))) thả tim cho abe❤️,,,
Cực kỳ chân chọng :)),,,
"Nghe rất thuyết phục tuy hơi vô lý nhưng ngẫm lại ta thấy cái vô lý rất thuyết phục nhưng lại mâu thuẫn với cái thuyết phục đằng trước nên suy ra thật vô lý , đó là một cái vô lý đến hợp lý , đến dễ dàng thuyết phục ta tin cái vô lý thật thuyết phục. Thuyết phục cái vô lý thật hợp lý trong vô lý của sự không hợp lý đó và sự không hợp lý đó lại tiếp tục rất thuyết phục cái hợp lý của ko hợp lý.",,,
Trần Ngọc Huy đừng để có lần sau nựa. T nói lần cuối. Tin hay không thì tuỳ,,,
Ai ngu thì uống rồi có ngày thấy cái j đó là lạ rồi lại 7 năm,,,
Kệ mẹ mày,,,
Tưởng đôi này :)),,,
Cô nói chuyện thật thà quá.. Thương cô quá trời luôn 😚😚,,,
thầy của tụi bay nè,,,
Tổn thương nhiều lần con người ta sẽ chẳng muốn yêu thêm 1 ai nữa,,,
Đó là vlog hay music vậy mọi người ?,,,
Em cừi ỉa lun á,,,
Cay sương sương,,,
👍👍👍👍👍👍❤️❤️❤️🌹🌹🌹,,,
Mình hỏi ngu cái nha bả là nam hay nữ vậy :)),,,
Cảm ơn Anh Lân nhiều! Giải trí mùa corona,,,
"Ok thầy, thầy sela",,,
Má thằng mả mẹ nào design nhìn mới tưởng nó mặc thêm 1 quần chưa kịp kéo khóa. Style kiểu này kn là thằng LÝ QUÝ KHÁNH,,,
Like hộ mình cái ảnh bià với ạ,,,
Cực kì thất nghiệp:(,,,
xưa nay voz vẫn chất với những cua rơ như thế rồi bạn ui :3,,,
em cũng 2k1 nhưng đúp mí đau a ạ :((,,,
Trinh Ái :))))),,,
Tuổi lồn sánh vai,,,
"Ca giao thông hay đứng sau mấy chiếc xe tải to to dành làn đường của xe máy, lấn làn tí để k đụng xe tải bị mấy chú thổi vào hết 200k",,,
thôi em cũng ạ thầy,,,
Đm tao cừ tao ỉa 🤣🤣,,,
"Nhị Thắng được kết bạn với top cmt, ưng quá hi",,,
I <3 Đà Nẵng,,,
bà Độ vlog ko bắn khác hẳn 🤣🤣🤣,,,
Cũng muốn mặc đồ hàng hiệu của dân chơi Cao Bằng :<< ahihi,,,
"chào buổi sáng , chúc ngày mới tốt lành",,,
Gần bằng Bác Ngạn kể rồi anh ưi 🙄🙄,,,
Mạnh mẽ và Nam tính,,,
Phạm Huy Đạt Đú và thử trải nghiệm dòng nhạc mới nó khác nhau nhé bạn ơi!!!,,,
chúc thầy mùa sau mua dc slot VCSA chứ đánh thì đ' lên nổi đâu,,,
thêm cái này nữa thì nó lại hợp lí vcl,,,
Tộc này căng đét làng này chất lừ:>,,,
Nguyễn Anh Trung ok,,,
tôi biết đchi nhé các b haha 🌈🌈🌈,,,
đúng là CHÁY NHÀ mới ra MẶT CHUỘT.,,,
đem hẳn đặc sản ra trình làng,,,
Anh em miên bac đâu hết rồi,,,
Mày chỉ sống thêm 11 ngày nữa thôi! Tao dạy mày những điều tốt đẹp sao mày sủa bậy thế Trần Đần.,,,
Ahihiiii,,,
thôi thì toang anh ơi,,,
Trần Hùng bịt khẩu trang mà đb,,,
Nhà con đó giàu mà. Bắt nó đền đi. :)),,,
Cho hỏi nhận 1 cái 2 lần thì dc thêm cái j ko ?,,,
May là sửa kịp :)))),,,
Combo bất hạnh,,,
"Thật sự bài này không bắt tai lắm, hơi tệ hơn mấy bài trước, nhưng anh comeback là vui rồi , mấy fan đừng chọi gạch đá nha, ý kiến riêng",,,
Rắc đỉnh quá mà😕,,,
Học anh ba có mà chớt :3,,,
"Kyo York bạn hát tiếng việt chắc ko hay bang nữa là mà so sánh, ha ha",,,
A Di Đà Phật mong là dịch sẽ đập tắc,,,
Ủa Sao lật mặt rồi,,,
Nguyen The Anh anh ad vui tính ghee,,,
Phan Mạnh Cường bạn lên xung phong đi chứ k ai mong chết đầu tiên đâu,,,
Thanh Nguyễn việc nhẹ mà lương cao nak 😂,,,
"Ko phải chê gì chứ khả năng win của sbtc quá cao. Sela kidz clear vs petland toàn những thanh niên chuyên nghiệp try hard vkl sao những ""ông già"" bên kia chơi lại. Còn thầy lồn thì t xin mạng phép bỏ qua ko nói tới coi như sbtc 4 đánh 6",,,
@TheJaboProductions 3/// là nước gì lạ vậy,,,
Còn nhieu thu lam !!!!!,,,
"cả 2 đều có vấn đề khi sự kiện "" Trịnh - Nguyễn phân tranh "" =))",,,
Hải Yến tổ sư con dở ng nghĩ mình hài hước hay lòn gì cmt để ngta ỉa vào mặt à Hải Yến ơi,,,
Cô lê na là ai vậy mn,,,
Như này đủ gánh chưa mấy đứa,,,
Quốc Cường đang rửa tiền tỷ ở Nga sao á.Tiền tỷ ở đây là tiền của Jack.T nghĩ vậy ai có quan điểm nào khác không?,,,
Nhã My Lê em chồng tăng thanh Hà á,,,
Bát mì của anh chắc em tích tiền ăn sáng 3 năm mới đủ =]],,,
Nhận thấy mình nhạt vl :3,,,
Đây là câu nói mà rất nhiều ae muốn gửi gắm tới anh Tiệp :))),,,
thay nhời muốn nói.....còn nhiều loài tương tự zậy đó. ai rỗi hơi sưu tầm tiếp đi.....,,,
0969779003 gọi hằg đêm kiếm ẻm này nha,,,
Được 2 cái,,,
B52 thích láy máy bay bà già =)),,,
Khóa tới chắc đồng chí ấy phải lên bí thư ấy nhỉ .... Lúc ấy lại bác hang seo muôn năm .... Nghĩ tới đây tự nhiên đau cả bụng ...,,,
Calvin Dang these guys are funny,,,
"Và người dân nghèo_trẻ em,cụ già không đc hưởng ASXH",,,
Đem có 30 mấy triệu hà,,,
"Cô Minh Hiếu ng miền tây, dưới quê lên mà nói chuyện rất là duyên dáng, dễ thương lắm luôn!! Chỉ có MC là vô duyên thôi!",,,
Hi Độ tỷ tỷ -)),,,
Hồ Quốc Tiến xin ảnh gốc,,,
"GẠT vô má nhà báo thì TỰ KIỂM ĐIỂM, nhà báo bị ăn ""GẠT"" thì phạt 10 mấy chai. Cái xã hội j vậy?",,,
Dũng Trần người việt sang Mỹ :( xong bay dìa cái thành người thứ 34 :(,,,
Mù mắt gaming :v,,,
em cũng không biết nứa -_-,,,
"Chịu khó đọc báo dùm. Tiền xây tượng do dân địa phương đóng góp. Nguyên nhân tháo dở là do xây dựg ko xin phép cơ quan sở tại. Vải lại đag trong quá trình xây dựng nhé. Ko lẻ mấy lủ ngu các người xây nhà kiểu Âu Mỹ mà ko xin phép, bị cơ quan thẩm quyền tháo dở. Lủ ngu lại riêu rao: Do xây nhà theo kiểu tư bản nên bị chính quyền ngăn cấm àk? Lên mạng chi mà ko khôn ra được, thằng ad page này có vấn đề về nảo bộ",,,
Cô my cho ăn chai sting vô đầu nha thầy,,,
"ủa, có gì lạ hả :))",,,
Like đầu 🤣,,,
Trần Nhật Hoài nhai lại nhiều thì nó quen ông ạ,,,
Sang Nguyen vậy mày xen vô chi vậy,,,
Nguyễn Kim Chi lây cho khỉ rồi sao. 🤣,,,
Nguyen anh hùng . Đay minh an sam ban nhé .nếu con so chắc mình ko cmt ở đay đau 😭,,,
Sau vụ nay anh tiệp chuyển qua nuôi heo.vì ko ai mua gà của anh nữa,,,
Mới ngày nào chị chị em em sao giờ chửi rồi,,,
Ng Văn Hải giống vkl =))),,,
Vũ Hạnh Dương cô mình hơi nóng hia hiaaaa😂,,,
Chán,,,
Anh Sẽ Đến 100 củ to quá,,,
Phạm Nguyễn Cát Vy ai biết .,,,
Lê Hoàng Trọng xin video,,,
mất dậy thật,,,
Chị Trang nhìn dễ thương thực sự 😆😆😆,,,
Hay quá chị ơi,,,
Thầy k live à thầy,,,
"tốt, cứ giá cao đi -_- chứ bh nông dân cũng mua đc xe thì k biết đường nó còn ra cái gì",,,
"Đương nhiên tại vì nó là nc phát triển, những mầm bệnh của thuốc nó có thể chữa đc triệt để, và gần như mầm bệnh này ở môi trường sạch như nc nó gần như là ko tồn tại nên nó có thể sử dụng những loại vắcxin khác ko cần có độc tính mạnh như quinvaxem cò",,,
Thiếu bóng dáng cô Đẩu.,,,
"Jack hát nhạc vàng thì hợp,luyến láy như c",,,
Hieu Trung ưng vcc mà,,,
"Hazardous là cấp “cực kỳ nguy hiểm”, thằng giáo toang Nguyễn Khắc Ngọc đâu, vô sủa mấy câu tao coi",,,
Tien Loc Truong,,,
Tác hại của mà tuý thật khôn lường,,,
Linh Chó biệt danh linh cau,,,
Thắng m k về sớm thì ở ngoài đó luôn đi 😐,,,
Nghe có vẻ vô lí nhưng rất thuyết phục,,,
xuất khẩu gạo còn bị trả về vì vượt mức an toàn thì làm ăn j nữa,,,
Ô này xin làm lảnh đạo chỉ nhận thù lao $1/1 năm(đở tốn lắm đó nhe.,,,
Quận gò vấp tỉnh gia định. 🤣 Có gì đó sai sai,,,
MC Phan Trung :)),,,
Nghiêm Văn Tú j rẻ vậy thím,,,
Bài này ko nghe rõ được chữ nghe ko hay như những bài trước (ý kiến cá nhân) nha,,,
Viwe cao là do Bh các e học sinh đang đc ngỷ 😅 còn về nhạc và lời thì k muốn nhắc tới 😌,,,
Nghe chuyện chồng chị mà thấy thương 2 mẹ con vợ của anh chồng. Ổng lấy vợ sanh con cho tròn chữ hiếu với gđ rồi lại bỏ theo chị. Mong là c sẽ giúp đỡ 2 mẹ con kia và cũng chúc ac hp.,,,
cái gì thế :)),,,
Anh trung bú đá,,,
"Em rất hài lòng với cuộc sống mình đang có, nhưng em không hài lòng với việc trông không đến nỗi nào mà đéo có nỗi anh ny 🙂",,,
Vừa dùng vừa sạc lại toang,,,
"Sủa như chó đc 3 củ còn đ' đủ ăn cơm, bọn kia đ' làm gì vẫn đc đi định cư :v đúng là kiếp con bò",,,
Tui muốn đi đúng làn lắm,,,
Nguyễn Hoạt bác giỏi thật,,,
Làm video chưa bạn,,,
Ghê,,,
Biết bao nhiu $ mới vào được.. không ăn hối lộ thì ăn cức à.. khj nào mới hồi vốn chứ.. ng ta là dân làm ăn mà..,,,
Về nước a nên vào tù ở trước thay vì gặp người khác xaolol,,,
"Trần Thư từ hồi diễn ở đâu đấy ko có beat , gẩy mãi có dc đâu :))",,,
Hay!,,,
Cố lên Thầy ơi,,,
Phuonng Annh Ý là nói tình hình đn vậy thôi hà chứ gì đâu 😂😂,,,
Ad nói chiện như cc ngta phò thì đã sao ngta có trộm cướp gì nhà m chưa hả con chó ad ??? M đã xác định đc nghề nghiệp của ta chưa mà chửi chửi thì chửi cho đúng chư đừng thấy sao,,,
-.-,,,
@Em Gái Có Cu cái đó hàng chi ân hoặc công ty,,,
Sống chậm thui các bro =)),,,
Ai đi ngang qua vào wall em like avt mới dùm em ạ. Em cảm ơn nhiều 😢🙆‍♀️,,,
Ta thấy mùi vàng nên cô đẹp đó mà cô vẫn là idol của con,,,
Hai em đẹp quá,,,
Tính tiền,,,
Ủa rùi nào mới chịu hết vậy,,,
Ko liên quan lắm 🤣🤣,,,
Trường Tiến Nó biết rút kinh nghiệm từ “ Nhung 17 “ rồi,,,
Bữa nay mới thấy Trần dần nói chuẩn,,,
Nhìn cứ như 2 pha!,,,
Bả nói chuyện cười chết phải nói là có khiếu,,,
Anh có thể đi những đâu? Nhưng đã về Việt Nam thì anh phải chấp hành lệnh. Cãi thì mời a về nơi mới nhập cảnh và miễn thị thực anh về Việt Nam khi chưa hết dịch! Xong,,,
"Bây giờ tôi mới vay 250T, trước là đồng chí khác vay tôi ko biết :)",,,
xịt lốp oto khác vs xịt lốp xe máy. tiền phạt oto khác vs xe máy,,,
Có cả trăm ca nhiễm và mỗi trận cả chục nghìn người vào sân chả ảnh hưởng bảo nào :)),,,
Thanh Tú quả mũ tôm trông yêu vl =))))))),,,
này thì nhây :v,,,
Đũng là đ có trải nghiệm riêng nên rất khó 🙂,,,
M nghĩ bả cần một thằng bóng kín.,,,
Có lột cả va li ra như thế kia k,,,
Anh Trung trộm vé số,,,
Cô rô la nó thích món khoái khẩu này lắm !!,,,
Ngủ ngoài đường anh ơi,,,
"Ủa tứ quý có chặt đôi heo đc đâu, lộ tứ quý rồi nhaaa hahhahaha t cho m thúi Trần Thị Linh Ánh Bui Thi My Ngoc Thanh Hà Thanh Thảo Thùy Trang Lê Thị Oanh Hoàng Linhc",,,
Quâ chuâne,,,
chưa bị rạch va li là còn may :v,,,
gửi đến cô gái nào đó tên nhung,,,
@Văn Nguyễn .,,,
Do mẹ nữa nhaaaa các cô chú,,,
Trà ơ t vẫn chúc sinh nhật m thế đéo nào nhỉ,,,
B52,,,
Làm ngày đc nhiêu tiền Ad...ahihi,,,
T bán sáp gôm vs dầu gội nhé :)),,,
Bà này nói có phân k đúng lắm,,,
Trần Công Minh đúng sao phải chịu 😃,,,
Ngọc Hào la sao ong,,,
Khai giảng cuối thời hsinh mầm non✌🏻,,,
Chỉ là mặt anh pv tự va vào đấm thôi 😏,,,
Em sẽ chờ súprai kênh mới của thầy... Yêu thầy :(((((((,,,
Cực kì thuyết phục🤣🤣,,,
Tác hại của việc nói triết lí quá nhiều đấy anh em ạ =)),,,
Cứ ngỡ là Black widow :)),,,
Cô ơi mắc cười quá 😂😂😂😂,,,
Chủ quán bánh mì tấu hài cực mạnh,,,
Đặng Tiến Hoàng sếpp,,,
Đau vc :(( nhưng vẫn thả haha :)),,,
Hieu Trung ưng vcc mà,,,
hôm nay GAM Thua nữa thì lập kênh Thầy Giáo LMHT Tốc Chiến và Thầy Giáo Thẻ Bài nha,,,
đọc đâu cũng thấy lầm than :)))),,,
Đã gọi nó là cá lóc rui thi mỏ cá lóc nó làm sao đẹp được,,,
Ng ta có ngu ngơ ng ta mới đi hỏi. Chứ nó khôn như ông admin hỏi làm đéo gì cho nó mang tiếng. Thánh chửi thành thánh soi. Cũng móc từ tokyo baito mà ra. Ở sâu xa ng vn vẫn thích coi móc ng vn. Nói đi cũng phải nói lại . Đứa thì có chút lòng tham. Đứa,,,
"Ôi ! Câu chuyện thật hay , ông ấy trả lại là đúng , là một con người tốt không tham lam những gì không phải của mình . Dù nghèo , dù khốn khó nhưng vẫn giữ được trong sạch đó là phẩm chất đáng quí , đáng nễ . Ông ấy sẻ gặp được người tốt giúp đỡ thôi .",,,
nó là IQ đến từ cao bằng đấy,,,
"Ủa ngộ nói hồi xưa nhà nghèo ko có tiền, vậy lấy đâu ra 100 cây vàng mà mẹ chết để lại. hết sức mâu thuẫn ?????",,,
Mỗi người 1 công việc..dm thằng đăng bài ngu đéo chịu đc,,,
ISIS,,,
"Chúc các anh các chị không phải đi bụi nhé ,hihi,sang năm em mới thi",,,
Duy Trần xin video,,,
Nói chung được cái tấu hài với gáy khét thôi,,,
Bước đường cùng của nguyễn công hoan,,,
Kiếm bạn nữ hợp tác mà chưa thấy mụ nào xuất hiện 🙂,,,
Văn Qúy xin video bạn ơi,,,
Nguyễn Hiền mệt á🤪,,,
Hiếu Bến Tre thế tụi haha có đạo đức tốt ko :) còn có thằng còn tự thả haha vào cả cmt của mình :),,,
Huỳnh Chí Tính CLMM CHỔNG MÔNG LÊN,,,
"Đúng nghĩa "" Bóp Dái Cả Team"" Thầy đánh ntn Lủng hết rồi.",,,
hay a ưiiiii,,,
Đào ĐứcAnh,,,
Đình Quang Không hề,,,
Cười nhiều vào nhé anh em,,,
Người Nhật đã làm cho chủ tịt Nguyen đúc Chung mất phần ăn !,,,
Hay quá.mắc cười xỉu,,,
Nó đây các bác ạ,,,
Thấy Việt Nam lm r bắt trước.,,,
Hưng Ngô ò nghe kieu j í sep,,,
Nó cố ý hay vô tình sống tới giờ vậy,,,
Khi nội dung đã bị a Nhím MVP dân chơi tiết lộ,,,
chuẩn mẹ lun!,,,
Việt nam tập trung nông nghiệp nuôi 3 triệu con bò đỏ,,,
Vy Trần đú trend sớm,,,
Trúc Ngân bị đứng view à?,,,
- cả 2 cũng chỉ ngu như nhau thoii khỏi so sánh :)),,,
Con này nếu mà ăn đu đủ thì nó phải ăn chiều ngang mới vừa mồm,,,
Wwhat,,,
"Còn âm ý chứ 0,01 đã tốt 😂😂",,,
Bổ ích vl,,,
Cú lao ngoạn ngục đến từ tùng soi,,,
Tổ chức đám tang . Toang rồi .,,,
Thể hiện rõ là con ng có chí hướng,,,
hát như cái đách lồn dị đó Abe:),,,
382784127,,,
Nghe ko hợp lí nhưng thuyết phục anh ơi :)),,,
Gội đầu bằng Clear rồi như thầy nè,,,
Tuyệt vời!,,,
Em tới đây khoe huy hiệu anh ơi :))),,,
"Kệ mẹ người ta đi, ăn mã cha của mày hả page Lồn.",,,
"Nhìn  chú trấn dần giống bị nhiễm lắm, không biết có phải không? Nhìn hài thật",,,
Già mà non =(((,,,
"page này thành phản động ak,dkm toàn post nhảm k",,,
Mạng nhà t lúc này,,,
Đi đám cưới được không ?,,,
Sad,,,
Đệt cmm 😃,,,
Nguoi ta chuyen gioi rôi. No lam lôn roi đê đu thăng cha tyi bay.,,,
Hảo Đen có cl ý :)),,,
ong do chuan bi co dua thu 2 roi,,,
"Téo tèo teo, chúc mừng bạn quay vào ô mất lượt 😂😂😂",,,
Nas: VN là một trong những quốc gia hạnh phúc nhất trên TG,,,
Hoàng Thu Trang,,,
"Chưa nghe bản gốc, xem xong muốn nín thở lun",,,
Phạm Văn Lộc chán idol quá,,,
Nhật Nam áo đỏ chứng tỏ iu anh :v,,,
Bế nó luôn đi mấy anh zai,,,
Ditme nẫu ruộttt,,,
- link coi -_-,,,
Ai bt cách khắc phục lỗi mạng ko chứ 4g wifi cũng đứng quài,,,
Chú nói bậy ...hi sinh hên mình,,,
E thích cây bút của chị :)),,,
Đm dự đoán chứ đã kết luận đâu. Kích động vl.,,,
Nếu ông lỗ dẹp,,,
"Còn mày có con cũng ngu lắm, đẻ con ra cẩn thận đó",,,
nghe xong thấy kicm là producer cho Jack thấy hợp hơn:)),,,
đíu tin được luôn =)))))))),,,
Đấy nghe chưa. Quốc sư nói Mỹ đã xóa cờ hó VNCH lâu rồi.,,,
nhìn hình thì cô giáo đúng nha :D,,,
thêm quả đầu trọc nữa bức ảnh sẽ ez hơn a ạ :)),,,
Huỳnh Vicky,,,
Tội anh ghê:((( phải đi phẫu thuật chân:(((,,,
Hải Triều cay thật,,,
Chữa cho cô gái covic19 xong. Yêu cầu truy cứu trách nhiệm hình sự. Gây ảnh hưởng sức khỏe cộng đồng,,,
Thử thuốc xong toang luôn là vừa:<,,,
Chi vậy trời?,,,
Nhận tin Tú đang bị nguy hiểm Abe Sài Gòn bỏ đi,,,
alo alo!,,,
bà nên tìm hiểu trước đi rồi mới nói,,,
mái tóc đâu rồi :((,,,
May di wua dai loan kiem no o dau tp len mang noi cho dung len thanh pho kiem dau ra cao long ba noi,,,
Mình thi qua rồi nghe xong vẫn rơm rớm. Căn bản 12 năm đèn sách mình chưa từng có năm nào cố gắng hết mình và kết quả là trượt đại học 🙂,,,
Cái địt cụ nhà chúng nó ? Việt nam nhiều giáo sư tiến sỹ nhất thế giới mà chẳng thằng lồn nào hiểu chất độc nó là cái gì??? Bọn bú lồn ăn tục nói phét thôi,,,
Ae cho mình hỏi làm sao mua khô gà vậy??,,,
Như 1 con khùng,,,
Còn thua xa JB của t,,,
A ở trỏng dồi ai đi Dubai làm clip hả a Tiệp ơi 🤪,,,
chien quan Nam mô a di đà men,,,
Cô Hiếu oi cho con xin sđt,,,
best toán học :)),,,
cục trưởng mẫu mực :v,,,
Nó lại hợp lí vl =)),,,
Hài vcl. Buồn mà xem video của Thầy là muốn tự tử :)),,,
NÊN LO SỢ VÀ PHÒNG TRÁNH ĐI NHE ĐỪNG CÓ CHỦ QUAN,,,
hú,,,
Ai thích bé này hơm :)))),,,
Thay Ngu,,,
Nhờn với chúng tôi à :)),,,
"Qv Diện tớ bít mà,idol giới trẻ 😄",,,
Anh em sinh đôi 👬,,,
ủa sao vô game kh thấy đâu :((,,,
Ở Hàn Quốc nó là cánh hoa chứ ở Việt Nam nó lại ở 1 diễn biến khác :)))),,,
"Bạn nào ủng hộ mình với , please 🥺🙏",,,
Sẵn sàng cho cuộc hôn nhân đổ vỡ tiếp theo :v,,,
"@Hoàng Phúc Lê t củng đã cmt gì trên fb bả đâu mà bị chửi chỉ là đọc thấy ko thích ok, m ko đọc là t củng thích xem clip vì vui nhưng đọc cmt thì thấy nhiều cái quá đáng à chứ t chửi gì cô lan của m. Lgbt tối ngày đòi bình đẳng ko kì thị nhưng người ta chưa nói động chạm gì mà dựng lồn lên chửi như m thì người ta ai ko ghét 🙂",,,
Ae hay đi đôi giày này và sút tung mỏ bọn nó trc khi đi nghĩa vụ nhé,,,
Đếm tiền chạy ngay ra nước ngoài chốn dịch,,,
"Địt mẹ, ông thử ăn cá kho đi, càng hâm lại nó ăn lại càng ngon vailone :)",,,
Comment sặc mùi GATO,,,
Arsenal hắt hơi Ngoại Hạng Anh chao đảo,,,
Ngô Thư tao cũng mong nó lên đường trong mùa này,,,
Năm nay ở nhà bế con đc xem táo quân là ấm rồi 🥰,,,
May chi em.xinh s xac,,,
stress chị lại đi châu âu du lịch tiếp.ez,,,
Hôm lay Sói sẽ làm vlog đưa ông già đi ăn cua hoàng đế siêu to khổng lồ nhé mọi người :))))))))))))))))))),,,
"Đúng tên rồi đó, đây đéo phải Sài gòn :)",,,
Comment,,,
Mong thầy show các giáo án chuẩn chỉ :(,,,
Cô 3 vàng ngọc number 1,,,
Đồq hươq Cần Thơ.,,,
Co ba ok,,,
Nhìn mặt mày dao kéo nhiều quá rồi đẹp gì ghê quá,,,
Xin video ông ei,,,
"Phạm Văn Đồng thì do bên đó người ta không chữa trị mà bảo ở nhà tự cách ly, tự chữa, không cho xét nghiệm. Với một người dân bình thường không có tý kiến thức về y học, bạn có dám đùa với mạng sống mình không. Về VN, với đội ngũ các y bác sỹ mình ít nhất họ còn cho mình chút niềm tin.",,,
Chiều pick susan nha thầy <3,,,
Adidaphat Quay đầu là bờ. Việt Nam luôn dang tay với những đứa con tội lỗi biệt ăn năn.,,,
hay quá abe,,,
Tùng Lê này lâu rồi,,,
Trần Thanh Trúc e làm hết 2tr,,,
Vậy có đi tù ko,,,
cà khịa t chém,,,
Phạm Thanh như thế tức là lây từ Nhung hả b? B nghĩ kĩ chưa?,,,
Tôi tượng ông thơ o xi rôi,,,
Hoa nở bặc bặc,,,
nếu nó khai báo cẩn thận thì cả máy bay bị cách ly ngay từ đầu thì có phải giờ đỡ khổ không. Chúng ta đéo nên bênh các bạn ơi 🙂,,,
Trần Nhật Hoài ai bit,,,
31 ca ( 16c trị khỏi trước đó ) 15 ca đang điều trị trong đó có 8/15 ca nước ngoài,,,
Đa số thực phẩm ko bị tẩm hóa chất đều an toàn,,,
Nước mắt giả tạo vô cùng,,,
Cứ tưởng chị độ hóa là là thằng đi sàm sỡ hả,,,
Chị trang đã xem =)) tối nay ngủ sô pha nha anhhh,,,
Đoàn Duy Diện xin địa chỉ bro ưiiii 🤣🤣🤣,,,
Em chỉ tin mỗi con Susan của thầy thôi,,,
"đúng rồi, thế giới này chỗ nào cũng núp để bắn hết đấy",,,
nghệ đẹp a ơi,,,
Giờ là tới lúc bọn chúng trả thù người biểu tình,,,
con nay mat dai,,,
Sơn Tùng găm mì ở nhà đánh dota thôi,,,
Xức xắcccc :3,,,
Ân Phan bún riêu =)),,,
Nhật Nam áo đỏ chứng tỏ iu anh :v,,,
"Lên chi SG , bà đó ở đài Loan mà tìm gì trời",,,
Thằng này đánh trẻ con chấn thương nặng vì nghi cháu lấy trộm vợt cầu lông,,,
1 phút thôi mà nhìn kìa,,,
Trần Quốc Hưng mi ko thấy thầy tao cướp red à :)))) cướp đc người ta gọi là levi còn như vậy mới là thầy tao :))),,,
Ôi thầy em! Thầy là một người thầy rất mẫu mực và tâm huyết. Thầy đưa giáo án từ susan0175 đến giáo án poppy sách phép không sai một phát nào luôn ý :)) Giờ lại đến giáo án dùng tốc biến với phản xạ nhanh như chớp :)) thạt bổ ích làm sao,,,
sống hết mình vì đam mê vì gia đình anh ưi,,,
Kkkkk chuyện hay,,,
Neu đang j từ mình sáng tạo hay.thi đó mới hoi là tai năng cua mình .con này đang tạo lao anh hưởng thế hệ trẻ nhỏ.mo Phật,,,
Có ai biết paper chính của trần dần ko ạ,,,
Nguyễn Thị Yến Nhi đúng là lưỡi ko xương nhiều đường lắt léo,,,
Hoang mang vailunnn,,,
Hồi xưa la CƯỚP k à,,,
1 tỷ ko bằng miến dải chùi lozz của chị 3 =)),,,
Ông này ghét trung cộng  mà  hình như ông ta  múa bài quyền  phù cáo  có mùi    Tàu khựa,,,
Áo tùng sói khá nổi ;)),,,
"Thực ra ở thành phố kẹt xe quá, mình ko chịu được nên chuyển về quê. Kể ra bác ấy nói cũng có vế đúng",,,
"Đã like avt của t bao giờ chưa mà gáy, làm như t cần m dùng face lắm ý",,,
Dô con di mây ngon lâm ma,,,
Chỉ là kiếm cơm thôi mà :'(,,,
"Ơ cái địt con mẹ con Vj Chon lon nào vào sủa cái câu ngu ngục vcl =))) mục đích ca sĩ ra bài là để cho khán giả nghe ,thưởng thức. Và các khán giả có quyền nhân xét về sản phẩm đó ? Lại là mấy con fans hâm mộ trẩu tre này",,,
Độ chưa bao giờ làm chúng tôi thất vọng =))),,,
nhân vật chính chung lò với John Wich :))),,,
Hoàng Thanh Trung xin clip đi ông,,,
Đây là thằng nào dám làm trc mặt t,,,
Nga Nguyễn xem ròi à,,,
Lin gà của MU về giao lưu với bộ tộc,,,
1 con chó điên đã vào sủa và cắn....,,,
ăn mì gói <3,,,
@Fufu Nguyen hihi hk coi la hk đk,,,
Xin video ạ,,,
Vô lí nhưng rất thuyết phục!,,,
Ok tộc trưởng. Chúc lễ vui vẻ,,,
có Tú lo mà,,,
"Hoàng Yến đây, cánh hoa của bạn trọng thượng và hồ vân",,,
thầy gê thiệt,,,
Trần Sang óc vật,,,
Nguyễn Khánh Quen riết r lại muốn có ny,,,
Đặng Lê Nguyên Nguyễn Tấn Quí,,,
🙂,,,
Anh tao thấy ngột ngạt quá mà :))),,,
"Tiền nhiều làm gì ??? Câu hỏi ấy được rất nhiều bạn trẻ và người lớn đã luôn đặt ra , vâng ngày hôm nay tôi xin được trả lời cho câu hỏi của mọi người là tiền nhiều dùng mua Khô Gà Thầy Ba , khô gà nhà thầy ba , rất ngon , đc xé nhỏ vừa miệng , dưới bà",,,
Thời đại rực rỡ,,,
Mà công nhận cô này xấu ng mà xấu nết thiệt . ng ta gọi là xấu đều là đúng,,,
🙄,,,
"Rất cảm phục những Nhân Sỹ như Chú , canh cánh trong lòng những nỗi niềm với Tổ Quốc , với dân tộc và phải có một lòng can đảm phi thường mới dám chấp bút viết những điều này 👍🏼👍🏼👍🏼",,,
Minh Khánh đr b bài này t nghe hơi ngứa xíu,,,
"Nguyễn Thị Thủy Tiên giờ mới thấy có người tỉnh táo. Công ty gì mà có dịch cũng bắt đi làm không cho nv nghỉ gì hết, buồn hết sức :)))",,,
Cái style nó ngộ💁,,,
Hạnh phúc nhé :))),,,
khịa vãi l = )))),,,
Cũng cà mau nè p6 m.n đk kênh giúp e với ạ,,,
Thằng việt quá ngu nhưng lại a dua thằng trung cẩu,,,
Nguyễn Vạn Xuân Nguyên ?,,,
Chắc ko ?,,,
Bình Võ người sida đâu ai xông pha đi hiến máu 🙂,,,
Vl.gắt,,,
Quang Luật nghe vẻ ổn bạn êiiiii😂,,,
Chuôi con Linh love Chet Chet me no Di nguoi dep oi,,,
Game j v thầy,,,
Tuổi trẻ chưa trải sự đời,,,
Kinh nghiệm 5 năm học lớp 11 của Sela 😁😁😁,,,
Thanh Thanh chăn trần bông như hình mẫu nha b,,,
"Cầu mong chỉ dừng lại con số 38 đừng bao giờ lên 40,chỉ mong nhưng người con dân việt nam hiện đang bị ncov19 mong hết bịnh và nhưng người hiện đang xét nghiệm nghi ngờ đều bị âm tính ncov19 hết ,mong những điều tốt đẹp đếnh vơi con dân Việt Nam ❤️",,,
gầm bàn của anh lại khá là sạch :>,,,
Con Linh nó vẫn chứng nào tật nấy . Vì bản chất của nó là vậy. 😏,,,
Phúc Hưng h mới thấy,,,
Nhìn cái mặt muốn xịt chó cắn,,,
Anh quên kéo khoá vs đóng cúc nên để vậy đấy.,,,
Miễn ship ko bạn?,,,
Và ĐM chúng nó sáng chế toàn nông dân,,,
"Công trình này trung quốc cho vay tiền để xây, ko cho nó làm thì chẳng lẽ nó muốn nhật làm. Subway ở sài gòn thì nhật cho vay, nhật làm luôn, chứ mỹ có làm đâu",,,
Anh chụp đúng chỗ em chụp luôn :))),,,
Công nghệ của tàu khựa thì đương nhiên là nó kiểm duyệt rồi ... nó không cho nhắc đến cụm từ hoàng sa trường sa .. vậy mà Việt Nam vẫn cho vận hành mạng vớ vẩn này còn người dân Việt Nam vẫn lao đầu vào mà sử dụng mạng chết toi này .. còn phía chính phủ Việt Nam thông qua mạng này đã mặc nhiên công nhận hoàng sa trường sa là của tàu khựa hay sao,,,
Con nhà cộng nô có khác . Dân có mù có điếc cũng biết cái quân cs nhà nó là lũ bán nước hại dân . Thấy MC PHAN ANH đc nhìu người mến mộ thì nó đi cắn người tốt,,,
Ngọc Ún ngày đ nào cũng grab đi làm.:)),,,
"Ước gì h mk đg ở HN, tối nay kể đc đi bộ dọc Hồ Tây thư giãn thì tốt :)",,,
"24:51 ""dùi vập?"" Là gì vậy",,,
Nhìn gì 🖕,,,
😂😂,,,
Ai nhin vo ai cug bit la may la con trai,,,
Cho ABe 🙂,,,
"Chuyện côvi : toàn người giàu làm hại người nghèo hổng biết đến khi nào mới hết chống đây ? Chỉ biết cầu mong ơn trên cứu vớt dân lành và mong bà con chúng ta , nếu yêu tổ quốc , yêu đồng bào thì ai đang ở đâu thì ở yên đó bớt di chuyển và ra ngoài đường ... khi tổ quốc cần hảy đứng yên dùm một chổ ....",,,
Quả đầu màu xanh . Chơi đc nữa tháng 😂,,,
Xin link gốc?,,,
Trần Uyên chắc đang cày view 🥰,,,
Hồ Tuấn KiệtKiệt xóa r ông ơi :)),,,
Để ở đây và k nói gì thêm :)),,,
tàu việt nam bị bắn ở vịnh thái lan mà cư dân mạng còn bảo là do trung quốc cơ mà. Ngồi bờ nên rõ lắm,,,
Nghe có vẻ vô lí mà hết sức thuyết phục,,,
Huy Hoàng thì ?,,,
Hoài Thu t phải làm trc hẳn 1 tháng và k cho nó cắt mái 😂,,,
Ruby Đen mua đâu đấy e ơi bảo a cái,,,
uy tín chó gì bọn độc tài,,,
xin video với b,,,
😞,,,
"thần quyền .súng bắn không trúng,dao chặt không đứt..vậy là cái loại võ gì mà ghê vậy",,,
Buồn cho thầy,,,
Do Dat cà khịa khắp nơi :>,,,
ngta nhiều lắm có 2 mặt đằng này tận 4 mặt !!!,,,
Dịch bệnh đang gia tăng em có ý kiến với BGD nên cho học sinh nghỉ học để tránh dịch them,,,
Cáo chết quay đầu về núi mà. Ông trần Dần  nói được lắm mong răng mọi lời ông nói sẻ là sự thật. Chào !!,,,
Ăn với mặc 😑,,,
Sao thầy kh múa quạt nhỉ =))),,,
Cảm mơn thầy những giáo án tuyệt dời🤣,,,
Mong không tăng nữa 🤦,,,
"Cố vấn kinh tế của thủ tướng vn nhìn mặt kinh bỏ mẹ luôn,nhìn như mấy thằng xì ke hay lảng vảng chỗ ngoài đường gần khu tao ở",,,
Tính sao abe ?,,,
Được phước ma ba ơi,,,
Bán thuốc đêm phia ☺️,,,
@Kì Cục 👍,,,
Việt nem hỏng có thít đìu này :),,,
Abe thì ghê ồi,,,
Béo vừa thôi béo quá khác gì cái máy lu đường k 🙂,,,
...,,,
Bà này chơi thiệt tình nên bị con kia lừa tiền,,,
Nhiều khi nghe bạn t kể chuyện cười nhưng ko mắc cười. Đến sau nghĩ lại mới thấy mắc cười!,,,
Người Japan vốn ý thức rấttt caooo cao hơn tình cảm của tui dành cho Crush nữa,,,
Làm gì cơ chuyện mất hết như vậy mà ng ta chịu về k.,,,
Hơ hờiii,,,
viết sai kìa ad,,,
Cao Tuyet tuần sau chưa dc đâu bố 😂,,,
"Đúng vậy, bà tôi là một sản phẩm của cs, bà là người con của miền nam, nhưng ba mẹ bà lại đi tập kết và sinh bà ngoài bắc, bà sống mấy chục năm đầu đời trong trại trẻ - gọi là học sinh miền nam. Cái gốc là bà vẫn vô cùng tốt bụng, bà không tham, không",,,
Cưới phù thủy xong trở thành hoàng tử luôn ghê dị,,,
Lạy Chúa con còn lứa tuổi học sinh 🙏🏻,,,
Tấc diêng lâu lâu phỏng dấn idol phát là tấc diêng lượt view tăng hẳn.,,,
hông biết đôi dép anh mang của hãng nào nhỉ,,,
"Thôi đi bạn đừng chửi , sống là phải biết nhường nhịn , hơn thua làm gì",,,
Chắc là ch thấy chị nhung đổ lệ nên là ch kinh,,,
"Minh thich the gioi thu ba lam , khi ho that tha, ho that tha lam luon. Minh kg phai la the gioi thu ba, nhung minh thich choi voi ho. Da so nguoi tot nhieu hon nguoi xau.",,,
Troi oi...cuoi xiu luon,,,
Nghe rất vô lý nhưng lại vô cùng thuyết phục,,,
Dùng kiểu đấy lâu chăc ko còn tóc luon,,,
thắc mắc hơi buồn cười. Bộ Y tế mà lại cải thiện tình trạng thu nhập thấp :v,,,
mặc quần đùi đi chúc tết =)),,,
Fan cứng,,,
mang theo áo giáp đi,,,
Xin vd bn ơiii,,,
Mng vô like and share đi mình yêuu tất cả mng :vvv,,,
Đám sạo lồn,,,
chuyện nhà mik k lo mà đi lo chuyện bao đồng,,,
1 pha backdoor của shaco làm abe cay cú =))),,,
Con đàn bà khó ưa,,,
Lâm Đình Khoa ảnh trong game của con bóng ĐÊ LA THÀNH,,,
Chi 3 kB e đi fb e nè 0939218629,,,
Ủng hộ 2 tay cách này luôn,,,
Nghe giọng lứng quá abe,,,
fan cứng?? thầy lồn cho tao fan cứng chúng mày ạ .. yêu thầy dấu bé ba = )),,,
Nguyễn Phương Linh các bé không hiểu mỉa mai là gì,,,
Anh đánh máy giỏi thật! Dám biến đường đường là chủ tịch của một thành phố thủ đô trở thành tên nói láo! Tiên sư anh đánh máy!,,,
Kinh tế vững vàng nhờ thằng em cao lãnh,,,
"Lũ chó , bán nước hại dân",,,
Bên úc về đấy,,,
Gửi lời chúc đến các ae hàn xẻng,,,
"HL đã ngu mà văn tiếp tục ngu đi khai báo cho dư luận biết là đã bỏ tiền riêng của mình để xây dựng đền đồng bóng, theo luật IRS mỹ bất cứ một công dân mỹ hoặc thường trú nhân ở mỹ khi ra nước ngoài làm ăn đều phải khai thuế với IRS, không biết ông thầ",,,
Tao đệ Ba Gà :)),,,
"Các bác ấy đầu tư gì cũng được miễn là Sapa phát triển nhiều người tới sinh sống, nhưng mà phát triển xong Sapa không còn sống được rồi cả bộ lạc đi tới chỗ khác phá là không được.",,,
Naut phút thứ bao nhieuy6 z,,,
Trung Tùng,,,
Là sao em không hiểu gì hết ạ,,,
bac gửi em xun video này với,,,
cờ vn nè🇻🇳,,,
Phan Hoài Nhân chuẩn,,,
hay đấy :),,,
Truyền Thái Y chưa mấy đứa >.< thầy còn bệnh nè,,,
"Chẳng qua dân mình ngu dốt, học luật giao thông thì bố thằng nào làm bậy dm",,,
Các bác sống chậm thôi ạ,,,
"Tin anh đi đủ máu ăn bãi đá mà, tin anh đi :)))",,,
Chẳng biết nổi tiếng đến đâu .Nhưng ý thức đối với cộng đồng quá kém.,,,
Lip củ người ta biết lỗi rồi mà,,,
reaction thì hài là điều tất nhiên nhưng đôi giày bánh cuốn thực sự,,,
Em ơi bớt khẩu nghiệp lại đi con mình còn nhỏ phải để đức cho con con,,,
Tran dan chưa chết hả,,,
11 năm đấy các ông ah,,,
Hahah,,,
Điện thoại chụp đẹp cực kì,,,
"Phải biết như thế nào thì người ta mới tình nguyện đi hiến máu bạn ak, bạn biết ao cũng có 1 cái đầu để suy nghĩ cơ mà, đâu ai như trẻ con nghĩ gì làm vậy đâu",,,
"Trc đi học đại học , chả bjo mua cái này :)) vì ko bjo dùng",,,
Em Xin duoc men chao Nha Dai Thong Thai’ Tien Tri cua Vu Tru De Nhat Thong Thien Dia :Tran Dan..🎉🎉🎉,,,
key atm Cao Lãnh,,,
IQ cao,,,
"Bẩn bựa thật ,PTS chắc luôn !",,,
Dân miền Tây thiệt tình qua từng câu nói... :3,,,
đa số thực phẩm mà bọn quan lại ăn là an toàn ...(chúng có ăn đồ chợ đéo đâu!),,,
Lau cái khỉ gì. Ở khu B đây này. Trời nóng gạch nó nở ra thì nứt thôi. Thay gần xong r,,,
yêu cô quá,,,
? Lào ko có đg biển hỗ trợ kiểu giề ấy -_-,,,
Rồi tôi biết rất thuyết phục rồi mà các bạn cứ làm tôi thấy thuyết phục hơn thế nhờ 🙄,,,
Phương Anh Trần Hoàng của theanh28 đúng nha,,,
Mai tiệm ngta có cho đánh đâu :))))),,,
Em thì ngược lại cô ấy ch bao giờ chấp nhận em :),,,
"Cũng từng là vđv nên hiểu,đam mê ko nuôi nổi bản thân",,,
"Đm cái mỏ như mỏ vịt thề lề, thè lè, thấy ghê jk nào dừa chắc ooke",,,
"Thầy lồn được cái sủa dơ, yêu thầy <3",,,
Giáo án cc gì đây,,,
i love you chu cà mo,,,
Quần què là có thật,,,
Lan Anh a cũng hay thả hoa cho e đọ~,,,
Thằng Ad này muốn ăn chửi đây mà =))) ~,,,
Dao Duy Huong nhà quê thật b nhỉ 😂😂,,,
love Trung Phan Tấn :)),,,
tới cái chuyện ông hùng vs bà tư nha cười xiu,,,
Ngày làm việc bận rộn thì không sao nhưng cứ đêm về đặt lưng xuống giường lại bộn bề suy tư... lo nghĩ đủ thứ rất khó ngủ,,,
Test,,,
Chờ em đi kiếm cái nick yahho cái thầy ơi,,,
Hoangg An hợp lý :)),,,
Nhìn rõ mồm ông nói i’m boy one champ lee =))),,,
Bảo yêu nước thương nước. Mà cứ chỉ chờ khi bệnh rồi là lại về và bđ lây lan dịch. Có mà ghét VN thì có 😔,,,
@Tiktok Official hùa theo là chó vậy mày cũng hùa đó,,,
Ơ . K thấy có khánh nhở,,,
Cảm ơn chú Bô ạ =)),,,
Link mới được cập nhật nha mấy đứa:,,,
Cô dễ thương quá trời luôn,,,
Lag :))) k xem được,,,
Nói ko phải đùa chứ !! Đây là lần đầu tiên tui nghe ng khác chửi một ng nào đó mà tui lại ko hề thấy khó chịu thậm chí là nghe rất êm tai luôn !!,,,
Hoa Sung Chơi vậy sao chơi lại trời :v,,,
Cả tiểu tiểu nữa,,,
Chị ơi chị làm đẹp chỗ nào quảng cáo cho em xem tí đi.,,,
Hoài An Trịnh em bỏ lỡ khoảnh khắc huyền thoại rồi :((,,,
Lúc khó khăn mới biết chỉ có tổ quốc luôn cưu mang mình 😊,,,
Thuận Nguyễn ảnh dưới 200% mới đúng,,,
Tiểu ba vui vẻ nào,,,
"Chúc mừng Đà Nẵng. Nha Trang, Phú Quốc từ từ..",,,
lại thêm loại khùng,,,
kinh khung,,,
Nói chz xàm lol,,,
Đây có lẽ là cách mạng của con cẩu mang tên Gờ Zờ :V,,,
Em sai rồi a độ à 😒,,,
iiiiiii,,,
mày mà biết cc gì mà tiên tri,,,
Nhìn cái j đeo khẩu trang vào 🤣,,,
lây nhiễm cao vãi gần như tiếp là dính bệnh r,,,
Con mèo nhà mình thì có sở thích khác các bác ạ 😗,,,
hên quá cuộc đời tui ko ăn hải sản :D,,,
Quyên a đi nha. Ở nhà coi cf hi 🥴,,,
con gà vàng trong làng gáy to,,,
"Đẹp trai nha,diện vào oách xà lách nha",,,
Đẹp zai gần bằng chip,,,
Đồng hương :v,,,
DM...assmin...mặt thộn...sao mài thích bới cứt tìm giun thế thằng mặt thộn...hơ hơ hơ...,,,
Bộ văn hoá đâu rồi,,,
Hậu nhuệ của bác nguyễn bá thanh :),,,
Bạn em bị bede lunnn,,,
Hữu Châu haha...nếu mà rớt kho 💣💣💣thì banh xác rồi chứ đâu còn ngồi đấy mà “tức nhiêng” hả bạn 🤣,,,
Bar mà lại,,,
quỷ tha ma bắt,,,
Răng cuã su phu đi đâu  hét rùi,,,
Quang Ngọc Trinh chăng?,,,
"Lần trước là công an, bây giờ đến chánh văn phòng tòa án. Hành pháp, tư pháp sắp đến chắc là lập pháp nữa là đủ bộ.",,,
Thay vì bình luận Cực kỳ thuyết phục thì chúng ta có thể bình luận những lời yêu thương gửi tới nhau cơ mà<3,,,
Bệnh của m còn nặng hơn ung thư đấy thằng ngu ạ,,,
"t nghĩ bài này vừa là để thử sức với dòng nhạc mới, vừa là bàn đạp dể phát triển kênh youtube mới của jack thôi. Nên có thể không bằng các bài trước, nhưng nghe cũng vừa tai, beat của hoaprox cũng rất cuốn",,,
Thảo Ly ngta chỉ đọc tít thôi chứ k đọc bài rồi b ạ :)),,,
Hoan hô LÒ TÔN,,,
Gương mặt bác phúc hậu quá.,,,
J97 với B52 sẽ hợp tác trong 2020 tới đây nha :))),,,
Cái môi của bad này ko biết dùng từ nào để tả. Chỉnh sửa nhìn ghê vl,,,
Chụp xong chưa ông eiii,,,
Kiều An bài này là bài quảng cáo mà,,,
Mặt bả nhìn đơ quá.,,,
Mất ngủ.. Vào xem ông mà tắt trym sớm thế hả.,,,
Người có tiếng mặc cái lìn gì chẳng đẹp . Người bt nó bảo là điên,,,
Amanita Phalloides,,,
ホアン ラム・ để vài ngày nó tự nhả ông,,,
"Thực ra từ trước đến nay cô Cẩm Lan vẫn như vậy, bản tính vì quá thẳng nên mới block với lại comment chửi hơi tục nhưng đúng là công nhận bà ý ko bao h đi inbox lại hay đi comment 1 cách vô và chửi rủa 1 ai đó. Tất nhiên là bà ý cũng sai do nhiều khi cái ngôn ngữ nó hơi tục với hơi thẳng tính và rủa hơi thâm
Đúng là bà ý ko muốn nổi, chỉ muốn làm 1 ng bình thường và cũng vì miếng cơm manh áo còn để làm việc. Kể cả sự việc trần my cũng là ngoài ý muốn, bị mọi ng quá soi mói post lên group",,,
A tôi sai r,,,
Đó t nói có sai đâu,,,
mình đã mất cmn ngủ vì cái video này :)),,,
"thời buổi bây h công thần cũng chết, gian thần cũng chết, chỉ có nịnh thần mới sống :3",,,
số đẹp,,,
Mình xem mà có lúc mình ngủ quên á mọi người,,,
Cũng gọi là ... Cả một bầu trời tuổi thơ,,,
Ông già đi nghỉ dưỡng còn thằng con ở nhà cật lực làm việc,,,
"-))))đhs giống thế, sao y bản chính lun",,,
Uống nước rửa bát xong ngồi đợi đ chết,,,
Địa chỉ ông ơi qua bấm chuông rồi chạy =)),,,
Con đỉ chó xl này nó ở vn nó chết me lien,,,
:( cô ơi đừng chơi net nữa chơi em nè,,,
"Tiên nữ xuống hạ trần tí thôi , làm gì căng",,,
"Đang nói đến sự bịa đặt của từ thiên đường xã hội chủ nghĩa. Lại tổ lái sang từ khác để lấp liếm à. Thôi trả lời đi, có tài liệu nào chứng minh từ này có ko. Hay toàn từ mồm bọn chống cộng ra",,,
Re lam chau oi chau hoc trung quoc cach chong tham nhung. Viec gi phai ke khai,,,
Thiếu tiền cj hiếu dell trả bớt xạo l đi m,,,
"Nay Chị đẹp giữ thần, làm mai minh lực cho em đi Chị đẹp. Haha",,,
Mua giải là dễ,,,
Nghe đâu thằng ad là dân Bắc. Nó mún ngửi đít miền Nam mà ko được nên tức ấy mà,,,
cdm,,,
Chị nói chuyện có duyên quá,,,
Cảm ơn thầy yeu thầy,,,
Hiep Pham mai mốt đừng ăn nữa nhé ck,,,
Cho khug,,,
Huy Phan  chưa biết chức vụ đó của Bác Trần Dần à 🤣.,,,
Nguỵ biện!! :v,,,
:)) rồi đó em về đây,,,
"Theo t nghĩ đó là 10k lính của Trung quốc, sáng chuẩn bị cho sau này đàn áp Việt nam mà thôi!",,,
Clip ngoại hình của em 😞 chắc đủ ứng tuyển,,,
Phải chăng là định mệnh,,,
"Vũ Thanh Huyền như a đéo bao h về em ơi , đi vòng quanh trái đất , khi nào hết dịch a sẽ về",,,
Đm cuộc đời nên có 1 độ thôi mệt vl rồi 🤣. 8 ông như ông độ nghĩ đm việt nam n loạn vl....,,,
Nghe nói cô Cẩm Lan tuy tục nhưng sống thật,,,
Noi giong biet dot nat k dao duc,,,
Như cl luôn =)),,,
Tấc nhiêng là không bỏ sót bất kỳ video nào có mặt Quốc sư Trần Dần,,,
Đồ hiệu =)),,,
Đọc báo lá cải và cắn :))) skin bất hủ của rận :))),,,
có khi thay Nguyễn Ngọc Ngạn được rồi :3,,,
Xin video đi bro,,,
Hay lắm hãy tiếp tục phát huy,,,
thích anh Tuân cười ghê ă .,,,
:v Vậy phải lập ban kiểm tra của ban kiểm tra tham nhũng !,,,
Mê Tik Tok xem cười muốn chết kkk,,,
Vl ;)),,,
"Tôi 16 tuổi , cao to đẹp trai nhưng bị đau lưng, phồng đĩa đệm cột sống L3 L4 không chữa được thì sau này thoát vị đĩa đệm , liệt nằm một chỗ :( đúng cuộc sống nó là bù trừ , bạn có cái này mất cái kia , anh tôi nói đúng !",,,
Hợp lý anh ơi,,,
Uồi dà,,,
Y như đúc,,,
Em bán mask dưỡng mịn da ạ,,,
Lào giờ gần như là của Tàu khựa rồi thằng ad ngu ạ. Ủng hộ cái mồ tổ cha mày.,,,
Ngon thế nhở,,,
Ô cê anh ơi 👍🏼,,,
Nguyễn Hữu Tiến lần trước còn định ra xem khu cách ly :)),,,
"Trần Lâm vậy bác sĩ bên đó ngu quá, biết đang dịch vậy mà vẫn cầm ống hút đi lấy máu 😌",,,
Lúc nào cũng full black :)),,,
Anh đó chửi con đỷ này nghe đã tai,,,
vừa ăn vừa suy nghĩ sẽ thông nhé :D,,,
Giang Hollow tộc trưởng mua bo đấy.,,,
Lặng Yên mày dân tộc à.sự thật bày ra trước mắt mà làm ngơ,,,
Nghe rất yếu sinh lý nhưng yếu cả toán văn anh,,,
Cherry Love Caliso Perolino yeashhh. Gwapa jd kaayo akong mama idol 💖😘,,,
Tâm sinh tướng. Tướng sinh mệnh,,,
Lúc đi da trắng lúc về da đen :))),,,
trần dần đã lộ thật thân thế là cảm tình viên của việt cộng,,,
Thiên Thanh haha nghiệp đi nha nghiệp quật giơg,,,
Hồ Kỷ Tuyền em có theo dõi vụ này ko,,,
"TRẦM NGÂM CỨT,,tên nào đi ngược lợi ích nhân dân đều là bò ngu tung HỨNG HÒ BẢ CHÓ,,CSVN là chúa lừa dân và ăn cướp đồng bào ,,loại bỏ cs là nhiệm vụ chính của nhà báo ngu dốt và chính nhân dân",,,
"sao toàn đăng những lần hiếm hoi đc vậy thầy, sao k show những trận như mật vụ chuột cống, mèo nhà, cá hấp, rồng xào ỏi ớt đi",,,
"Bé không học, tối không lo ôn đi lớn lên ngu như thầy Ba đấy chứ anh tao thì cm biết đấy :)))",,,
mưa gió với bão vẫn đi,,,
Th chồng Sài như phá 😂😂,,,
Khỏe khỏe rất khéo.   Chúc mừng chúc mừng.,,,
🙃,,,
Thế thì đỡ thế đéo nào được 🌝,,,
Phim này coi t buồn ngủ mặc dù t rất thích chị đẹp Kristen 😞,,,
Facebook linda là j z mọi người,,,
Đáng thương quá :(,,,
"Mee too, nghe trên đt thấy dở tệ gắn thêm cái loa lại thấy cuốn",,,
Thôi thế này xác định nghỉ tiếp,,,
Huy Hoàng thể hiện boy,,,
Ông này là chủ đất cho ông Tấn thuê !!!,,,
"Buồn quá,k biết mấy cái tượng nghìn tỷ có bị ngập nc k nữa.",,,
Nge ông kẹ chuyện vo thuật. A lan nhin cười giỏi thật 🤣🤣🤣🤣🤣,,,
Hay ho con cặc j mà tối ngày đụ với chả địt,,,
Đăng Thảo gỡ gạc lại phim trước hong ta :(((((,,,
"Cuộc sống nó là thế . Mình thích họ , họ thích đứa nhà giàu và đéo quan tâm đến mình :::)",,,
Đc a ạ 🤣🤣🤣,,,
Còn lâu mới ngủ,,,
Trend này làm bao chị em gục ngã😆,,,
Hồi trước còn nói nước hoa chính hãng mà sale con 300 400,,,
Giờ ko đánh cũng đã khai chính cờ đỏ sao vàng là bọn khủng bố.cần phải dẹp ngay bọn khủng bố cờ đỏ sao vàng này ra khỏi xã hội Việt Nam và cả nhân loại của thế giới 😉,,,
"cười xiểu cô luôn  i  love you chu cà mo ,chúc cô khỏe ,và hai mc dể thương luôn khỏe đẹp",,,
tin 2013 -_-,,,
"Các cô phục vụ giặt quần không kịp nên phải lót khăn , mà đúng ta không nên mặc quần cho nhanh ... Nhưng nếu như trong hình mô tả thì chứng tỏ đêm qua Tám không ngủ ..... 🤣🙄",,,
Huynh Tin ai đôi heo nhiều nhất nè,,,
Gương mặt giải trí 😂😂,,,
Có nói đúng con cũng bị người cùng giới thả tép bắt tôm thương quá nên bị lừa gần cả trăm triệu giờ cuộc sống trốn chui trốn nhủi.chưa bao giờ nhục như bây giờ.thế giới thứ ba đã khổ xin những ai ko thương những người thế giới thứ ba đừng lôi dụng để lừa gạt. kB nc cho vui nhé mọi người 0328200620,,,
Tủn 3K nghe nói xạo lồn quá tr,,,
😌😌😌,,,
Em xin vocal dc k ạ để e remix,,,
Kb đẹp ở chỗ nào mà phanh ra :((,,,
Thầy có nhận đệ tử ko thầy 🙃,,,
Được không anh êii :))),,,
nhism đang quay ghế,,,
tuyệt vời,,,
Hồng Sơn Nguyễn ông ơi cho tui xin video dc ko ông,,,
Hiển Trọng Nguyễn Thanh Tuấn,,,
Hãy nhìn ánh sáng của đảng và quên đi sự bất công của cuộc sống. 👌,,,
thứ gì đâu,,,
Hai con súc vật này trước kia đội nhau Lên đầu bây giờ quay lại cắn nhau hả,,,
Thôi nhà có rồi nên nhường cơ hội may mắn này cho bạn khác nhé,,,
Nên anh chuyển sang bản lite,,,
Ai thích t nói đi t vã lắm rồi :),,,
Đảng hãy cho tôi lời khuyên đi,,,
Em chao chi,,,
Thoại Trần nhà quê,,,
Ơ. Ngứa mồm ak ?,,,
"Gi ghe wa vay troi,k tuong tuong luon👎👎👎",,,
Khẩu nghiệp chêt mẹ may đó trời qua báo may đó hồi xưa may chửi nhiều người . Bây giơ trời qua bao may đo minh hiếu may gu rang chiu kkkkkk,,,
Cực kì thuyết phục :v,,,
Quốc Trung hè này khỏi đi gia lai hay nước ngoài nữa hê :v vô đak lak nà :v,,,
🐔🐔🐔,,,
"Chắc tui nhấn vô nhầm bình luận rồi, sorry bạn",,,
Vài trăm xúât quà mừng như vậy là gìau hơn cả Trump oz! Tội nghịêp bọn tư bản bóc lột hút máu người lao động cả đời dell bằng quà mừng của mấy cán bộ do dân và vì dân hỉ!!!!!,,,
Sẵn sàng :))),,,
Khúc Hương Giang hông biết nữa. Đi alone á. Được thì gặp,,,
Ngu thì chết chứ bệnh tật j. Thắng lại làm j,,,
Sống chậm lại nào các bồ tèo :)),,,
ae học tiếng tàu đi là vừa :3,,,
I love you chu rờ mo,,,
Tiên tri đâu cân ăn,,,
sp này ok đó,,,
"Tay anh cầm xi măng, sỏi đá...",,,
Việt nam là nơi lấy cảm hứng của iPhone,,,
coi chừng nó bỏ thuốc độc vào sông,,,
Nguyễn Văn Thiện,,,
"Chị thấy cái đó chị xỉu 3 ngày, hên của con nít chứ của người lớn là chị đi luôn r. Cười muốn bệnh luôn. 🤣🤣🤣",,,
Xin video bạn,,,
Ông Trần Dần lại muốn về Việt Nam đó mấy bạn cccđ ạ.không có tiền về Việt Nam sống thì phải chịu thôi chứ về Việt Nam sống và chết tại quê cha đất mẹ vẫn thấy thanh thản hơn.,,,
Thà để giọt mồ hôi rơi trên trang sách,,,
Mã Hà cho vao voi,,,
Bi giờ là hòn @#*$*' thì có,,,
Admin đánh rơi não trước khi đăng bài này?,,,
"Nguyễn Thuận không hay thì nói không hay , ý kiến cái đéo gì ?",,,
ThanhHuy Nguyen dơ vcl=))),,,
Đúng,,,
Cố lên Thầy,,,
sao tao thấy nó chả đẹp tý nào nhỉ?,,,
Địt mẹ cái mấu này. Tao nằm ở đây hơi nhiều rồi đấy :))) trích lời anh tôi trong buổi sờ trym tối hôm kia :)))),,,
nghe nói tết đến,,,
Đơm chết mẹ nó liền :)),,,
"Tú Trinh ko chạy ăn cứt, ăn đb à 🙄",,,
Vừa đút 30$,,,
Quá nhọ cho đội xóc lọ.,,,
Clgv abe !,,,
Điểm danh anh em cờ đỏ :v,,,
"Lê Lê :))) nhớ đó ! k được đâu nhoa , k là tội thèn nhỏ",,,
Link mấy phút,,,
Nghe bả nói chuyện mà cưng quá trời luôn 😚,,,
Dúng Dúng để đảng soi sáng,,,
Trần Mai Phương đọc cmt,,,
hot lồn chứ hot girl,,,
"Bọn này vô học, lại thích khoe khoang để lấy thành tích, viết những câu chữ tối nghĩa.",,,
Lũ chó lãnh đạo Đcs,,,
Chuẩn luôn,,,
Ai bên cạnh chị trang mà xjh thế,,,
Trần Trung Tín vãi lồn kkk,,,
Mẹ ơi sống vội thế các con vợ,,,
Hồng Sơn Nguyễn ông ơi cho tui xin video dc ko ông,,,
Nó éo có biển mà còn tức dùm. Vn có biển có đảo mà làm như ko có,,,
:)))) những thằng ngu hay bảo người khác ngu mà ko biết nhìn lại mình,,,
Nguyễn Thanh =))),,,
minh hiếu nói chuyện dể thương quá luôn mình thích minh hiếu vừa đẹp mà nói chuyện rất có duyên dả lại có khiếu chưởi lộn nge mà phải cười chứ ko nhịnh cười đc chúc minh hiếu đc nhiều sức khỏe vạn sự bình an gia đình hạnh phúc,,,
Duyệt...✔,,,
"Mày chửi LQ xong bị thằng âm binh 11 nó lừa cho hơn trăm triệu, nhục mặt, gậy mày đập vào mặt mày ,đáng đời, chửi người ta làm sao mày gánh hết.",,,
Số đẹp ko nỡ like,,,
Xuân đương tới cũng là xuân đương qua,,,
Thế tốt!,,,
Ditme càng tốt =)) đỡ phải gánh tụt quần :>,,,
... Quê hương là cầu tre nhỏ,,,
Nốn lừng mong manh à,,,
Sống chậm thôi anh em,,,
Đọc mà lòng cay cay cay,,,
Mô phật :)))))) Trâm Mai Phương Mai Khánh Ly Thủy Tiên,,,
Được,,,
Con yêu cô quá ❤❤,,,
Ngọc Trân An Hạ :)))),,,
Có  tiền  đâu mà  sửa  soạn  chị,,,
Hoàng HuyTiến Đạt,,,
Ngu còn sủa cho lớn...lúc đầu cũng mê việt kiều,,,
Nhìn cái mặt thớt đã biết tại sao thớt nói cmt như vậy. Ae thông cảm người khuyết tật tí đê,,,
Lê Nhật Trâm sao thế ạ ;-;,,,
"Tới bến, sáng dzìa",,,
Hiến pháp Mỹ,,,
bao h tung mv ca nhạc về huyền thoại,,,
loài ấuhồ tuyên giáo thì bài và luận chỉ một giọng điệu bưng bô,,,
Nói đạo lý thì phải nhắc đến anh huấn với a khá trước nhé,,,
Vâng Rất Việt Nam... việt nam là thế,,,
Chuẩn bị xây nhà nghe chưa thầy,,,
Anh t ở Cầu Giấy về 2 hôm trước t chưa sợ chết thì thôi mọi người cứ bình tĩnh,,,
"Thanh Nghệ Tĩnh là trùm CM ( trừ vùng CG thì đỡ ) , nên mấy gia đình kia từ chối ko có gì lạ !",,,
vui ghê,,,
Đã bảo ổng là điệp viên của ĐCS Việt Nam mà éo ai tin :)),,,
"NHNN lại có việc , thằng Son đổi USD số lượng lớn ra tiền Việt kìa . Dân đổi 100USD thì nó đè ra phạt 90tr , thằng cán bộ đổi mấy triệu USD có khi xe chở tiền nó lùi vào tận cửa phòng khách ... Pháp luật phân biệt đối xử vcl",,,
Ngta giau goy bi giat tien co nguoi cho lai..con tui danh dum dc co 400tr bi chug giat me...aaaaa,,,
Trời ơi miệng dì mà như cá lóc chùi đít vậy oe,,,
tao còn đang mong kỷ luật bỏ mẹ lên đây,,,
Tứ đôi thông ăn cho hết nha con =)),,,
trưởng thành về chiều cao =)),,,
Lão Tập qua đây chả ai quan tâm. Dân còn biểu tình phản đối,,,
Thí con chốt,,,
Thắm ơi cho em bán nhờ cái áo chống nắng để lo tiền làm đồ án tốt nghiệp lãi nhiều e mời ăn ốc not rịu đừng xoá cmt ạ huhu :((,,,
"Thiên đường mà, nó lột dân chừng ko còn cái quần thì thôi",,,
Đc =)),,,
Chi ba la vang ngoc vao qui qua,,,
Nguyễn Quốc An GAM bagà,,,
Ko biết tâm sự cùng ai :)),,,
"Hiểu pê đê nhục, miệng sửa như chó, đầu ngu như bò, bạn thân bóng vàng mã dơ kkkk",,,
Vui...!!!!,,,
Cực kì thuyết phục ❤,,,
"Ăn mặc không để đụng hàng, nên cũng không giống ai và con gì luôn.",,,
like nhiệt tình cho cái stt của ad (y),,,
Đừng để thời tiết lừa a ạ,,,
Hello Minh Hieu De Thuong Noi Chuyen Nghe Hay hay Giong Hy vui,,,
ATM đến từ Cao Lãnh hân hạnh tài trợ chương trình này =)),,,
Bao giờ nó lấy chụp ảnh vẫn chưa muộn mà. Toàn nóii ở tương lai thế,,,
Trường Atlantic ib b ơi,,,
ấu dâm vãi lz hèn dì cô phương linh bốc phốt =))),,,
Z đay la ai,,,
Uống miếng nước rồi xem tiếp nha ~~ :)),,,
Anh mới trả góp XS Max mà ra iPhone 11 r :)),,,
"chặt chồng đôi heo đỏ, tứ quý :)))) Mulan ấm r :))))",,,
Già đầu mà non quá :)))),,,
Từ nay anh em ko được gọi bà gà nữa nhé kêu ba pro nhé =)),,,
"Ăn ở Cua Vàng , Hạ Long đấy 🙂 ko lẽ wifi địa phủ mạnh vậy ?",,,
Sao lại cứ đến nụ cười . lên không nghe rõ lời nói.ngừng cho giọng nói vào vô lý,,,
Huyền Khánh Phùng bố ơi con ỉa đc nhiều cức k..sói said,,,
Khai giảng đầu tiên cấp 3 =),,,
Thầy sử lí pha này hay quá =))),,,
Phượng Nguyễn đừng có zị nghen.,,,
Táo mà k có cô đẩu thì trả có gì xem,,,
Được anh,,,
Hóng B52 debut cùng J97,,,
Giống nhau như hai giọt nước,,,
Anh Ba hút rất nhiều thuốc...Chị Panda đơm bể đầu yeah,,,
Ae sống chậm lại đi,,,
Trẻ trâu đó =))),,,
Ủa tưởng Linh vật của team :)),,,
Chuc cô van su nhu y,,,
Bạn nuôi được những gì???,,,
Bạn nhớ lì xì !!!,,,
Đéo còn gì để nói ;(,,,
Tâm Ngô e ko thích ăn con này. nướng lên ăn có mùi khét khét ko ngon,,,
Gửi mấy bé sống nhanh vs sống chậm,,,
Cái này từ năm 2013 rồi AD ơi. Cái chính là năm 2016 này tụi nó làm những gì nè,,,
"Mong trần dần vượt qua đc mùa dịch và vẫn còn sống để diễn hài cho đồng bào VN xem,ông mà mất thì thui buồn lắm đó",,,
Cực kì thuyết phục,,,
"Theo tôi thì như vầy: chỉ nên ăn những loài được nuôi nhiều như heo, bò, gà,.....còn ăn chó thì không nên, vì chủ yếu chó là do người ta bắt trộm, đó là hành động cực kì vô nhân đạo.",,,
Đm train như cuccut mà vô quất 1 hơi 3-0 sợ thật :v,,,
"Hiệp Đinh cái thứ tay nhanh hơn não mà cũng có tư cách nói à,, chưa biết ai hạ cấp đâu, m nghĩ ai cũng như mày á, biết bệnh mà vẫn á",,,
Lý do thằng ad sinh ra là do tôi rút không kịp,,,
Được thực sự,,,
T coi lại 10 lần rồi .Còn chúng m thì sao ???,,,
Quần hungchim :v,,,
Bà này xạo khổ mà cú nói giàu,,,
Yêu thầy dấu bé 3😊😊,,,
Đón tết tây sớm nè các bạn ^^,,,
Nguyễn Bá Quang cày cuốc ăn lẩu phan mà :))),,,
Kim Phung tin chính xác nha tăng ghê quá lun,,,
"Tin anh đi đủ máu ăn bãi đá mà, tin anh đi :)))",,,
Trúc Thư hỏa thiêu nó đi,,,
Có chữ nào đâu! Mua bằng thì đúng hơn,,,
"Chó ĩa không bằng gà canh "" ai giải thích hộ""!",,,
chị vạch loz ra cho em xem vs,,,
"Trận trước lượt đi, và chắc chắn lượt về lần trận cuối cùng và chúng ta sẽ chắc chắn thắng được trận này. Cố lên!!!",,,
Trang MyHan nho lém á,,,
Ông  Trần  Dần  nói  Chung  Chung  . Ko cụ  thể  !!!?,,,
Troi oi toi thay cai người nay người cha ra người dan ông ko ra dan ông dan ba cha giong dan ba nhìn người nay giong quy that,,,
"Bố ơi vào đây bố, khều cho con ít donate.",,,
Nguyễn Văn Nam vẽ 1 bức bao nhiêu vậy bạn,,,
Nói gì thì nói từ báo đảng là đáo tin được rồi,,,
"Có vụ mới nữa cho mng hóng đây , xe phu nhân Tô húy rứa ko rõ xe công hay xe tư ( nguồn báo sạch )",,,
"Hồi đi học thì được biết mấy chữ như tự mãn, tự cao tự đại, tự kiêu.. sau 75 thì chữ tự hào được xài hơi nhiều... từ lúc có điện thoại thông minh thì xuất hiện chữ tự sướng.. bi giờ DLV và AK 47 làm giàu cho ngữ vựng VN chữ tự nhục. Định xin phép các anh chị trong ảnh tự nhục kia cho tui .. tự ké được hong?🧐",,,
Huỳnh Châu chết Thầy tui,,,
"\""Link mua bút đây nhé, các anh em hỏi nhiều quá\""!!!",,,
"Cô chân thật, dễ thương quá trời. Thích nhất câu cuối cùng của cô, hi vọng cô sống vui khỏe và hạnh phúc thực hiện được ước mơ của mình. Yêu cô 😘",,,
abe vào xem cô 7 chửi bậy tiếng việt đc rồi á,,,
Bộ hạ,,,
Biểu cảm của 1 thanh niên ra rìa,,,
"Fan cứng abe, dù nghèo toàn xem chùa thôi 🤣",,,
Nguyen Tran Lan Anh loz me :)),,,
Phạm Văn Lộc idol viết sai kìa🙄😆,,,
ThanhHuy Nguyen vcl,,,
Lung linh là lên luôn,,,
Nhà tiên tri nghe bắt oi,,,
Huỳnh Châu a ơi a có ng iu chưa? À nhầm a có bạn ụ chưa 😁,,,
May ba ranh qua an roi lenh chui qua chui lai,,,
Ok abe:-),,,
Võ Thành Toàn màn solo nhanh nhất,,,
Nhớ múa dasua nha thầy,,,
Phạm Trungg Thằng này ngu hơn mấy con chó rách à!',,,
mình chuyển cho Phan Anh 5 tỷ đấy nhé bạn :)),,,
Làm đek gì có Lê Văn Tám nên chậm là đúng rồi. :v,,,
Cẫm Tiền đùnge có đang b* mà nhớ câu anh đi ngoài đường cả ngày nha ;))),,,
Ngồi cười tấu hài để mus gánh mà hãnh diện j abe,,,
Xin video với ông ơi,,,
em có rùi a ạ :))),,,
Không ngờ mình ở gần nhà của nhà tiên tri ở Việt Nam,,,
Đinh Hoàng Tùng vừa vào phim bổ luôn vào mặt thật :)),,,
Hâha,,,
Hà Lan đã chịu chọn Ngạn =))),,,
Thức khuya nhiều thứ ko phải nt cho Ny mà vì họ cô đơn ko biết từ bao giờ tui đã lm bạn vs sự cô đơn này gần 2.nam rồi 😞😞,,,
Minh Anh lâu rồi đó dừ mới biết ạ,,,
"Chị nói quên một câu,,con ruột của diêm vương,,mai mốt ổng gọi về hầu ổng,,,",,,
Ủa trước giờ toàn làm giả à ?,,,
CỰC KỲ THUYẾT PHỤC,,,
Chị  nói chuyện chân thành mà,,,
Nghe ông này nói dơ lỗ tai 😎,,,
"Hiếu Đặng Úc nè b , bay qua đi",,,
Cho em 1000đô đi chị iêu,,,
Kiệt Phạm abe giữ vd ko che rồi,,,
Nguyễn Khoa Nguyễn Oanh rồi tính sao,,,
Lời xin lỗi muộn màng từ bố Độ gửi đến Tùng Sói,,,
Quân Anh dơ v bro,,,
😌Kiều Kiềuu Quỳnh Liên nghe nè,,,
Cho em hỏi cô chuyển giới chưa ạ,,,
"Thế thì ngon quá ,đỡ tốn tiền 🤣",,,
Ba chào cô chú,,,
Thiên tài 😆,,,
Nghe thuyết phục nhưng lại rất thuyết phục :>>,,,
"Nguyễn Thị Thúy Hằng ủa z hé, chắc tránh dịch corona mà nhớ m quá nên quay lại ó 😂😂😂",,,
để xem tụi bây vui đc bao lâu,,,
Đoàn Quang Vinh khó :)),,,
Nguyễn Hữu Thái ib a,,,
ZOT 3RB => bagà,,,
Sử đẹp thật đẹp cho nó biết lễ độ và phép tắt,,,
Chân lý :-),,,
Ngay lúc này lun. Sợ quá 😭😭😭,,,
Má đếm số 0 mỏi mắt vãi =)),,,
"Ăn hôi khắp mọi mặt trận, giống như thánh ăn hôi nguyễn lân trung",,,
Thế mà chúng nó còn định xây cái 11 ngàn tỉ để chưng bày mả bố nó chắc :)),,,
Nhảy hết cả chổ tao rồi tao ngồi góc nào đờn,,,
Kkk,,,
Các bạn nghe câu chuyện về vali tiền của người tày chưa ??,,,
Tiền Giang nè,,,
Con Cho linh PHAi nuong sat de vo L no moi dua,,,
A tôi đấy các ông ạ =))) nhưng mà ở vũ trụ mr siro cơ =))),,,
Trần Bình An đâu mình tưởng là bài nước ngoài trùng với tên của bài thần tượng mình nên mới nói vậy chứ thật ra mình nghe rồi nha😝,,,
Yêu thầy thầy ba tốc độ :)),,,
20-11 quá trọn vẹn cho thầy tuiii,,,
Nhà thơ làm thủ tướng(tố hữu),,,
Em hỏi nhiều cái Chị hok biết đường trả lời :)))),,,
Diệu Linh Nguyễn Thị Thanh Bình,,,
Quan thì ăn cái bụng to như trống. Còn người dân thì ốm yếu nuôi tụi nó,,,
Da của anh chuyển màu nhanh thế 🤣,,,
Đc của ló thầy ơi,,,
Ổ mono lớn mở tỷ sốbom,,,
Kênh Là Ba Rọi Béo sao nút Vàng ghi là Thầy Giáo Ba nhỉ ?,,,
Cương Đặng con người chứ con chó đâu,,,
A Van Nguyen còn anh ơi,,,
Tôi là Đệ nhất Quốc sư hoa kì Trần Dần là cố dấn tối cao của tổng thống Đô nan Trum hiện tại là quốc trưởng của chánh phủ lâm thời Việt Nam cộng hòa trân trọng kính chào các dị đồng bào trong nước,,,
ủa ngồi live huh,,,
Captain lấy bỉm của cáo mấy đứa ạ!!,,,
"Chào mừng ông sắp hết nhiệm vụ gián điệp,tình báo số 1 của Cộng Hoà Xã Hội Chủ Nghĩa Việt Nam,khi nào hồi hương cháu mời ông canh chua cá lóc😁👏👏👏👏👏👏👏😁",,,
Có ai bt face của bả hok cho tui xin vs tìm hoài không thấy,,,
Như hai giọt nước 🤣🤣🤣,,,
Dừng suy nghĩ và đứng dậy hành động 😬,,,
"Huỳnh Hòa ông Quang phông bạt vào đây tán con Thốn mặt lằm rõ ràng kìa bạn, giờ sao? Chơi hay nghỉ? Ks thế lồn nào lại dc với ca sĩ đây :'(",,,
Ở đây toàn chó hùa vs ahbp ko...sao ko giỏi ra đứng trước mặt tụi nó mà chửi đi...núp lùm rồi chửi...éo bik nhục!,,,
😂😂,,,
thế thì đi tu ok vòng đời luôn xoay vòng ma,,,
Bác Trần Dần năm nay bác cũng già đi nhiều rồi.Bác cố gắng giữ gìn sức khỏe để vượt qua mua dịch này❤️❤️❤️,,,
Dân play Cao Bằng nhộm hair :)),,,
Su Quỳnh chéo avt hộ vs ạ,,,
👍👍👍😔,,,
:)) tội anh tôi,,,
Tập Cặn Bã:,,,
acc về rùiiii á,,,
Trung Tin Nguyen Nhân Sử Đoàn Thủy Hồng Nga Tài bik là có nhiu đó à nhưng vẫn phải tag :)))),,,
Cô đẹp quá. Khánh Chi cười nhẹ nhẹ nhìn đáng yêu dễ sợ,,,
viết sai chính tả chứ sao 😆😆,,,
Chửi quá hay Cô Minh Hiếu ơi,,,
"phim hay, nhưng kết ko có hậu, thương c kris của tao vl huhu",,,
dơ vl,,,
Phê quá hoá điên🤣,,,
Trưởng thành vl,,,
Hihi,,,
Lí do này nọ mắc mệt 🤷‍♀️🥴,,,
Hề già,,,
"Nguyễn Gia Linh uh mình đùa thôi, khúc cuối hơi uổng, cứ nghĩ nó sẽ nghĩ cách khởi động đc cái khoang cứu hộ kia 🙂",,,
"Nguyễn Hoàng thì bạn nó bị cả Việt Nam chửi r, nó thấy thế phải ngoan chứ",,,
Abe như này thì bĩu sao hk trò nó không thành ra như vậy.e chán Abe quá mà,,,
Jacob NguyenAn Nhây bà mẹ VN anh hùg :)))))))) hài ko chịu nỗi,,,
"10:57 "" vi trùng du học"" =)))",,,
Như lol anh ba,,,
Mai e thå chó ra can trân doan muôn hon Minh hieu hå chua có Dan câp dê so sánh voi Ngôi sao Minh hieu dâu trân doan,,,
Nhảm nhí vl,,,
Muốn xỉu :))),,,
Đáng yêu quá đi mất,,,
"lau lau cai duong lai thay day da ,hiem lam csgt moi phat hien",,,
sự thật là tau đéo hiểu mày nói gì !,,,
Nghe rất vô sinh nhưng lại có thai 😂😂,,,
Tức á☹,,,
"ơ, e tưởng phải bằng nhiều vailon chứ :)))",,,
Sống nhanh sống chậm gì,,,
ngứa bà cẹt ghê 😌,,,
Đẹp trai tài năng tư duy đỉnh cao tố chất lãnh đạo và nhiều phẩm chất quý khác là những gì mà .....levi đều có chứ ko phải là như ai kia.,,,
Toàn đánh vào Chấn Thủy nhỉ,,,
đcm 😒 sau có con cho hút cỏ chữa bệnh chứ đéo đưa đi bệnh viện 😒,,,
Khung vang,,,
xám xí,,,
Nhữ Huyền Trang sợ hết tết 😂,,,
Chúng ta đã thắng trong việc bịt miệng dân,,,
thầy đi sp hay nhất bởi vì,,,
thử chế tạo ra tên lửa rồi thử nghiệm xem nào!,,,
Do Cho bat ky very funny,,,
Nguyen Manh Cuong,,,
from panda with love ❤ abe,,,
Sáng dậy mình đc làm fan cứng :)),,,
Sim số đẹp ib e nhá,,,
🙂 um,,,
Hà Thu Phương lần sau đi a đưa đi 🙂,,,
Hoàng Văn Hướng,,,
à mà thôi =))),,,
thịt này là hải cẩu nha,,,
Canh đéo trượt giây nào nhưng vẫn có 1k7 thằng like trước t :/ kingg vậy,,,
Tại s lại đối xử với tui như vậy:((,,,
Giận bay màu,,,
Sao còn tồn tại con người này hả trèn,,,
Triệu S. Tùng Icon sớm cũng bị nói. Đéo hiểu kiểu gì,,,
Hồ Hoàng Huy nguồn gốc vẫn là chị nhhng,,,
Gặp Main rồi :))),,,
d4ng' y3u^ gk3^ :))),,,
Ngơ cái buồi :v,,,
Lê Hải đúng vl :)),,,
Thứ nhất là làm sao biết ở đâu ??? Cái gì chứng minh Fomosa ? Thứ 2: làm sao biết nó độc hại ??? Fomosa là nguyên nhân chính mà Nhà nước mình làm lơ ! Ai cũng hiểu biết mà ko làm gì được ! Clip này ko đánh giá được gì !,,,
Phim công nhận cuốn vl,,,
Tiến Chiểu chúng giàu có thiệt nhưng có giúp đỡ ai đâu có gì là chúng nó bay đi trốn hết ak,,,
Danh mục xe ô tô và xe cộ,,,
"Chinh Nguyen Chinh Nguyen bên anh k chữa nha,đi khám về cho thuốc tự cách ly. Nào chết nó ms lại xét nghiệm xem có chết vì virut k.sợ chết thì về việt nam thôi,chứ tiền nhà nó đốt mấy đời ms hết nổi",,,
Sau khi anh tôi tỉnh dậy 😂😂,,,
Lại Thế Cường rẻ tiền,,,
Xuất sắc,,,
Cô zô nét nhà t mà :v,,,
Gke vay thầy .... thầy levi,,,
Chưa kịp hết dỗi đã dỗi cái thứ 2😄,,,
Hiếu Đình Quyền mé có nghị,,,
Vì Mao tội lớn và khó che đậy,,,
Quang Nghĩa tính tiền cho anh ba,,,
Ninh Trần beat này dizz cũng đc :)),,,
Linh Chi may có khánh nó ăn bớt tiền đấy :)),,,
Trai Làng Xai id trong video nhé bro,,,
Bait à,,,
OK sếp,,,
Thằng nào ko bầu chọn thầy bắn cm hết,,,
bo` cho' do chu' co` do cai' cc gi`,,,
Ai lốp du chu cà mo,,,
Láo,,,
thôn cái lù. dkm cs,,,
Tại 100 năm qua nhanh quá thôi,,,
Thấy KICM đứng đầu là vui rồi,,,
Tác giả đang nói thằng niễng và thằng cố vấn của nó.,,,
Nghe nói c Nhung là con chủ tịch Linh Sarang,,,
ý thức rất tuyệt 👏,,,
"Tụi mày tuổi lồn, nói thế cho nó vuông",,,
có loại bút nào to hơn không ad?,,,
Alo,,,
Lắm trò thật sự :))),,,
Thiên tai hạn hán cũng đổ lỗi cho chính phủ. Vậy có lẽ tao cũng nên coi mày là thất bại của việc bố mẹ mày làm tình phải ko thằng ad óc chó?,,,
Cho mình xin đc nhé,,,
Anh Minh chậm cái địt bầm m,,,
Aba cứu Tú thỏ ngọc với....,,,
con trai,,,
Học sinh chuyên toán xuất sắc,,,
Đây là a độ 😆,,,
Run men house,,,
Năm rưởi rồi :))),,,
Khoai lang nó cập nhật tin tức kém quá 😏,,,
Củng là cháu của ba tu bán chao lòng cháo quyét hahaha dm chi ba bong ỏ gân kho mìn nô banh nhà lòng luon haha,,,
Tài Thi,,,
"Nghe nói nhà có điều kiện, tài trợ lại 400 tỷ đi chị Nhung17",,,
Tít còn chữ Singapore sao ad ko nói? Singapore thì có thể nói là chơi luật cứng nhất nhì cái vùng ĐNÁ này (hình như vẫn giữ phạt roi nơi công cộng),,,
15/5 mở nắp quan tài,,,
Mặt cười ?,,,
Oaiii 😆,,,
Cô Mina trốn học đi chơi net thầy ơi,,,
Khắc tiệp lại sợ khắc việt rồi😂😂😂,,,
Khô gà nhiêu kg vậy thầy,,,
Có reaction lại trận đấu ko thầy,,,
Nghe có vẻ vô lý nhưng khá thuyết phục,,,
Mình cũng bị lừa vì thấy cmt mua nhìu quá nên mua theo,,,
hiếp...:))),,,
Trần Ngọc Dũng người bắc thì nói bắc..có cc gì mà phải nhột?,,,
"T1,tranh chấp ở 1 vùng chiến lược như biển đông không phải là chuyện đơn giản,mặc dù hàng ngày húc nhau ầm ầm,đặc công mình và người nhái của nó xin nhau tí tiết là chuyện thường ngày ở huyện nhưng trước mặt bàn dân thiên hạ việt nam đang đóng vai thằn",,,
Hello moi nguoi nhe,,,
Minh Trang Nguyen nghe anh nói chưa :)),,,
thầy sela,,,
Trend này T đã chụp năm trước rồi :)),,,
Nguyễn Trọng Hiệp oder được đôi này giờ chắc cũng phải vài nghìn đô 🙁,,,
Má dơ vl =))),,,
Ko liên quan,,,
"Thầy bói Ba cl gì gì vậy thầy, đem con susan ra thế giới à",,,
😛🤣,,,
Gro Annie xàm chỗ méo nào hả bro?,,,
Nguyễn Châu Gia Bảo hiểu làm gì cho mệt thấy nó ngu đến vậy thì ai đâu hiểu nổi,,,
Nhâm là phải con sam ăn được con so không ăn được,,,
Nhi Nhi bạn có vấn đề về quang học ak. Con này là con mực nhé,,,
Cô dễ thương á ạ <3 <3,,,
Ố là la,,,
may chi de thuong qua di chi oi,,,
Ở mỹ xạo lồn là bóng tâm thần,,,
Cho xin cai nic de.tao cung la tien tri day,,,
Dễ thương quá mà 😂,,,
thích thì thích k thích thì thôi ns mịa ra cho nhanh,,,
biết nhà trẻ ở đâu tốt chưa 😂,,,
Hên là chuột có dây chứ không vứt mẹ rồi 🐵,,,
Có ai có số của cô Minh Hiếu k vậy,,,
"Lâm Nhi vn cũng tư bản thôi, mấy thằng lãnh đạo nhà giàu 3 họ nứt vách như tiểu bá tước chứ dân đen có đc gì đâu",,,
Ở VN có 2 thằng Trung Khựa thì ác với VN còn thằng Hàn thì coi thường khinh VN thì kết quả là,,,
Thực sự chán :)),,,
Dân băc minh ko xu đep con cho nay,,,
Dũng Đỗ đi qua cac thứ cx ho sốt :((,,,
Hà Hoàng,,,
Nhung biến 400 tỉ nhà nước thành giấy,,,
Nhựt Nguyễn ồ thì ra là cánh hoa 🤣,,,
Trần Thu Huyền mong là không ai tử vong còn đẩy lùi thì từ từ chị nhé,,,
☹️,,,
Nguyễn Khánh Hưng,,,
Nay ông nói hay,,,
Đó là sự xúc phạm 🙃,,,
GAM thua cái củ cặc nhé !!,,,
Mấy thằng bảo không có K-ICM thì Jack cũng không làm được gì,,,
chuẩn...web nó cũng đầy đủ sp,,,
hợp lí =))0,,,
Chồng ơi ai cho anh đẹp trai z 😭😭,,,
Tập này Minh Tuân cười không nhặt được mồm🤣🤣🤣🤣,,,
Thùy Dương lo ngay ngáy 😖,,,
Clear Pr sản phẩm như này ai dám mua ?,,,
Xài hủ sáp Kelvin Murphy khá tốt nhá mấy anh :))) mà không bóng lồng lộn thôi :)),,,
Nguyễn Khánh Huyền :)),,,
Hiếu Tuấn đi trc thời đại,,,
"Coronavirus = ""Con zi trùng ngu học"" :D",,,
Shaco phá nhà hay phết thầy ơi 😂 😂,,,
Bùi Hữu Tiến,,,
Trinh Minh Duc the burn,,,
Cầm thêm quả đèn lồng đầu mixi anh êi :))))),,,
"chia sẻ hay quá, mong muốn được giao lưu kết nói với mọi người +HUY TÍNH 100%=trả lễ đầy đủ+nhe mọi người",,,
Fake và xịn thế thôi tốt nhất đeo Thượng Đình cho thượng đẳng,,,
Có muốn ứng tuyển cũng k tới lượt 😉,,,
Vừa nghe cô chửi vừa cover đắp mộ cuộc tình :)),,,
Điên,,,
Và thế là từ đây e sẽ ko bh về đvi nữa🤣🤣🤣,,,
Cực kỳ thuyết phục.,,,
Năm mới vui vẻ cùng thầy kính yêu❤️,,,
Đừng nói những điều mà ai cũng biết =))),,,
"sang Page khác nói câu, bị cả đám hùa vào chửi cho ngay và luôn, haizzz",,,
😢😢😢,,,
Bài này k hay!!,,,
Yêu lại người yêu cũ cũng giống như đọc lại 1 cuốn sách... cảm súc có thể khác nhau. Nhưng đều có 1 kết thúc.,,,
Quỹ đầu cằc nè mấy em,,,
Như vậy là đẹp á hả ?,,,
"Nguyễn Diệu Ái ờ bữa ni là chào anh là giơ cánh hoa vô mặt khách, lịch sự vô cùng",,,
Hết chuyện nói thì dùng hành động để hâm nóng tình cảm nên ngu thế,,,
Oh gan chi qua e,,,
Xin với bro,,,
Bơ-phẹt🙂,,,
Nguyễn Thị Mỹ Cẩm lúc đó ngửi mùi tiền k à. k ai quan tâm mùi khác đâu chị :))),,,
Tộc trưởng hơi bị khoẻ mng ạ,,,
nằm thế nó head shot cho lại thành hòm,,,
Trả lại để ông khác còn ăn chứ chia sẻ cho nhau là hp mà dis@@,,,
Cà khịa đi xíu thầy vô chửi cm🤦,,,
100k like Sói đập bộ PC ông già các bạn nhé <3,,,
nhờ nó tố cáo mà khỏi ai thắc mắc thằng nào là thằng mặt heo 😃😃😃😃,,,
nhanh chóng vãi lồng ! cá chết 3 tuần mới xách đít đi lấy mẫu !,,,
Bích Phượng phía sau một cô gái:)),,,
người thật việc thật chị ơi cuộc sống mình thật thà mà cuộc đời nó  k cho chị ơi,,,
"Chi chui k bag trag tran ,trang gtran nge da tai hon ,no nhu bap v ,chi chui k mah me matuc nhwa",,,
"Nói thiếu thận trọng của bác chở tôn . Ừm thì cả 2 cùng có lỗi nhưng tsao k ai nói ai hỏi k ai trách 3me bé ở đâu sao k trông coi bé để bé phải chạy ra đường nvay ,trách nhiệm làm cha làm mẹ để đâu . Tôi giả sử k phải xe chở tôn nhưng gặp xe oto hay xe khách thì ntn . Tôi thì tôi vừa thương vừa trách 3me bé ,lúc bé còn sao k coi ngó bé ,lúc bé đi rồi mới ngồi buồn khóc than ?",,,
xin chao nguoi đep,,,
Minh Anh lúc đầu đọc tên tưởng Kiên lớp mình. 😂,,,
"VN giờ toàn mấy thằng ngu+ thất học lên làm lãnh đạo,phát biểu ngu ko chịu được",,,
nhà báo việc,,,
Mai Anh Tuân sủa cmm à,,,
phim càng rì viu lắm thì càng ko xem,,,
Quỳnh Phạm 😞😂 thế còn chờ gì e,,,
Kay vl a ạ,,,
Vãi,,,
"Là một thằng con trai, tôi không thể nào nghe nổi nhạc của Jack, vì đơn giản tôi anti Jack",,,
Em gái iêu đẹp ghê giống tướng bà lắm đó 😍,,,
Anh Độ ơi e làm theo anh 3 ngày ỉa 1 lần để đẹp trai như anh mà mãi kh dx,,,
Châu Nam Vân thượng đẳng nók phải như thế,,,
Coi chừng nha theshy sa đéc gáy vào;)),,,
"Bọn tây lông ko sợ chết hay sao ấy, nhân viên đeo khẩu trang còn bị nhiễm",,,
"Bắn bỏ hết mẹ lũ tham quan đi, lũ chó",,,
Xin mạn phép hỏi anh Trần dần một câu ? Súng của anh còn đạn không ? Nếu bây giờ có chiến tranh thì anh có tình nguyện sang TQ chiến đấu không  ? Ở bên TQ có nhiều nhạn trắng lắm  . Anh bắn đỏ lòng luôn mà phải cần thận đấy coi chừng gãy súng luôn ( xin anh giữ gìn sức khỏe ),,,
Sản phẩm vs tiểu tiểu ak abe,,,
Huynh Hoang nỗ lực cho bthan và gdinh thôi chứ đâu cần ai nữa lí do là vì gdinh mình ai nói j kệ họ chỉ cần mình đã nỗ lực hết mình là dc r mà,,,
"ko tiện ra tay, mướn giang hồ trà trộn zô đàn áp :))",,,
Sạo lol hổng có gì vui nên chúng ta đừng nên sạo lol 😂,,,
Chào cc :))),,,
Nghĩ mà chán,,,
Hoàng Xuân Tâm sơn tùng nè :),,,
Anh độ gọi kìa,,,
Ko liên quan nhưng mọi người có thể vào tym dùm em đc ko ạ em cám ơn,,,
Quả đầu này làm lồng đèn chơi trung thu vui phải biết :)),,,
Đó là kết quả của nền giáo dục “ưu việt” của bọn vc !,,,
Quan ngại chứ dân đéo ngại nhé,,,
Hang Tran T cãi với m hoá ra t bằng m à😔,,,
Hahahahahahahaha,,,
tình yêu hãy nói về nhism korea,,,
Em gái Sói :v,,,
Ngọc Thắng.. chở nửa đi. Vê mà cánh ly dần đi,,,
bác cu te vl,,,
tập nào vậy,,,
Okey anh,,,
Cần phiên dịch câu đầu của Sói ><,,,
Nguyễn Tài clear núp duói bàn đánh,,,
Xao can ngày chi can dep vay,,,
Hay quá aba ơi thưởng cho cái thơm má nè,,,
Chi Tinh Nguyen má cười ỉa :)))).,,,
ngta bán để kím sống..tụi m lấy hết thì hỏi sao lại có trộm cắp ở đây..lũ óc chó,,,
Mat day qua bac ky lam gi den linh dien ma dam chui tat ca bac ky nhu vay,,,
Thùy Trang tay chơi ngầm đây rồi,,,
Nay chuyển qua đi xe côn tay rồi à?,,,
"đưa ra rồi mấy thằng bác học, mấy thằng tiến sĩ thạc sĩ nhục cái mặt làm sao ? đưa ra rồi còn đâu dự án cho mấy ổng ăn chia nữa, xời dễ hiểu",,,
Số người đi học mới về xem luôn=>✋,,,
Thế này thì chịu rồi abee ơiiiii,,,
Hi chu,,,
@Phu Nguyen chắc phát âm nói với viết 🤣,,,
Quang Huy ?,,,
Nhận phong bì thôi,,,
Mấy thằg óc chó,,,
Nguyễn Thành Vàng fashion ms m coi bận đi làm đx,,,
Nhìn tùng tui muốn rụng trứng :)) nhìn sang độ t muốn t chưa dậy thì mẹ lun :)),,,
Đan Thi Thao Nguyen Pham Thi Thi xanh mặt liền :(((((,,,
@Phú Đại GMTV tao nhắc đấy thì sao tml,,,
"“Moá ko lo tập trung chuyên môn còn chửi tao nưa, m bị dính lời nguyền rồi con đuỹ” - bạn thân said 🤣🤣🤣",,,
Phan Thị Mỹ Dung rambo nhấm 💩,,,
sale cc à thầy 😆😆,,,
Nhìn mặt thì ngắn ngủn. Mắt thì hít. Mũi thì to. Nhìn nhủ mấy thằng nô lệ.,,,
Cho xin địa chỉ...tao gửi ít đồ cho thần tượng của tao...nhà mầy chỗ nào cờ hó,,,
Việt Nam fighting,,,
Công nhận. Mình không thích jack. Toàn fan ùa theo là chính,,,
Muốn vả mấy cái mỏ của mấy đứa cực kì thuyết phục ghê :>,,,
Nguyễn Phú Thịnh 🤣🤣 đỉnh kout,,,
Chị thích không độc số tài khoản em chuyễn thẳng 10.000 USD tặng chị ăn sáng nè... sao lol phếc ra,,,
Vẫn đang phân vân xem có nên đảo k. 🤣,,,
Minh Khang Hà nhận việc,,,
bị bắt buộc và tự nguyện nó có khác nhau không hả các ông :D,,,
"Chất , cái gì cũng phải có thơ có vần",,,
Na Tít Vân Hí pải cty kangaroo ko kkk,,,
E cũng thua a tiệp 😌,,,
Người Việt nam cứ thấy cái gì xấu là lên án mà Ko hiểu rõ bản chất thực sự của nó.,,,
Phương Thảo giáo chủ lại kích động các con chiên r :)) mệt với mấy cái hội này thế ko biết,,,
Nguyễn CHi Nguyễn Chi kk,,,
Dành cho các bạn sống chậm,,,
Chúng nó cấu kết với nhau để khép tội cho HDHải bằng mọi thủ đoạn ! Bọn chó đấy còn dã man tàn nhẫn như thằng hung thủ kia và vẫn đang nhởn nhơ ngoài vòng pháp luật ! Đáng sợ,,,
"Ko đếm đk ông ấy nói bao nhiêu từ ""tất nhiên"" 😂😂",,,
Ông tuân ổng cười đỏ mặt luôn,,,
Nguyễn Xuân Bắc được bạn ơi,,,
David Tùng,,,
Cực kì thuyết phục🥴,,,
"Mấy thằng thằng bóng lộn  xàm lòn,",,,
Chụt Chụt =))) ghi nhanh quá thông cảm tí bro,,,
"Khủng khiếp quá trời, loại đàn bà này có một ko hai trên thế giới 🙈",,,
Nguyễn Minh Phương em ngủ luônnn,,,
đhs nhớ ông già =))),,,
Thanh Trà Trương ?????????????????????????????????????????????????????????????????????????????????????,,,
Đình Huân,,,
Anh Lân ơi nhắc cuốc sư trồng răng đi để cuốc sư nổ quá gió độc covit corona lọt vào thì tủm à,,,
Nghe chuyện kinh dị vãi đái,,,
Nhìn có vẻ iphone nhưng thật ra là mixi,,,
Xin inf cô btv,,,
Ren ko thu nhỏ người lại trốn zô nớ tự xác mà phải ngâm đầu vào đó chết bay ... đáng tiếc đáng tiếc.,,,
"Ko phải lo xa đâu ạ=)) lên gõ gg Johnathan Hạnh nguyễn để biết nhà chị này đóng góp gì cho vn nhá, với số thuế nhà chị này đóng chữa cho trăm người còn đc nữa là 🤷",,,
chị nói chuyện vui quá chị ơi em thích chị lắm chị ạ,,,
Tao mà bắt gặp thg nào là tao bêu rếu nó từ đầu trên xuống dưới từ bên này qua bên kia đm cho nó đội quần nó nghỉ làm mẹ luôn dùm tao,,,
Hồi chẽ 2 mái giống Đan Trường nx cơ,,,
Phương Nguyễn Thanh là một đóm chân chính luôn đi bảo vệ idol của mình ở bất kì đâu 🤝🤝🤝🤝,,,
Cuong Quoc tui vẫn dẫn đầu nha tui vs Thi Thi đc ăn free nha mn ơi,,,
Tô Phước Sang ai xin thì add rồi ib t,,,
"T thấy bình thường mà, có gì đâu",,,
Có u-lai rồi sợ l j =))),,,
số nhà thầy cần =)),,,
Phương Minn hay cố tình vào đây để bán đồ online :))) sống sạch lên,,,
Toang thật ròi,,,
Cha oi khau nghiep coi chung cai mieng cam bay gio,,,
"Siêu quốc gia, siêu cường quốc như Triều Tiên ấy ☝️",,,
Chi ba la vang ngoc,,,
Chú nghe rồi. Tin tức Việt-Nam chú cập nhật từng giờ. Thư giỏi.Có theo dõi và ưu tư về tình hình đất nước là đáng khen.,,,
Có nhiu đó mà hk có tình người cũng nhưng không,,,
Đã tiếp xúc với bao nhiêu người r,,,
Phạm Thu Trang Nguyễn Minh Phượng hay là trang lòn nhỉ 🙂,,,
Miền Tây thật thà nên cô có gì nói nấy ha,,,
Đéo còn nời lào để lói,,,
Đã bắt đc susan0175 :v,,,
Thầy Ba đi đâuu đó!,,,
"Nhìn anh tôi tấu hài quen rồi, bật mode này tưởng nhầm kênh",,,
Rõ ràng rành mạch biểu cảm tốt giọng có cảm xúc xuất sắc 10₫ về chỗ,,,
Abe đúng là thật xàm l ;v,,,
tao coi con quỷ mặt rỗ trần đoàn mà tao tức lồng ngực tao ak,,,
Hồng phúc.. sam nha bạn 😪 chứ bạn nghĩ ở dưới kia có intonet cho mình sài à 😅,,,
Sao lại có an vy vậy :v,,,
Hoàng Ngọc Hòa sũa cc,,,
có hình đăng lên đi nói không ai biết được,,,
"Thánh này thông minh lắm, đừng có giỡn nhe,,...lương lẹo lắm à..kk",,,
mình đú trend nhanh ghê 😛,,,
Cá lóc đeo dây xích chó kìa,,,
is nó qa rui mà k báo vs a 1 tiếng Hạnh Bê,,,
Xem có vẻ tai ương nhưng rất dễ thương:)),,,
Djtme nghe có vẻ hợp lí càng nghe ... càng hợp lý :D,,,
Đức Thịnh e cũng thấy a có cô nào đấy mà 😂😂,,,
Trần Sang tự nhục ít thôi,,,
Bên mỹ thiếu bệnh viện thần kinh?,,,
linda ngay nay rat sat sao.nhung o ngoai ba de thuong ma,,,
QuocAnh Tr được,,,
Trung đầu Bùi,,,
Hôm qua em ngủ mơ thầy lập kênh mới 🙂,,,
Những người như vậy thì hay bị ung thư không rõ nguyên nhân!,,,
Đúng cái tôi cần rồi :)),,,
có cl bố mày tin ấy,,,
đâu?,,,
Chỉ sợ khi a thành công r thì ng phụ nữ bên cạnh a kh phải là e thôi🙈🙈,,,
Hanh Le happy story,,,
facebook mình bị lỗi hay sao ấy????,,,
TPHCM nhé. Sài Gòn không như vậy.,,,
😂🤣,,,
Nó lại dễ vailon,,,
My thoa???,,,
Ông già lấy tiền sữa của tôi đi mua giải rồi anh em ạ - Sói said.,,,
Việt Hưng,,,
", ốm yếu, kém ăn, kém ngủ, tiêu hoá kém, khó hấp thụ dinh dưỡng...ib m tư vấn, 100%",,,
Kì này toang rồi 😂,,,
Nguyễn Anh Tú ê coi nè Tú giờ mới nhớ ra xa bờ.,,,
Lotus ngồi quýnh bài mặc đồ đẹp làm chi,,,
Thu Trang Nguyen anh tao có quả quần xịn hông,,,
Phúc bao nhiêu cái show thì có 1 lỗi thế bạn? Chứ mv vẫn hit mà😀,,,
"Như Ngọc Nails thực sự mình chưa mua nhưng ý mình muốn nói là dù ntn người ta cũng bỏ sức lao động ra kiếm tiền, đừng làm người ta đau bùn mà tôi nghiệp",,,
cà khịa t chém,,,
Hải bảo rùi>>Thà nghèo mà yên bình còn hơn giàu mà bất ổn.Tao buồn ỉa quá,,,
Pham My Linh hahahaha tết làm 1 phát,,,
"Bác Dần nói chuyện hiền lành họ đồn thì biết làm sao bây giờ ha ha 🤣. Đúng rồi đâu phải đi tận nhà gõ cửa để giải thích cho họ hiểu là mình khỏe, video này đã chứng minh bác Dần khỏe mạnh rồi.",,,
Vũ Thanh Tùng đúng r,,,
Linh Việt kiều đâu có ở Việt Nam đâu mà kiếm,,,
Chi ba khac moi k co cailoncat khong,,,
Anh Châu siêu dễ thương luôn á trời:333,,,
Nghe bác nói vui tai mà. Mỗi người 1 chính kiến. Bác cứ tiếp tục nhé.,,,
Vinh Phan :)))))))))))) chán,,,
A để em :)),,,
Nhạc jack phối nghe cứ sao sao ý,,,
Cực kì thuyết phục 🥺🥺,,,
",😂🤣",,,
E điểm danh cmn hết rồi thầy khỏi lo :)),,,
Đéo nói nhiều 🙂,,,
ở mỹ ns cái lồn gì k đc,,,
"đếm dc tầm trăm ""con chim vàng""",,,
Anh Lân phỏng vấn với bác nào đối đầu mạnh xem mới nhiều ý kiến hay.,,,
Đường tăng hơi béo,,,
"Thằng vô danh tiểu tốt này chấp nó làm gì, cho vài tệ nói cái đéo gì nó cũng nói, có khi bảo nó chửi bố nó nó cũng chửi. Kệ nó đi! Bao giờ là quan chức hẵng hay !",,,
Ông giám đốc này chắc là sản phẩm của cắt đôi BCS,,,
Đéo quan tâm t nào lãnh đạo?,,,
gạt tay #19,,,
Hãy bắt thằng hô hào chống tham nhũng đầu tiên..,,,
Thầy Sonic giật dữ quá =))),,,
Giúp mình với mọi người ơi,,,
Không có Táo mà sẽ là cái khác nhé.. 😞 không hay nên đang tiếc đây,,,
"Về Việt Nam lánh nạn nè, bên nớ chết á kkkkkk",,,
clm oke abe,,,
Nhìu tiền sao nhìn ghê z🤭🤭🤭,,,
"Các anh làm tôi hơn buồn đấy , nhưng thôi , bảo ông già là nhớ mua quà cho tôi là được , đừng mua giải nữa",,,
Giống người k :)),,,
Thầy còn chưa có tiền mua quần áo mới nha mấy đứa,,,
Mèo tôm có sức mạnh gây nghiện cho tùng sói,,,
Lê Nhật Khoa thiên trâm hả,,,
Đồng cảm xúc :)) nghe không hay như mấy bài trước :)),,,
"Vi Hạ Lam chị k có dơ vậy nha, rất chi là sạch sẽ.",,,
tình hình tham nhũng đang ổn định :3,,,
Anh độ cứ gọi là phong độ :)),,,
Cực kỳ thuyết phục 🤣,,,
Đời là thế thôi😅,,,
@Hoàng Phúc Lê ❤,,,
"bọn dlv hài thật =)) D*t me thằng ăn thuế của dân mà sống thì giúp dân là chuyện đương nhiên và lẽ đương nhiên chúng ta vẫn kính trọng họ , còn người ko ăn thuế , nộp thuế lại tự bỏ tiền túi ra giúp dân thì chúng nó chửi như chó, chúng nó chỉ làm xấu đi hình ảnh người chiến sĩ của chúng nó mà thôi",,,
Bím đó,,,
Nhật và các nước tư bản cực kỳ coi trọng những ng làm nghề lao động chân tay thế này và được ưu ái ko khác gì ng có công với cách mạng ở VN vì Họ hi sinh để nhường cơ hội ngồi điều hoà làm bàn giấy cho chúng ta,,,
Ae cho phím 1 đuổi Abe để cô Dolce quay trở lại nào 😞,,,
Lyric cho ace:,,,
Park Kim Hee y rang c🤣,,,
Ủa ủa học kênh nào vậy thầy ?,,,
Tởm...........,,,
Tác hại của việc hút thuốc lào là đây,,,
Đom đóm sắp xuất hiện với cương vị một official mv,,,
Tặng cho những con bò thích làm theo và học tập theo...🤣🤣,,,
đây là aba sao khi già,,,
Doan Thuan An hên là t ngoan ko nghe lời m rủ đi bar,,,
@Sơn Hoàng học hành đi má~ về nhà r cày view nha ;),,,
"Cảm ơn thầy, yêu thầy",,,
Sống chậm lại đi các bác ơi 🤣🤣🤣,,,
From Bến Tre with love ❤❤,,,
cần gì phân biệt Thầy giá ba với Baroibeo làm gì trong khi cả 2 đều rất đẹp trai ?,,,
Ms cs 3’ thui,,,
Ấu my fuckboi,,,
Nhiều chương trình km hấp dẫn thế,,,
T ghét bây giờ quá. Muốn vỡ ko đc,,,
Đạt Tiến địa hình này bắn ra hay bắn zô nhỉ 😆,,,
Chơi vậy ai chơi nữa :v,,,
khẩu trang mixi hân hạnh tài trợ 👍👍,,,
Da,,,
"Mỗi lần tao thấy dịch các ngài là tao thấy dị ứng à, ngài cảnh sát nghe mới tởm, bọn cảnh sát ở mấy ngước độc tài còn thua súc sinh nữa chứ ngài ở đâu ra",,,
Từ Mixi với Tình yêu,,,
thứ gì đâu,,,
Bạn này có não không ???,,,
Vui thật,,,
QuânAnh dogy chứ,,,
T có súng đây này,,,
Cái bình chữa cháy này chưa đạt chuẩn :v chứ nếu chuẩn thì oto ko cháy nhanh thế đâu,,,
dlv ?,,,
chị MH nc có duyên thật,,,
Ae cho mình hỏi làm sao mua khô gà vậy??,,,
Idoi vẫn còn sống may quá,,,
Cực kỳ thuyết phục =)))),,,
Vũ Thanh Huyền bọn Hàn Quốc biết nói tiếng Việt à :)),,,
Cay quá b52 ơi,,,
Cấm đụng cô Minh Hiếu nha,,,
Abe 6 vú,,,
Xem clip thấy phẫn nộ như này mà tha được sao ? Xin lỗi gì cũng phải diệt,,,
Tâm thư nghe mà cười ị,,,
Chi dep nà người fa nghen fưc0762871239,,,
Thằng mặt l này đi trên đường tưởng thần kinh đấy,,,
Ghép cl nhé,,,
vác Susan ra nha Thầy,,,
yêu cô <3,,,
Bao Binh mấy người hay nói đạo lý thường sống lỗi phải không bạn? :>>,,,
Không được cười Không được cười Không được cười Không được cười Không được cười,,,
Chào cả nhà,,,
Chất của lóoo,,,
Cày view video này đê mn cho lên top trending nào 🤪,,,
Tưởng con lợn 😑,,,
nhạc jack nghe nhiều mới nghiền,,,
"Thằng Vẹo lúc bố nó phang mẹ nó thì mẹ nó nghẹo cổ trên gối vì phê, thế là đẻ ra nó cũng Vẹo cổ theo. Đứng Vẹo, Ngồi Vẹo, lãnh đạo đường lối Vẹo",,,
Bùi Trường ko có sách phép thì sao thành công đc :)),,,
Nhat Nguyen nhờ vậy mình mới biết thì ra chị này chửi quen rồi.mình ko có fb bả nên xem lại.mình biết lip củ nhưng vẫn xem như thế nào,,,
"Hải Yến mày ở nhà ứng tuyển trc đi, nếu 1 tháng sau m ổn thì t về 😂",,,
"ĐM. DN nào cũng đóng thuế cả nghìn tỉ. Thế có nghĩa là DN nào cũng đc phép làm ăn bố láo à? Mà tiền thuế đó ở đâu? Cướp ra chắc. Do người tiêu dùng, làm ăn sai thì tìm cách đẩy người tiêu dùng vào tù. :v",,,
Phan sa đéc xin chào ae,,,
"Xóa bài là đúng thôi,(ko thì các ông lãnh đạo bị lôi cái đuôi ra), có quỹ xóa đói giảm nghèo có mà",,,
Nguyễn Linh Hương Ngát lương cao làm part time,,,
đeo kiểu đó có khác gì bảo tụi ăn cướp tao giàu lắm,,,
Linda như thám tử bắt tận tay đối chấp với thanh niên quay lén mình,,,
"Z cho tui xin 20 trieu dj ,de tui dj cho tu thien ,sdt 0989003524",,,
"nhìn vợ anh lại nhầm sang diễn viên phụ trong phim về nhà đi con trong các tập trăng mật của Vũ và Thư , bikini gạ thụt Vũ",,,
Duyên quá cô ơi kkk,,,
Bay kênh rồi :))),,,
Dễ thương gì đâu,,,
Phan cứng trong sự ngỡ ngàng😀,,,
Có họ hàng j không mà giống 3 gà vl,,,
Hay lắm anh Trung Quảng Cáo,,,
2022 idol về VN rồi^^,,,
Duy Trần gửi cho em xin vd với ạ,,,
"Hoan hô chú bộ đội đánh mỹ tài ghê , tàu bay mỹ chú bắn cho tan tành 😂😂 sau khi đánh mỹ thì nó thế này đây",,,
yêu đómm lắmmmm,,,
Ở đó mà bán rẻ tâm hồn. Sủa cc,,,
Con đĩ Linh nc ngu vãi! Ai xuống thăm nó chưa nhỉ,,,
quá chuẩn ảb ạ.,,,
Thịnhh Lửa chơi thế thì chịu 😅😅,,,
Dan ong hay dan ma co rau vay troi,,,
Thanh Bình do anh bảo k có tư duy của con gái bình à :)),,,
thế chốt lại các cháu có được nghỉ ko ạ :((,,,
Khánh Ly tự cmt tự thả tim :v,,,
"Tiendat Van Tều thời cấp 2 hâm mộ vl nhể, quả nuôi tóc dài vuốt chéo che kín trán huyền cmn thoại luôn",,,
Anh tôi đẹp trai rồi nhé :)),,,
Chuẩn anh,,,
Bạn Ba còn gạ bạn Thơ vô to lét nữa :))),,,
Nhìn a Châu dễ thương ghê,,,
"Bún ốc riêu cua 50k/ bát , ngõ chợ đồng xuân ngày 3 tết @@",,,
Train với SKT hay GAM gì đi thầy,,,
cay vl 😞,,,
Đúng là xem mâý clip nây không tha cho nó đůöc nhìn cái mõm nó góm quá,,,
Có thể cmt khác mấy cái này được không,,,
Chúc mừng abe nhá,,,
Bài hát này đang có quảng cáo,,,
Giàu mà sao não để ở đâu vậy Đức Ngọc,,,
Con gái của thầy đó,,,
Ảnh ghép các ông ơi :)))),,,
"khác sạn ko có khác thì trả lương vỡ mồm ak, có khách sạn phải đóng cửa vì ko trả nổi tiền lương cho nv rồi.",,,
Giảm cân đi hoèn =)),,,
Da thị ba,,,
"Co chu, thang Viet cung lam. Chat ca^y",,,
Rút kinh nghiệm là lại đc sài nghìn tỷ .,,,
cho phát biết liền,,,
Ko biết có ý gì luôn,,,
Linh Chi zề là duii rùiiii kakaa,,,
Tôi co vang xe lamborini moto 100 000 nha biet thu,,,
😂,,,
Phật độ ai chứ del độ tóc a Chip,,,
Hô hô. Lưu ý thì là lưu ý. Ai k biết thì đọc. Biết r thì có thể bỏ qua =))) k biết có thể k đọc. Biết r cũng có thể đọc chả sao =))) m biết thằng khác k biết thì nó đọc xong nó sẽ biết. Ai bắt m đọc đâu =))) tự nhiên đọc xong rồi ngồi tưởng tao tưởng tao là giáo sư,,,
Nguyễn Hoàng An chắc tưởng đây care =)))),,,
Chị ba .bản lĩnh con cháu hai bà trưng bà triệu👍🙏❤🌍,,,
Thầy dạy em không được xạo lồn mà ?,,,
6 tuổi xinh quá các bác ạ ♥️♥️,,,
Bóng gió sao nó hõn thấy ghê đã là người không được may mắn sao không biết tu bớt để an nhàn tâm hồn cứ sân si bởi vậy làm ảnh hưởng đến cộng đồng  người đồng tính đa phần họ hiền lành dễ thương mà sao đám quỹ chửi mất dạy quá conquy già kim ngọc  ngọc hiếu sao không biết nhục mà chương mặt ra,,,
Câu chuyện về 5 thầy trò và những đồi giày bạc tỉ :)),,,
em lập xong cho thầy r thầy ơi,,,
"Thoại Trần ok chính \""tã\"" :))",,,
Trần Tài,,,
Tùngg Ngố cl,,,
Định nghĩa chủ vs CEO nó khác nhau chứ 🙄🙄,,,
Chào ank Độ. Có thể ank không biết em. Nhưng em biết ank đấy. Vài năm trước em cũng giống ank bây giờ...,,,
Tạ Tường xin link ảnh,,,
Kaxỹyyyy Katm??? What????,,,
Em mất mẹ Fan Cứng r anh uiwiii i,,,
Nghe lần đầu k hay nhưng nghe lần 2 3 4 lần n sẽ nghiện nha 🤪🤪,,,
Kiện chết mẹ nhà nó cho nó đi tù 12 năm đi bồi thường thuêtj hại cho cả khu,,,
Lữ Văn Thánh,,,
Thành Học oke chiều xuống =)))),,,
"Trần Tân Kiệt Đây là một lần thử sức với phong cách mới mà, lời nếu ko bật sub thì hơi khó nghe thật nhưng mà bật sub lên lời vẫn rất hoa mĩ và đậm chất miền tây nhé",,,
Chào thầy ba girl😌nứng vcl,,,
Mạng VNPT lag mình cũng ko xem đc,,,
Có 5 thằng like. Có nghĩa bên cạnh thằng óc chó có thêm 5 thằng óc như chó :)),,,
Cũng trong này luôn,,,
Cương Đặng con mực mà,,,
Có ai nạp cho ko b,,,
Công thức phá sản =)),,,
người sản xuất iphone idol anh độ rồi :v,,,
chị Hiếu đẹp hao hao giống chị Cẩm Ly hen,,,
Huynh Tin Đúng drama,,,
"Đề nghị ông Trần Dần nên cạo lông, cạo râu sạch sẽ khi nói chiện với khán giả nghen.",,,
1 thời tuổi thơ ấy chứ,,,
Nguyễn Thị Hồng Lê Không hay thật à em. Tưởng mới nó phải hay chứ 😑😑😑,,,
Nguyen Dương Thi Thuy làm quai đeo trên lưng mỗi lần ra đường này😞,,,
Sao cô đẹp quá vậy,,,
nó joke mà sao mấy ông nhạt vl vậy,,,
Ở một diễn biến khác :),,,
Nguyễn Văn Chung ai thế,,,
Con lợn này béo vãi lon. Bắp tay to bằng ngón chân =)),,,
Chửi cho cả vòng họ noi ngoại nó suốt đời ngóc đầu dậy ko nổi luôn cô,,,
Đừng có mà tiếp tay cho gian thương đầu cơ tích trữ,,,
Ai yêu cô I  love you chu cà mo nà  😃😃,,,
Panda thai đã xem 👍,,,
Trăm năm Kiều vẫn là Kiều,,,
Huy Hoàng có 🙂 xuất hiện với tần suất khá dàu,,,
Ảnh gốc,,,
"Nhàn Lê nhạc lần này đúng là k hay thiệt, mấy bài trc nghe còn thấy hay, mong là sau lần comback này ra nhạc đỉnh hơn, chứ bài này nghe ái ái kiểu gì á",,,
Sau vụ này thì deo biet a có đạt đc nút vàng của diu túp k á :))) chứ e là e vào huỷ đky luôn r :)),,,
"Toàn là ở phan thiết, còn hàm thuận Bắc nằm thị trấn nào có ai biết hok a?",,,
Mình cũng muốn thử nhưng lại chơi không được giỏi :)),,,
Xàm chó thật,,,
Oh shjt,,,
Minh Hải =)))),,,
Mà sợ r anh à,,,
Mặc dù em đéo có người yêu nhưng vẫn thấy anh nói đúng vlon 😪,,,
Chắc hôm nọ ăn nhà hàng hết riền mia bo rồi 😢,,,
Thà bợ đít cs chứ ko bợ đít lủ chó chúng mày,,,
má lên clip rồi. mà đéo hiểu có ai giúp cho những người này hay không. mặt rõ ràng ra rồi. mà cũng chẳng đéo quan tâm,,,
Sống chậm lại các bác ơi,,,
Phi Phi nhưng không có gấp đôi như a 😌😉😉,,,
Nghỉ hk đê,,,
<3,,,
xin vid với bạn ơi,,,
"Con nay kieu ha ,,,mo cua no an cuc nhieu qua ,,,nen len mang sua qua troi ,,do phan quoc ,,,,,,,,mo lon ,,,,,,,,LINH an lon dap chet me no di ,,,,,,,con cho vua gia vua sau",,,
quản lý fanpage có đc coi là fan cứng ko anh ui :v,,,
Hên quá mình méo ăn dc hải sản trừ Cá 😂😂,,,
8:32 6:51,,,
Coi chừg ad nó chào thân ái và dí đái vào mặt m giờ hỏi như thế cũg hỏi thì dĩ nhiên là...oh mà tao cũg đéo biết :))))),,,
ai cũng như vậy có phải tốt ko :(,,,
Cô nói con cười chết,,,
Nhật Phú Nguyễn xin video,,,
"Hoang Huyen Trang cái này con kia cần hơn,tau k có thói đi hoang😂😂😂",,,
Sum vầy với pháo tết chả liên quan :),,,
Trang Ngân Tran Thu Trang Ngọc Khánh Duy Nguyễn ôi câu chuyện tứ quý...,,,
Cà khịa thầy thì toang cmnr,,,
T bảo là định rủ bạn t sẽ đi phá cỗ mà mấy th bạn ở lớp nhìn như ngoài hành tinh =))),,,
Ngầu đét :v,,,
"trong câu chuyện có 2 đối tượng nhá , ông đm nó là đm ai",,,
Đú trend 🤣🤣🤣,,,
😂 chị thắm cho e xin cái nick face ^_^ chửi hay vầy max k nhận chửi thuê 😂,,,
Thương chị quá :(((,,,
Cảm ơn em. ❤,,,
Quân Anh dơ nhưng kích thích,,,
Chị hiếu dể thương,,,
Cu Dan doi Kho. ma Tai Sao con an chan tien cua dan ngheo vay troi,,,
Con điên,,,
Ko biết hiệu quả ko,,,
Bác cuốc sư rất nhiều fan. Chúc mừng.,,,
"Con bà chúng nó làm lòng vòng để tìm cách tham ô tham nhũng, chứ xử lý nguồn gốc gây ô nhiễm chuyển xử lý dòng chảy nước thải không cho xả thải ra sông nữa là nước nó sạch ngay",,,
Xem stream anh dễ ngủ vl :) hôm nào đeo tai nghe đang lim dim dm ông hét phát tôi tỉnh giấc nồng😪,,,
mua bn đc sỉ ad ơi :))),,,
Mạnh Thắng Trần Nguyễn Đức Hoàng ko đi tơi ở cầu giấy nha :((,,,
hồi nhỏ tính để tóc như khánh phương akira hkt như vầy nhưng mẹ không cho lớn lên mới biết tuổi trẻ ai cũng mất sai lầm:v,,,
bắn tym,,,
"hà lội văn hiến phải khác người chứ, sống như chưa bao giờ được sống, hít thở ôxy thiên đường là vậy đấy",,,
:)))))),,,
"Đụ mẹ, thầy làm clg vậy?",,,
Mong virut này nhanh được đẩy lùi :( và không có bệnh nhân nào phải tử vong! ❤️,,,
Con này bán nước hoa dỡm t mua 1lan tỡn luôn cỡ 10p bay mẹ. T cho cháu tao luôn,,,
Cô nghỉ livestream 3 ngày là biết cô nhìn thấy gì rồi luôn :)),,,
Có nên tử hình những con người thiếu ý thức cộng đồng nv ko nhỉ. Chả khác nào tuấn khỉ vs những kẻ sát nhân máu lạnh :((,,,
Anh chửi thề chứ không chửi tục nhé,,,
Em bữa nay đẹp quá,,,
Động não:))🙂,,,
Ok abe:-),,,
"Về Việt Nam đi bác Dần, Sắp về với đất mẹ rồi thì lúc nằm xuống cũng phải ngửi mùi đất mẹ, để đất mẹ ôm vào lòng. Đừng nằm trên đất khách quê người, lạnh lẽo lắm, cô đớn lắm",,,
Da đen vậy tộc trưởng :))),,,
Lương 7-8 triệu được ăn mì tôm Thái đã là cả 1 giấc mơ :'(,,,
Này mà lúc buồn xúm lại nghe cô nói chuyện chắc cười chết luôn á🤣,,,
check tin nhắn nha anh,,,
Tươi à,,,
Nguyễn Đức Khải cực kỳ thuyết phục😆,,,
Vâng anh ấy thật là tuổi trê tài cao,,,
giống abe,,,
4 cái hoa.trend,,,
:>> củng là hoa chắc,,,
Anh Châu có vợ chưa v ta,,,
Đồng chí Trần Dần đã hoàn thành xuất sắc nhiệm vụ của đảng và nhà nước giao cho,,,
Ad page này có quan tâm gì đâu. Chỉ quan tâm nói đểu nói xoáy thôi mà. Đm ad,,,
Một học kì đầy sóng gió với abe,,,
Thích bả ghê á,,,
Hả dạ,,,
Phan Chí Trường =)),,,
đúng r,,,
Ngoan là ai cũng quý :)),,,
Bảo vệ thì ăn chia rồi. Còn lãnh đạo trường thì đang cố giấu!,,,
Đang  dịch  mà  chị  iu,,,
Chậm cái đcm chúng m à nhai mãi đéo chán à,,,
Hà Phạm=)),,,
Bổ ích vl,,,
đc thầy ơi :3,,,
Hành xử như côn đồ,,,
Sống chậm thôi các bạn :)),,,
Đó là biểu hiện xl mà những thằng xl y như v sẽ có kết cục ntn đây 😌,,,
@Trà My 10 năm trc ytb cũng ko có livestream đâu nha bạn :)),,,
2022 offline fan Trần Tiger tại Việt Nam nha bà con,,,
Nguyễn Triệu Thu Thảo mệt lòn 🙂,,,
Chết cho bớt chặt đất.ăn học mà nói ngu như con bò. Mà nghỉ tội cho con bò,,,
Vn cua rơ hơn tàu nhiều lắm.,,,
Thiên Băng Nhi đây b nè,,,
Nay live kênh mới hả a3,,,
"những cái thuộc về văn hóa thì ko thuộc quốc tịch nào cả, con người lựa chọn cái hay cái đẹp làm khuôn mẫu để theo, và bài trừ cái ác, cái xâu",,,
"Lưu Bá Mạnh cô dạy em bài thể dục buổi sáng , 1 2 3 cô hít the lòn ma the lòn ma",,,
Cần lắm một cạ đi xem cùng :)),,,
nhìn như ghép :)),,,
Fan minh Hiếu,,,
Coi lúc đầu vui lúc  sao ngge cô kể chuyện buồn quá thw cô quá,,,
Cảm ơn bạn rất nhiều dã cho chúng tôi biết thông tin này,,,
Chắc bệnh này mấy người có tiền sẽ bị nhiều nhỉ ...ng nghèo lo trồng lúa nuôi bò tiền đâu mà bay để rồi mắc bệnh,,,
Đấy du học sinh Úc đấy,,,
MonaliBe nghĩ sao về Clear :))),,,
idol Tiger mau về Việt Nam với chúng cháu nha. thấy rất quý bác.,,,
"Chị nói đúng quá. Trời mưa còn tắc đường nữa. Đi ô tô thì còn lâu mới thoát, chứ đi xe máy thì tí là lách đc rồi =))",,,
Hồng Đức Nguyễn Phương Mỹ cần lắm một sự lật kèo cực mạnh của sở Long An 🙂,,,
Nhìn vô phục nhưng rất thuyết lý :>>,,,
Abe up kênh mới để e sub nào :)) Phạm Khánh,,,
Biết bao giờ người dân việt mình có đủ can đảm như dân Hongkong ?,,,
"Học ở trường thầy, cô giáo dạy hay lắm yêu tổ quốc, yêu đồng bào yêu HCM mà không thấy dạy là phải yêu bản thân, gia đình ba, mẹ yêu chi những cái xa xôi chết mẹ còn nhỏ biết con mẹ gì cứ nhồi yêu nước, yêu HCM ? Sao không yêu những thứ gần gũi với mình ? 🙂",,,
Linh Pig trend đó,,,
Ở vn ngày nay có một rừng luật nhưng bọn vc chuyên sài luật rừng !,,,
Câu chuyện là hay,,,
Trần Văn Hưng 🙂,,,
Thích đi với anh huấn đấy mà,,,
Hôm nay nháp. Trả vờ gà cho địch coi thường,,,
Tâm Nguyễn vì quăng tiền mà vẫn k đc đưa đi cách ly ms về VN đó ạ :)) bên đó chỉ chữa cho những ng sắp chết thôi,,,
Hoàng Thị Thanh Thúy nhanh quá mày ơi 😢,,,
"Hư quá cơ, ôi 99 quê tôi :))",,,
:))) đôi khi sang quá cũng tạo nên cái đẹp rất riêng,,,
Yêu Ông Trần Dần,,,
Đm tố chất,,,
Người ta là người tình trên chiến trận ở đâu ra tâm sự mai đình,,,
giàu mà ý thức như cái đầu cac :),,,
abe ngầu lòi,,,
ae cài về cùng mình kiếm tiền mỗi ngày kiếm card 20k ai ko hiểu ib mình chỉ cho,,,
78 hả a,,,
bóng đỏ !!!,,,
Giờ mới nghe ....trời đất ơi cái miệng nó dơ bẩn vô cùng ...bởi vậy giờ cả thế giới đều khinh bỉ ...trời ơi ...khẩu nghiệp vô cùng ..😠😠😠😠😠,,,
Nhìn giống con cặc à nhầm con cua,,,
Thế thì đề nghị chuyển thành homestay giá sinh viên để mí đứa backpacker như mình có chỗ nghỉ giá hợp lí khi du hí ĐL nghen 😊,,,
Trung mậu tuất,,,
Nhẹ nhàng.,,,
Ở nhà nghe Bé Tí hát Thành Phố Buồn.,,,
Nói em ấy mang gì về cũng được...nhưng có 1 thứ đánh chết cũng đừng bỏ quên...và nhớ mang theo vào trong quan tài...đó là LÒNG TỰ TRỌNG...,,,
Nghe Rất Vô Sinh Nhưng Lại Sinh 3,,,
DLV đâu rồi ? cháu ngoan đâu rồi ? Đảng viên đâu rồi ? bơi vào đây cãi nhau nào !,,,
"Tuổi 17 bẻ gãy sừng trâu, lên 18 thì càng lên level. Đề nghị các bạn đái nhẹ, ị khẽ, địt duyên! Khéo lại bể tường... 😓😓😓",,,
Le Dinh Khoa 1955 =)),,,
Học thêm luôn =))),,,
Hóng đá phò ngay trên Livestream như đã hứa :),,,
Vũ Hạnh DươngDương gắt nhờ 🤣🤣🤣🤣,,,
Lê Linh số ca nhiễm ngày càng tăng ngày đi học của em ngày càng xa :v,,,
Ad cho hỏi sao bọn nhà đài vtv24 có thể làm hiện các bình luận tích cực và có lợi cho nó nhỉ. BL phản bác sẽ tự ẩn.,,,
Hàm răng làm nên tên tuổi,,,
Kiểu gì SBTC chả thắng :)),,,
như thế này thì đỡ làm sao đc,,,
Ok tùng sói😆😆,,,
Thứ khiến tôi gục,,,
dmcs :)),,,
Đêm nay hoạ mi cao bằng gáy to lắm 🤣🤣,,,
Giống LỆ RƠI ở việt nam kkk,,,
Quỳnhh Hoa ngta vẫn quốc tịch việt nam mà =.=,,,
Đẹp trai bản lĩnh tư duy sáng tạo tố chất lãnh đạo là những thứ thầy kh có 😂,,,
Cô đẹp quá cô ơi,,,
Sợ ko chết vì covid 19 mà chết vì nói ko kịp thở 🤣🤣🤣,,,
Kinh đấy,,,
Hoàng Lệ phát biểu ngu quá ! Xây dựng thì ko có thấy toàn kiểu chia rẻ ! Vớ vẩn,,,
Thôi chị ơi em cũng không biết ai trúng ai say,,,
Kute qua,,,
"Cm nó 50 ,k",,,
Luv,,,
quá nhanh quá nguy hiểm😭,,,
Page viết nhju kai phản động quá. Sai luật thj bj phạt thui,,,
Anh Trung lòi dái :)),,,
Xin địa chỉ bán áo:)),,,
TRUNG QUỐC LÀ 1 BẬC THẦY VỀ HỐI LỘ. :))),,,
Miền nam thì cố ko cho ng trung quốc trúng thầu còn ngoài bắc thì ... 😪😪😏😏,,,
Giây phút tôi không nghĩ mình còn tồn tại 🙂,,,
Lần đầu a tôi,,,
Vàng ngọc cl đừng có xạo l nha condi mất dạy,,,
ủa cô là gì của Châu ạ ?,,,
Hiep Tong chắc k ai nhận ra đâu 🤣,,,
Ae cho xin 1 like ăn tết,,,
"xin lỗi, nếu tôi là 1 thanh niên trai tráng đứng trước 1 ông lão 60 tuổi đi không vững thì tôi cũng làm thế :)",,,
"Hoang Lan,ac qua...thuoc o thay hoai ,!! chuc  hai bac, dc nhieu sk nhe,",,,
Thúy Vy mua cho D cái bận chơi m 🤣,,,
Giống thực sự,,,
dong quan hêt chô ninh hả,,,
Giang Thanh cừi ị đc hông,,,
Ngồi chờ thông báo cty cho nghỉ,,,
Nguyễn Thanh Tú chăm học vào,,,
Triệu Thành Long tích cực lên ông ơi,,,
hết thời xuống núi lấy thun búng l*n :v,,,
Facebook bả là gì vậy mn,,,
Tốt gỗ hơn tốt nước sơn.,,,
ok a,,,
Thật thất đức,,,
"thuốc mê thì gây mê , thầy thì gây nứng 😀",,,
Bảo sao chỉ thích qua đây mua sắm ^^,,,
Tiểu đường tuýp 30A 306.95.,,,
Phê lắm a độ eii =)),,,
Nge hay mà,,,
tiec cho gd bac sy qua .con vi rut nay that nguy h .on troi nuoc Việt Nam! minh con may man nheu,,,
Võ Minh Hiếu xin video bạn ơi,,,
Con Nhung :)),,,
k thua mà lại đứng trog nhóm nước đang phát triển =))),,,
Duoc vl anh ui.,,,
Ông già đi thái rồi ! Tối cháu live chơi subnautica phần 2 cho các chú coi nhé,,,
Anh kia said : mày không thấy bố mày đang ngủ à Nhím :v kk,,,
Lương Kim Anh ít bị ghét là thật hả bạn? Mk mới biết ông này.,,,
Shop pe bán giày giá được vl,,,
Bui Hoang thầy lồn,,,
Nhạc với nhẽo . Nghe mấy bà cúng bái nói còn hay hơn =))) .,,,
Nghe có vẻ hơi vô lí nhưng lại rất thuyết phụcc :v,,,
QuynhAnh Nguyen haha. Hnao lên xem mới đc,,,
hỗn hào,,,
hãy có lên,,,
đem người đi bán....,,,
Chặt bỏ chứ để làm gì,,,
Hơn 48 tiếng trôi qua lặng lõe :))),,,
cũng hay đóng học phí lắm :)),,,
“Cộng đồng mạng “thế lực vô cùng :))),,,
Nhuc,,,
Hơizzzz=))),,,
Biết vậy ở nhà đọc truyện sếch còn hơn thầy ạ,,,
Co ba oi co ba dep qa,,,
Hải quan ngta thì giúp đỡ hành khách,,,
Bui Hoang lại mất quan điểm,,,
Mn ơiii giúp em với ạ,,,
Giống quét bụi quá Po TatOo'x,,,
Ngon! Đeo tai nghe vào và sục cặc thôi!!,,,
Quá là hợp lí,,,
Ở bển luôn đi về VN làm cái đéo gì ko bik,,,
1 contairner nằm hết :)),,,
Em đã thử và được mạnh bạc 😂😂,,,
Cho ad clipo hay nè :v,,,
"Nuoc hoa that khong bao gio co gia may tram ngan dau , do la nuoc hoa gia  muon biet gia nuoc hoa that vao Amazon.com search : Chanel no 5 perfume se biet gia mua tra bang USD .",,,
lớ ngớ thằng này nó biết dc. nó bỏ boom nguyen tu thì ăn cứt cả lũ :)),,,
Trịnh Hà Vy hiu r,,,
Ơ thế lưỡi thầy k có đốm à :/,,,
Còn câu nào khó hơn không,,,
Vì khẩu trang nó đắt quá anh ạ cay thật,,,
Chắc đây là clip củ hả mọi người..?,,,
Thằng mặt heo,,,
Mãnh thú thì cũng phải trông em thôi :))),,,
Nhìn chị sinh rồi giờ làm đẹp nữa thì chai Việt kiều theo chỉ cả đoàn đây chỉ à,,,
"Si cam on Ma,hen chi tui thay nghi nghi dieu bat thuong ,con hon nghe Si ho quan Len dong  !!!",,,
Thà một phút huy hoàng còn hơn le lói suất trăm năm,,,
🤣🤣🤣 nhìn tội vl 🤣🤣🤣 An Nguyen,,,
chào anh gil xô,,,
"Thế thì ngon quá ,đỡ tốn tiền 🤣",,,
Chị tiết nc cưng qá :))😍,,,
Để thầy xem tụi bây vui dc bao lâu :)),,,
cay lắm luôn,,,
Nguyễn Phước Đạt tính ht r nha,,,
Làm không được gì nhưng bu thì chắc là được. Mà là rất được,,,
Mjnh cho sdt di tui ve mjnh chau choi,,,
Nhớ nghỉ hẳn luôn nhé ☺️,,,
Ok chấp,,,
Trần Phương Thanh chứ dì đm tuần mua cỡ hai ba món kkk,,,
Hợp lý vl,,,
Đây hong phải bố tuii,,,
có ai như em vào trang mà ko đọc được gì ko ạ,,,
Su vờ nai là gì?,,,
fan kứng,,,
Ỳe ỳe ỳe :3,,,
@phíminhphúc https://www.facebook.com/my.the.1297?epa=SEARCH_BOX,,,
Lại là con số 17,,,
Giựt tiền cô minh hiếu,,,
Dat Vu =)))),,,
"Like 300 nhé \"")))",,,
"Thích là mua , cuối tuần mua , lãnh lương mua , vui mua , buồn mua cần gì tết hã Nghi Tran",,,
Mất tư cách dễ sợ,,,
Chôt đơn chôt đơn. Thay nhieu ng van nói. Ma cô hiêu chỉ noi z thôi. Co anh huong gi bạn đâu. Sao ban nay len tiềng chi ko biet,,,
"Chou Cam hình như ý b ấy là kích thước cơ thể đấy ạ, ko phải kích thước đuôi",,,
Nhờ sự cố gắng miệt mài mà giờ chúng ta mới có ngày hôm nay :)))),,,
Vơ vét,,,
Bùi hiền và bùi đại xứng đáng hơn🤣🤣🤣🤣.. sao ko đặt ngay và luôn.....rồi dùng chữ của bùi hiền luôn đi..,,,
Chả bù cho K-ATM tí nào😩,,,
Sao tiền sự ko nói  bao giờ  ổng  chết .,,,
Chắc trong chuyện vui có liên quan đến bú ku 🤣🤣,,,
Minh hiếu quá đẹp mà dễ thương,,,
Anh hùng đây rồi,,,
Sau chi ra lăng thế chi chi xinh qua,,,
Cưỡi xỉu luôn cô ơi. Bài hát huyền thoại của cô 😆😆,,,
Túng sói: bố mẹ tôi ngày xưa chụp hình vẫn ko quên quảng cáo thương hiệu các ông ạ,,,
Iris Nguyễn Tuyet Bui Thi các chế cẩn thận nha 😂,,,
Công sức coi như đổ bể.. Chỉ vì nhung......,,,
Kênh tấu hài của B52 😁😁😁,,,
Trà My livestream của youtobe có sau fb nha em,,,
rất chi đẹp trai ❤️,,,
Nhìn tùng sói đáng yêu vãi =)),,,
Lão phét,,,
Ô tô lên trời tắc cả trời :))),,,
bán vé số,,,
Thành Cương tết đóng cửa ngủ ;)),,,
ĐN luôn là nơi đáng sống nhất VN mà,,,
Nghe đâu Ô mang cuốn này về cho các nhà làm phim Holywood làm phim giả tưởng,,,
Minh hieu kg thich chi noi vay ?kg can tien cua chi đau.,,,
Nhiều lắm chỉ là giáu xong h công bố dần thôi,,,
đêm nay khá rát :))),,,
Cô  ơi  cô  dễ  thương  quá  à,,,
Cô đẹp quá 😍,,,
"lo gì sợ lỗ , ta gôm cá về làm nước nắm bán cho mấy ông to ăn, chỉ sợ ông to chưa ăn dân mình đã ngũm..",,,
Em chồng Hà Tăng đây mà,,,
Cực kì thuyết phục!,,,
cười muốn xỉu,,,
Lê Minh Nhất đặc vụ Poppy đâu bro,,,
Đàn bà có râu kkk,,,
E gai lam đẹp lắm k nhìn ra đâu,,,
Ảnh chế đừng đưa lên,,,
-.-,,,
Bài này không hay. Like ủng hộ thôi chứ mình xem không nổi 2p thoát rồi.,,,
-_- Tận thu rồi !Giờ người nghèo biết sống sao !,,,
Tưởng gì tao cháu Bác Hồ còn chưa khoe,,,
Di ma mau o.nha tro,,,
Nhìn em dẹp quá và phúc hậu nữa,,,
Vlt nhưng anh em vẫn nên giữ gìn sức khỏe nhé :)),,,
chúc mừng năm mới <3,,,
Hi ! Chào cậu,,,
Lại đéo cayy đi,,,
Minh hiếu ơi may với nó cũng một thứ xạo lồn xàm lồn,,,
Vui quá ủng hộ 1 like,,,
Đêm nào chả giống đêm nào:)),,,
Vừa xem xong. Hú hồn chim én :((,,,
Trịnh Kiều Diễm Phúc đi nhật nữa k,,,
deo vang gia  nhieu vay troi,,,
"Cũng xinh đấy, nhưng Tiểu Tiểu Đại Đại vẫn là nhất",,,
Kẻ tổn thương lại muốn tổn thương người khác,,,
Nhà tiên tri nói sai tên tổng thống mỹ rồi ko phải là đônachung,,,
Draagon Tyni haha,,,
"Bác Dần biết mình cũng không còn bao lâu nữa nên đã bắt đầu mở đầu óc ra, hiểu lý lẽ, thời thế hơn tý rồi đó. Chờ sự thay đổi từ Ngô Kỷ thì chắc còn hơi lâu. :3",,,
Cú R làm ướt mẹ nó cái quần....,,,
"Thông minh mà muốn làm cho dân ấm no, hạnh phúc thì cửa tù rộng mở..!!",,,
ChI vui qua Ma co doyen nua,,,
cho mình xin giá em này ạ,,,
Quần sịn nhưng tư cách đéo xịn,,,
Bồ môi vàng trog làng vét máng đó ăn hai à,,,
Đào Duy Thạnh ok .Điểm nhấn 🤦🏻‍♀️lag tí thôi mà anh gì đó ạ,,,
liêm sĩ ji tầm này abe ôi,,,
Cứ 1 tiếng lại có 1 ca nhiễm thế này. Nên đổi tên Corona thành Conchodinhung,,,
Giọng cuốn thực sự,,,
nay dính:(,,,
Ông Tuân cười hoài luôn,,,
Chắc chắn cô gái kia là thằng Nhism :]],,,
Pepper Tieu Trung Hoàng c ko biết tứ quý Át bắt được đôi 2 :)))),,,
xóa kênh cũ trước đã,,,
đã cho chồng dùng,,,
"Người bị nhiễm đầy đó, xin mà thử cần gì tuyển",,,
Còn sính ngoại nữa thì đây nhen :),,,
"Nhìn cái mỏ nó kìa , già lớn rùi hok phải chửi lộn là hay ,",,,
2 ae trai :)),,,
Xin loi dm bang dai hoc xin chua ra truong da co dua kiem 15 20 cu roi.nhung thanh nien ra nuoc ngoai roi o lai da so la vi tien,,,
Hóng cô về sóc trăng quá cô ơi😆,,,
#ERROR!,,,
"Lại quá chuẩn luôn, múp múp như này là ngon👍",,,
Coi từ đầu đến cuối cười đau bụng 😅😅,,,
May đi ở trọ và làm giúp việc có ngon gì mà nói phách,,,
9x5= 2001 nhé:)),,,
Nghe như l,,,
Trym anh độ có gì mà ai cũng xem vậy?,,,
Thanh Tuấn nghe mùi hôi thúi như cứt từ miệng bạn,,,
Ngô kỷ vào nge ổng giáng day phút thu 36 nhé,,,
Phạm Văn Lộc,,,
Cái này là skin hay là cái gì vậy Thầy ơi,,,
Chu Tiến Đạt gốc bn ấy tuyến quang k là ng miền ngoài chứ là gì,,,
Đm thằng viện kiểm sát nhe răng cười kìa,,,
xiang kiss0fangel h.       H. H.  H gg h.            Hhhhh,,,
Huấn đi cả nước ăn lô,,,
Bảo Tín mua sưac cho chó ý.,,,
Hạng mục thầy giáo cute nhất hệ mặt trời,,,
Oke anh ơi,,,
Phúc Hưng h mới thấy,,,
Tế :)),,,
"Vì một số lý do ""không ai mong muốn"", nhưng thầy và team vẫn cố gắng sắp xếp ra Hà Nội và thực hiện offline tại Viking 3 nhé",,,
Ngọc Hoá tao giỡn mặt với m đó à ?? Mày kêu t vô like cho mày mà mày k bật like ?? NHÀ BAO VIỆC tao lại vô like ảnh cho mày mà mày như thế ???:D,,,
"Lời nói thật là daus hiệu của kẻ sắp chết. "" người sắp chết thường hay nói thật"" . 11 ngày nữa. Hối hânn quá muộn chăn?",,,
Già già mới giác ngộ,,,
chúc mừng thầy chúm chím nha :)),,,
"Ui dời tưởng gì, chứ tiền thì đây chả thiếu, chỉ là toàn tiền lẻ thôi",,,
"Hanh Viet nơi khác có thể nhàm, xàm nhưng với bộ tộc Mixi, đó là văn hoá lâu đời của chúng tôi",,,
"No no, chỉ có BẮC KÌ thôi nhé, Nam k kì",,,
Cực kỳ thuyết phục!,,,
Mất mặt người miền Tây .. miệng thì chửi Bắc kỳ. Nhưng cai miệng thì chữa tục tiểu ha. linh cá lóc .đừng có về vn nữa ha...,,,
Đùa nản vl thề,,,
Đẹp trai mà còn chân thật nữa <3,,,
Hôm nào cũng gặp bọn cực kì thuyết phục,,,
Chúc Abe lên kim cương :v,,,
Đm m hồ khang ạ,,,
các chú công an hình sự còn phải đi bắt lỗi giao thông lên gd thông cảm...cai j kiế,,,
Ba con hot cut'vao ma an nhe',,,
ước gì cty tao cũng vậy nhỉ,,,
Toàn giáo án lủng mà cứ dựng lonnn là sao=)))),,,
Nhà tài trợ chính cho K-ATM Cao Lãnh mang tên DJ Chip,,,
Ninh Trần vângg,,,
huy hieu de lam gi ae :v,,,
Hút điếu thuốc rồi ngủ đi..mai khởi đầu mới hết buồn chứ gì,,,
Đụ má luôn tụi DLV vào chống chế nha hôn!,,,
Dân Việt mình chịu chơi lắm!nợ trả góp có sao đâu...!nợ vay nóng còn chơi ok mà!nợ công cũng ko ngoại lẹ nhá!,,,
Từ Miền Nam em vượt ra Bắc :)))))),,,
✪ Quản Lí Fan Cứng,,,
Đéo lo bị cháy 😁😁,,,
Vâng vừa ns xong ông ấy đã thử nghiệm,,,
Xin video,,,
cực kì thuyết phục abe 😄😄,,,
thầy ba cho con vào điện của thầy với thầy ơi,,,
Chết rồi ha mấy đứa,,,
"Vậy là nguồn giải trí của thanh niên VN lúc rảnh rỗi vẫn còn. Dự là năm 2022 khi ông về VN thì Trấn Thành, Trường Giang sẽ gặp phải sự cạnh tranh khốc liệt hơn trên sân khấu hài Việt.",,,
còn đây là thầy khi feed :),,,
Nguyễn Trọng Thái đợi cái lol,,,
"toàn dân đồng lòng nhưng Nhung kh đồng lồng, huhu :'(",,,
Nguyễn Hùng M đã chuẩn bị cái này chưa 😂,,,
Bùng binh với ngã cây là gì ad nhể?,,,
cho em lên fan kứng vs,,,
Đẹp trai ghê chưa,,,
Nhà tiên trì múa võ như thần )): mong tiên trì về thi thách thức danh hài,,,
Nghe mùi đa cấp khắm vkl chưa là j trong cái xã hội này đâu bớt dạy đời đi mấy ng đi xe máy mày còn chưa biết họ có bao nhiêu mét đất ở cầu giấy đâu,,,
cụ trần dân nói hay  lắm . mình là người vn . luôn  phải hướng về  tổ  quốc mình  . vì  mình là người việt  . ko có  ai yêu thương người việt . bằng việt yêu thương nhau  .,,,
Chậm cái l nhanh chậm kệ mẹ ngta đi cmt lắm ăn l àaaaaaaa 🤞🏿,,,
"nên cho mấy lãnh đạo già về nghỉ hưu được rồi , đem mấy cái tư tưởng trước 1975 về nghỉ hưu chung luôn.",,,
Cứ ngồi đó chê người khác đi em. Quả báo cũng sẽ tìm đến em. Không sớm cũng muộn nha bé.💓,,,
Phùng Khắc Hoàng Linh cũng thế hả c 🤣🤣🤣,,,
Linh vật đại diện thầy ba:)),,,
Thật sự mà nói VN mình rất giỏi 👍👍👍,,,
hom nai idol trần dần nhìn già hơn trước nhiều quá,,,
Ổng  tỉn  rồiiiiiii,,,
Ad ko nghĩ nổi lí do à?,,,
Cẩm Tiênn. Ngô Thảo Tiền Ngô cẩn thận k ăn con này nữa nha. K có thịt thà gì mà sợ độc nữa Elly Thanh Trung Hiếu Thị Thảo,,,
"@AK47 AK47 ổng ko đồng ý thì kệ mẹ ổng,thích thì lấy hình ra chế giễu kêu ổng về kiện đi",,,
Tui ở gần chùa từ quan :))),,,
Chị đẹp gái quá c oi,,,
110cc nha,,,
Xin troi ưng nghiem  tr tr dan de toi ac cua riengia dinh trui cua tap can binh phai cui dau hoi han nhan toi tay trol ac doc,,,
"Lỡ đâu kiểu thuyết âm mưu là chính quyền địa phương đang cố gắng ngưng đọng rác ở đấy, sau đó sẽ gửi đơn lên trên xin kinh phí để dọn dẹp, lại có cơ hội chấm mút các kiểu đồ =))",,,
Vay lồn vay lắm thế,,,
DLV thì cần đéo gì biết phải hay trái ?,,,
"Muốn phát triển thì kinh tế chính trị con người nói như ông cho sướng miệng ,nhìn cái hộ chiếu là biết ngay rồi",,,
"Chi chi linh loc e nghe đi chi,e  ghiên nghe mây chi chui",,,
Bảo hiểm tự nguyện mà bắt người ta mua.thật hàu,,,
Nhìn mặt cô có phúc với có duyên quáaaaa😘😘😘😆😆,,,
Cộng sản toàn lũ tư tưởng độc đảng,,,
"Về VN cái là đc cách ly, xét nghiệm ngay. Ở cái nước thượng đẳng gì đấy thì tự mà lo",,,
Tên này quên kéo khóa quần r ha ha,,,
cap' 3 thay co duoi? dai hoc mua thi` thua` qua :)),,,
TRUNG QUOC GOVERNMENT LA DOG HAVE BABIES !!!,,,
mọi con đường búa liềm đều dẫn tới tham nhũng,,,
Các cậu đừng cực kì thuyết phục nữaaa 😞 độ chưa đủ thuyết phục hay sao?,,,
Thu Hà Tinh Nguyen Lê Hồng Diễm Hoàng Dung nghĩ mà buồn ghê mấy chị :)))),,,
Huỳnh Châu chết cdm thầy rồi,,,
Lưu Thị Phương Thảo cô giáo add em với ạ,,,
Dấu hiệu của tết đến,,,
Ai cung thich dep.do dieu kien k cho phep c ah.,,,
:v Mấy thằng này bệnh thật vậy mà cũng nói được !,,,
Deoooo nhaa thầy 😚😚,,,
Tết r mà vẫn chưa có tiền thầy ạ 😕,,,
N.V. Phấn Tỉnh Hải Dương vẫn đang test sức đề kháng học sinh thpt mọi người nhá,,,
"ko biết tụi tham ô tham nhũng ăn cướp bán nước hại dân chúng dạy con như thế nào nhỉ, làm sao mà dám thấp hương cho ông bà tổ tiên",,,
Hay bố con ngầu thực sưn,,,
1 ông bố vĩ đại,,,
Chậm thôi mấy ace,,,
Tay robot của anh độ đâu ???,,,
"Cc gì zậy ô già , để cho mấy đứa nó ngủ coi 😳😳",,,
toang toang thật sự Sóng Vỗ,,,
Khoe xe à,,,
C ơi e chia sẽ rồi nhe c xinh gái mà còn hiểu biết nhiều giàu mà k chảnh như mấy người kia e hâm mộ c lws,,,
Vừa cắt đc 4 hôm 😑,,,
Trương Triều Vỹ có gì vui để cười 😤😤😤,,,
"Đeos thân nó thì thân ai , đợi myz nó giúp á có mà đến mùa quýt . Tốt nhất cố mà tự thân vận đôngn",,,
Con mất day,,,
Ghé trang mình sắm đồ xinh diện tết nhé 💓,,,
Cảm ơn em da dạy dỗ con Linh khùng.,,,
nếu không có Otoya Yamaguchi thì nước nhật bây giờ chắc cũng đang diễn ra đại hội đảng !,,,
"Kịch bản đã được viết sẵn... Ra toà chỉ là diễn hề như trên sân khấu mà thôi. Xưa như trái đất, diễn hoài biết rồi nói mãi...",,,
Thế thì du lịch thì đi lên núi ăn đồ rừng nhoé. ☺️,,,
Con cat ne choi hong,,,
Xứ sở thiên đường ...,,,
"Phan Ngọc Thanh Tùng dép của Zara á bạn, mà đây là dép của anh chủ page Momo Inu chứ kphai của chủ top đâu =))",,,
Cũng do não thằng ad thôi bạn ạ. Đừng trách,,,
thoạt nhìn tưởng quần a bị đứt cúc tụt 😛,,,
Tài Nguyễn còn non và xanh lứm 🤣,,,
500 anh em đau rồi,,,
Phạm Hải Linh,,,
Phạm Ngọc Quân chưa thấy lây ae ạ =)))),,,
Võ hậu,,,
Nguyễn Trang tự cắt e êiii :))) này xưa toàn tự cắt mái ngon nghẻ phết. Hno hứng cắt cái phì cười lun 🤣,,,
"Quả logo kia thì đổi thành ""TrọcGaming"" anh ơi :))",,,
Kéo lên chị ây,,,
Thần tượng lúc nhiỏ của tui,,,
"ờ tao ngu gần bằng mày, ahihi",,,
Bà dẹp mà nói chuyện gì cũng  thấy thương,,,
:v sẽ là những ngày off stream vì lí do trông con :v,,,
Bóng bây giờ nhà ai cũng có.. haha cười chết với cô,,,
"A lân và a derek phạm toàn gài ô trần dần vô thế xàm xí, để cho người ta giễu cợt",,,
Hưng Phạm khi nào nó trao ta,,,
E 2k3 và sang năm sau nữa mới thi đến lúc đấy a cũng chúc ntn đc ko ạ :)),,,
Sao phải xin lỗi csgt ?,,,
Và cuối cùng toán học cũng phá được não anh tôi...,,,
Fake,,,
"Biết là 19/10, nhưng kênh nào?",,,
Châu Mỹ Đây là cánh hoa🙂,,,
Ok anh ba,,,
Đứa nào nghe đến đoạn hay hú tao phát .,,,
Hải Văn Trần chực bú cu Tiệp hay gì =)))),,,
Em nói chuyện hay lắm dễ thương lắm,,,
Gai ha noi bay han vao tphcm ba mat mot lời với ông trùm mỹ phẩm đào bá trí kìa,,,
ông này diễn hài xàm hay nhất ...,,,
#ERROR!,,,
Phạm Hạnh hỉ,,,
Gro Annie xàm chỗ méo nào hả bro?,,,
thuyết phục cực kỳ,,,
còn nhân dân sẽ nhớ muôn đời Lũ súc sinh con Nghiệt súc như mày,,,
Z hỏ,,,
ad đang nói BT Hà Nội phải k :v,,,
Ngầu vãi lzzz a ơiiii,,,
Nhìn Tộc Trưởng thảm vậy,,,
Đức Tài em đang ở tâm dịch đây anh 😒,,,
Tiền đâu mua thầy ơi áo đắt vãi đái,,,
"Đây nữa nek, toàn lũ giáo sư tiến sĩ đầu óc cức",,,
Yêu a độ,,,
1 màu đen 1 màu xám nhạt hơn,,,
Tự nhiên đến 1 độ tuổi như bây giờ xem mấy video như thế này lại cảm thấy hạnh phúc.,,,
Vấn đề nó là ở cái chế độ thôi.,,,
Dkm đừng chưởi tau nữa để tau còn ăn,,,
Team ế và chờ stream a Độ :)))),,,
Ok,,,
thì ra anh muốn chết🤭🤭🤭,,,
Đình Quang xấu như anh thì em cũng muốn 😌😌😌,,,
Chi noi chuyen ma nhe thich đo chi ba😍😍😍,,,
Địt mẹ lũ chó bán nước,,,
Trư Bát Giới Hết mún nói,,,
ae đăng ký kênh ủng hộ mình với ạ,,,
QuynhAnh DT thắng thì chia thua nó chịu hihi,,,
Sau khi xài clear đến từ vị trí abe,,,
Tung Nguyen,,,
Phạm Cường hồi xưa nổ vui lắm,,,
Đây là quần què à,,,
Những thằng nói đạo lý thường sống như lon coca truong mình tuấn nguyễn bắc son 🤣🤣🤣🤣🤣,,,
25:05 phút Anh em chia sẻ mạnh tay tới Tập Cận Bình nhé! Trời sinh ra Tập tấc nhiêng sao lại sinh ra Tiger ?,,,
Người đi ô tô nói cái đ” gì cũng đúng :v,,,
Ngọc Trâm,,,
Tấc nhiêng chỉ lung lay mỗi bộ xay xát thôi ..,,,
CSVN đi đâu chả gây chuyện,,,
Tú bảnh dạy dỗ đàn em :)),,,
Ngộ ha,,,
Gil lại đi cà khịa rồii😂,,,
Đóng cửa sân bay luôn đi,,,
giống sương sương,,,
Giá đã niêm yết. Ngu mua đắc chí để thằng ad sủa. Tuy nhiên cũng phải chấn chỉnh cho nề nếp,,,
Tại sao mấy ngày nay đả nghe số 22. 23 mắt covit mà kg khai báo để cách ly rồi đây kg nhửng đà nẳng mà là cả nước,,,
Nhìn ghép cái mặt ôg mixi hài vãi lozzzz,,,
Lữ bố cao bằng chất quá🙄,,,
Sao mấy stt này ko thấy con chó DLV vào ẳng nhỉ?,,,
Đức Mạnh Cứng clmm,,,
Thèm bình tĩnh thôi anh em 😢,,,
bên siêu sao bên siêu ngố 😂😂,,,
Đéo có kicm vao cay view ae oi,,,
Tỏ tình kiểu gì khi mất huy hiệu FC 🙂,,,
Chị 3 miền tây,,,
Nguyễn Trung Sâu Bi Hồng Thắm Ngô Thị kiếm tiền đi du lịch này,,,
Được anh ơi ! Đón Tết Cùng Mixi,,,
Rồi khi nào thầy dạy mấy đứa sắt 3 lên sắt 4 :)),,,
Chi e thich chi . Chi dep,,,
Năm nay chuyển thành táo vi hành,,,
Cô đáng yyyyyêu quá,,,
0777704402. Dt cua con do.,,,
Ngọc Quyên cẩn thận nè e,,,
Nghe mang thai nhưng lại đi beach,,,
"Hải Yến bố con thần kinh, thở ra cái là thấy mùi rồi",,,
:3,,,
"Mấy con đĩ chửi chị này có tìm hiểu không vậy? Bả chửi người ta bả sai nhưng trước đó bà 3 vàng mã thiếu nợ bả, kêu bả chửi người ta, ko chửi thì ko trả tiền. Bày đặt kêu khẩu nghiệp, mấy con đĩ hay kêu khẩu nghiệp là mấy con sống chó nhất ấy :)))",,,
Lại dân chịu chứ ai chịu,,,
"Đình Quang đàn ông cũng giống con bò , mọc đủ sừng tất sẽ trưởng thành :))",,,
Quý dị nên nhớ.....amen,,,
về với Độ tộc nào,,,
Ớ,,,
Việt Nam là 4 còn Thái Lan là 0,,,
Cực kì thuyết phục <3,,,
anh mình cũng bắt trend nhé =))),,,
Tiên Tri Trần Dần hay ghê đợi chuyện xảy ra rồi mới nói.,,,
Dy Dy em thấy nhiều ng khen nè =)))) a đừng quan tâm em review mà nên đi xem thử đi,,,
Xuan Anh,,,
Trang's Em kìa. Việc nhẹ lương cao,,,
Ủa ngộ gê hen😄,,,
fomasa thất thủ,,,
Cờ giáo hội....tượng trưng cho hòa bình vs công lý. Ko biết sao,,,
Lạy chúa con còn lứa tuổi học sinh :)),,,
Lóc cóc ken chè đậu đen.🤣,,,
"Nếu không có từ "" con c** "" ở cuối câu thì lời phát biểu của anh đã trở thành trâm ngôn sống :)",,,
"Ôi, anh tôi =)))",,,
Mình cũng ghét cái bọn con trai làm mất thời gian của con gái vl :))),,,
Nói hủy kênh Không coi mà biết vô bình luận 😂😂😂,,,
"Mùa đông quảng cáo áo cộc tay ,nghe hợp lí :((",,,
Nghe có vẻ giống 5cm/s khoảng cách địa lý :((,,,
Lạy ông vũ hoàng lân 😂😂😂,,,
Best cà khịa =)),,,
Sờ sờ tai cc j đây,,,
Phúc Hưng clm :))),,,
Sam đuôi hình tam giác có gai so đuôi hình hình tròn trơn nhưng so vẫn chén ok nếu biết chế biến phải tuyệt đối bỏ ruột,,,
Khổ thân bác ..,,,
Lâm Đình Khoa hôm qua làm pha 7-2,,,
Nghe có vẻ Hư Trúc nhưng lại Mộ Dung...:)),,,
Báu bở lắm mà đợi =)),,,
có fan cứng nhưng nào đâu hiển thị :((,,,
Bó tay con này😞,,,
thề chứ ăn mặc như đái tật thế =))),,,
Quan trọng vẫn là đồng lòng và ý thức,,,
Nguyễn Chi t makeup cho m free nhé :))),,,
cũng muốn mang tiếng Dân Làm Việt lắm mà hôk được,,,
Lãnh Thần ngại thế=)),,,
Thôi xong này khỏi đi học,,,
Và từ đó ko ai thấy anh độ nữa,,,
Mãi yêu cô ! Kkk,,,
Mãi mãi liềm lone,,,
Bắn làn+tốc độ,,,
"Ai là người miền Bắc nhào vô rửa lỗ tai, chứ em miền Nam nghe xót ruột quá, cầu xin cho linh cá lóc nhanh chóng bị nghiệp quật.",,,
Con nầy tới số chửi đến lũ Bắc kỳ,,,
"ăn nhanh còn stream nữa bố ạ, nhà bao việc",,,
Thơm tho cang dễ =)),,,
Jum 80k ai qt ib nha mọi người,,,
Thằng này y hệt anh tao chúng mày ạ .. T fan mũi 20 năm rồi .. Cũng xém nhìn nhầm,,,
Có ai đi xem phim này vs tớ k:)))),,,
được anh ey :)),,,
Răng rứa nhỉ,,,
Thả icon sớm cũng bị nói thế giới này thật kỳ lạ :),,,
Tâm Ngô mon nay chị yen hay ép tụi minh ăn nè! ko đứa nào phái het. kkk,,,
Chửi có khiếu ak. Mặt rất chi bình tĩnh. Chữ nào ra chữ đó,,,
Chả hiểu biết j` về kinh tế thị trường định hướng XHCN cũng phán! :),,,
Tao ngồi xem bọn bán khẩu trang hét giá,,,
Ngân Đỗ nhìn mà tức á,,,
bạn ấy đã lỗ lực rất tốt,,,
"Cưng quá Châu ơi yêu mọi người quá nè kg thích đi du lịch đâu xa mà muốn về đại gia đình này thôi, chúc mọi người nhiều sức khỏe vvhp cả nhà nhé ♥️",,,
Cưng 😍,,,
coi cười ỉa,,,
Đây là sam bạn nhe,,,
Táng chết cha tụi mày lũ học trò l :)),,,
"vì vài thành phần chủ quan mà gây hại đến toàn đất nước toàn dân tộc , cố lên vn",,,
"Ở cái tuổi chênh vênh gần bước vào đời này, chả biết nên đi theo con đường nào, tìm công việc như nào vv. Chưa hề có suy nghĩ xác thực. Có lẽ sống cho gia đình thôi, đam mê gác hẳn sang bên 🤦‍♀️",,,
Đây mới là gục ngã thật sự nhé 😍,,,
Dỗi ngược là cách nhanh nhất :),,,
Phóng viên trình độ phỏng vấn kém!,,,
Đúng rồi ông đang khỏe mạnh.,,,
lêu lêu🤣,,,
Sủa hay lắm ad,,,
Nguyễn Minh Anh đẹp mà anh:)),,,
Vp Trường 😪 em kiếm cơm thui anh ơi,,,
Qua bên mĩ còn tư tưởng độc đảng như CHINA,,,
Nhà bán bom,,,
Tôi ba  oi  . Ba   đúng   no  qua  nhu  qua  đi...,,,
Phan KimPhu Nhok Yuki Kieu Nguyen hoá ra hồi h mình theo trend đó nhan,,,
Chị ba đẹp quá đi,,,
Bexuammailonto :),,,
Chui ng ta lam khoc cung hay,,,
Cô này nói gì cũng Duyên nói gì cũng hài hết,,,
Tao cháu ông tổng thống mỹ nè .đụ má xạo lồn.,,,
Đố thầy biết em đang xem gì,,,
Đào ĐứcAnh 0175 :))),,,
"Xin lỗi ad chứ nếu ad ở ngoài sáng không thì làm sao ad biết được trong bóng tối đó có cái gì? Trừ khi ad đã nằm trong tối hay có người trong tối đó thì ad mới nắm được tình hình. Và khi chỉ cần thí vài con tốt ad sẽ lên cấp bậc vù vù, lợi cả đôi bên.",,,
@Võ Xuân Hoan m làm như có mình ên mặt m xài ròi. Mình ên mày khen nhưng nhìu ng thấy đéo tốt thì ng ta nói mất cl gì căng,,,
Thảo Chăm tôn hẳng con cu tí hon của anh tịp,,,
Chung lò đào tạo với John wick :v,,,
"@Hoàng Phúc Lê mày mới khẩu nghiệp á. Tao đọc cmt mà thấy rõ ai nói chuyện sân si, mất dạy liền. Thứ đàn ông mà nhảy dựng dựng lên chửi trong khi người ta góp ý lịch sự, rồi nói người ta dựng dựng mà không biết nhìn lại bản thân :))) miệng nói mấy từ như đứa thiếu giáo dục, ko khá nổi :D",,,
"Chị Ba đã lên sóng, hóng chi Ba🥰🥰",,,
hôm nay tiểu sẽ sống chết vs concac abe,,,
Cho nghỉ học đi mà,,,
Bộ trưởng quốc phòng hèn nhất LS VN,,,
nứng nứng hóa,,,
Tết có nhạt đâu 😆,,,
Về nhà giúp mẹ giúp cha,,,
"Ao làng tiếp nhé , tôi cast",,,
Quả demo làm e k ngủ dc =)),,,
Anh nói rất là hay,,,
Đại Nghĩa viết nhanh quá nó tự cho chữ =))),,,
"nhưng ý đang nói nó chết thì vẫn phải đóng tiền mà mang xác về, chứ ai đi chở xác không công cho nó. Y như cái vụ này thôi",,,
Này Trần dần già sắp chết rồi nói bậy nói láo tuổi con cháu khinh thường cho,,,
"Cái gì cũng có giới hạn cả ? Biết chịu nhịn nhục nhưng cũng có giới hạn , kh phải hơn thua hay gì ? Mà phải có gh ? Người như phải con động vật đâu cứ ngồi im nghe chịu đựng ? Rồi dỗ dăn bao dung ? Giới hạn cả nhé !! Đừng cho mình là nhất ??",,,
Tiên Võ :))),,,
Trịnh Nam Long Bị ngu à ? Quốc tịch VN thì vẫn là người VN đi định cư nước nào kệ cha ngta? VN chưa cấm thì ông bớt lên tiếng hộ cái lo chuyện bao đồng. Thứ ích kỷ cùng là ng VN mà ganh nạnh,,,
Linh cẩu,,,
Ad ns vậy chứ 100 tỷ thì ông nọ bà kia nhịn à 😆😆,,,
Sống nhanh lên các bạn :3,,,
bán lẻ khongg,,,
Hoàng Trung Dũng haha. E tự đi đc,,,
Vaicalon =))),,,
From Cà Mau With Love!!!,,,
Giật mình tưởng Khánh,,,
đc anh ưiiii,,,
Phạm Ngọc Quân chắc k đâu :)),,,
Nguyễn Thị Hồng loại này hôi lắm 🤣,,,
Có dạy làm ngành k thầy? :)),,,
Ngô Hiếu Giờ cmt ảnh này là bị ban chết me đấy ông ạ :v,,,
Tủnn Tủnn phục l4`n,,,
Đừng đụng đến Bắc kỳ,,,
THP vẫn sống và ngta vẫn uốg như thường.,,,
Cô qua nhà t,,,
"ăn sam lúc nào cũng phải ăn cả đôi đực - cái, nếu ăn con so sẽ bị ngộ độc :)",,,
Hôm nay admin mày chửi đúng lắm! Yên lặng đáng sợ,,,
"Chuyện bình thường như cân đường hộp sữa ở thiên đường này.Các vị nghĩ chúng nó ăn như thế đã là ác độc lắm rồi à.Chưa đâu,nó ăn những cái mà quý vị còn chưa thấy kìa.Không từ bất cứ một thủ đoạn nào,ăn không từ một cái gì.Ăn trên xương máu,trên đầu tr",,,
"Hắc lào - lang ben ko chỉ gây MẤT THẨM MĨ mà còn gây ra sự NGỨA NGÁY, KHÓ CHỊU cho người bị.",,,
Sống chậm thoii 😑,,,
Nhận tin Tú đang bị nguy hiểm Abe Sài Gòn bỏ đi,,,
Ai lấy inb tui nhé. Inb trc giúp tôi tui có mấy cái cung hay hay tui gửi cho,,,
Không có tiền nhưng e tin bme e đủ tiềm lực đến khi e tự kiếm được tiền :)),,,
kkkkkk,,,
chậm hơi nhiều nhịp nha,,,
Được vl thầy ơi :))),,,
Nguyễn Đức bạn là chó. Cũng là món ăn,,,
Kinh nghiệm tình trường :)),,,
Xem phim cũng phải cảnh giác 🤦‍♂️🤣🤣,,,
😴,,,
Công thức đập của thầy ba hayy vãi ae à,,,
"Bùi Thị Quỳnh bên a có tất cả các hòm thương hiệu nổi tiếng mà giới trẻ việt nam yêu thích , nike , gucci , vans , adidas , louis vuittion ...",,,
hồi bé nghịch ngợm hay bị đánh bị cãi thì lại mong lớn đúng là con người chả khi nào thoả mãn được,,,
Xem,,,
Fb tăng thôi thôi giờ chuyển sang insta hay làm vài ních nữa rồi bán lại 🤣🤣,,,
Bài viết này đang có quảng cáo. Không có tiền thì sờ chim làm sao :)),,,
"Nó đang tự chửi nó , lấy chồng còn ( sinh con) ủa mà nó đẻ được không ta ? Vì nó là quỷ rồi !... bọn bay thua con chó là con người thô tục từ thiện áp phe còn phước không?",,,
Phim dở vl,,,
Hải Lê nhưng mà giọng cô sử hay lắm,,,
Đang nói vấn đề j ý,,,
Luc óc chó này ăn lắm cứt quá,,,
Coi vui và cảm nhận đc cái chân thật và tình nghĩa.. cảm ơn lisa miss Minh Hiếu ❤️❤️❤️,,,
ditme tối nay ao làng anh ơi,,,
Bác cho e hỏi làm tấm này như thế nào z,,,
có giỏi thì ông ad đứng lên để chứng tỏ mình ko hèn đi :v,,,
Ông Thầy này muốn ngủ gầm cầu lắm rồy nè !!!!!!,,,
Bà Phù thủy và anh tộc trg bùi to như lõi dấy 🙂,,,
Dang Khoa Nguyen vler ! Ở đâu mà chả có người này người nọ hả bạn ! Bắt 1 quốc gia 10 người ý thức cả 10 là không thể. Vậy nên người ta mới sinh ra cái gọi là tỷ lệ để so sánh đó,,,
..đừng chửi thâm quá mà hãy chửi kiểu hại não thôi cho vui,,,
Át này là vợ lão Tô Huy Rứa đấy,,,
Kiep sau may con dy bong nay luoi phai thuc vo cua minh moi vua bung tao da la bong ma toi ngay chui nhau xem ma ghet ghe do bong khung lon nhan xet chinh xac,,,
Cạn cmn lời ạ🙂,,,
"Mới lần đầu xem mình khg nghĩ gì ,chỉ nghĩ bà này nói chuyện nhiều câu kì kì mà có vẻ nói nhiều câu khoe của, xe tập này mới hiểu bà là ai ,duyên ,nói chuyện cũng hay ,khánh chi tân trang lần hai nhìn chung là đẹp trẻ ,nhưng khg duyên và đẹp như trước",,,
Hàn quốc chứ,,,
thich co cam lan,,,
đang xem hài ai rãnh xem quãng cáo,,,
Trung sơ mi trắng có làm chị em lo lắng :v,,,
được anh ưiiiii =))),,,
Mình nhận bán sản phẩm trong hình nhé,,,
Cánh hoa bên đấy là l** bên đây 😰😰😰,,,
"Nhà không có gì ăn cả, bữa sáng ăn thịt bò thôi, bữa trưa ăn cơm với tôm hùm cua hoàng đế, do nhà nghèo tối k có cơm ăn nên ra ngoài ăn khách sạn.",,,
máu vậy thầy,,,
Bolsa tv mượn trẩn dẩn để tấu hài,,,
Fan cứng sao nay k hiện cục kim.cương,,,
Ng tốt quá lại k ai chơi,,,
B53,,,
Tung Lam còn slot nào hongggg a,,,
Hãng hàng kem đanhs răng PS xin trân trọng tài trợ răng trắng sáng,,,
Làm tui với😝,,,
"Đồng lòng , đồng tâm và đồng ý thức nữa ạ 🙄",,,
Người ta chuyển giới nc giống đàn bà con gái . Còn lâm khách chi giọng như vịt đực í nhỉ,,,
ở đâu có púck ở đó có tấu hài,,,
Bảo Tín tối a lên luôn đi,,,
Thầy ơi giáo án mới 0177 của con nè :),,,
Ba tui có 2 cái quần mà mặc như này là giống i anh Tiệp luôn,,,
chất🤣,,,
Con tìm Zalo cua Dì Ba ma con tìm k đc.0898056415 Mobi.,,,
"Thầy lồn được cái sủa dơ, yêu thầy <3",,,
Đinh Anh Tuấn giống thôi bạn ơi bạch tuộc đấy,,,
chuong trinh moi ty thy di,,,
t tu cuu dc r,,,
Thuộc diện đã cách ly nên cũng may,,,
Bí kiếp Susan 0175,,,
"Hi, all students 2001.",,,
Thích thì bố mày nhích,,,
Sống chậm thôi các b,,,
chắc quay clip 18+ được rồi,,,
Xink Vy trung thu mình mặn như này chắc vui lắm =)),,,
Chị ba vàng ngọc đẹp và sang chảnh quá,,,
Tộc trưởng thêm tuổi mới thành công . đưa bộ tộc của mình vương cao hơn máy tộc nho nhỏ kia. Vũ Huy,,,
Thanh Huyền Quá khịa 😌,,,
"Ơn đảng, ơn bác(bác của tụi bây, nó người tàu không liên quan tới tao)",,,
U chị ba có lol luôn . Vụ này ngộ à nghen,,,
Tai nạn giao thông vẫn tăng đều,,,
Nguyễn Ngọc Phương Thư woi,,,
Dm đéo hiểu sao giờ vẫn hỏi bác Thăng :))) báo thì 1 năm trc rồi! câu like vl ad ơi.,,,
Đây là đàn ông hay đàn bà vậy,,,
Nói chung được cái tấu hài với gáy khét thôi,,,
LÊ HuÂn Diệp Diệp Nguyễn Sơn cập nhật thông tin,,,
Nói chuyện zô zăn hóa là mày coy ckung` tao bắn chết đó nhe mày =))),,,
🤣,,,
Nguyễn Đức Thắngg chủ tịch chắc khó à nha,,,
"Tưởng thế là hay, lớn r à không! Già r mà k biết suy nghĩ gì hết",,,
Bong gia xam lol qua,,,
Chi ba đẹp qua,,,
Tuyệt vời quá cô ơi ❤,,,
Anh Khoa à à ok :)) lag xíu,,,
Quang Minh best xiaolin :v,,,
Vn chết là vừa.cho dân nó xướng,,,
Hãy qua cô ơi,,,
Thế nên ở nhà xem phim thôi ko ra ngoài tiếp xúc ai làm gì cả :(,,,
Nhx mà Anh ơi Lương a có 7-8 tr mà sao mua đc cái ổ cứng 9 tr 5 thế :)),,,
b52 ơi lứng quá B52 i,,,
qua sam,,,
Lê Văn Quật chịu luôn :>>,,,
Hello thầy,,,
Lê Phú Cường sad,,,
để Đù làm,,,
Nhung Lê ng này đâu có chung chuyến bay vs Nhung đâu,,,
Nguyễn Thị Duyên xin link pim,,,
nào ai có người iu bao giờ đâu mà biếc,,,
Già mà non quá aba,,,
Ngọc Trầnc,,,
đôi khi điều tích cực lại nằm trong tiếng thở dài,,,
Cầm lấy mà đi chơi đào đi anh Dương,,,
Lê Thế Hào cc dell bk cailoz j ve nghe thuat im,,,
Ý thức như đb,,,
M tính chơi bê đê à,,,
Vũ Béoo Hoàng Hiệp Thành St Lâmbuisoicapytn hôm nào a đưa các chú đi chơi như vậy nhé 😛 khà khà 🙂,,,
"Thượng bất chính hạ tắc loạn. Đạo đức xuống cấp trước hết phải đánh giá vai trò của chính quyền trong quản lý, giáo dục yếu kém ko hiệu quả. Đéo làm tốt đc thì lui xuống để người có năng lực lên thay thế.",,,
Tôi thì rất thích chị ba chén vàng chén ngọc,,,
"@Hãng Bột Thương Hiệu Hai Con Voi Trần Dần ok!  không khuyến khích mượn danh người khác, nhưng làm gì thì làm miễn là bạn đừng mượn danh người nổi tiếng đi làm những việc mà họ không mong muốn hoặc gây hại tới họ. Mà bạn quảng cáo cho idol của mình nhưng đã xin phép ông Trần Dần và được ông đồng ý chưa ?",,,
Maii Thu yêu lại từ đầu 🙂,,,
chị trang ơi !!!!!!,,,
thời tiết lừa thui,,,
Owo,,,
Nghe mà đắng,,,
"Hay đấy, vừa mới xme",,,
"Anh tôi không chửi thề nhé , đấy là tinh hoa dân tộc đấy mọi người à🙂",,,
Minh Hoàng nó lại top ms ghê vl,,,
C noi tryen co duyên quá,,,
Rút kinh nghiệm là lại đc sài nghìn tỷ .,,,
Cù Hoàng Thảo My này thì hóng hớt à =)),,,
Hoàng Anh Đỗ h thì bố nghĩ hồi hộp hay háo hức đây 😂😂,,,
M1 em thăm đẻ nha chị,,,
Bọn cặn bả xã hội,,,
Cầu này của chụy bỏ tiền ra xây chị chạy làn nào kệ chụy,,,
Đỉnh ❤,,,
Nhi Yen sống hơi chậm rồi :3,,,
Nhung ơi là nhung,,,
Huyền Khánh Phùng chuẩn luôn chị ơi hahaa,,,
Dung D. Tr haiza,,,
Đúng cmn rồi còn dề,,,
Tú Phạm 🙂,,,
Bên Đà Nẵng chắc văn minh hơn nơi khác :)),,,
"chúng nó bảo là bán cho tôi bằng thật, thế đéo nào lại bán cho tôi bằng giả :v",,,
thôi anh im mẹ mồm đi nói nhiều quá,,,
Không hay như các bài trc .,,,
Ôi thôi xong r ae ạ 🙃,,,
Một bộ phim không -tấu- hài??,,,
Linda xuat sac,,,
Alo mọi ng ơi tóm tắt video giúp mình với =)),,,
:))],,,
Nhung Nhung ló là phải thế chị ợ,,,
Phobolsatv ơi. Lâu lắm chưa dc xem hài,,,
Nhờ thằng Mỹ mà Tàu Khựa đã chiếm bải cạn năm 2012. Cảm ơn thằng chó ad đã chỉ điểm nhé,,,
a i love you,,,
Cũng là 1tr nhưng là 1tr like và dislike. Haizzz âu cũng là cái số,,,
Hôm sau bật stream của mình và xem lại belike:,,,
Tóc đan trường mới đẹp anh ưi,,,
Định nghĩa ko cần làm vẫn có lương,,,
Tối Thầy stream đá phò đi thầy ơi,,,
keo ong? xuong kc lai di :D,,,
"Cs cha , Cs con , Rận cha, Rận con ...ai đúng ai sai thì cũng chỉ là mỗi người nghe từ 1 phía,đéo có gì là minh bạch. Kẻ thắng làm vua, thế thôi !",,,
Thôi đi con đi cho nieu mày giao quá mà làm thấy mộ noi đo đi,,,
Lại bảo không giống đi :)),,,
Cô gái chân đi hai hàng belike :>,,,
Chết vì đảng miễn bàn,,,
K sao nha mng đừng lo,,,
@.@ cái này là bạn ấy đi đúng chiều nhá :)),,,
OK OK,,,
pts quá đáng vl 🤧,,,
CÁI ĐÓ LÀ THIẾU NHA BẠN :) CÒN CÁI LOẠI ĐI BẮT BẺ NHƯ BẠN MÀ CŨNG BẮT BẺ NGU NHƯ BÒ ? CHÍNH TÃ LÀ CHÍNH GÌ ?,,,
Qua vụ này tôi mới biết Vũ Khắc Tiệp là ai.,,,
Trần Thị Ngọc Anh ai nhờ ?,,,
Ghê quá,,,
chủ lực đấy,,,
😂😂🤣🤣,,,
Khổ :<,,,
杰张 liên quan đéo gì đến con nó mà trù con nó kcos lỗ đít,,,
Một phong cách rất ư là CS,,,
Land : aba giải thích đi thế lày là thế lào :'(,,,
"Ôi trời giai cấp lđ ở ta thì đổi trắng thay đen nhanh lắm,nhìn thì vậy mà lại không phải vậy,chỉ có điều rõ ràng nhất là chỗ nào cũng có chuyện vợ ông này cặp với chồng bà kia!",,,
chửi nhau mà khô cổ luôn ha ha,,,
A việt khè cái sợ lun à :)),,,
K đơz dc rồi =))) đeow thê chịu nổi,,,
Nên a nùi bước... của a đây GoOner Pham =))),,,
Xe hơi mới :v,,,
:),,,
có con ruồi đâu đó trong bức hình này,,,
Dừng chân đứng lại trời non nước,,,
Hoàng Thanh Hiếu mua cho n cái,,,
Ai khóc cùng ko nào,,,
Treo phòng vệ sinh nữa hả 😑,,,
Cô nói chuyện thiệt tình và bình dân quá,,,
con này là đệ ruột của thằng quang lùn cuồng phân mà:)),,,
hợp lý A ưii,,,
Mấy bé 2k1 không biết đã tìm thấy xác ở dưới sông chưa nhỉ =))),,,
Thầy hãy acp fb em :((,,,
"con của Jonathan hạnh nguyễn rồi , em chồng hà tăng , gi thẳng tên ra đi",,,
Yêu thì nói k yêu bố còn tìm con khác :)),,,
haha việt nam là thế,,,
Nghe vô lí nhưng rất thuyết phục =)),,,
"Ngoài trung tâm Sài Gòn có tên đường của ông là một cách cảm ơn ông, vậy mà hai ông đầu trọc lại kể tội. Thôi thì thời buổi loạn lạc đảo điên ta nên hiểu ngược lại vậy",,,
Bớt ảo tưởng đi!,,,
Khúc đầu nứng quá thầy uii,,,
"a hi hi , muốn đóng thêm phí đường thủy !🤣🤣",,,
Khi tộc trưởng cầm súng,,,
Nguyễn Thu Hường mai lại lên đây. Mời lẩu thì ở lại.:v,,,
Linh Chi ok,,,
Ông MC cười bế tắc luôn hahhaa,,,
Pham Ngọc Anh,,,
Mời cô hòe ăn cơm hay s ấy mà nghe ra mời con mèo ăn cơm 😂😂,,,
Ngọc Ánh dạ cô 🥰🥰,,,
Quyên Phạm đựng tag dô mấy cái tục dị coi ta thấy mang tiếng đó huhu,,,
Hay lắm abe,,,
Rồi dân tộc sẽ đi về đâu,,,
"Dương Trần CM thế thì tiền thuốc men lại đổ xuống sông xuống bể, lại còn tặng thêm tin cho lũ phản động xuyên tạc",,,
Thang bong gia ngao da  cai lay  mieng may nhu cai cau tieu vay do,,,
Chào các bạn đến với vlog của Sói,,,
Thôi ông im mẹ cái mồm đi,,,
Có dạy làm ngành k thầy? :)),,,
Con bóng  ngu ngục  minh hiếu,,,
Mất mẹ cái kềm để kiếm cơm =)),,,
Dân cứ yên tâm ngập tới đầu gối là có phao cứu sinh nhé,,,
Một chế độ thối nát. Toàn những thằng ngu bầu cho nhau lên làm lãnh đạo thì dân khổ là phải. Đây cũng là hậu quả của việc lật đổ vnch.,,,
Nói xấu vợ xong quay ra nhìn nhìn xem vợ có nhìn thấy không =))),,,
che nao cung lung linh nhe,,,
Có ai thấy chị này hơi giống chị Cẩm Ly không!?,,,
Ca thứ 34 ở phan thiết bình thuận nhé mọi người . Sợ quá rồi,,,
Phan Tấn Trung,,,
Nguyễn Như Quỳnh haha,,,
Ý thức NCC @@,,,
Ủa Cây ATM là ca sĩ ? Ủa,,,
Đầu 2 thứ tóc rồi mà còn bị trẻ trâu Levi lừa.🤣,,,
"trong đó có bọn comdom gì gì ấy cũng y như vậy, lũ sống bằng tiền lao động của dân mà cứ nghĩ chúng nó là thánh không bằng",,,
Mong chú giữ sức khoẻ để chỉ đạo kịp thời,,,
"Khỏi pr đi, mai lại đăng bài tố Jack đạo nhạc,",,,
Tính Nguyễn trend nè cô ơi :)))))))),,,
Nguyen Anh Thu sắm đồ nghề mới chưa dạ 😂😂😂,,,
Tộc trưởng chất vãi l anh ưii =)),,,
Coi cười từ đầu tới cuối 😅😅😅😅,,,
Thế các ông định sẽ không trưởng thành à?,,,
"ôi nhớ cái thời mỗi ngày 10h lên xerm stream, mỗi tuần 2 buổi Ao Làng, thấm thoát đã 30 năm rồi các cháu ạ",,,
Cực kì thuyết phục 💓,,,
Paula Lưu gì đấy? =))) đừng phân biệt vùng miền,,,
Từ từ thầy đến ngay 😗,,,
chứ còn gì nữa,,,
Vânn Lê đây này,,,
Nhạc gì mà khó nghe tiếng,,,
cùng a ba băng qua đại dương,,,
Chó má,,,
What đờ phắc,,,
trong The Transporter thì xe này chuyên chở tội phạm đi đánh quả nè !,,,
Cái con này nghiệp nặng quá anh iu á 🤬🤬🤬🤬🤬,,,
Minh Hiếu ơi. Chị chửi con Đĩ Thu ở Hàn Quốc đi chị,,,
Tấc nhiêng quí vị cũng biết là vnch do Mỹ thành lập đứng sau chống lưng tài trợ vũ khí và tấc nhiên quí vị cũng biết toàn bộ quận phục vnch là do Mỹ thiết kế toàn bộ và tấc nhiêng quí vị cũng hiểu biết là Mỹ đầu tư vào cho người Việt giết nhau và tấc nhiêng là quí zị hãy vào nhà tù côn đảo sẽ hiểu cha ông ngày xưa đã hy sinh như thế nào và tấc nhiêng quí vị yêu Việt nam,,,
"Thằng này đéo hiểu tiếng người rồi, ở trên nó có để link, vào đọc cho hiểu đi. Ngu mà gáy to",,,
Cực cực cực kì thuyết phục,,,
Chị Nhung chỉ lây tới bệnh nhân thứ 33 thôi. Người thứ 34 là người khác rồi. Rồi bà 34 lây ra tới 35 - 38,,,
"Dù sao đi chăng nữa, thì cái ác phải bị lên án..cho dù có bị chìm xuồng vẫn vui. .. vì chí ít cũng còn một chút nhân tính.. . trong xã hội dã nhân... Kkk..",,,
Khách gửi gỉo trái cây về nước làm quà mà nở lòng nào nó bóc ra ăn,,,
"bn ơi làm nghệ thuật chưa chắc tài năng đã nổi tiếng,còn mấy show truyền hình người ta thấy hay thì coi đc rồi,chả lẻ cái gì cũng phải có khoa học công nghệ mới đc à,game show hài nước ngoài đầy,mỹ hàn quốc gì đều cũng có,quan trọng là người ta thích xem đc r",,,
Hau Nguyen con cặc :v,,,
"Vâng, cái trang này lại xàm một lần nữa. Mấy ông luật sư gặp mặt nhau đưa ra ý tưởng để VN có thêm tiền đầu tư mà mấy ông đã sồn sồn lên.",,,
Cực kì thuyết phục <3,,,
Kiều An nghe khoảng 5 lần là nghiền lun ấy . Tại lần đầu chưa bắt nhạc thui 🤣🤣🤣,,,
Nghe giong khanh chi dieu chay nuoc luon,,,
3 vàng Ngọc dựt nợ hả chị,,,
Sống hơi bị vội,,,
Cần làm chặt chẽ hơn ngay từ sân bay để tránh có những trường hợp thiếu trung thực như bà Nhung,,,
dm vô lí,,,
Làm chuyện ruồi bu...diễn éo sâu!,,,
"tran dan mac bay cua pho bolsa , toi nghiep cho ong ta qua",,,
Mong thầy sẽ đưa ra những giáo án mới cho bọn em và những reaction bổ ít như là Láy Máy Bay của bình gold chẳng hạn 😂,,,
VN : cailoz cát ko :vv,,,
Khịa,,,
Nguyễn Trọng Thái bạn à,,,
Trong bóng đêm đè nghẹt,,,
"Mở bán luôn điiiiiii anh ưiii, phận fan mềm biết bao giờ mới cứng 😞",,,
gáy :)),,,
Train với SKT hay GAM gì đi thầy,,,
Nó khóc là vì lũ xủ nó( đồng bon) vẫn còn ngồi trên kia phán xét sinh mang nó,,,
Cho xin cái tuổi bạn ơiiii,,,
Full box giá rẻ cho các dân chơi,,,
Bị đấm gãy cmn răng,,,
Hóng nhiều nhỡ mồm lại chửi đấy😂😂,,,
Nam chứ khong phai nu,,,
Giau qua sau ko gang may lanh ma sai quat ha chi,,,
Ngồi ăn mì tôm sống xem anh Độ rì viu thịt trâu ạ :(((,,,
Linh cá tra,,,
Huyền Khánh Phùng quả mắt gấu trúc được vl 🤣,,,
"địt mẹ mấy thằng hay phân biệt Bắc Nam đâu rồi , các ""Nam Kì Boys"" đâu , sao ko vào đây phân biệt HN SG tiếp đi nào ?",,,
Tưởng định đổi tên page🤣🤣,,,
Nói qq gì đéo hiểu từ đầu đến đuôi,,,
"Chính sách thúê quan cao để bảo hộ ngành công nghiệp non trẻ trong nước. Điều này là tốt, mỗi tội đứa trẻ công nghiệp ô tô này mãi chả chịu lớn..",,,
Nhớ hồi đó Khánh Phương và Khánh Đơn là anh em sinh đôi ..,,,
Hoàng Trung Dũng dẫn ny đi xem đi còn gì nứa,,,
Không Tên gioqf mới biết có con so,,,
Em đăng kí con dâu nhé,,,
"Vu Tien Dat mày tên Đạt , ở nhà mẹ mày gọi mày là Phát",,,
Dth quá cô ơi,,,
Tu Tuan hâhhaa sao mà bỏ qua được ba tú,,,
Chào mn tùng đi ngủ đây,,,
reaction đi thầy ơi,,,
Âm thầm bên em,,,
Lại đéo cayy đi,,,
Có 1 loại ng như tao cho dù không thấy gì nhưng vẫn haha :>,,,
Trân Thanh My Na mua về làm gì thế,,,
Hay quá 😃😃,,,
Haha,,,
Sửa cái hastag đi ad ơi :) sai rồi kìa :)),,,
Ai ngủ rồi dơ tay lên thầy xem nào,,,
ae like nhiệt đê,,,
"Giám đốc phố Bolsa Hoàng Lân phỏng vấn xoáy Giám đốc  Tiên tri vũ trụ tức nhiên, tức nhiên, vấn đề.....rất .....rất....chi là hấp dẫn.",,,
"bình thường đã ăn, cuối năm phải tranh thủ kiếm thêm xơi tết -_-, nọ về tới TSN, đứng đợi cả tiếng mới thấy từng cái vali ló dạng, nóng ruột muốn chết",,,
Sáng mắt sáng lòng chưa hả 90 triệu con lừa.,,,
Ý thức như qq,,,
Đồng quan điểm.,,,
Haru San cẩn thận nhé,,,
Đccc anh ơiii :)),,,
Xin link balo bama thầy ba quảng cáo :v,,,
Cảm ơn các vị lãnh đạo đảng ta đã tạo điều kiện cho những đứa trẻ như con của tao vừa sinh ra đã mang nợ trong mình.,,,
"Khổ thân anh tôi ko có tiền , phải mua tôm alaska để ăn qua ngày",,,
Dm,,,
Quả này là cam góc chéo rồi😁😁,,,
"Cuộc đời có lúc thăng lúc trầm, có lúc lên lúc xuống, đi đến đoạn nào, phải bước thế nào, thì chỉ có mình mới biết đc. Cảm ơn Anh, cảm ơn Refund, mọi người đã làm hết sức rồi! Vẫn mãi yêu Refund",,,
Bùi Đức Hậu không sợ nó cười vào mặt mình nà chỉ sợ bạn bè của mình nhắc tới câu chuyện mình thích nó mãi,,,
Quả đầu này mang ý nghĩa của Amazon cách đây vài năm :)),,,
"Okie, nhớ ăn cơm đúng giờ nha ông già :v",,,
Sống chậm thoii mn,,,
"lolz mắc cười, toàn 1 lủ ở vùng xa vùng xôi ở ... nói chung là chỉ biết và thờ cái Ba Đình, đéo làm được gì thì ngậm cái mổm ăn c..c lại, ko nói, ko ai nói miệng thối đâu mấy con chó DLV ạh",,,
Mặt đơ vcut,,,
Phân biệt tú giang hồ vs tú tiêu tiêu,,,
Tạ Tường có những bức ảnh 2 năm trước còn giá trị hơn cả trend nàyyyyyyyy ❤️❤️❤️,,,
Trung mậu tuất,,,
Hợp lý 🙃🙃🙃,,,
Xin video bạn ơi =),,,
Lưu Thị Phương Thảo cách ly luôn cô giáo 🤔😁😁😁😁,,,
Chib3 nay chet ko co nham mat,,,
Bài nào em với bạn em cũng có dấu răng mà tự nhiên mất fan cứng anh ạ Phương Liin huu,,,
Cáp tần ờ me ri Độ,,,
Hqa mới ngửi mùi của sena nên nghiện mùi đit. Hả thầy=))),,,
Bao nhiêu. Để đại gia dân bù,,,
Vậy đúng là Grab,,,
:v hihi,,,
"Vả vô cái mỏ loz mày bây giờ, thứ học sinh trời đánh",,,
Cùng dùng mà công dụng khác nhau =)),,,
Xem xong hâm mộ cô luôn ❤️,,,
Đẹp trai thật sự,,,
Hoàng Quỳnh Anh Phạm Mỹ Linh Mai Thu Huyền tết về bài bạc tí nhở =)),,,
Thầy hỏi Ba thầy xem hồi còn trẻ có làm gì có lỗi với má thầy ko,,,
Sơn Nguyễn xin video b,,,
Khai giảng phơi nắng😂,,,
Duy Linh yah bên đấy bác sĩ còn khuyên người dân không đeo khẩu trang mà,,,
Nghe nói mấy ông này bh hay nói xấu nhau lắm,,,
Kevin Song cứ trung thu là lại gia tăng dân số:),,,
tết mới cái gì cũng mới :v,,,
Lê Nhật bạn thân ơi duyên số sinh ra chúng mình,,,
Dừa =)),,,
Khịa vl :)),,,
Thích cô quá đii,,,
Alo Trần Thái Linh,,,
M chốn dịch hả,,,
Mẹ con á bạn,,,
Tao địt cần biết thằng lồn nào nghe máy trộm,,,
Thấy bài đăng éo nào cũng chửi cho đc :\ đừng mượn hình ảnh đẹp r đem tâm hồn đéo đẹp vào r chửi,,,
chung no ngam suong het roi...,,,
Quan Ngoc Tran cực kì... bái phục :)),,,
"Ai cũng biết. Đã là chửi thì chửi thẳng, vòng vo nói nho nữa thì đổi tên page đi. Đậu má rau xanh.",,,
Cuối cùng cũng chỉ là KIẾM chứ gì,,,
Cô ấy ngồi gần khánh chị bị dìm hàng nha cô ấy như bông hoa tươi,,,
Để abe đơm đã,,,
Những điều xấu tệ nhất đều nằm ở những người con gái tên Trang các ông ạ,,,
Lớn nhanh chị chờ,,,
Chi oi ... dung Noi lai nua... lo lam an,,,
"Tôn trọng nó cho nó ăn hiếp, chiếm hết khu vực rồi nó qua quậy bên Mỹ ah.",,,
Hoàng Yến mình học lớp 8 lè,,,
Gucci đã xâm chiếm thế giới,,,
Cao hơn cả núi hả 😐😐,,,
Lương y như từ mẫu ❤️,,,
Việt Nam cố lên!!!!,,,
Chắc Tiệp nghĩ Tiệp là hạng Thượng đẳng :)),,,
cực kì thuyết phục abe,,,
Ăn mặc như loz,,,
Cực kì thuyết phục!!!!!!!,,,
Sự thực là sự thực Tổng Thống Trump gọi virus Vũ Hán là chính xác.,,,
Nhìn có vẻ 3 anh rất chi là đẹp trai :)),,,
phuc phung tri giống cá giồ táp cứt chứ cá lóc đâu ra ^^,,,
Được anh êi :>,,,
bút này giá sao vậy ad?,,,
Chắc hẳn hất nhiều ng muốn như này :)),,,
Tụi mày k bt đấy chứ..😂😂...mấy tấm hình đó...nếu ghép lại..là 1 đọc rap,,,
"Mấy anh chị em đẹp trai xinh gái vào like giúp em ạ, em cám ơn nhiều ❤",,,
Học trò ngoan,,,
Trend này VN đi cả chục năm trước :))),,,
Quỳnh Bé Quỳnhh Như Ánh Cass Sếp nhà người ta..,,,
Eo ơi Tùng Sói cắt tóc đi đẹp trai hơn ban nhiu,,,
"Hương Quỳnh ai mà dạy đc T đâu e, tự T mà ra đó",,,
Thèn em tui cũng bât kịp trend rồi 🤣🤣,,,
chuẩn nhá,,,
Đm chúng m k đi ngủ à...sống chậm thôi,,,
"bảo là đồng lòng tránh dịch mà bán khẩu trang và mì gói giá trên trời, học sinh thì sợ dịch hơn sợ bị phụ huynh gank vậy mà vẫn bắt đi học? thế mà bảo là đồng lòng tránh dịch à? thế là giết hại lẫn nhau ròii",,,
thương thầy quá . Nói thế cho gam có động lực ai ngờ :)),,,
"Tiếc ziêng là tui ngon cơm , đi chợ bình thường",,,
Mấy ông được truyền máu,,,
Thoi k gian Tom duoc Lao ay o Dau thien Di de Lao Thanh su,,,
Đừng bao giờ khinh thường chủ tịch độ nhé các ông,,,
Chịu thầy dkm =)),,,
"E bik là các a đã cố gắng lắm rồi nên bây h mình quên đi những điều ko vui mà nhận tiền thưởng rồi sau đó còn về nước, còn live stream cho các Fan xem nữa. Năm nay đến đây là hết nhưng năm sau có thể sẽ vươn xa. Đường còn dài, tương lai còn rộng mà.",,,
"Sống chó thế , cách ly cả nhà nó ko sao , liên luỵ cả làng mới ghê",,,
Nhanh tay lên mn,,,
"anh ơi theo e nghĩ là đâu phải có 1 mình a phải xét nghiệm ? cũng giống như đi bệnh viện vậy, phải chờ tới lượt chứ nhỉ? làm như có mình anh v mà đòi cái gì cũng nhanh. mệt lon quá",,,
Vinh Vo bún real,,,
Tùng h chỉ làm tóc giả hc dùng Max Hair thôi,,,
0.01% mà bạn êi,,,
Có thêm vài người như nhung thì toang.,,,
Chúc ông luôn khỏe,,,
Huyền thoại mẹ rồi thầy ơi,,,
Chết trong sự dễ thươngggg :<<<<<,,,
Má ăn mặc đeo giống ai,,,
thầy ba đẹp trai thật mọi người ạ <3 ashe quán quân,,,
Chắc chăn là cá già nên chết,,,
"T muốn coi qá, nhưng sợ nên ngỉ phẻ. Đỡ tốn tiền 🤣",,,
Hoang lan ....thuộc đặc trị corona của ông lan day roi,,,
Đây là cách bạn muốn khoe cả 2 cái quần vừa mới mua 🥴,,,
Hồ Hoàng Thảo Nhi Vân Đinh Thảo Trân Khánh Nguyễn Trân nói vậy thì 700k của Ruồi coi như bỏ k r :)))),,,
"tiêu thụ bia nhiều nhất, trẻ trâu nhiều nhất :))",,,
Trung Anhh Ngọc Thảo mới đọc đến 32 h đã lên 34 r nè nhanh quá huhuu,,,
Nghe chửi như nghe truyện hài,,,
Xem mà tức ngày xưa táo quân thì chủ đề là tệ nạn này nọ bây giờ thì nói về game 2 năm nay xem mà chả thấy hay gì chán,,,
vừa mới nói xg,,,
Đm mày,,,
được của ló,,,
đã đảo Hàn xẻng bị CS mua chuộc treo cờ máu!!! bên cali mà bắt chước treo thế này chắc nhiều ông bà đứt gân máu tăng xong chết quá 🥶,,,
Tập  này  có  cô mik hiếu hài  quá  trời  hài... Vui ơi  là  vui.... Thương  cô ghê,,,
"Nói thật nha con cách nói chuyện giả tạo vô cùng luôn, còn về phần nước hoa thì ai là người có sở thích sưu tầm nước hoa thì sẽ hiểu.? Ko có nước hoa chính hãng nào dưới 1tr cả cho dù có sale mấy còn 800 900k củng là các dòng các hãng khác thôi đừng bao giờ tin là nước hoa singapor. Còn ko tin thì mua thử đi rồi sẽ biết. Bán đồ giả làm ăn dối trá mà còn lên nói chuyện như mình là người vô tội",,,
Văn Nguyễn thiệt  mua về 2 chai.h vứt nè,,,
sao em chưa được fan cứng nhỉ =((,,,
Trung nút vàng bá dơ,,,
KDA đẹp nhất❤❤,,,
nhìn có vẻ mắt iphone nhưg thật ra là mắt mixi 🤣,,,
Em thích nhất đoạn đầu😊,,,
"Thic bài viết này gê,nhưg chỉ có nhữg nguoi wan tâm tới chíh trị mới like thui mà ở vn ng hiểu chính trị thì rất ít",,,
Tân AK xin video ạ,,,
"Rickit vn vd lắm, ko đùa dc đâu",,,
Em chưa đủ 18 mà làm một đứa thì sợ mọi người có trầm trồ quá không anh?,,,
Nam Dong Giang cá basa,,,
Phương Minn chắc do giọng luyến vs lại cao,,,
Lê Ngọc Đức,,,
Ủa rồi ai muốn yêu mình cả đời dị ! Chồng tương lai ơi anh lên tiếng đi :)))),,,
Dương Dương mất nhận thức hả,,,
Nỗ lực để lấy thằng giàu là dc,,,
Cực kỳ thuyết phục!,,,
Bớ người ta tư bản hùa bưng bô tung hô CS :)),,,
Hi vọng Nhung mau khỏi và sớm đoàn tụ với tổ tiên !,,,
Bảo Yến t chửi m láo vcl,,,
Lê Huyền má quá đáng ghê á :)))))),,,
ai lớp du chu cà mo co Minh Híu,,,
Khi mày nhìn thấy thuốc lào 🙆,,,
chuỵ ba xạo lồn :)),,,
Vừa đọc thấy vậy á,,,
nói dối làm tim tan nats,,,
Đang thèm 1 đứa mà chợt nhận ra mình còn chưa có ny,,,
Chỉ có mấy con thùng thần khùng và vô học mới khen hay và mùi đả lớn mà nói tuc mà mọi người còn cổ vủ hay tôi tinh toàn bị hư học coi đi đồng nay sắp lắc đi,,,
Đất nước ko phải của riêng một đảng phái nào,,,
Chịu thầy dkm =)),,,
"Cai lol me tui may nhìn đi , tui mày nhin cho ki anh ba chỉ làm dc một lần nv thôi , dc chưa , cđm tui mày",,,
"đéo quan tâm,làm tới 10 đời nữa éo biết đủ tiền 1/10 chiếc xe không 😂",,,
Tại sao K-ICM được coi là ca sĩ !!!!,,,
V: ai đó giải thích cho em cái gì ló ra đằng sau kia,,,
"Nghe theo tuyên truyền còn đảng còn mình, bọn chúng nghĩ như vậy nên ra sức phấn đấu làm trâu chó ngựa cho người ta sai bảo.",,,
anh độ nhìn giống châu tinh trì vl :))),,,
Đm ad phản lại cái động. Là công an thì có quyền nhé. Đéo biết gì lại còn nguy hiểm. Sửu nhi,,,
Những cmt đàng hoàng mà chửi ngta thì sẽ giảm fan nhiều,,,
Đc của ló,,,
khóc nhè đi ad :v,,,
Bản tin rau muống cho hay tham nhũng đã được chặn ko cho dân phát hiện nữa 😌😌😌,,,
Ctr mời Nguyễn thanh thanh & my Nguyễn nha,,,
Phạm Thanh chắc có mình Nhung bệnh trên máy bay k b? Mình chỉ hỏi là có chắc 100% k thôi chứ sai lè mình chả bênh.,,,
Dùng dầu gội clear auto toạch chuỗi nha mấy đứa điển hình là thầy giáo ba,,,
"ghét nhất là mấy khúc như vậy, AiLan Huynh @sandyh Sandyhuynh Hangxáchtay-us Chè Nguyễn",,,
Sao bữa giờ ko ai cập nhập tình hình dịch trung quốc hết v,,,
link đâu con mẹ m,,,
"Tàu hũ in tiền sang VN gom đất, nhà, vàng và mua chuộc chó với đầy tớ",,,
Sống chậm thôiii :(,,,
"nhà con đó tài sản cũng khá khá đó, khỏi cần phạt tù, cứ bắt nó nộp phạt bằng với số tiền TP bỏ ra đc rồi :))",,,
Quân Lê,,,
Lươn khươn kiểu cao lãnh 🤣,,,
"Cần gì phải quyết định, trc h vỉa hè ng dân hàng tháng vẫn nộp phí đều cho công an rồi đó thôi.",,,
Có con gái thật tuyệt,,,
Cao Bằng nơi sinh ra những nhân tài toán học,,,
mike thuý :)),,,
Nguyễn Thị Hường Ông ý cũng lẩm cẩm ưa chi nói nấy nên nhiều ae chế nhạc hài coi vui lắm,,,
Nguyễn Võ Hữu Châu cẩn thận mất việc nhé con,,,
Vkl đúng một ổ dlv đang thủ dâm tinh thần với nhau. Tôi ngưỡng mộ a phan anh quá. Còn nhà nước hả. Một nghìn tôi cũng ko đóng góp. Vì tôi quá hiểu bản chất chính quền vn rồi.,,,
Trung Minh đã c.bi dụng cụ trang điểm mùa dịch chua,,,
@Tủn 3K lấy vd chanel bleu đi giá thị trường 2tr livestream nó bán 200k 300k nhiều lúc tặng thêm chai nửa....bán lần cả lố bây nghĩ đi của ong nội nó đổ ra cho ha Gì. Lấy cái não dùng đi,,,
Làm ăn như cc,,,
Thành Học Nguyễn Huy r về lây cho ae,,,
T lấy hh Sett 😂😂🤣,,,
...,,,
lương tâm liệu có còn không khi mọi thứ phải quy định ra bằng tiền,,,
"Thi tốt nghiệp cũng sắp xong rồi, các bạn có rớt cũng đừng buồn. Ngày xưa mình rớt tốt nghiệp vì thiếu 0,25đ và không được dự thi ĐH, buồn chán và thất vọng nhưng mình không từ bỏ, sau 1 năm phải làm thêm để kiếm tiền ôn thi và thi lại. Cuối cùng ông t",,,
Từ từ 😂,,,
Đu ma ba,,,
Ở VN thì biết bọn nó bắn về phía nào rồi đó bác!,,,
Chơi mua mấy mô hình đồ chơi khoảng từ triệu đến chục triệu,,,
@Hung Nguyen cờ vàng gặp covid là chết chắc ..còn nd VN có đảng lo rồi.👍🇻🇳,,,
Idol,,,
Lan Cong còn ạ. Rep ib hộ e nhaa,,,
Tú bảnh dạy dỗ đàn em Trung sky :D,,,
8h sáng cũng phải lên luôn nhaaa,,,
DM...thèng assmin cút qua Dubai sống đi mày...( tao đi lãnh 3 củ đây),,,
3k và 38 người. Con số đã nói lên tất cả. Tỉ lệ này là 99% Không đồng ý và chỉ có 1% đồng ý. haha Đâu bao giờ dám trưng cầu dân ý.,,,
"Dơ dái, bẩn thiểu, hèn hạ, hạ cấp. Ghê tởm",,,
Bạn lữ tên trang,,,
Trước khi tìm được người đàn ông của đời mình chúng ta vẫn nghĩ rằng chúng ta thích con gái . Không sao hãy cố gắng tím lấy người đàn ông đẩy ngu giống bạn :)),,,
Sáng thì 35 chiều 38 hoang mang quá,,,
Yeu thay,,,
Bùi Nga Quỳnh Anh chán chị :(,,,
Lx má cười ỉa :))),,,
"Nguyễn Thị Hương bảo sao thuê hẳn chuyên cơ riêng, hoá ra em chồng :))))",,,
Cho nó cướp đê. Mai mốt có gái TQ để chịch. Ngu vl vừa thôi.,,,
Nguy hiem wa😕,,,
Bên ngoài tóc đẹp bên trong nhiều tiền,,,
Tỉnh nào báo cáo chống tham nhũng cũng đẹp không riêng gì Sóc trăng,,,
Con chừng bị xử bắn,,,
Tuaz Hunq chữ G của thầy trong game là GG,,,
Về đây bên Abe nha mấy đứa,,,
Thu đi để lại lá vàng nhunh đến gửi ngàn lời yêu thương,,,
Trần Long hahahaha,,,
Nguyễn Quang Phụng ừ,,,
Láo nhể.tôi đi chưa bị bao h,,,
Trả fan cứng cho e a ơi,,,
Buồn vui đã có tú abe à,,,
Nghe nói em thích người đàn ông cuốn hút,,,
Lam Pham Ai Chau add e vs cj ưiiii,,,
Cuối đời rồi ông Trần dần cũng nghĩ ra được để sam hoi đoàn kết để còn một số thành phần chống cộng nghĩ lại,,,
Tại thằng ad làm đỉ quen rồi nên nó xem đó là việc làm cao cả í mà,,,
Giàu quá cho vợ chịu sào đó,,,
T nghe mà t thuộc luôn rồi đấy kkkk,,,
My Tran cái con này vòng vo vlon:)),,,
Tướng chạy bần hơn cả Black bi nữa thầy ơi,,,
Văn Phát m có biết hết mấy cái này chưa,,,
😘😘😘,,,
Rút kinh nghiệm thôi mà ^^,,,
Thật là nhục nhã,,,
Xuất sắc quá chất 😎,,,
Sống chậm thôi các bn,,,
đm chấp nhận sự thật đi a zai :),,,
Van Nguyen Gia Chiến truoc an ne :)),,,
"Chúc thầy năm mới, thêm nhiều mật danh mới :>",,,
Huy Vũ ;)),,,
Like cho cô 👍,,,
"Hoàng Bảo Quân nhà ngt có tiền, đâu cần chữa free, chỉ là vài lí do muốn về quê hương sau khi làm việc.. vv",,,
"Ơ buồn thế, nhớ ngiu qaa",,,
Cấm đứa nào like nữa :v,,,
Duyen Anh eh đừng có nhớ đến tao r cười nha,,,
nghĩ mà chán ...!!!,,,
Dân đồng nai đây,,,
Thâm vl bạn ơi,,,
Cau qua gai oi,,,
"Thay việt nam = 4, thái lan=2 vào phương trình trên ta được:",,,
"Đây là video đầu tiên em xem của a Độ mixi đầy sự ngọt ngào và yêu thương , k có câu nào tục :((( em cảm ơn anh ! From Mixi With love",,,
Nhiều tiền nhưng k mua nổi ý thức 😏,,,
Chi oi chi gisu vo nhu vsy cji lam tu thien di chi,,,
Đôn chề đi rồi thì tuyển Gu chì đi abe :))),,,
tinh thần ko sợ vợ,,,
Mày thấy đạn Bắc Kỳ chưa,,,
Nguyễn Văn Nam mình cũng vẽ nhưng vẽ máy😀,,,
":) trung cộng muốn thắng thì tốt nhất nên cử cán bộ qua việt nam học tập, mấy thằng chưa học hết cấp 2 còn lôi lên làm lãnh đạo được, thì giải quyết hongkong chỉ là chuyện nhỏ",,,
Con me nay an noi lao phét mai mọt bi qua bao nang ne,,,
Sao chi đep qua,,,
Ông già tôi phán chỉ có đúng,,,
Đm quả nhạc 🤣,,,
khỏi cảm ơn,,,
Đập sắp mặt sena thầy ơi,,,
Em tui nó cũngg đú theo cháuu theoo cháuu ôngg :))),,,
Thương cô qua quá ❤❤,,,
Abe thì ghê ồi,,,
Nhìn quả đầu của cháu tùng em lại nghĩ đến Đấng Dì giây Chip 🤣,,,
Trần Kim Ngân ủa cánh hoa chỗ nào v e :)))),,,
Lan Anh hiểu k ?,,,
Em noi chuyen rat co duyen,,,
Lam cai cc j dc bo ha T.lu,,,
"Tát dẹo sống mũi Nhà Đòn lun đi chị. Cái mũi nó giả tạo quá, chị tạo phước cho nó đi gắn lại cái ống thở mới nó sẽ biết ơn chị lắm đó.",,,
Cuộc tình dù đúng sai,,,
Chúng mày chụp mũ vãi lồn chúng mày còn chưa hiểu ý thằng Cường là sao đã auto chửi nó là thằng bán nước ?,,,
Út Tuyền :))),,,
Tinh trùng khuyết tật cã một bè lũ tham quan từ nhỏ tới bé từ thằn bố tới cháu chắc,,,
Gê troi,,,
@Đạt Henry 0774679582 zalo mình nhaaa,,,
Đĩ mẹ nó lại hỏng mạng🙂,,,
Dlv vào sủa đi nào các con,,,
Nguyễn Văn Quý haha mắc cười vl sao đéo ai haha vậy,,,
Hai người đẹp quá,,,
Chính phủ Nhật xin vái đcs VN 1 vái dài vãi đái :))),,,
Đồ ngon đấy =))),,,
Cởi áo là múa bụng nữa cũng hợp,,,
ngu,,,
"Hắn vừa đi vừa chửi. Bao giờ cũng thế, cứ thi xong là hắn chửi. Bắt đầu hắn chửi Bộ GD. Có hề gì? Bộ của riêng nhà nào? Rồi hắn chửi cuốn SGK. Thế cũng chẳng sao: sách là tất cả nhưng chẳng là ai. Tức mình hắn chửi cả Hội đồng coi t",,,
Idoi trần cọp lên sóng,,,
Cái j nó nhổng lên v abe 😂,,,
Tối nay tầng 7 của gaming house có người ở rồi :))),,,
Hoàng Khánh @ Quang Viễn tao nch tụi bây đừng vui quá nghe,,,
0:26 Tao kìa tụi bây :vv,,,
Nghe vô sinh nhưng rất thuyết phục :($,,,
hmmm anh giàu rồi anh nói gì chả đúng :v,,,
"Ừ, tập trận nhiều vào, khi nào nhờ quân mỹ lấy đc bãi cạn thì post lên nhé",,,
Co kg chi,,,
Mâp dê thương ma.,,,
Thiên đường,,,
Coi cười muốn xĩu.. yêu cô ghê,,,
Mấy cô chú 3/ đừng có bị gì nha mấy cô chú mà có làm sao thì chúng cháu bùn lắm k ai tấu hài cho chúng cháu coi   thế thì cuộc sống của chúng cháu nhạt nhẽo lắm cuộc sống của chúng cháu phải cần những người  nhảm nhảm  như mấy cô chú chúng cháu mới vui được 🤣,,,
Thằng này là thằng điên chứ gì nữa,,,
Trường Giang không cố ý nhưng chị N vô ý ích kỷ gây hậu quả nghiêm trọng là điều không thể phủ nhận rồi bạn. :((( Mình cũng mong chị ấy mau khỏe và chịu trách nhiệm cho hành vi của mình,,,
?? :) ??,,,
Còn đây là BAROIBEO,,,
Ca khia cuc manh =)),,,
Nhi Faker :v,,,
Anh Trung Magic,,,
Hoàng Yến fan cứng hả b =)))))),,,
Thằng Trung có con *** to lắm,,,
Chi 3 noi qua troi hay luon,,,
Ôi hoàng tử hãy tha thứ cho thầy của em bị dính lời nguyền,,,
Phút hối hận muộn màng khi bị bỏ rơi 😂😂😂😂😂😂😂😂😂,,,
Một thời nông nổi 🤣,,,
khong doi mu lam j giam xe.dien,,,
"Mấy hôm trc đăng bài thấy hay hay, nhưng cái bài này là đéoo ưa nỗi ròi",,,
Nguyễn Thị Duyên idol,,,
Đàn bà dễ có mấy tay_dinh thự của nữ đội trưởng đội chống buôn lậu,,,
Anh Độ đã có công lớn trong việc giúp nông dân cày đất cho tơi lên bằng AK :)),,,
Nguyen Hoang Quoc Bao Đoan Trinh hình cánh hoa nhe,,,
Thằng anh nó làm gì thì thằng em cũng chỉ dám nói chứ đánh nó nó phang cho lại chết cả nhà,,,
Phan Anh 😞 rồi đến lúc bame gia đình chúng nó bị xem có cười đc ko,,,
Lũ chó. Pít là động chạm nhưng tao thjk chửi đấy..,,,
Linh Huỳnh Lê Thảo à há. Mà biểu hiện bệnh này thất thường quá mấy má ôi. Có tiếp xúc vs ng bệnh là hên xui 50 50. Chứ hỏng biết triệu chứng s luôn.,,,
"Dcm fb 1tr fl mà cũng cho bay màu dc,giỏi đấy",,,
Vâng. Bát mì của anh nhìn qua đã thấy con tôm to đùng ít cũng mất 1 củ cho con đó :)),,,
"Đi học, đi làm việc chỗ đông người sử dụng khẩu trang vải kháng khuẩn đi mọi người ơi. Khẩu trang vải đựơc phủ lớp kháng khuẩn, ngăn bụi và tia UV, thoáng mát, giặt tái sử dụng đựơc ạ. Ai cần nhắn em nha, hàng số lượng có hạn. Hãy bảo vệ mình và gia đình giữa thời dịch",,,
Thấy ông lên nói chuyện mừng quá.từ đợt dịch bùng phát cứ tưởng ông ẳng rùi,,,
Anh Trung tele :)),,,
Nghe có vẻ Hư Trúc nhưng lại rất Mộ Dung Phục,,,
Dâm l,,,
"phụ huynh lúc cho con học, chắc giờ đổi ý đi mua mì với gạo r.",,,
"May thsng noi doc , cong san gioi lam ko can may thsng vo dung 3 que dau.",,,
Hạng mục thầy giáo cute nhất hệ mặt trời,,,
Hóng hóng😌😌,,,
xua thi day dân len khai hoang gio dc gia thi chiếm,,,
Thanh Trà Trương ?????????????????????????????????????????????????????????????????????????????????????,,,
xóa kênh Thầy Giáo Ba trước đã,,,
Hợp lí vl anh ưi,,,
"Nguyễn Thị Thủy Tiên miễn là vẫn có tiền trả cho nhân viên thì ngta vẫn làm, nhưng những chỗ khác ko có tiền trả lương thì phải chịu rồi",,,
MCdn48 Na kute làm cái talkshow chắc cháy vé luôn quá,,,
Wow,,,
Chị Thái và tội phạm. :))),,,
Hầy cx khá gần chỗ mình 🙄,,,
Trung với Đảng chứ ko được Hiếu với dân đâu nghe chưa?!,,,
Bỏ đi mà làm người. Lần sau chừa nhé,,,
Nguyễn Đào Nguyên báo thanh niên đây bác,,,
Hợp lýyy =((,,,
Ông này bị bệnh như vậy lâu chưa ta? Kkkk,,,
Anh bar .,,,
rồi dùng xái này xong nó co vào bằng cái bút à :((,,,
9x5 vẫn bằng 35 :3,,,
Cực kì thuyết phục :<,,,
Mình còn ko bt nó là cn j,,,
Linda là nhất minh hiếu là nhì hihi,,,
lớn mấy tuổi đầu rồi nói cho như thằng ko não ??? Vẫn cố làm trò ngu si của mik để câu view ??? Não cá vàng éo hiểu sao đc lm youtuber :)) bệnh hoạn vkl chửi cho càng bị bệnh nặng :)),,,
Nhìn k ưa miếng nào,,,
Cú vl haha,,,
Học phí tháng này đợi tháng sau em bù nha thầy :v dạo này bị thiếu kinh tế quá,,,
Sau này lấy vợ né mấy bạn tên trang ra nhé các bạn nhé,,,
ngủ đi,,,
Clm =)),,,
"Ad phân tích chuẩn,tư duy thứ 2_thích làm bố mẹ thiên hạ,biển xanh ở VN ra đường dân nể lắm,dạt ra mà nhường đường, có phạm luật gt cũng chả ai dám thổi phạt,csgt nào mắt có kèm nhèm trót thổi xuống cũng cười là xong",,,
Mày Bố láo ông băn mày bây giờ,,,
Lại quan ngại sâu sắc,,,
Rớt nước mắt,,,
thiếu mỗi cái offical MV ĐỘ TỘC nữa thì hợp lí vll,,,
Page hay mà abe ơii :v,,,
chai lơ phim mới hả mn,,,
Lập team lùng bọn này đi ae,,,
Nay ko sờ ti ông già nữa à...?,,,
Xin info cô này :)),,,
Chậm thoi,,,
Kể cả mở nắp bồn cầu cũng nên đái nhẹ nhàng và thanh lịch thôi. Đm rớt vài giọt ra mép bồn cầu t nhìn mà tức nhức nách,,,
Nhi Nguyễn nhanh trí cầm lá ngón chạy vào khu vực cách ly cho Nhung ăn xong chạy về khoe cả Xóm. Rồi đêm chợt nhớ ban ngày quên đeo khẩu trang 🙁,,,
Lee Sin lạy hồn=)),,,
25:05 cặp tận bình luôn rồi hả.. 😄😄😄,,,
Nói bậy tượng hay,,,
"Tấn Khang Liv hahaha, ý thức số 1 thế giới haha hihi hohoho",,,
Hoàng Xuân Tâm thương hiệu thời trang gì 84 + đó,,,
Minh Hoàng vl a t,,,
Nam Quảng có ai bắt bạn xem đâu ạ. B cũng có thể cmt lich sự hơn đc mà. Người có ăn có học đàng hoàng ngta cmt khác b uiii,,,
Valerie Nguyen tính ra tụi mình có hơi bị nhìu hình kiểu này nè 🙂 Ngọc Thúyy,,,
Bé bự chứ bé xuân mai gì,,,
Chân dung cực kì rõ nét kẻ ấu dâm mọi người ưiii,,,
Nhìn bê tha vl,,,
Trần Vân Anh b cho tôi xin con số đi,,,
ăn chay đi là vừa,,,
An noi mat dai,,,
Người ta ra biết bao công sức tiền bạc. Mà giờ nghe nói như vậy như thay lời cảm ơn.Vãi lol thiệt 😏,,,
Tiếng rưỡi chữ nhiêu 😭😭,,,
đm thầy nhớ thấy lol,,,
Huỳnh Dương bài này riêng t thấy tệ vl chứ kp như b nói,,,
Đau não vs cách nch của nhà tiên tri qwa,,,
Cô nói chuyện thiệt thà dễ thương quá à,,,
Nguyễn Minh Hiếu nghe nói anh zai ở cầu giấy :)),,,
Chạyyyy nhanhhh điii,,,
Chửi nhẹ qá à,,,
"Lời thật lòng gửi bạn : Rất thương và nể những người lao động chân chính như bạn.Nhưng loại hình bạn kinh doanh, mặt hàng cũng có rất nhiều người làm.Vì vậy bạn cứ làm việc nghiêm túc tự nhiên sẽ không còn những chuyện bực dọc và công việc sẽ tiếp tục thận lợi.✊",,,
Vẫn là anh tôi sau khi cưới chị trang:)),,,
Mong đợi nhất vẫn là Tùng,,,
"Rồi  Minh Hiếu có kêu tên may  đau  may  la  làng,",,,
"Nếu bạn đi khám có BHYT- BHXH tại các BV quận cũng sẽ nhận được kết quả bệnh rất nặng và kèm theo bọc thuốc to về uống cho no, 6 tháng sau bạn sẽ bị suy thận, suy gan vì thuốc.",,,
Tự nhiên nghĩ lại thấy đẹp trai cũng là cái tội ae ạ,,,
HỢP LÝ :)),,,
Giàu mà ăn mặc lạ lùng ghê k bằng ăn mặc quê mùa như mình :)),,,
Phong Chau cười ỉa 😂,,,
Nguyễn Vĩnh San suỵt,,,
Chuẩn rồi! Cái gì chưa biết thì ta nghe và chiêm nghiệm xem đúng hay sai. Còn thằng nào nói sai thì ta xin phép cười vào mặt nó!,,,
Nhạc lần này của ổng m.n phải nghe nhiều mới hay 😅,,,
Theo tôi ghi sự thật vẫn là sự thật,,,
Sắp vỡ nợ rồi cho vay để xù nợ à ?,,,
Cang sem cang tuc moi nguoi oi phai su no moi duoc,,,
"Ta thì nghĩ thằng này là người của tàu cộng, được cử qua đây để làm dư lợn viên, mục đích là làm ảnh hưởng ngôn luận có lợi cho mẫu quốc. Vì xưa nay t đều biết rằng cộng sản mạnh nhất ở điểm là tạo ngôn luận ảnh hưởng mọi người. Từ đó nó sẽ đủ tư cách đi tạo thế, và nói rằng những thằng có suy nghĩ khác nó tức là khác vs mọi người vì suy nghĩ của nó là của mọi người, tức là đi ngược vs dư luận, tức là phản động",,,
"Lúc nhỏ cứ nghĩ người mà ko có não là ko sống được, lớn lên mới biết thầy bar ko có não vẫn sống như thường",,,
Chuẩn mẹ rồi,,,
3 beautiful black cunt suckers🙏🙏👌👌👌,,,
Tối nay Abe stream kênh nào?,,,
Hạ Anh tiền đang nhiều quá. Mà giờ cách ly chưa ai tiêu hộ đây,,,
"Bn nói chuẩn cmnr, nhai cứ như bò nhai cỏ, bảo dân trí thấp lại tự ái.",,,
Việt Nam muôn năm 🇻🇳💞,,,
Lê Thị Trang giảm giá thì mua 😂😂😂,,,
LOL cái này coi oi`,,,
Con yêu cô quá,,,
Trẻ trâu Việt Nam lúc này:,,,
Chu Hoài tay hơi cứng,,,
Oke bột giặt aba sạch tinh tươm,,,
Nhưng có vẻ lần comback lần này chưa thực sự tạo ra đc nhiều drama,,,
Măc cuơi chay nươc măt đau bung qua  thây thương chi qua,,,
E k gọi Clear e sài gồ ba nồ,,,
"bọn cầu thủ toàn yêu đảng, ủng hộ độc tài ko đấy...ko nhận ra được điều đó à",,,
Có luôn nghe abe,,,
Inb mình nha,,,
Mời Trần Đứa Bo đi,,,
"Chúc mừng Danh Hài Thầy Giáo Ba được đi all star,qua mỹ thi thách thức danh hài lấy giải về nha thầy yêu,yêu thầy dấu bé ba",,,
ầy ướt quần :<,,,
Ôi VN là đất nước có quan chức chơi rất sang và những người dân rất rộng lượng... Hậu quả thế nào thì chỉ cần xin rút kinh nghiệm thôi là dân bỏ qua hết.,,,
Xem cô live đó giờ mới thấy cô live stream gắt đến thế hay quá cô ơi,,,
cml,,,
buồn thực sự,,,
Phạm Tuấn Tú Nguyễn Trọng Nguyễn Tai Ngo =)),,,
QuynhAnh Nguyen muốn xem mà cứ sợ giống cái phim địa đạo cá sấu :)) em sợ vđ,,,
"Ông Trần Dần nói đúng, đây là thuyết âm mưu nằm trong chuỗi kế hoạch của Trung Quốc, bằng chứng là những nước giáp ranh TQ và những nước có nhiều du khách TQ thì số ca nhiễm khá ít trong khi những nước cách TQ rất xa như Mỹ,Anh,Ý thì lại có số ca nhiễm rất nhiều",,,
Nhìn mặt cô bé phóng viên như thể sắp bợp cho ngài Lãnh đạo 1 tai cho chừa ngu người..,,,
"T ở nước ngoài, đừng nói cũng bắt t đóng thuế đi ah!:D",,,
Quang Hải công khai ở đâu thế ạ ?,,,
Nguyễn Thu Hường xin nghỉ về đi. Cuối tuần còn ngày truyền thống,,,
Hoàng Trà Giang hay kk,,,
Bình Dương bất tử nha,,,
Cô hiếu là đẹp nhất 😍,,,
Đông Kiếm Em,,,
CÓ GIỎI THÌ ANH CHO EM TIỀN ĐI,,,
"Rat thich chi m,hieu chuc chi luon khoe nhe",,,
Em thích ad vl luôn :)) chửi có văn hoá của người chửi,,,
Trang T NT 🤣🤣🤣 sắm cc. Nhà ngủ ko bày đặt sắm sắm 🤣🤣🤣,,,
Có link facebook không bạn?,,,
Đ chọn ai ở 1 mình cho lành 😂,,,
Trần Dần em yêu anh,,,
";))) Phê mà Tuý mà cứ livestream thế này, chẳng mấy chốc mà Ế ma tuý🤣",,,
Phạt cái *** cm,,,
Hoàng Minh Giáp tôi seach gg luôn đó bạn :),,,
"Dạng như giờ tao báo tao đéo trả cho có thôi...đó, dân đen tụi bây làmcc gì được tụi tao :v",,,
"nhạc jack nó mang tính hoài cổ, còn hoaprox mang nặng hơi thở của thời đại mới, không hay là phải",,,
cô hơi đơ:) không như trc nhợ😕,,,
Nguyễn Hiếu fake là fake lại còn 11 với chả 1:2,,,
"Nam Trần hôm nay mỹ chết 15000 người,thôi rồi nguỵ ơi chờ chết đi trần dần",,,
Sẽ cố gắng thích nghi,,,
hâhha,,,
Trên thực tế cái xh này là đến bọn trẻ con nó còn biết về thực tại xã hội chính trị còn mấy ông ấy ấy lại ô cần biết,,,
Đt xịn chụp đẹp quá thầy,,,
Chứ tưởng đổi giáo an TF 0156,,,
"Trước tôi cứ nghĩ rằng chỉ có quân vô lại,trộm cướp mới phải núp lùm chứ?Ai ngờ thế sự nhiễu nhương trộm cướp công khai còn......thì núp như chó.",,,
Hòa Duy dth vl :3,,,
Cái vụ 4000 tỷ 1 tháng thì đéo thấy ói cái máu lol nào ra cả,,,
Trà My có lộng ngôn quá không má cái xu hướng livestream bán hàng trên face mới nổi mấy năm nay thôi 10 năm cái lồn,,,
Chi có đôi bàn tay rât đep,,,
Nghe rất cao bằng nhưng lại rất Hà nội,,,
Chu Gia Bảo đây nó mà là nghỉ phép à 🙂🙂,,,
Nhờn:)),,,
Nên hủy fl đi m.n,,,
mình nghe nói xét nghiệm 3 lần mới chính xác lận,,,
Phan Hoài Nhân hợp lý bạn ơi😂,,,
Pha đầu 2 light pha cuối ba light,,,
"ủa ngộ ha, 5,6 ng chơi thua hết mình A2 ăn hà ta",,,
kay vờ lờ.,,,
"Nha tien tri cung so virut hay sao, tien tri noi cong san tieu tan ma. Noi lao,",,,
Hay quá luôn anh ơi,,,
"Ra đường bọn nó đều có cặp có đôi, một đứa fa như t sao chịu nổi",,,
HN Thu Nguyên hay đó.khửa..khửa,,,
Cực kì thiếu thuyết phục,,,
xin chúc ĐỆ NHẤT GUỐC SƯ TIGER TRẦN SỨC KHỎE ĐZ ZỒI DÀO.,,,
nhin nhu tk mao trach dong,,,
"Thông báo trên website chính thức của Arsenal: \""Trận đấυ của chúng tôi với Man City vào đêm thứ tư sẽ bị hoãn.",,,
Chắc chờ ng eo đi học về,,,
Thu Giangg minh thi thay ban cute vc,,,
chú độ buoi to như lõi giấy vệ sinh,,,
"Ơ, vnexpress cũng tương cho 1 bài à. Ô nhiễm là ô nhiễm thế nào, đồ phản động, đất nước yên bình.môi trường sạch đẹp nhé 😂😜",,,
thế là paris by night của thúy nga có thêm thành viên mới rồi,,,
chưa bở phiếu mà đã cơ cấu 4 chức vụ chủ chốt rồi thì bỏ phiếu làm gì nhỉ??,,,
Đkm mấy ngày nay không thấy lũ dâm loạn viên xuất hiện,,,
Chi oi chi dong lê thuy đep pua 5my,,,
Anh hoàng đâu,,,
hi happy new year,,,
Chàng trai vàng trong làng cơ hội😊,,,
Hép pi niu yeahhh,,,
Thủ tướng lương chưa tới 2 chục triệu lấy tiền đâu mà ủng hộ . Thuế cá nhân còn ko phải đóng mà . Giàu làm sao bằng mấy nghệ sỹ đc,,,
Chửi vừa vần vừa đã tai hay quá cô ơi 😆❤,,,
Chị tốt mà KHẨU NGHIỆP thì cũng NHƯ KHÔNG :)),,,
Cần tìm một bạn hợp mình để cuối năm cưới :))),,,
Hay,,,
"Bà này là, Y tế mấy năm nay tiến bộ rồi, cả bộ máy nó cũ thì thay dần dần, chứ làm sao mà thay máu 1 phát đc cả luôn",,,
"mấy đứa đừng khen thầy nữa nha, thầy không thích vậy đâu",,,
<3 <3,,,
Uh.nhưng mà thắm lép nói cái l9l gì cũng đúng,,,
tao còn chưa biết gì,,,
Ô KÊ CHU RỜ MO  là Ê CÔ CHO RỜ M...,,,
Nhà tiên tri già lẫn rồi nói tào lao rồi nước Mỹ hiện giờ đã chết hơn 10000 người rồi.,,,
lại cà khịa nữa rồi,,,
Chi hieu rat la that tha mien mo chi,,,
:<<<,,,
Đã full ảo hình. :>>,,,
"Trời đất.Dân dừng xe vô tình cán vạch hoặc đi cán làn mà chỉ dừng xe nhắc nhở không xử phạt ?,sao các anh khác xa mấy con ....(định bảo con chó nhung thấy xúc phạm con chó quá) ở Hải Phòng quá vậy ?,chúng nó tìm đủ mọi cách bày binh bố trận để dân hở",,,
cỡ giáo án Doãn Chí Bình tối qua ko ba gà :)),,,
Ráng làm ới già có nút kim cương thầy,,,
quá chuẩn ảb ạ.,,,
đứa nào năm vừa rồi chưa đóng học phí cho abe?,,,
Trung đậm đen,,,
trung sonic :)₫,,,
Đúng tui sống ở ĐN 3 năm nay đi đường dù sáng hay tối hay các giờ cao điểm đều có ông can mặc áo vàng đứng quơ quơ thổi thổi chỉ chỉ,,,
chế độ 2 người 1 máy cường 7 núi cầm chuột còn anh Ba cầm miếng lót chuột :))),,,
nhận thiết kế phòng gaming mới lạ cho dân play,,,
"Lúc nó nói câu đó muốn xỉu á, muốn dô hai chai nước biển",,,
Hóng🧐,,,
Dương Quốc,,,
Khóc thét vì kh phân biệt được đâu là bố :)),,,
Link này nhìn chất lượng z,,,
Vừa thấy ảnh bên Bộ tộc 4p trước thì qua bên page 3p trước kk,,,
Theo phản động thôi :)),,,
Con fan ruột thầy đây 3 Heo,,,
"Trộn mẫu máu của 4 người & xét nghiệm sau khi cắt đôi que thử thì chắc kết quả sẽ không chính xác,rồi vợ chồng nghi kỵ nhau,kẻ có bệnh tưởng mình trong sạch tha hồ mang bệnh đi lây lan cho ng #,ng không bệnh lại tưởng bệnh thì lo lắng,rồi khéo lại tự vẫn.nói chung là tận cùng của sự khốn nạn,không thể chấp nhận",,,
Có đứa đi lùi hoặc chạy lùy mới tới đích ý.,,,
Khác mỗi cái mặt 😂😂😂,,,
Đang xem sờ chim hay đang sờ chim vậy mng,,,
Tân AK xin videos ông ơi,,,
"Coi cai miêng con nho linh loc ,giong nhu cai L bi sung kia ,co minh hiêu chui cho no chú đi",,,
Ngọc Trang mua hào biển ob tặng bút,,,
abe lao tới làm túi giật mình hâhhha,,,
Chị ba chim chật trai nó mê. Rộng như cái cống trai nó chạy mất tiêu chị ba,,,
Nhung xuất hiện :)) 🙂🙂🙂,,,
em nghĩ thầy nên học hỏi chuyên gia này,,,
Co cang da mat o chi,,,
Hoàng Như Ngọc tóc mới ăn tết hả :)),,,
ăn gì dth quá zọooo chú oeii,,,
"Út Tuyền k, mình chơi lớn, gần 2 3 ngày r mua",,,
thật là vãi lol a ơi,,,
Anh vừa nói cc gì vậy Abe :D??,,,
Nhớ dắt susan va poppy theo nha thầy,,,
Sản phẩm của 1 nền giáo dục thối nát mà,,,
Ad sao mày bố láo thế,,,
Đéo còn tý niềm tin cái đất nc này,,,
"2 người em yêu quý nhất team SBTC , chỉ sau cô Linh dolce",,,
"Thích nhất cái câu, """" Nếu chính Quyền quan tâm đến nó """"",,,
Mình hiểu lúc này đẹp quá đi,,,
Thích gu này cơ :(,,,
M pk thầy ba giống con gà điểm nào k Thao Hoang,,,
Mình buồn mình xem video hài vậy 😊,,,
Rồi sau đó chết bảo tại số,,,
Vô nhân đạo. Hy vọng những sự việc như vậy sẽ không bị các tổ chức nhân đạo quốc tế bỏ qua.,,,
Cho xin fb a châu đi,,,
13:40 thần quyền 5 ông lục tổ,,,
Hoang Long :)))),,,
"Đĩ mẹ nhung, lựa đi em",,,
biệt thự=28 triệu??,,,
Phương Nam 1 ngàn 5 cái thì mua 🙂,,,
Ở 1 diễn biến khác =))),,,
Lệ đĩ mà. Em nó nghĩ tiền của PA chắc từ trời rơi xuống.,,,
Trung khá giả,,,
Cang Phu ib e an,,,
Các bác sống nhanh vaicutt :(((,,,
Hôm gặp ido đi ăn bún cùng gia đình có đeo khẩu trang đâu,,,
Bã dễ thương quá tr lun ❤️,,,
Nhớ anh năm ngoái :v,,,
Thấy người ta làm việc tốt thì dè biểu chúng nó k bằng súc vật,,,
;v,,,
Chúng ta hãy sống chậm lại đi nào,,,
Tới giờ người ta còn gọi là bé xuân mai k?,,,
Hihi thích bài này chết đi mất! Ôi cái cuộc đời phó thường dân nam bộ của e!,,,
nhà thầy đâu tết ghé coi\.,,,
Xin link facebook chính thứ  của quốc sư,,,
tưởng thầy chuyển qua đóng phim này chứ :),,,
Lúc tối xem live sợ vai lon =((,,,
Like cái hình :)),,,
Cực kì thuyết phục! :)))),,,
"Ôi vẽ chuyện, kiểu của bọn này lúc nào chẳng vậy. Phát ngôn ngáo để tăng độ nổi thêm chút, hôm sau xin lỗi để mn bỏ qua, nhưng nổi tiếng thì giữ lại. Lợi như thế cơ mà",,,
Dịch thấy mợ mới ra 🤣🤣,,,
Tộc trưởng nghỉ lễ vui vẻ,,,
Nghiệp Ks ngại ghê í 😳😳,,,
Phươngg Bìnhh đổi 25 mảnh hàng hiệu đc 750 tinh hoa kìa,,,
"Lời khuyên chân thành : gặp mấy con đàn bà chạy xe trên đường thì né tụi nó càng xa càng tốt , lũ dở hơi đó chỉ giỏi làm khổ người khác thôi !!",,,
Lý do hôm qua G2 bị sấp mặt Và cũng là dự báo cho vòng 16 tuần sau🙃,,,
Style kiểu nhiều tiền,,,
"Kkkkkkkkk  , nghe chị nói chuyện làm đẹp hài quá,  em ngồi nghe cười mình  . 😂😂😂😂😂",,,
@Van Ngo ☺,,,
khôn như cha quê tui xích đầy,,,
"@Bình Nguyễntôi biết mà bạn , chửi sỏ nó đó , chứ nó sao đẻ được bạn.",,,
Nguyễn Trung Kiên liên quân luôn nhá,,,
cô Ba ơi nhà giàu giúp đỡ mảnh đời nghèo khổ là công đức lắm nha cô,,,
Dừa lòng chưa Nhung,,,
Chỉ biết thốt lên 2 từ trìu mến..... đụ má ! :),,,
Nghe nhiều ô Trần Dần thuộc luôn cả sấm trạng Trình.... Ô ko bjo làm ae thất vọng. Chúc ô Trần Dần nhiều sức khỏe để mang lại niềm vui cho mọi người,,,
Di ba noi hay qua di ba oi,,,
Móe...chuyện này đã biết từ lâu rồi giờ mới biết hả ta? Chỉ có mấy con bò nó mới không biết là người nước ngoài cấu kết với người trong nước phạm tội.,,,
Bác vi đại qua,,,
Xin hỏi chế mua cây bút đâu xinh thế hông ấy pass rẻ lại cho em được hem :)),,,
"Tôi chỉ có 1 cmt: ngay cả who cũng ko hẳn là đúng hay tin đc 100%. Đúng sai bạn cũng ko quyết định được, đăng sau câu chuyện bạn cũng không chắc đc...nói như bạn vì nước ta nghèo nên phải dùng loại vắc xin này thì lại quay lại ban đầu câu chuyện, dân",,,
Hot girl ồng nghiệm :v,,,
Xin video vs bro,,,
Cô đẹp quá,,,
Xem mấy thằng chym ngắn thượng đẳng cà khịa chúng ta mấy hôm nay thấy thế nào nhỉ,,,
:v đồ đó bằng inox chắc cũng bán dc vài chục cho mấy ẻm cạp ấy mà :v,,,
"cho cách ly trong tù đi , giám đốc mà ý thức như ...",,,
hôm nay nhìn đẹp quá trời em ơi...,,,
Nói gì đó chị,,,
"Các bác cứ nghỉ ở nhà, nhưng tăng cân thì vẫn phải tăng nhé!",,,
Trò gì mất rạy...😁,,,
Troi oi cai mieng con linh loc.kkkkk,,,
"Hong biết dùng có hiệu quả ko, nghe đồn là tốt",,,
Minh Hoàng Cương chạy Grab nữa ko c?,,,
Dừa lắm,,,
Du học sinh Úc :v,,,
chao Hao  Linh,,,
A Trung lambor :)),,,
Tao o Tien giang tao ko ngo có con nói chuyên thieu van hoa nhu zay,,,
Dùng Ngọc Trinh thôi lên Fb làm chi cho ăn chửi,,,
Tối nay em sẽ đi học chớ ko đi chơi nha ABe,,,
coppy anh3 clmm tao rip chet me may,,,
Tam cung nguyện kiểu,,,
Lê Đinh Cường cố tình cà khịa đó bạn. Cuối clip J lấy luôn chiếc Mes,,,
Em tin thầy sẽ làm đc,,,
Ct tên khác chứ k phải táo quân :)),,,
Trần Phú ngày mai là vượt sỉ số lớp r lấy đâu mà kêu :((,,,
Vãi cã chửi mà cũg có văn hoá :)),,,
Dù trong phim hay ra sao thì bố tui vẫn tạo tiếng cười cho đất nước 😁,,,
Dòng họ với con N à,,,
Sống nhanh thế 😶,,,
cái gạt tàn mà nó cũng bợ thì tao bó tay,,,
Thôii a3 về đi em về trc đây,,,
Google đi nít ranh :v,,,
ơ ơ sợ quá clm,,,
Ngáo,,,
Trần Duy có ai ăn sam lúc sinh ra k a,,,
chúng nó ăn ghê vạy...chứ đè đầu bắt tù ngay thằng nào dám dành ăn với nó ! cho dù là bán phở !,,,
Súc vật ???,,,
Phiên bản nhạc giống nha anh mình =)))),,,
M hieu lam mui dep qua.,,,
Hoài An Trịnh mật vụ đây sao 🤣🤣🤣🤣,,,
Chi ba .cho 10trieu chi ba,,,
T vẫn nge nhạc khánh phương ❤️,,,
Trương Công Thành khịa đau 🤣,,,
Với khả năng xấy ak-x6 thì em nghĩ đó là lineup tuyệt vời 😆,,,
Những lúc vui thì nghĩ tới bóng đá.,,,
Nge ông nội trần dần nói chưa bà con cô bác. 😂hãy nge ông nội trần dần nói😂,,,
0789350124 dì 3 vàng ngọc ơi cuu con voi con đang kho khăn lắm,,,
Xin chia buồn cùng gia đình,,,
Nghe rất yếu sinh lý nhưng lại yếu cả sử địa toán văn anh ???,,,
Hat hay wua,,,
Tú gì đây ae ?,,,
Trung Phan việt kiều vầy mới sang nha =)))),,,
Nam Anh Nguyễn,,,
Phạm Đ.Mạnh gắt thế,,,
"Mày ngu hay đéo có não thế !!! M đéo thấy là ông ấy là một người có tâm, có tầm và iu nước à! Không có gì dính dáng đến Việt Tân cả thằng não chó bị nhồi sọ",,,
Nguyễn Thành Luân hơn 5p đến nơi chứ mấy,,,
nguoi like thu 100 :D,,,
đọc báo thấy vụ triều tiên thử bom h mà vn vô cùng quan ngại :v,,,
Cực kì thuyết phục :)))),,,
Lại khoe chiếc ảnh này vì các chị vs các bạn trường tôi múa đẹp,,,
thế là paris by night của thúy nga có thêm thành viên mới rồi,,,
"Nghe xong vừa khóc vừa cười, thương cô quá....",,,
Tao cười tao ỉa,,,
Ah ơi để e sẽ xung phong đi nghĩa vụ dù e ms lớp 8 :)) để xem ah tấu hài free :))),,,
Chết đem tiền bỏ vô hòm hả,,,
Vãi ca hi vọng...!!!,,,
Ad lại chẳng biết cc j rồi. Tiền thuế cno' lấy của ad đâu bằng tiền cúng của tụi giang hồ,,,
ngầu vl,,,
Day la bi benh lieu nhe cac ban dung trach nguoi ta co trach la nguoi choc wa dang thoi nhung day la 1 gia dinh chu o phay nguoi ngoai,,,
Sam đi đôi so đi lẻ,,,
Thăng đần phát biểu,,,
Điz mé thanh niên,,,
chúc abe được nhiều sub,,,
Non quá thầy ơi,,,
Ơ cái đ ịt đang ngủ mê bị mẹ chửi bỗng zưng fb tn kêu mở za xem thấy cái page chửi thuê đọc vài tí nghe vui tai vãi lìu tóm lại là a xẽ đưa thắm zô idol,,,
Troi oi tui coi may nguoi nu viec nam nay .tui muon đoi quân ko dam ra đuong luon ....,,,
Cực ki thuyết phục,,,
Mai Nam Hải buồn của anh tôi😞,,,
nước Mỹ đã bỏ rơi chúng ta  câu này nghe có vẻ phủ phàng nhỉ.,,,
Bất lực 😞,,,
Văn Trần ahihi .,,,
Chất k chịu đc,,,
Thằng Ca nào phát ngôn câu ngu vãi lìn. Bụi????,,,
Hãy trao cho anh - rap by B52,,,
Team iteawon,,,
Ông nội mày đây,,,
Sao ko đc z thầy,,,
Ruyel Ruyel đọc cho vui =))),,,
6.103.847 view rồi các đóm ơi🐝🐝🐝,,,
Chuyện gì chú kể cũng thành tấu hài hết á =))),,,
Vì 1 cá nhân mà gây ảnh hưởng đến lợi ích chung của cả cộng đồng . Nghành dịch vụ như tụi tao bây giờ đang điêu đứng . Lúc trước nghe tin hết bệnh rồi thấy khởi sắc lên lại chút . Giờ nó tái phát lại thì quả thực là điêu đứng . Mong dịch bệnh sớm hết để mọi người có công ăn việc làm trở lại.,,,
bà  này  khùng  nặng rồi,,,
Nhà bao việc còn bắt đi đóng MV :((,,,
Chừng nào cái bọn súc sinh này mới tha cho dân VN đây,,,
Huy Hoàng ở clip nào v bác,,,
"Tran dan anh khong chet dau anh, neu anh chet vi mua vo, vo hoang lan bi toi",,,
"Hẳn là thi công k chuẩn =)) cười vỡ cmn bụng, cái đcm chúng mày lắm nữa nhiều lí do vcl.",,,
Đang táo xem trần dần / vấn đề đã được giải quyết /,,,
Cái điều cần thiết nhất bây giờ là : chung tay cùng chương trình giảm bụi mịn tại thủ đô ạ. Mỗi người,,,
Jasmine Bui tứ quý nào cũng chặt đc đôi heo hết,,,
Mỏ như cái lồn linh cá lóc,,,
Mua gạo vs mì tôm trứng về thủ mà hết hàng luôn,,,
Nam mô Bồ tát địa tạng vương,,,
😆😆😆😆😆😆,,,
Nguyễn Thanh Cẩm chị ở đâu ạ,,,
Cuộc sống mà 😩,,,
Anh độ gáy to vải 🤣🤣,,,
petland ganh tut quan,,,
"kẻ nào giỏi phá , ăn chơi , mất dạy , lưu manh , đều là bằng cấp lảnh đạo Việt Nam!",,,
Ủa bệnh viện chứ cái chợ đâu mà giống sinh hoạt của anh ???????,,,
Chửi hay,,,
Ông nội nào nhảy kênh nữa à,,,
Nói chung là đi Thái zìa mà hong có vlog là ở bển luôn đi :)),,,
Bò đỏ ủng hộ 100%.,,,
"Pha sấy chỉ có game thủ chuyên nghiệp mới thực hiện được. Quá hoàn hảo, đậm tính giải trí đi sâu vào lòng người =)))",,,
Haha trend cai(.),,,
Nguyễn Thanh Tín thằng đàn bà mồm dính cut à =)),,,
TÌM MÃI :V,,,
Nguyễn Đình Quyết k biết cmt hoài có.đứa thấy t lên fan có.đứa l,,,
vã mèo tôm lắm r mà ông pô k cho xem =))))),,,
Sống chậm nhé ae :)),,,
Cái kiểu gì v Nguyễn Thanh Cường,,,
giọng cười phu thuê 😂,,,
"bài này phải tạo điểm nhấn , drop hay , có khúc feel , chứ cảm giác nhạc cứ đều đều nghe nhàm lắm",,,
Đấy ý thức của con người VN...!!!,,,
thể loại âm nhạc mới đó ông :)),,,
Năm ngoái nơi tớ ở cũng có gd mua nhần con so này.Người mẹ nấu canh cho 2 đứa con ăn sau ngộ độc mất cả 2. Cái anh bán con này cho người ta cũng bị bắt đi rồi.,,,
game dễ,,,
Thế là toang rùi,,,
Chị ba vàng ngọc,,,
Anh em với tập cận bình bảo anh dạy cách chống tham nhũng rất rễ làm và có dám làm không,,,
hư cấu quá,,,
Đã xem,,,
Chỉ nhìn mặt ổng không cần nói đã thấy hài rồi,,,
Bích Phương thấy cmt bảo e Tăng Thanh Hà,,,
Dương Hoa Hồng,,,
Cho con 1 tỉ đi cô,,,
Cực kì thuyết phục!!!!,,,
Đấy thấy chưa ko có thông báo mà tự giác là rất tuyệt vời del phải như ai kia làm cả thủ đô ăn mì,,,
nhìn giông cẩm ly mọi người nhỉ,,,
Cho em lên fan cứng cái anh êy😘😘,,,
Lên thời sự nè ae êyyy,,,
BKDN cũng y như vậy. Nhưng mà kiến nghị lên thì thay thôi,,,
Dạo này dịch căng đét,,,
Đức Thịnh 🙆🙆🙆😂😂😂,,,
ad thâm vl ra haha,,,
Trường Giang nói mới tỉnh ra bạn à. Chứ đâu ai ác như chị Nhung bạn nói chết bh mới là mấy người xung quanh kìa haha.,,,
Mày chửi đi ad . Đúng nghề chửi đấy,,,
Hom nay toi da gap mot con ac mong that kinh khung. No khien toi khong the ngu nua ...,,,
Bà mỷ lộc là ai vậy....hazzz đéo pít lun,,,
"ủa, chúng tôi còn lớp nào đâu mà đến đúng giờ??? ủa ?? alo ?",,,
Tưởng Thắm Taylor. Mọc đâu ra cái tên Việt Nam vl thế :)),,,
Lê Đinh Cường - ko lẽ trên đời này có 1 chiếc anh 2 ?,,,
Minh Quân djt,,,
chuong tring nay riet roi khong co viec lam nen moi nhung thanh phan tao lao de dua len song.......nhung thanh phan len mang xa hoi chui rua........tao lao....thay giau bac hoan la ho......,,,
Dờ Uy ha ha free ship rồi mà giảm thì lỗ 🤣,,,
Nhìn cái cách ông viện kiểm sát cười,,,
Đme vẫn là vô ý thức 🙂,,,
Poppy is the best,,,
Tui cười kh ra tiếng mà chảy nước mắt luônn 😂,,,
Ba roi gay :<,,,
Dung Trinh Phạm Tuyền Trần Thắm Violetnt Thủy ngày xưa đưa tay kiểu này ko tím mặt mới lạ😆😆😆,,,
An Di sai ở điểm gì v,,,
"Ok kính lão đắc thọ, với tuổi của bác còn khỏe mạnh minh mẫn như thế này thì phải nói là hạnh phúc.",,,
Phuc cho những người bị bách hại vì lẽ công chính vì nuoc trời la của họ,,,
Ông Trần Dần tiên đoán khi nào VN sang giải phóng Bắc Kinh?,,,
Có ko chi 3 cho 1ty xài choi,,,
Nay hơi chậm :)) cailozcatkhong,,,
Pass chuột phải dài từ hà đông sang minh khai 😂😂😂😂😂,,,
Nguyễn Thịnh 6 múi luôn kìa,,,
Khả năng là sắp rồi đó nguy hiểm quá,,,
Cuối năm 2017 mà bây giờ đã lọt cuối 2019. Bọn ngu dốt này con ốc làm chưa được nhưng thích chém gió,,,
"ỐI ZỜI ƠI, không tin được luôn, đang nợ sấp mặt 40 tr đóng lãi mấy tháng rồi, tự dưng tìm được ông anh chơi bóng hay quá nên giới thiệu cho anh em cùng tham khảo. Anh Mạnh lúc nào cũng giúp đỡ anh em nhiệt tình, không lấy bất kỳ lộc lá gì của ai. Anh em cứ vào đây mà tham khảo.",,,
"Chuyên gia kinh tế, bà Phạm Chi Lan nói nè , cho nên chúng ta hiểu rằng Vingroup và các tỷ phú bất động sản khác giàu lên chỉ nhờ mối quan hệ và bắt tay với quan chức nhà nước mà thôi",,,
2013 :)))))),,,
"Day la 1 hinh thuc kinh doanh moi, day suc sang tao. Vua giai quyet nhu cau thoat hiem va PCCC, vua lam tang doanh thu cua mo hinh karaoke. Can dc nhan rong :)",,,
Chúc thầy sớm xóa kênh panda,,,
Hùng Công Trương Huy Nguyễn Xuân Dong Nguyen mấy xếp coi tình hình cho ae nghĩ để phòng dịch 😄😄😄,,,
Đùa bố à,,,
Pham Minh phục lồn .,,,
Đây nè,,,
Không sao,,,
"Vẫn chưa phải đỉnh cao của Jack như bộ ba bài Sóng Gió,Hồng nhan,bạc phận ,ý kiến cá nhân😣",,,
Dương Dương ????,,,
T đọc xong mà t tức á !!!,,,
Sang VN thành cái l cat khong...🙈🙈🙈,,,
ib giá,,,
cười vãi l :))))),,,
"khi non nước thanh bình, ta sẽ dệt mộng yêu đương ...",,,
"Giai điệu tạm nghe nhưng lời chẳng có ý nghĩa, câu trước câu sau k liên quan, mv khó hiểu.",,,
Game mới à,,,
chị hiếu thiệt tình mà gặp bạn vậy,,,
dou ma thầy,,,
Thái Dương Nguyễn là sao bạn,,,
Nghiệp  nặng  quá,,,
Ở nghệ an . Mưa sml mấy ngày liền . Chơi nhỡi gì nựa,,,
Chị ba vàng ngọc có cây đinh mọc giữa dái :)),,,
thầy sela,,,
Cô ba để thương quá,,,
Huỳnh Lục trend chụp hình mới nàk cục cưng. Haha...,,,
nha` bao viec,,,
Nguyễn Ngọc Uyên Hay bây giờ tôi với bạn đi làm ở cty này rồi nghỉ nhưng vẫn nhận tiền nhỉ :)),,,
Hoàng Bảo Quân chữa k phải chửa,,,
Giang Thanh :)) núp vcl,,,
Nguyễn Văn Nhã bạn gì đó ơiiii. Fan của Jack là có lỗi à b. B nói rõ giúp mình thế nào là làm trò câu view đc ko ạ. Thế bạn ko biết công ty đầu quân cho anh hiện tại là ai rồi. Dễ gì a đang giỏi thế mà mẹ con thằng khánh lại làm trò để anh đi. Suy nghĩ chín chắn lên b oiiii,,,
Cực kì thuyết phục :))),,,
E cũng chúc anh chị vs bé tùng có một tuần mới thật là vui vẻ,,,
"Số đen phát đến đấy hết kẹo thông cảm lần sau sẽ đến lượt. Đường sữa phát từ trên phát xuống, quốc xẻng phát từ dưới phát lên.",,,
Like hộ e avt ạ,,,
Chỉ mong chị Nhung nhanh khỏi bệnh để sớm nhận hình phạt của pháp luật. 🙂,,,
Cái thằng BD lộn kiếp nỗ banh nhà lòng,,,
Nghe nhạc kute ý,,,
cũng ko quan tấm lắm tại méo có tiền :v,,,
"Vâng Khong Ten, Lê Văn Eight là hư cấu của lão Trần Huy Liệu bịa ra.",,,
Xàm quá,,,
nghe hok có zui,,,
Hy vọng e bình an :(,,,
Phạm Thùy Dương Mạnh Duy Changg Nguyễn tag ai đó đi mn ơiiii hihi,,,
Đinhh Thị Hoàii Thuu ngủ mẹ m đi,,,
Bế tắc quá :((,,,
Đào phát nữa.,,,
Bớt bớt đi,,,
Phải có người như add thì xã hội mới phát triển dc.nhưng add thì tù tám đời luôn he he...,,,
Tịch An đời thằng cầu thủ ở VN mà xuống phong độ là coi như ăn lz. Kkkk,,,
Emm Hà Hót lắm đấy 😂😂,,,
Em chui qua.....roi em hoi han...,,,
🙏,,,
Bạn nhớ lì xì !!!,,,
"hôm qua đang cảm thấy ko có ảnh làm hình nền :)) thôi ai edit thì cho em mượn em làm hình nền nhé, many thanks :))",,,
👍👏,,,
Lốp là m đấy,,,
Đoàn Thủy Hồng Nga cay không chiiii,,,
Chinh Ủn :))))) chắc ai đó sẽ cần 🤣🤣🤣,,,
Đường tăng luôn miệng nói anh là yêu quái nhưng đâu biết rằng anh là yêu em.,,,
Lưu Thị Phương Thảo em cũng sợ quá.cô cho em ôm cho đỡ sợ được không ạ 😢😢😢,,,
Paula Lưu chán chả muốn nói,,,
Kiều bào ở usa thật may mắn khi có được ông trần cọp để giải trí!!!,,,
Minh hiếu đẹp xuất sắc xứng đáng hoa hậu quí bà khuôn măt đẹp phúc hậu mc đẹp trai miệng cười duyên quá đi.,,,
Con gà tại sao không phải là anh Ba mà là Pét Len =)),,,
Diệu Diệu Thùy chỉ mong sẽ có bất ngờ khác,,,
Dân InDo m chọc mù,,,
Thời xưa thầy có chơi bờ chơi bụi không vậy,,,
Dành cho ae nào muốn test zô lấy link tải bản china,,,
mốt a kể chuyện này cho Tùng Sói nó nghe để nó cx biết dc triết lý giống ba nó 😂😂😂👍🏿,,,
"Nghe cụ Trần Dần nói người VN có thêm dũng khi để chống lạt bọn mọi Tàu tham tàn, bất lương, nham hiểm.",,,
Gì ba giào vá hà cho con ít sài đi,,,
Cực kì là thuyết phục 🙂,,,
Phạm Vũ nc Anh là trời âu chứ là gì 😄,,,
Cười vl😂,,,
Tuấn Black k hay thật mà,,,
Lam Thuy Vy,,,
Nguyễn Hòa xin video ông eie,,,
Đáng lẽ nhà nước tong chúng nó ra đảo hết mới phải. Mang tiền đi du lịch rồi mang virut báo hại nhà nước,,,
Mai Lan Nguyễn đ hiểu kiểu j luôn :)))),,,
:))) chiều về ngủ ngoài đường nha thầy,,,
#HỖ_TRỢ_KINH_DOANH_ONLINE,,,
Lương tháng dc có 7-8 triệu =)),,,
Tìm bạn gái tại đây nha các chàng trai chưa có người yêu ơi sắp noel rồi eo ơi,,,
Chào đ/c thiếu tướng Trần Dần,,,
Fan cô minh hiếu có ở đây không ta,,,
"M thằng dốt nó ko pik đăng tào lao e ak, chứ móng trụ ko đạt dựng trụ nó sập oy, đâu dựng lên thành hình rồi kéo dây, đổ thừa con bò kéo sập trụ. Đúng là mấy thằng ngu như bò",,,
Nghe thì nhuyệt huyết nhưng củng không thuyết phục lắm nha anh =)),,,
xứ thiên đường cái lol gì cũng hơi tí là phạt,,,
Chắc lại trốn stream hôm nay rồi :v,,,
Ngọc Thảo em có lý do riếng của em nhaaaaa =)))),,,
Dân Việt Nam se không còn nghe 1001 chuyện Ăn của quan nếu kéo cổ hết bọn việt cộng ra biển lớn làm bữa thịt người cho cá .,,,
Cố gắng lên các amh ê,,,
Ghi nợ Minh NguyenĐoàn Ngọc Huyền복승아,,,
Hi vọng việt nam CON RỒNG CHÁU TIÊN Sớm vượt qua đại dịch này !,,,
Quang Nam ơ thế tôi đọc nhầm sorry 😂😂,,,
Lát try hard đi abe sẵn kể tụi em nghe luôn dấu bé 3,,,
oce thầy :33,,,
Được thầy ơi,,,
Quockhanh Mai hóng,,,
Cực kì thuyết phục:)),,,
Đc anh ơi,,,
Tú Uyên làm tháng đổi đời đi 😂,,,
Sống nhanh lên nào,,,
"mãnh thú nô đùa , đúng là "" gia môn bất hạnh - gia chủ bất lực """,,,
"Đảng quang vinh, bác Hồ vĩ đại",,,
Quỳnhh Hoa đúng r mà vẫn cao hơn não bộ của,,,
"Thắng Ok m chui từ cái lol cho ra nói chuyện như thằng vô học, đmm ai nc vs m nhàu vô đây cắn bậy",,,
Nguyễn Ngọc Mai thế kphai ng m ns à,,,
Cô ấy không tìm được người tốt hơn bạn để so sánh thì sao,,,
A tuân ảnh cười kg ngam miệng lun,,,
Ok chú Độ nhé:3,,,
Tết chú độ cứ lì xì mỗi cháu 1 tờ,,,
Like's Boss,,,
Nó  người  Việt  nam  nó  chuoi hết  dân  tộc vn mình đó chị  chuoi nó  hết  năm  nay  luôn  chị,,,
Ae có link xem chưa vào đây gái ngon lắm,,,
Thế Vinh SuSaNa Hoàng Kim Giáp 😂😂😂,,,
Cô dễ thương quá cô ơi chân thật quá ai lớp du chu cờ mo.,,,
Cai nay dong nao mot chut,,,
Anh and gđ cùng nhau nghĩ lễ vui vẻ nha anh ^^,,,
nghiệp nặng quá là chết đó nha cô,,,
"Bọn xu nịnh là những kẻ làm hư cán bộ, và là những kẻ yếu kém chuyên môn nhất.",,,
Chú tễu 😏,,,
Lên luôn nào các bạn nhỏ :)),,,
Tỷ lệ phụ nữ trong QH vietnam cao hơn Mỹ. Know your fact right,,,
ngọc hay làm cánh hoa cho huy coi đó nhớ hem Gia Huy,,,
Fan cứng Thầy Ba,,,
Thế nào chả off stream,,,
Dung roi dat nuoc 1vua thi thien ha duoc nho.the gioi cung vay.mot khoi thi tat ca an vui,,,
Cục này ngon nè ... chồng và vợ mỗi người nữa cục nha,,,
Thời buổi nào rồi mà còn yêu đương. Ăn học k lo. Yêu yêu cl,,,
abe trật nhịp :)))),,,
Fan cứng alooooo,,,
Nông Hải Yến nghe nói 165 cầu giấy kìa b,,,
dễ thương thậc sự :))),,,
Hello anh emmm,,,
Tầm này phải xiên thằng edit dám cà khịa a tôi,,,
co oi co phuc hau wua,,,
R thế giáo án đá phò đâu thầy l,,,
Dân mà gạt tay vậy chắc tô lâm nó cho vào tội cưỡng hiếp nun,,,
Chiến tranh,,,
"A làm như thế thì rất nguy hiểm cho nhiều ng, đặc biệt những ng thích ăn bánh mì, ko có những ng vượt đèn như a thì lấy đâu ra bánh mì mà ăn, rồi còn vợ con gia đình họ nữa, k có bánh mì thì sẽ chết đói, k làm việc đc, thất nghiệp, kéo theo kinh tế trì trệ vì thiếu nhân công, ảnh hưởng sự phát triển của đất nc. Quá nguy hiểm. Đm như vậy mà mình cũng xuyên tạc đc. Nể thiệc. :v",,,
Cần thì inbox em nha.... e tình nguyện,,,
Trần Hoàng Long đĩ mẹ m con? Trần Hensy của c nè,,,
Tưởng sói bảo đưa ông già về Cao Bằng học toán :v,,,
"Từ đầu tới cuối các trang ""Yêu Đảng"" Đều đổ cho thủy triều đỏ cả và xỉ vã thậm tệ những người nói do formosa gây ra !Đến khi sự việc vỡ lỡ vẫn ko 1 lời xin lỗi !",,,
Chúc ac và Sói + Sói f1 nghỉ lễ vui vẻ,,,
Nhật Phát và não đã chọn lọc ra cho chúng ta là thịt chó có thể ăn :),,,
Bùi Nga Quỳnh Anh thế kiếm ny đi,,,
"Rồi, rớt cái lòn luôn",,,
Nộp hồ sơ ở đâu thế nhỉ,,,
Lẩu mèo thì phê phải biết anh ạ,,,
tính tiền cho thầy :v,,,
Vãi cả Ờ 😄,,,
Có nước đã win game đầu sau khi ra mắt còn có nước đã lose game đầu còn cà khịa,,,
Phỏng vấn trực truyến trần dần,,,
Minh Trang Nguyen,,,
It’s San Francislong,,,
Tức diêng là tui không bị di chùng oy,,,
check tin nhắn nha anh,,,
nhật nguyễn Nếu bạn thích coi clip của Trần Dần thì đây:,,,
Sao làm chủ tịch mà ngu thế đc nhỉ,,,
Anh trung manh thú)),,,
Rachel Tran hey hey homie... :)))...,,,
Cô dễ thương ghê. Coi mà cười xỉu,,,
"Kiều My Phản động là cách nói của chính quyền , thật ra là DÂN biểu tình để nói chính quyền chúng tôi không đòng ý",,,
Ngta lớn ngta chua kêu tên mày thứ nhỏ mất dạy tao cũng bị gạt đây thấy LGBT dễ thương mua ủng hộ live nào tao cũng coi may đm mua ve xịt 3phút đéo nghe mùi j thu làm ăn gian dối ko tồn tại dc lâu đâu nhỏ hon ngta mà hổn láo,,,
Vợ nhìn cái ko dám quẩy,,,
👍🏿👋🏽👍🏿👋🏽👍🏿♥️🌷♥️,,,
Co noi chuyen nghe giong con thich,,,
Mua quần luôn đi,,,
Tuần sau 16 team là hơi căng đó nha :( phải hard hơn nữa,,,
Á á dm.,,,
Hy vọng đảng mua vk để chống giặc chứ đừng dùng để đàn áp người dân,,,
"Hay lắm bạn ơi, lần sau cứ thế phát huy đỡ khổ mấy anh cs",,,
Thầy các em đây,,,
Cương Đặng con này là con tôm hùm mà thịt chó đâu ra,,,
Bh van con nghe nỗi nhớ đóng băng chứ đùa =]]]],,,
Nguyễn Đăng Khoa wtf dêo hiểu nỗi haha,,,
"Đây là cô 3 vàng ngọc lừa cô Minh Hiếu đây he, nhìn cô 3 có nét đẹp đờn ông rặt ghê :)))(",,,
Klq mình chỉ thay thầy sela truyền tải thông điệp yêu thương đến mọi người,,,
Mua son về cho cô PandaThai đi thầy,,,
ở đâu tuyển vậy tôi làm luôn,,,
"Bây giờ mà mưa một cái thì tha hồ ngồi nhom nhem có lũ chết thèm, trong này ấm cúng có gái có rượu, chúng mày ngoài đó có thèm ko. Lêu lêu",,,
Khi đất nước tiến được đến dân chủ tôi nghĩ nên làm riêng một phần nghĩa địa để trôn riêng những người cộng sản ko nên để mộ họ chung với chúng ta được để cho thế hệ sau biết những phần mộ trong nghĩa địa của người theo cộng sản là quỷ đội lốt người có tội đồ lớn với dân tộc,,,
Đm mày 2/5,,,
Nói cho dử bi gat Ko hay kaaaaaa,,,
Tùng Sói bị đau răng sưng lợi nên phù mặt ra à =))),,,
Nguyễn Thuận đã nói là ý kiến cá nhân của tui mà,,,
Xin video vs b,,,
Đ m có cái loại doanh nghiệp làm ăn bố láo cho cả ruồi vào nước uống quảng cáo rầm rộ có lợi cho sức khỏe -_- khỏe cái mả cha nhà chúng nó. Xong lúc người ta dàn xếp đôi bên theo kiểu dân sự thì úp sọt đánh bẫy người ta. CÒn bọn chức trách có thẩm quy,,,
Rubi Bella Pham Thanh Loan Nguyễn Thanh Trúc Ở nhà hết đi,,,
Lộn mặt thầy :v,,,
Vui quá cj oi,,,
Đề nghị bỏ tù,,,
toàn tin vớ vẩn ... khi nào việt nam sát nhấp với trung quốc thì cả cái DNA này xách dép cho chúng ta hết .. hãy tin vào sự lãnh đạo tài tình của đảng và bộ máy nhà nước...:3 :)),,,
Bà Ba Vàng Ngọc Bả Xúi Chị Chửi Đó Chứ Chị Biết Ai 🤣,,,
Chưa bao h thấy ko ưng 🤣🤣🤣,,,
Chán chả muốn nói,,,
Hồi chưa có vợ t cũng vậy😂😂,,,
nhin chi hao hao giong ca si cam li va,,,
Đố các bạn: Phụ nữ là phái đẹp. Đúng hay sai👉😫,,,
Nu danh hai kiẻu oanh chi bang mot nua con nay thoi ko co len de bang con nay,,,
có cái ngu nào bằng cái ngu này?? làm việc thì cũng phải có chừng mực thôi!,,,
Nói hây quá chị,,,
đặc trưng con đường xuống hố cả nước nó thế !,,,
Thần rừng SBTC,,,
Xuất sắc luôn =)) đúng là cô của em =))),,,
Cô qua nhà t,,,
Anh chả dùng chị Trang như phá rồi. Mà vẫn cãi được,,,
Hoá ra không phải mỗi mình có mái chó gặm 🥵,,,
Đẹp lão sương sương 🙂,,,
Được luôn a,,,
Countdown cực mạnh =)),,,
Hít hết mẹ r còn đâu :))))),,,
Hy vọng Kristen không làm mình quá thất vọng như Charlie Angels đợt rồi,,,
Nghĩa Hà cuối cùng cũng có cây bút xứng đáng,,,
Hôm qua mơ thấy tùng bị mất tích vô tình mình nhặt đc . Xong thấy idol tìm mình gọi ổng đến thế là gặp dc idol. Đang định bỏ điện thoại ra chụp ảnh cùng ổng mà tỉnh. Cay vl. Tí là đc chụp cùng r. 😠😁,,,
:(( anh trung đít bự,,,
Ai mà chẳng muốn đẹp,,,
toang thật 🤣,,,
Xin phép AD và mọi người ạ,,,
Thầy ơi cấp em học bổng,,,
Cậu Mạnh cao nhân,,,
Nguyễn Thị Duyên cậu fan mixi luôn à.. yêu thế 🤧😁,,,
Đào Tiến Đại Hải trend năm ngoái r,,,
dỗi thực sự,,,
Đi nhậu với mèo hàng xóm xong về phá nhà phá cửa,,,
"Đề nghị Anh Dần hát lại bài Cớ sao buồn này Kim ! Rất nhiều người người hâm mộ,tôi sẽ lo bản quyền tác giả !!!!!!!!!!!!!!",,,
Phan Hoài Nhân :)),,,
Ôi đm xoạc háng ra đọc hết cái cmt thì đau cả cứt,,,
thầy lồn,,,
Mấy chị sắm kem trộn chưa nè chăm bảy hủ,,,
Lúc đi rất buồn lúc về rất khùng Ngô Ngọc,,,
Xin vd bạn ơi,,,
Hanh Viet tất cả những lập luận viết sai chính tả đều như l,,,
Xin tên clip đi ông,,,
Lãnh đạo Đà Nẵng của người ta đấy. Còn lãnh đạo Sài Gòn với Hà Nội thì đâu không thấy mặt,,,
Thứ hạng kim cương hả thầy? 😀 ?,,,
Cực kỳ thuyết phục =)),,,
này là del có tí nhân phẩm nào nên nó thế :((,,,
Ai cho mình biết nhạc như nào đc không 🥱,,,
Còn sống mừng quá,,,
Giọt nước tràn ly đi.. hãy ra nhiều luật vice lone hơn nữa. tôi ủng hộ,,,
Ngày thường còn có thể nghiêm khắc....nhưng nay trung thu thì nên nhẹ tay chút....lễ tết cần có không khí và màu sắc.....haizzzzz,,,
"Đôi khi có rất nhiều điều tâm sự nhưng không biết phải nói thế nào, phải nói cùng ai.",,,
Ngô Thị Hằng double cánh hoa.hihi,,,
Hihi,,,
8h tối nay nha,,,
"May quá, đang tìm chỗ mua",,,
Thùy Dươn :)),,,
Bọn mày đú trend chậm thế .,,,
iu tha'y <33,,,
Trọng Tô,,,
Học võ của năm ông lục tổ tức nhiên uh tức nhiên tiger nói học ở thái lan bên siêm riệp(tỉnh bên campuchia)tức nhiên tiger nói bậy chỗ này nha idol bậy bạ qua ồi nha tiger chắc nhiễm corona ồi tiger ưi,,,
Vũ Như Quỳnh có Nguyễn Iris vẫn fan hâm mộ trug thành của highland kìa,,,
"Em nói xong giờ kiểu mất hình luôn rồi,nhưng cũng nhẹ nhàng đầu óc hẳn",,,
Đẹp trai mà còn chân thật nữa <3,,,
Vl,,,
Dang Khoa Nguyen nhật cũng có nhật this nhật that =)))),,,
🤔 fan cung cần đc nhân giống,,,
Đây là đàn ông hay đàn bà v?,,,
<3..,,,
các bạn phải nên mưng vì bây lâu nj đã yêu và ngủ với vợ thăng khác chứ,,,
Tu bi không tình yêu...,,,
Dù abe xóa kênh nhưng em vẫn ủng hộ abe,,,
Toang thật,,,
Lên tiếng mà khoe giàu có thay mắc cười cho ba quá ba ơi. Dẹp di. Giàu không cần nói ai cũng biết,,,
Baroibeo đi ngủ r,,,
Ngô kỷ mà thấy bác Dần múa vỏ là chạy mất dép,,,
"nữ sinh chạm vào mà CA đi tù 9 tháng, CA chạm vào má chị bán hàng rong chảy máu tạm đình chỉ =]]z báo còn viết thêm chị ấy chăn dắt ăn xin mới ghê",,,
Nhưng mà em say xe 🙂,,,
Ở VN làm dân thường khổ như chó. Bảo sao ng ta đi thoát ly đc thì ko có ai muốn về.,,,
"anh Độ đáng yêu, mình còn đáng yêu hơn anh Độ nhiều:)",,,
Nguyễn Tuấn Phong sad :(((,,,
xong nghiên cứu làm luôn cái grab cave ấy :v,,,
Khác biệt thật,,,
Mình  hỏi  thử  tý  haa bạn  mc nam này  có  PHẢI  hai phái  k hiii,,,
Trần Dần đã đạt cảnh giới cao nhất của thần quyền là...thần kinh,,,
"Chuyện như thế này mà công an ko vào cuộc để có câu trả lời đích đáng cho dân,thì chắc xã hội này loạn mất.",,,
Ci Khánh  chi duyên  quá  duyên.......  Tập này co ci mik hiếu ...cười  từ đầu  đến  cuối,,,
Tấn Thời kiểu k có cao trào nhưng nhạc nghe hay và lạ tai,,,
Người du lịch ko muốn quay lại. Đi 1 lần là muốn chửi thề rồi.,,,
@theanh nguyen sấm Chạng Chình ko nói hả :),,,
Ai nguoi bac  vao nghe no chui nay     Con nay gap no phai xe hang no ra sat muoi thoi.  Chu khg cho no len mang xin nua,,,
Thằng Thái điểm danh :3,,,
"Hôm nay chiếu phim cuối tuần: ""Rời nhà đi con""",,,
Chưoi chêt moe no chi,,,
"Trần Dần nói chưa hết câu mọi người ạ. Nguyên câu phải là “ dao chặt không đứt, không ăn tiền”.",,,
Cười sml,,,
Chúc cô Panda và Thầy Ba và Bò Viên và các bạn nữ trong lớp 20/10 vui vẻ <3,,,
Tuấn Kiệt 🙂,,,
"Cô có duyên lắm luôn à ,thương cô có gì nói đó,nhìn mến lắm luôn.",,,
Thế mới gọi là sếp =)),,,
Tha cho hs phtp ở tỉnh t nhá,,,
Ngày trước chị này lúc nào cũng khoe chị Ba vàng ngọc gửi tiền cho mua vàng nhiều lắm cơ mà.,,,
Bích Thoa vậy là hử khói Việt Nam rồi 🤪🤪,,,
Lê Chánh Huy 😂😂😂 Tao đi tàu suốt chưa gặp thằng nào như kiểu này,,,
Anh cho chúng nó tụ tập nhậu hết đi =))),,,
Đọc ở đây mới biết có bài đấy chứ k đọc ở đây cũng chả biết 😂,,,
Rất dễ thương nhưng không dễ thương bằng Tùng Sói 😂,,,
Lâu lâu thầy đc pha quét sạch ghê hem đạika Vạn Phúc Huy,,,
Nguyễn Thanh Phạm Hoàng Yến Khanh Thuy Pham Trang ck ai zayy,,,
"Huyền Khánh Phùng thuyền thì đến bến lại chìm , c thì đến đít k kìm được đâu",,,
Nghe mà cú :>>>,,,
4 năm nữa là sáp nhập nhá,,,
Chế ơi có phải như lời chế nói không,,,
Xài đít có thơm ko abe,,,
Nổ quá bà cụ ơi,,,
Em nguyện trao tất cả tấm thân và sự “chong chắng” này cho anh :)),,,
Chưa bao giờ quan tâm đến đời tư của bất cứ ai,,,
Nghĩa là vào đây thì cần lồn gì phải nói chuyện lịch sự hả Add ?? :))),,,
Meeo Meo quơ lay á.. mà mình làm trend nay lâu lắm roi mà.. bọn nhỏ idol này chậm ghê,,,
Phạm Văn Đại đjs :v,,,
và Hàn Quốc xem người VN bên đó như ăn xin,,,
Vòng thầy hiệu trưởng hơi nặng :)),,,
Alo homie ơi Chi Lan,,,
Không biết lúc ý còn địt mẹ vô lý được nữa không :) Nhưng mixi cứ phải 10 10 10 :))),,,
Việt Hùng,,,
Thuy Anh VuSami Anh nhớ nhá các chị,,,
lại hội người nhật nói tiếng việt à :))),,,
Nguyễn Quang Thức còn mấy ảnh như này không bro,,,
xin clip\,,,
Trần Sinh Đức suy nghĩ như đầu buồi,,,
"Tp. ""Hồ"" chí minh mà!",,,
Nguyễn Quang HN Huy ahihii,,,
Hốt mớ cuối rồi hạ cánh =))),,,
bị môi a Trang khoá ngay,,,
Phạm Văn Lộc idol viết ntn thì vẫn là idol em hí hí . Em chấp nhận hết á :>>>,,,
Cực kỳ thuyết phục!!,,,
Ờ . Đi làm mệt mà đêm mà ngày mắt như mắt cú,,,
Ko có dau thơm nào sin ma giá 100may cả.noi đơn giản vậy thoi,,,
Như cl luôn =)),,,
Thầy đẹp trai và mẫu mực quá,,,
Hoàng Đức Nhật haha,,,
Tác hại của ma túy đá??,,,
Đầu óc lão này có vấn đề kiểu gì ấy,,,
"Dương TrungĐĐức T chong xáng mà, có ai như m đâu",,,
Ông Trần Dần nói rất có lý.,,,
Chị lại hót,,,
Trông vô sinh nhưng lại cực kì thuyết phục :((,,,
ổn thầy,,,
😘😘😘😘,,,
Dương Thị Trầm 🤣🤣 đúng ha,,,
Bố đéo gánh =)) kệ con mẹ chúng m =)),,,
Quần chất vcl ra :)),,,
Rừng said :Cho còn đéo ăn được :))),,,
Trend này lâu lắm rồi,,,
"sao toàn đăng những lần hiếm hoi đc vậy thầy, sao k show những trận như mật vụ chuột cống, mèo nhà, cá hấp, rồng xào ỏi ớt đi",,,
Èo @@ cô chú sống chậm lại chút @@,,,
được vl abe,,,
Tuổi lol ăn anh t,,,
Ok thay,,,
Linh Đậu nhớ bơm căng lốp nhé :)),,,
Hóng cô my điểm danh 🤣🤣🤣,,,
"ai có đủ quyền hạn để bán, ko nói ai cũng hiểu",,,
Giả,,,
Dao chém hụt bảo đảm không chết,,,
Cực kì thuyết phục:<,,,
Xem bà thật thà thấy mến,,,
Mình bị gạt nè huhu chửi nó nữa đi cô ơi,,,
Phim đc vl mà thấy chê nhiều nhở. Thót tim vl.,,,
Cứ như thế này thì duyệt mẹ đi cho nhanh 😀,,,
"Cô chân thật , nhữg điều cô nói ra có thể hơi tục nhưg cuộc sống mà ko ai lm j cô thì s cô chửi đúg ko",,,
abe ngầu lòi,,,
"chị gái của Nhung , và Tiên Tiên Gì đó , có đi cùng chuyến bay đâu vẫn Bị 🙂",,,
😂 xàm quá ik ak,,,
Hóa chất xử lý sông Tô Nịt nhập Tàu nhưng xuất xứ Nhật 😅😅😅,,,
Lên lên Abe ơi,,,
Ban oi cho minh xin video nay đươc ko vay ban,,,
Nhà có mấy kg cá mắm để lâu nên chắc cũng đủ khắm với trình của thắm...chính thức cần chịch đứa ad này và tặng nó lô cá mang chửi thuê cho xứng với nghề :v,,,
nếu bất hạnh tao thà bất hạnh với một đống tiền :>,,,
Có ba giàu nhỉ.vay sao có ba con lừa bịp cua cô hieu mấy trăm triệu vậy? à nè cô bà ơi.net đẹp của cô k dụng hàng ai luôn đó.ah phải gọi là giống công công hơn.haha. Chắc bà này bà quên uống thuốc rồi cả nhà ơi.khung hết thuốc chữa đồ thần kinh,,,
Nhật Phú Nguyễn thế thì t cũng chịu,,,
2 cái lỗ mũi to zậy mà vẫn thấy ngột ngạt là sao nhỉ🙄🙄,,,
"Gồng gánh đưa nhau sang tận Nhật để chơi trò ""đấm mõm"" 🤣🤣",,,
Đợi thì cũng được nhưng phải rõ ràng,,,
người ta gọi là quần tụt đóa,,,
Trúc Phan hẹn Tết :)))),,,
Cuộc sống nó thế :<,,,
From đồng nai with love :v chúc anh chị nghĩ lễ vv,,,
Rất thuyết phục mặc dù chưa có nyc :)),,,
susan nữa đi thầy oii,,,
Phá sản r làm đĩ đực thôi abr,,,
"Anh ơi , anh ở đâu cho e xin 1 chân đầu quân ạ!",,,
Sống chậm thôi các bạn ơi,,,
Tùng sói said: nóng mệt ntn vẫn phải bế ông già:)),,,
Thằng già sống bẩn quá,,,
cơ bắp như này nè anh,,,
Thỉnh thoảng lại có địt con mẹ nghe hay vãi lon,,,
A3 lên phường nhận giấy khen nha,,,
Huỳnh Châu,,,
Anh ơi stream bị sao vậy anh em xem lại ko đc,,,
Hãy cứ làm chính mình a nhé chúng em luôn ủng hộ anh =)),,,
Trần Minh Tú cứ mong vậy thôi 🤷🏻‍♀️,,,
Liêm sĩ gì tầm này,,,
Bán rẻ tổ quốc,,,
Đi dự giờ về nhớ mang giáo án xịn sò nha thầy. Iu abe :3,,,
Khó vẽ nụ cười,,,
Fan anh độ,,,
Hix nét mặt hơi dữ lúc nheo mắt :( môi rõ nét quá nhìn ko đc đẹp ạ :((( môi trên đầy sẽ đẹp hơn ^^,,,
Tạ Quân,,,
Còn Tiểu Tiểu thì saooo,,,
Tận cảnh học sinh đến thăm nhà thầy,,,
Like hộ e avt ạ,,,
Trang phản động. Mọi người cẩn thận.,,,
Đáng suy ngẫm,,,
"T coi t tức ghê, t làm biếng coi hết ghê",,,
Cô hư tại thầy,,,
Vũ Thanh Huyền đấy là là ghét nước rồi :))),,,
ôi anh Quang 😂 😂,,,
Thắm mồm thối,,,
Trend này ở VN có hồi năm 1900 hồi đó rồi má ơi Lâm Trần,,,
Anh Thi là m pải bị nhiễm corona goy cho m uốg thuốc thử nghiệm vaccin🤣🤣🤣🤣,,,
Hải Yến xinh gái mà cmt thúi hoắc à 🤭,,,
Phải chăng là định mệnh,,,
Nguyệt Quế nghỉ tiếp r,,,
Địt mẹ m óc cức lắm...Đm cho cũng chửi Đéo cho cũng chửi...Đm.tay nhanh hơn não à...Đéo đc bố mẹ cho đi học à...thua con chó,,,
"Vô địch rồi, thấy thương các cô gái, nước ta vẫn còn rất nhiều người đang nỗ lực cống hiến cho tổ quốc nhưng đâu đó những đứa vẫn đang vì lợi ích bản thân và gia đình nó mà bất chấp hậu quả tàn phá tham nhũng hạch sách, nhưng nó vẫn đang sung sướng ăn trên đầu trên mồ hôi nước mắt người dân",,,
Sở y tế thì liên quan gì đến ông CAn à ông admin,,,
Abe Giang hồ🤣,,,
Idol ngày xưa nay còn đâu,,,
Tân AK xin vd anh ơi,,,
trầm trồ rồi đấy,,,
"Viết cái cho lòng nhẹ ,đúng lúc máy bay rơi là lúc t bị chính quyền xã củ hành, thế nên a ức chế kệ mẹ bố con thằng nào chết ,người trong xã còn hành nhau thì tw nó cũng hành cút",,,
Rảnh thì giúp mẹ giúp cha. Ở đây sống chậm mả cha chúng mày...,,,
"Chừng nào DLV viên còn, núi nước này còn ! :3 -T Ngu-",,,
"Tran dân ngồi nhà mặc áo ,ko mặc quần",,,
Mỗi lần nghe có thêm 1 người bệnh là làm mệt,,,
Chị ơi.chị đẹp quá,,,
Sang năm tặng a cái đồng hồ báo thức với quyển lịch :))),,,
Anh vừa nói cc gì vậy Abe :D??,,,
Pháp kế bên :( vẫn đi biểu tình như thường nhé :((,,,
thì đi đogs quản cáo bvs,,,
Tuổi thơ,,,
Ngay xua la chi em than thiet  cho vang va nha  ma bay gio chui nhau nhu hat hay,,,
Thế mà vẫn bắt jk học 🤔,,,
Cám ơn thầy :)),,,
Linh Huỳnh Lê Thảo Ry Noah Rosie Le Trần Ngọc Duy Huyền Nguyễn chuyên mục làm giàu k khó nè quí dị ơi :)))))). Chăm lẻ sáu chệu. Nhậu dãnh phau câu nè. Kkkk,,,
Mong rằng bọn em được nghỉ nhưng thầy cô vẫn cho điểm cao bình thường ạ 😋😋,,,
Cũng đúng. Haha,,,
Trung lo hết... Trung hút skill... Trung tư duy.... Trung tình😂😂😂😂,,,
💕💕💕💕💕💕,,,
Tìm hộ vị trí sa béo bảo lão ấy về livestream đe anh em.,,,
"Đi bắt cóc tại quốc gia người ta đã không có mặt mũi nào rồi. Giờ tiền thuê máy bay còn quịt. Nhục mặt quá, thế này vị thế VN lại cắm đầu rồi :))",,,
"hà lội không vội được đâu, hít ôxy thiên đường như chưa từng được thở",,,
đến cức tôi còn nhìn lần cuối rồi xả nước chứ như bọn hàn quắc đéo bh xem phim,,,
Phạm Văn Lộc idol làm phụ hộ nhiều quá viết sai chính tả kìa 😢,,,
Sống thật đi ba gà ak 😞😞😞,,,
Mãi mãi fan cô hiếu,,,
Tay này nó cũng họ mình nhưng nói phét kinh thế.,,,
Hazzz,,,
Tuyen Nguyen,,,
"Na Tô Thạch cô miền quê mà, biết dì đâu",,,
Có khi trầm cảm mất ấy nhỉ,,,
Diệp Thu Nga đã đẹp trai lại còn tâm lý =))))),,,
Xin clip,,,
"Sai bét hết, nếu lấy tên thật thì mấy đứa đoán ra làm sao.",,,
"Đoàn Tài 'Em xì trét lắm, chị đừng chửi em nữa' Nhung said",,,
Ok thầy :),,,
"Lớp 3, 1958 miền bắc.",,,
Nhìn có vẻ giống hình ảnh của 1 vụ án mạng!!,,,
Dương Thái Phước ba gà not ba chó@@,,,
ông biết kết quả rồi ông vào strem đúng không .... gáy nào ae ơiiiii,,,
Cực kì thuyết phục🙄,,,
Chuẩn cmn luôn,,,
ok,,,
Bọn Tàu chó má,,,
Nghe thì rất free fire nhưng lại PUBG,,,
Phan Đình Nguyễn con mắt cát không👀,,,
Tot nhat la tong no vao tu cho sach se,,,
Bả cở này cũng dthw,,,
Nổ,,,
Thang M. Hoang Anh Nguyen tag 2 con người biết đánh bài vào đây,,,
Im lặng và lặng lẽ rời đi,,,
Như kiểu vừa ị đái xong quên kéo quần 🤣🤣 phong cách vl,,,
"v
 https://www.facebook.com/thansau.8386?comment_id=Y29tbWVudDoyNDY4MjEyOTM2NjI5ODIwXzM0NDc1MTQzOTc1MjYyOA%3D%3D Khánh Sầuu ác lắm a ưiiiii
 acc clone Nguyễn Đạt Hi anh
 https://www.facebook.com/PDL.Long?comment_id=Y29tbWVudDoyNDY4MjEyOTM2NjI5ODIwXzE0MzcyMDM3NjcwMjE2Mw%3D%3D Phùng Duy Long Ngầu thực sự 😎
 https://www.facebook.com/ruadarealest?comment_id=Y29tbWVudDoyNDY4MjEyOTM2NjI5ODIwXzM1MzkzOTQxODYzMjUwNg%3D%3D Đinh Ngọc Đạt hóa trang... à mà thôi
 acc clone Đình Thế đc vãi lôn` ANH ƯIII
 https://www.facebook.com/people/Kh%C3%B4ng-Ph%E1%BA%A3i-Tu%E1%BA%A5n-%C4%90%E1%BA%A1t/100034114130310?comment_id=Y29tbWVudDoyNDY4MjEyOTM2NjI5ODIwXzg5MzQyOTcxNzcwMjI0Mg%3D%3D Không Phải Tuấn Đạt toang
 https://www.facebook.com/kiet.nguyenquoc.5686?comment_id=Y29tbWVudDoyNDY4MjEyOTM2NjI5ODIwXzE0MzcyMDM1MDAzNTQ5OQ%3D%3D Quốc Kiệt 
 acc clone Nguyễn Phúc Khang 
 https://www.facebook.com/people/B%E1%BA%A3o-Tr%C3%A2n/100022121210146?comment_id=Y29tbWVudDoyNDY4MjEyOTM2NjI5ODIwXzExMDgyNTM5MzI2OTUxODc%3D Bảo Trân Hồi đấy khác bh nhiều
 acc clone Vi Đức Mạnh Tuyệt
 https://www.facebook.com/thuytienttttlovenalu?comment_id=Y29tbWVudDoyNDY4MjEyOTM2NjI5ODIwXzE0MzcyMDMzNjcwMjE2Nw%3D%3D Thủy Tiên Giống thật sự ...
 https://www.facebook.com/people/%C4%90inh-Tuy%E1%BA%BFt-Nhi/100036557105893?comment_id=Y29tbWVudDoyNDY4MjEyOTM2NjI5ODIwXzM1MzkzOTI3MTk2NTg1NA%3D%3D Đinh Tuyết Nhi ngầu vl :)))
 https://www.facebook.com/Wall.Of.Tuan?comment_id=Y29tbWVudDoyNDY4MjEyOTM2NjI5ODIwXzg5MzQyOTU5NzcwMjI1NA%3D%3D Hoàng Tuấn trông bảnh vlon anh ơi
 https://www.facebook.com/people/%C4%90%E1%BB%97-Duy-Kh%C3%A1nh/100009131217947?comment_id=Y29tbWVudDoyNDY4MjEyOTM2NjI5ODIwXzM1MzkzOTI1ODYzMjUyMg%3D%3D Đỗ Duy Khánh được ông già ưi
 acc clone Tam Duc Do 
 https://www.facebook.com/chunn.jan.10th?comment_id=Y29tbWVudDoyNDY4MjEyOTM2NjI5ODIwXzg5MzQyOTU5NDM2ODkyMQ%3D%3D Nguyễn Ngọc Linh Chi Ai không biết lại bảo Dr thật chứ đùa :v
 https://www.facebook.com/people/Minh-Nguyen/100035710632443?comment_id=Y29tbWVudDoyNDY4MjEyOTM2NjI5ODIwXzg5MzQyOTU4MTAzNTU4OQ%3D%3D Minh Nguyen tối nay stream anh ưiiiii
 https://www.facebook.com/Bin2k1?comment_id=Y29tbWVudDoyNDY4MjEyOTM2NjI5ODIwXzg5MzQyOTU2NzcwMjI1Nw%3D%3D Nguyễn Hoàng Thiện anh ơi em vừa đc fan cứng cái mất fb
 https://www.facebook.com/people/%E8%95%AD%E6%95%AC%E6%98%95/100020346643374?comment_id=Y29tbWVudDoyNDY4MjEyOTM2NjI5ODIwXzM0NDc1MTA0NjQxOTMzNA%3D%3D 蕭敬昕 a chất vl
 acc clone Nguyễn Thọ tối nhớ live a ơi
 https://www.facebook.com/Minrry?comment_id=Y29tbWVudDoyNDY4MjEyOTM2NjI5ODIwXzE0MzcyMDMyNjcwMjE2OA%3D%3D Nguyễn Trung ver dặt dẹo
 acc clone Khang Cỏ Haha
 https://www.facebook.com/people/L%C3%A2m-Kh%C3%A1nh-To%C3%A0n/100017926126645?comment_id=Y29tbWVudDoyNDY4MjEyOTM2NjI5ODIwXzM0NDc1MTAzNjQxOTMzNQ%3D%3D Lâm Khánh Toàn được anh ơi
 acc clone Chu Kế Đạt Haha
 https://www.facebook.com/zindz2k4?comment_id=Y29tbWVudDoyNDY4MjEyOTM2NjI5ODIwXzM1MzkzOTIxMTk2NTg2MA%3D%3D Nguyen Tan Trong kaka
 https://www.facebook.com/mous.anoy.37?comment_id=Y29tbWVudDoyNDY4MjEyOTM2NjI5ODIwXzE0MzcyMDMxNjcwMjE2OQ%3D%3D My Lu ngầu thực sự luôn :)
 https://www.facebook.com/cuon.phong.756?comment_id=Y29tbWVudDoyNDY4MjEyOTM2NjI5ODIwXzM1MzkzOTIwNTI5OTE5NA%3D%3D Phong được anh ơi
 https://www.facebook.com/people/Ho%C3%A0ng-Khang/100014631270670?comment_id=Y29tbWVudDoyNDY4MjEyOTM2NjI5ODIwXzg5MzQyOTUwNzcwMjI2Mw%3D%3D Hoàng Khang đc anh ưiiii
 https://www.facebook.com/nhincailon222?comment_id=Y29tbWVudDoyNDY4MjEyOTM2NjI5ODIwXzE0MzcyMDMxMzM2ODgzNg%3D%3D Minh Doãn dc a ưi
 https://www.facebook.com/hthviee?comment_id=Y29tbWVudDoyNDY4MjEyOTM2NjI5ODIwXzM0NDc1MTAwOTc1MjY3MQ%3D%3D Vy Ra vậy :))
 acc clone Đạt :))
 https://www.facebook.com/tu.ongnoi.14?comment_id=Y29tbWVudDoyNDY4MjEyOTM2NjI5ODIwXzE0MzcyMDMwNjcwMjE3MA%3D%3D Nguyễn Huy Tú 
 https://www.facebook.com/an.phuoc.96995238?comment_id=Y29tbWVudDoyNDY4MjEyOTM2NjI5ODIwXzM1MzkzOTE1NTI5OTE5OQ%3D%3D Nguyen Phuoc An dc nah
 https://www.facebook.com/khac.van.36?comment_id=Y29tbWVudDoyNDY4MjEyOTM2NjI5ODIwXzM1MzkzOTEzNTI5OTIwMQ%3D%3D Lê Khắc Văn được anh ơi
 https://www.facebook.com/minh.khac.5494?comment_id=Y29tbWVudDoyNDY4MjEyOTM2NjI5ODIwXzE0MzcyMDI5NjcwMjE3MQ%3D%3D Khắc Minh đc anh ơi
 acc clone Trần Hoài Nam Cực kì thuyết phục
 acc clone Nguyễn Đăng Hải ngầu vãi lòn ông giáo ạ 🤣
 acc clone Dao Van Manh hồi còn chăm học
 https://www.facebook.com/buivan.tu.7906?comment_id=Y29tbWVudDoyNDY4MjEyOTM2NjI5ODIwXzEzNjI0MjgxNzgxNTc0Ng%3D%3D Bùi's Văn's Tú's Cực kì thuyết phục oki 😂😂
 https://www.facebook.com/people/The-Anh/100036724353398?comment_id=Y29tbWVudDoyNDY4MjEyOTM2NjI5ODIwXzI0NjgyMjY2Nzk5NjE3Nzk%3D The Anh Hợp lý 🤣
 https://www.facebook.com/people/%C4%90%C3%A0o-L%C3%AA-Hai/100014165898872?comment_id=Y29tbWVudDoyNDY4MjEyOTM2NjI5ODIwXzE0MzcxNDIyMzM2OTQ0NQ%3D%3D Đào Lê Hai Hợp lí vlon a ưi :v
 acc clone Vũ Quốc Việt Thằng lìn nào mà giống mừn tek😎🤣
 https://www.facebook.com/people/%C4%90o%C3%A0n-%C4%90%C4%83ng-L%C3%AA/100009524193917?comment_id=Y29tbWVudDoyNDY4MjEyOTM2NjI5ODIwXzI0NjgyMTkyMjk5NjI1MjQ%3D Đoàn Đăng Lê Khỏi cần nói cũng biết đây là a Độ hồi bé=))
 acc clone Huỳnh Vũ Ngày ấy và bây giờ khác nhiều quá
 https://www.facebook.com/people/V%C5%A9-V-Thanh/100006392040587?comment_id=Y29tbWVudDoyNDY4MjEyOTM2NjI5ODIwXzUzNzI0NzkzMDUzNjE1OA%3D%3D Vũ V. Thanh .
 https://www.facebook.com/kientit.01?comment_id=Y29tbWVudDoyNDY4MjEyOTM2NjI5ODIwXzE1MzYyMzc1OTEwNzc4MQ%3D%3D Đức Kiên Idol em :))))
 https://www.facebook.com/people/Thanh-Tr%C3%BAc/100012979781720?comment_id=Y29tbWVudDoyNDY4MjEyOTM2NjI5ODIwXzUwMzkxMDE0MDMwNzAwNA%3D%3D Thanh Trúc Idol Vũ
 acc clone Mai Tuấn Anh Hotbuoy
 https://www.facebook.com/LamChiKhanh0707.InFo?comment_id=Y29tbWVudDoyNDY4MjEyOTM2NjI5ODIwXzg1MDQ0OTEwODY2MDk3Ng%3D%3D Lâm Chí Khanh 
 acc clone Hoàng Thị Thu Trang Chất vầy ai chs 😛
 acc clone Nhật Lĩnh mixi whit love <3
 acc clone Nguyễn Phúc Khang 
 https://www.facebook.com/people/Gia-Huy/100025311270515?comment_id=Y29tbWVudDoyNDY4MjEyOTM2NjI5ODIwXzExMDgyMzc2MDI2OTY4MjA%3D Gia Huy Cũng rất gì và này nọ :v
 acc clone Tạ Hồng Tú Press Like for +1 Respect and Donation to Tộc trưởng .
 acc clone Mạng Mạnh 
 https://www.facebook.com/pyss.xusxus?comment_id=Y29tbWVudDoyNDY4MjEyOTM2NjI5ODIwXzI0NjgyMjI5ODY2Mjg4MTU%3D Nguyễn Trần Duy Sug 
 https://www.facebook.com/people/Chung-Gia-H%C3%A2n/100020286066360?comment_id=Y29tbWVudDoyNDY4MjEyOTM2NjI5ODIwXzI0NjgyMjI2NzY2Mjg4NDY%3D Chung Gia Hân lúc này anh còn đẹp trai nèeee
 https://www.facebook.com/giakhang.info?comment_id=Y29tbWVudDoyNDY4MjEyOTM2NjI5ODIwXzE0MzcxNzY5MzM2OTA5OA%3D%3D Nguyen Gia Khang Tiện thể, cho em đăng kiếm người yêu là fan anh Độ nha :3
 https://www.facebook.com/people/L%C3%B4-Vi%E1%BB%87t-%C4%90%E1%BB%A9c/100012412335373?comment_id=Y29tbWVudDoyNDY4MjEyOTM2NjI5ODIwXzI0NjgyMTM4MzMyOTYzOTc%3D Lô Việt Đức 
 https://www.facebook.com/people/%C4%90%C3%A0o-B%C3%B9i-Minh/100008664406182?comment_id=Y29tbWVudDoyNDY4MjEyOTM2NjI5ODIwXzE0MzcxMzg4MzM2OTQ3OQ%3D%3D Đào Bùi Minh 
 acc clone Phạm Triệu Anh Độ lộ ảnh nude đằng sau kìa :)
 https://www.facebook.com/people/Nguy%E1%BB%85n-Tu%E1%BA%A5n/100024177622905?comment_id=Y29tbWVudDoyNDY4MjEyOTM2NjI5ODIwXzI0NjgyMTU5OTMyOTYxODE%3D Nguyễn Tuấn 
 https://www.facebook.com/baobao1110?comment_id=Y29tbWVudDoyNDY4MjEyOTM2NjI5ODIwXzI0NjgyMTQ5MTMyOTYyODk%3D Gia Bảo 
 https://www.facebook.com/duong.thy.5030?comment_id=Y29tbWVudDoyNDY4MjEyOTM2NjI5ODIwXzI0NjgyMTk5Njk5NjI0NTA%3D Thỳ Dương 
 https://www.facebook.com/people/L%C3%AA-Vinh/100009617476485?comment_id=Y29tbWVudDoyNDY4MjEyOTM2NjI5ODIwXzI0NjgyMjI4MTY2Mjg4MzI%3D Lê Vinh 
 https://www.facebook.com/people/Tr%E1%BA%A7n-Ho%C3%A0ng-Ph%C3%BAc/100008401399295?comment_id=Y29tbWVudDoyNDY4MjEyOTM2NjI5ODIwXzI0NjgyMTU5OTY2Mjk1MTQ%3D Trần Hoàng Phúc 
 https://www.facebook.com/quatdz1?comment_id=Y29tbWVudDoyNDY4MjEyOTM2NjI5ODIwXzM5NjY4MDU1NzYyOTk0Mg%3D%3D Mai Văn Quát Đúng là một kiệt tác của bố mẹ anh ạ
 acc clone Lê Việt Hoàng Tao nói cho mà biết 2008 một con wave s có giá trị hơn 1 cây vàng đấy . Hồi đấy ông già tao đi Campuchia làm cả năm trời mới được hơn cây vàng để mua xe . Mặc dù tao với ông già không hợp tính nhau mấy nhưng mà nghĩ lại mà thương ông già nhà tao thật .
 https://www.facebook.com/people/L%C3%BD-Ngh%E1%BB%8B/100005746396491?comment_id=Y29tbWVudDoyNDY4MjEyOTM2NjI5ODIwXzI0NjgyMTM5ODY2Mjk3MTU%3D Lý Nghị 
 https://www.facebook.com/ngueyn.khang.54?comment_id=Y29tbWVudDoyNDY4MjEyOTM2NjI5ODIwXzI0NjgyMTM2Mjk5NjMwODQ%3D Nguyễn Trọng Vỹ Cộng Hoà Xã Hội Chủ Nghĩa Việt Nam
 Độc Lập - Tự Do - Hạnh Phúc
 Đơn Xin Làm Fan Cứng 
 https://www.facebook.com/people/Tr%E1%BA%A7n-Th%E1%BB%8B-%C3%81nhh/100007714875231?comment_id=Y29tbWVudDoyNDY4MjEyOTM2NjI5ODIwXzEwNDAwMjI4NTYzODgzMjU%3D Trần Thị Ánhh Ảnh này làm t liên tưởng đến cái ông dàn cảnh anh hùng cíu mỹ nhân rồi tán tỉnh chị Nhung trong phim chị Nguyệt thảo mai hahaaaaaaa :))
 https://www.facebook.com/quocpham.p.pham?comment_id=Y29tbWVudDoyNDY4MjEyOTM2NjI5ODIwXzI0NjgyMjMyMTk5NjIxMjU%3D Pham Quoc 
 https://www.facebook.com/tuyetvi.vo.1?comment_id=Y29tbWVudDoyNDY4MjEyOTM2NjI5ODIwXzM4MjQxOTU3NTk2MTc2Mw%3D%3D Thịnh Tối nay có live không anh
 https://www.facebook.com/tri.chautinh.5686?comment_id=Y29tbWVudDoyNDY4MjEyOTM2NjI5ODIwXzQ2MDk2MDkwMTE1MTM5MA%3D%3D Trần Hữu Tài Tộc trưởng hồi trẻ ngầu vailozzz
 https://www.facebook.com/embe290?comment_id=Y29tbWVudDoyNDY4MjEyOTM2NjI5ODIwXzI0NjgyMjc0NzMyOTUwMzM%3D Emm Bé 
 https://www.facebook.com/people/L%C3%AA-H%E1%BA%A3i/100040854980049?comment_id=Y29tbWVudDoyNDY4MjEyOTM2NjI5ODIwXzE3NDEyMjEyMDM3NDE0Nw%3D%3D Lê Hải Cực kì thuyết phục
 https://www.facebook.com/linh.sao.503?comment_id=Y29tbWVudDoyNDY4MjEyOTM2NjI5ODIwXzUwMjM2MzI5Mzk0NzEwMA%3D%3D Hà My Jamie Cực kì thuyết phục
 https://www.facebook.com/tranvinh.011204.vn?comment_id=Y29tbWVudDoyNDY4MjEyOTM2NjI5ODIwXzExMjc5ODQyMzMyMjI0Mg%3D%3D Trần Vinh Cực kì thuyết phục !
 https://www.facebook.com/liulocc1?comment_id=Y29tbWVudDoyNDY4MjEyOTM2NjI5ODIwXzI0NjgyMzMzMjMyOTQ0NDg%3D Hoàngg Đạt 
 acc clone Trần Thiện 
 https://www.facebook.com/troc.thanh.75?comment_id=Y29tbWVudDoyNDY4MjEyOTM2NjI5ODIwXzI0NjgyMjU2Mzk5NjE4ODM%3D Nguyễn Hữu Thành 
 https://www.facebook.com/Well.Come.To.Wall.Vu.Gg?comment_id=Y29tbWVudDoyNDY4MjEyOTM2NjI5ODIwXzExMDgyNTE3NzYwMjg3MzY%3D Vu Luong Láo
 https://www.facebook.com/hoangtugio.hht.97?comment_id=Y29tbWVudDoyNDY4MjEyOTM2NjI5ODIwXzQyMTg2NDg4ODQwOTkzNA%3D%3D Lê Mạnh 
 https://www.facebook.com/daipham29?comment_id=Y29tbWVudDoyNDY4MjEyOTM2NjI5ODIwXzI0NjgyMTU5MDY2Mjk1MjM%3D Đại Phạm 
 https://www.facebook.com/buivan.tu.7906?comment_id=Y29tbWVudDoyNDY2NzEyNjQ2Nzc5ODQ5XzYxNTQ0MjQ2NTg2Nzg5MQ%3D%3D Bùi's Văn's Tú's Cực kì thuyết phục oki 😂😂
 https://www.facebook.com/tranvinh.011204.vn?comment_id=Y29tbWVudDoyNDY2NzEyNjQ2Nzc5ODQ5XzE3ODc4NDQ2NDEzNTkwOTM%3D Trần Vinh Cực kì thuyết phục !
 acc clone Vũ Quốc Việt Hãy trao cho độ :))
 https://www.facebook.com/people/V%C5%A9-V-Thanh/100006392040587?comment_id=Y29tbWVudDoyNDY2NzEyNjQ2Nzc5ODQ5XzE0OTAzNzc1OTkwMDQzMQ%3D%3D Vũ V. Thanh .
 https://www.facebook.com/people/L%C3%AA-H%E1%BA%A3i/100040854980049?comment_id=Y29tbWVudDoyNDY2NzEyNjQ2Nzc5ODQ5XzE3MDE5OTgwNzUwNzYyMQ%3D%3D Lê Hải Cực kì thuyết phục
 https://www.facebook.com/people/Nh%E1%BA%ADt-Minh/100041259422261?comment_id=Y29tbWVudDoyNDY2NzEyNjQ2Nzc5ODQ5XzE0NDM1NDc1NjgyMjM5Nw%3D%3D Nhật Minh Cực kì thuyết phục!
 https://www.facebook.com/people/Nh%E1%BA%ADt-Minh/100041259422261?comment_id=Y29tbWVudDoyNDY2NzEyNjQ2Nzc5ODQ5XzE1NDU0NTAwOTExNjQzOA%3D%3D Nhật Minh Cực kì thuyết phục!
 https://www.facebook.com/minhkun0405?comment_id=Y29tbWVudDoyNDY2NzEyNjQ2Nzc5ODQ5XzQxNTY2NDM3NTgxOTQ4Ng%3D%3D Quang Minh Cực kì thuyết phục!
 acc clone Xuan Nam Cực kì thuyết phục !
 acc clone Vũ Hiếu Cực kì thuyết phục
 https://www.facebook.com/LamChiKhanh0707.InFo?comment_id=Y29tbWVudDoyNDY2NzEyNjQ2Nzc5ODQ5XzIzMzg2MjMxNDMxMzIwMzA%3D Lâm Chí Khanh 
 https://www.facebook.com/people/Tran-Thi-Hien/100035475099557?comment_id=Y29tbWVudDoyNDY2NzEyNjQ2Nzc5ODQ5XzczNTgzNzc1NjgzMDQ3OA%3D%3D Tran Thi Hien Đẹp chai =))
 https://www.facebook.com/hhhnac6566?comment_id=Y29tbWVudDoyNDY2NzEyNjQ2Nzc5ODQ5XzEyODM0Mjk3NTA1NDEwNA%3D%3D Nguyễn Đức Cảnh 
 acc clone Quỳnh Nhật Tưởng cày view lày :))
 acc clone Trần Thế Vũ Lên thôi sky ơi. Đừng đứa nào đụng tới xếp của t
 https://www.facebook.com/tranquangduy2001?comment_id=Y29tbWVudDoyNDY2NzEyNjQ2Nzc5ODQ5XzEwNjY2NjYxMDYzMjA4MA%3D%3D Trần Quang Duy Hãy tha cho anh | đan độ MT-P | official MV
 acc clone Đinh Thu Hòa Hãy trao dàn pc của ông cho tôi đi ông già =))
 https://www.facebook.com/pham.duyet.188?comment_id=Y29tbWVudDoyNDY2NzEyNjQ2Nzc5ODQ5XzEwNjY2NTI2NzI5ODg4MQ%3D%3D Đức Duyệt 
 https://www.facebook.com/mvmanh?comment_id=Y29tbWVudDoyNDY2NzEyNjQ2Nzc5ODQ5Xzc2NTYzNTMxNzE2NjgzMg%3D%3D Ma Van Manh MV lần này có đầu ti.. à nhầm đầu tư về hình ảnh, diễn viên... Nói chung là ổn. Tuy nhiên cả MV nghe được mỗi câu Hãy trao cho anh
 https://www.facebook.com/people/H%C6%B0ng-%C4%90%E1%BB%A9c/100023616552354?comment_id=Y29tbWVudDoyNDY2NzEyNjQ2Nzc5ODQ5XzE2NDA4NTIxMTI5NzEzNQ%3D%3D Hưng Đức được anh ưii
 https://www.facebook.com/nguyenhoang.hieu.758?comment_id=Y29tbWVudDoyNDY2NzEyNjQ2Nzc5ODQ5XzI0NjY3MTQ0MjAxMTMwMDU%3D Nguyen Hoang Hieu :v Sub của sếp nét quá
 acc clone Kiên Trung Nguyen 
 https://www.facebook.com/people/Ho%C3%A0i-Culer/100035037228593?comment_id=Y29tbWVudDoyNDY2NzEyNjQ2Nzc5ODQ5XzI0NjY3MTc4NjM0NDU5OTQ%3D Hoài Culer ĐƯỢC AHN ƠI
 https://www.facebook.com/nnllooonngggggg?comment_id=Y29tbWVudDoyNDY2NzEyNjQ2Nzc5ODQ5Xzg4NzUwMTk4MTYxNDIyMA%3D%3D Nguyen Ngoc Long Cày view cho sếp đừng quên cày view cho MiXi 🙂
 https://www.facebook.com/vanhung43449?comment_id=Y29tbWVudDoyNDY2NzEyNjQ2Nzc5ODQ5XzI0NjY3MjIzMDAxMTIyMTc%3D Lương Văn Hùng 
 https://www.facebook.com/people/L%C3%BD-Tr%C3%AD/100008763697033?comment_id=Y29tbWVudDoyNDY2NzEyNjQ2Nzc5ODQ5XzI0NjY3MjI2ODM0NDU1MTI%3D Lý Trí MV A Tùng rất chất, rất hay.
 https://www.facebook.com/people/Nguyen-Tien/100004368340293?comment_id=Y29tbWVudDoyNDY2NzEyNjQ2Nzc5ODQ5XzI0NjY3MjE3NTY3Nzg5Mzg%3D Nguyen Tien Công việc gia đình
 acc clone Trần Gia Khang Sao mỹ nữ này giống tộc trưởng quá nhỉ :v ?
 https://www.facebook.com/people/%C4%90%E1%BB%97-H%E1%BB%93ng-Nhung/100022592779374?comment_id=Y29tbWVudDoyNDY2NzEyNjQ2Nzc5ODQ5XzI1ODgzNjc5OTQ1MTU4NTU%3D Đỗ Hồng Nhung Em là fan của ST :)) trời ơiiii nghe 1 lần đã thuộc luôn rồi ajavsgsdgdnsvdhsbsvshsvshsbshf HÃY TRAO CHO ANH ajhsbdjsksgsgnakaskvsvzkbs 😎
 https://www.facebook.com/people/Hinh-H%C3%B3m-H%E1%BB%89nh/100010494814882?comment_id=Y29tbWVudDoyNDY2NzEyNjQ2Nzc5ODQ5XzI0NjY3MTU2MDM0NDYyMjA%3D Hinh Hóm Hỉnh 
 https://www.facebook.com/nhoccon.mc.7?comment_id=Y29tbWVudDoyNDY2NzEyNjQ2Nzc5ODQ5XzczNTg1MzkzMDE2MjE5NA%3D%3D Trần Mỹ Cương vietsub : Hãy Trao cho anh
 Ôi hàng cây xanh thắm dưới trường mến yêu.
 Có loài chim đang hót âm thầm tựa như nói. 
 https://www.facebook.com/hirodenday?comment_id=Y29tbWVudDoyNDY2NzEyNjQ2Nzc5ODQ5XzI0NjY3MzE2NjM0NDQ2MTQ%3D Truong Anh Duc Hello các bạn nhỏ mình vừa đi đóng MV về đây -)))
 https://www.facebook.com/people/Nguy%E1%BB%85n-Th%C3%A0nh-%C4%90%E1%BA%A1t/100035208650291?comment_id=Y29tbWVudDoyNDY2NzEyNjQ2Nzc5ODQ5XzI0NjY3MjQ0NDAxMTIwMDM%3D Nguyễn Thành Đạt Bảnh sẽ mượn máy các chú cảnh sát cày nguyên đêm
 https://www.facebook.com/TCH.THHD?comment_id=Y29tbWVudDoyNDY2NzEyNjQ2Nzc5ODQ5XzczNTgzNTIwMDE2NDA2Nw%3D%3D Công Hạ 
 https://www.facebook.com/bebanhbaoo?comment_id=Y29tbWVudDoyNDY2NzEyNjQ2Nzc5ODQ5XzI0NjY3MjA2MzY3NzkwNTA%3D Quốc Ngô Chẳng nghe được gì ngoài câu Chạy ngay đi"" 😑😑",,,
"Còn âm ý chứ 0,01 đã tốt 😂😂",,,
Son Son cười điên lyn daika,,,
Nhưng baroibeo lại có VCS còn thầy giáo ba lại ko,,,
Con người trước lúc “đi xa” thường nói thật!,,,
Vậy mà bảo hay 😌,,,
Nhưng baroibeo lại có VCS còn thầy giáo ba lại ko,,,
Nghĩ mà chán hazzz,,,
Nhìn nó mất đập cho một trận mở mồm ra là cái lũ,,,
ơ kìa liên quân,,,
Chúc thầy sớm đạt đước nút bạch kim,,,
Lều tiên tri gọi là vi trùng corona kkk,,,
nát cc :))),,,
Đàn bà j nhìn mặt giống dân ông xấu thấy mô,,,
đm tao cười đái =))))))))))))))),,,
Xuân Quảng tui chết rồi,,,
Phan Hoài Nhân Quả này cam đéo có mà flash thì to tổ bố :)))),,,
Khoing thử sao biết và rút kinh nghiệm... ở VN sáng tạo ra 1 cái j đó thì bị vùi dập... thử ra nước ngoài xem... họ còn cho tiền để đi học thêm và cùng nhau nghiên cứu thêm để phát triển nó cho đạt tới tối ưu... thật tiếc cho những nhân tài sinh ra ở VN,,,
Có khi nào thằng. Cây ATM. Ghen ăn tức ở ko nhỉ🤣,,,
Một góc ảnh khác rộng hơn.,,,
ngay thang sinh cua e nek ba ga,,,
Thằng CA chắc học võ công của Võ đang ấy mà,,,
Đọc thần chú j v thầy 🤣,,,
đây cũng là lương y như từ mẫu,,,
"Không chết vì ô nhiễm cũng chết vì hoá chất, còn không lại chết vì tai nạn giao thông hoặc chết vì ung thư hay bệnh tật. Quá lắm là chết vì tàu xâm lăng thôi. Thằng Ad mày lo nhiều quá nên đăng tải lung tung chớ dân Đông Lào mình đồng, da sắt, c.*.t bằng bù lon mà sợ chi hahahaha",,,
Dương Hoàng xin link để đạp vào mõm chúng nó bạn,,,
Hằng Bắp con so này ít lắm e ạ.,,,
A tôi hút thuốc lào thanh hoá chắc ngất,,,
tym luôn anh ơi,,,
đã mê Lâm Khánh Chi còn có Minh Hiếu nữa... 2 chị này là nhất ♥,,,
Mong cho năm nay thầy vẫn giữ vững phong độ và tiếp tục là ng gác cổng KC :))),,,
Sợ quá,,,
CẢM ƠN ANH LÂN ĐÃ CÓ NHỮNG TIẾT MỤC HÀI,,,
Tưởng khỉ 🐒 muốn chịt lúc nào cũng được chứ - hè với đông cũng chịt chịt đụ đụ với nhau đúng khung giờ bố đi nhậu,,,
Trần Sang công sức của mấy bác m kêu ổ là ổ thế nào,,,
Cô Ba cứu con 1 cái chén kiểu con tìm tương lai cô Ba ơi ....,,,
Trăng lên 16 trăng tròn,,,
NhiHaoThơ =)))) tim ngừng đập 5s,,,
Ai lớp du chu cà mo ☺️💔,,,
Dừa 🙂,,,
Đeo.vàng nhiều vậy nga.gây cô.không dậy được đâu mang làm từ thiện đi khoe của làm gì có ai khen đâu đúng là chúng mày hết chuyện rồi a,,,
Má ba nói hay quá,,,
"Phát ngôn ngu vãi, tao đi ị ở bến xe gia lâm còn phải đóng thuế 5k một lượt kia mà nhà vs có gia lol gì âu, bọn nó chịch nhau còn phải đóng thuế vì dùng bao con sâu hay victoria kia...",,,
Về sớm mọi người nhớ anh ơi .. Đồ ăn lạ cẩn thận lại đau bụng đấy .. Về đây mà ăn đồ chị Trang nấu nè !! Có Fan đợi anh chơi giải ao làng hàng tuần đếy,,,
@Linh Kutequê e có Bác Hồ.quê a cũng có Bác Hồ đó.,,,
Cô cứ dễ thương như vầy quài luôn nha 😚😚😚,,,
Cái đất nc nhiều chó giấy nhưng sáng chế toàn nông dân thì hy vọng cc gì?,,,
😒😒😒,,,
Nhớ mang vinh quang về nhé thầy,,,
hất cùn anh uii,,,
Lê Thế Võ giống kiểu biết khi nào chết hay gì á :)),,,
thu xếp thằng này giùm thầy =)),,,
Dit me vao long tot cho de cua may a,,,
Chuẩn bị xem dàn xiêu xao SBTC căm back,,,
Ok abe cứ mơ mộng nhé 😚😚😚😚😚,,,
đc 2 thằng khênh cơ mà,,,
Trần Bình An thật hả?????,,,
Gờ đờ ra gonnn đến từ Cao Bằng,,,
Thảo Đào Văn giàu hết r đi làm công để làm gì.tay nhanh hơn não.lướt fb nhớ gắn não vô nha,,,
Nhỏ bạn em cũng vậy mua chai gu hi về sài nói thơm 8 tiếng 500k mà 10 phút là hết mùi mẹ r,,,
Nho nhó nhò nhò nho,,,
?????? 😀????,,,
Minh Tri Tran mai mốt đừng kể nhau chuyện cười nhaaaa,,,
Du học sinh Úc,,,
mày gốc nhật bản à ??? con nhung nó là trốn cách ly chứ k cố tình nhưng nói chung cũng gián tiếp. còn kia cố tình. vẫn cái suy nghĩ nước phát triển là ý thức hơn :))) tự nhục đât nước sang đó mà ở,,,
A Tuân đó giờ không biết là công hay thụ hay Bi nữa :v,,,
Chị ba vàng ngọc giàu quá chi oi cho em xin  thẻ đt chi  ba oi  0901641969,,,
Lâm Đình Khoa :v,,,
Để cho khỏi rãnh rỗi đi chống phá,,,
Vậy là sao.?,,,
Áo rất đẹp nhưng thầy mặc ko đẹp :(,,,
Vn van con wa nhju nguoi cơm không có mà an đấy sao ko mang dj lam tu thien ay,,,
Ko giống con giáp nào,,,
"Độ múa dẻo quá , về với đội của "" khánh sky "" đi :)))",,,
12:03 Toang cmmr,,,
Mình rảnh vl,,,
Anh em chuẩn bị chiến đấu nào ;)),,,
"Ông thấy đấy ông ad ạ. Nó cướp rồi cắt cổ, mình đi. Nó cướp mình bắt nó không chế mà nó bị thương thì mình đi tù :)) nchung luật pháp buồn cười lắm.",,,
Nhật Tân em có muốn vô cổ phần không? Vô thì chở đi,,,
Lgbt đâu r ạ 😂,,,
Giảm giá siêu tốc cho tất cả các anh chị em mua hàng hôm nay🔥🔥🔥,,,
Anh dùng kém đánh răng j vậy?,,,
Giai cấp công nhân là lãnh đạo,,,
"Rồi rồi, tui xin lỗi cả nước, được chưa?",,,
Tâm bất biến giữa dòng đời vạn biến ở hang 3ron :DD,,,
Click vào link nào các trò:,,,
Rất tuyệt vời vì câu từ chia sẻ ấy.,,,
Háo thắng ham vui câu nói dành cho abe,,,
Khoa giải trí tuyệt vời a lân ơi. ông nói diển thuyết  hài hước nực cười dẫu sao vẩn có năng khiếu,,,
Đặc sản 😂,,,
Gâu...,,,
Cực kid thuyết phục !,,,
Nguyễn Châu Gia Bảo giờ có cho vé free tui củng méo đi đâu hết tụi này bị điên hay gì á chứ ng thường ai mà ngu động trời như vậy.,,,
Nhìn mặt thấy mắc ỉ* à :))),,,
Nguyễn Hữu Đạt lên top nhanh bạn êh,,,
"^ nó mới đến VN bảo anh em này nọ bla bla, sang Sing nó hô hào tuyên bố =))",,,
Ngồi cười tấu hài để mus gánh mà hãnh diện j abe,,,
Căn bệnh nan y không thể dứt. Ta nói nầy là cái chết được báo trước ặc ặc ặc,,,
Vũ Quốc Việt hic,,,
Đề nghị ad gỡ chức Fan Cứng của em được không :)) tự nhiên xem chùa cũng được làm Fan Cứng. Em cảm thấy không xứng đáng với danh hiệu cao cả này. Em xin dành tặng lại nó cho người xứng đáng hơn em,,,
:))))) nay thi doc quyen :V d' cho tu nhan tham gia om chet me chung m di :v de dan ganh d gi,,,
Tinh trùng Khuyết tật,,,
Chúng nó cứ nghĩ ra đường nó là bố thiên hạ ấy,,,
nhìn phát bt ghép :),,,
"Đẹp va ngầu quá, z thầy",,,
Lê An cải lương,,,
Tộc trưởng nói nghe xàm cặc. nhưng em thích =))),,,
Dubai đó,,,
"Ae mua giày của shop này thì cẩn thận, nó quảng cáo trên kênh abe nên m mới tin đó",,,
Tất cả anh em xem video này có ai đếm được bao nhiêu câu Tấc nhiêng không nhẩy ? Riêng tôi thử đếm 4 lần Tấc nhiêng là vẫn không biết...,,,
Cực kì thuyết phục 👌,,,
😀,,,
Đang sống ở thiên đường xhcn đấy nhé,,,
"Thiệt muốn lạy. Emm thấy mng ở khu cách li tập thể đc phục vụ rất tận tình chu đáo. Có cả nghệ sĩ ca sĩ v mà mắc giống ôn gì mà cứ trốn thế! Mình bệnh sluong ít thì còn đủ bác sĩ để chữa trị, chứ mình đem bệnh ra cộng đồng thì bác sĩ cũng bó tay. Mình chết ngta cũng chết 🙂 Rồi làm d zuii k mấy má ???",,,
nhai đi nhai lại đéo biết mỏi mỏ àh,,,
Tình ngộ chưa ông Dần ? ông dẹp lá cờ /// đi nhục lắm và nói với bọn chống cộng ngu muội rằng quê hương Việt Nam là số 1 của thế giới nhé.,,,
Tính sao abe ?,,,
"Trien tri ma cung noi troi kieu ai nay da thi cung that la mot dieu khong chap nhan duoc.
Troi dau co kieu ai bao gio.
Dich benh o nha thi an toan.
Di ra ngoai duong tu nam tu bay la minh tu kieu minh  chu troi nao ma kieu.",,,
Ra ngoài thả hóa học. Nước đỏi màu .... Lý do quá hay,,,
Ức hiếp dân thì giỏi lắm!,,,
Tiên Laru xin clip được khống bro,,,
khoe khoan,,,
Burn real la j,,,
Không có tiền mình phải quảng cáo nhiều nên 😂😂,,,
Cưng quá trời cưng á,,,
e ngủ ác kk,,,
Link website cho anh em nào muốn mua áo như bé Ba luôn,,,
Cần đéo j quan tâm miệng đời,,,
Anh có quyền tham nhũng và nhà tù có quyền chờ đợi anh. Đó là quy luật cho kẻ tham ô,,,
Anh độ về đấy không khéo lại dc đào tạo thành ca sỹ số 1 thế giới :))),,,
Mở một lớp học online dạy võ tiếp đi bác dần,,,
Tịch An Cu quan điểm,,,
Nguyễn Ngọc Vũ hóng nào,,,
T xem từ tuần trước mà cũng k hiểu là cái quần gì! Tưởng đang mặc dở cái quần thì chạy đi show 🤣🤣🤣🤣,,,
Linh An đeo hỉu hahhaha,,,
ngon á anh,,,
Nhầm thì thôi 💁,,,
Đk vl anh ơi,,,
Vcl anh tôi múa xịn thế 😂,,,
Vkl :) mẹ vừa gọi bảo lên LS đi ở đây chưa có ai bị dịch cả,,,
Khổ thân a người ta lương 7-8tr thù ăn mì tôm thôi còn a lương 7-8tr phải ăn mì cua hoàng đế😶😶,,,
Nó tới đây để giết ng chứ có phải kinh doanh mẹ j. Mấy thằng bù nhìn nhận tiền ngập bản họng cỏng rắn cắn gà nhà. Cả lũ cũng ko có kết cục j tốt dc,,,
Chờ mãi :)),,,
Nghiệp quá tr :)),,,
"Tất ziên là tất ziên, ... Chúc bác sức khỏe",,,
Mùa dịch có phim hài của trần dần coi thì còn gì vui bằng . Thấy ido trốn kỷ quá nên fan muốn lôi ra thôi .,,,
Ok thầy,,,
Không phải đi bar mà là đi ăn cơm quán nhé ad,,,
"Này thì k biết, nhưng biết nhà của Cuong Quoc trữ hàng nhiều nhất nha",,,
z Ng bac o Nam ve lai mien bac het di..Ng Nam xin cam on,,,
Em xin video với bác ơi.😂,,,
Corona trong phim :)),,,
Thanhks Mình Hiểu,,,
Hahah,,,
"Toi dong y cung quan diem  voi ong  nhung  chua het dau  toi cung chac voi ong se con nhung cai tham cao  doc hai khong bao ngo duoc neu co duoc quyen  toi se tieu diet  tau ,hay xoa sach het tau, the gioi  moi binh yen  ,toi khong phai la nguoi  co tai , nhung chac Chan bon tau da am muu dung nhu vay   Dung dung vay",,,
Nguyen Minh Hien,,,
"làm chết người không phân biệt được cố ý và vô ý à, chưa kể tình tiết thế nào m biết không mà phán thế ?",,,
My Ha Vu nv nhà người ta,,,
Khuôn mặt thể hiện thái độ phản ứng rất quyết liệt =)))),,,
Nghe không hay lắm,,,
Hồng Thắm Vy Triệu Phi PhiLê Ngọc Hân mừng rớt nước mắt haha,,,
quyết liệt quá cơ,,,
Nguyễn Văn Nam .,,,
"Bữa nay ít chửi, nói chuyện nhẹ nhàng hơn, livechim duyên dáng nc vs fan vui tính, ăn mặc sexy vs chất hơn 👌👌 Ủng hộ chị 🔥",,,
Trư Bát Giới và t sẽ là trong những ng chửi thâm nhất 😆,,,
Lại cà khịa nhau,,,
Chả biết hát cg chứ t chỉ đợi anh t ra comeback thôi!!,,,
Dạ đtrai quá abe ạ :)),,,
Kiều Duyên vấn đề shipper giống m nói èn hâhhahah,,,
tham thì thâm.,,,
Tôi không tin chị này là con người đâu.,,,
Phía sau là nụ cười thoả mãn,,,
"Lần này ARSENAL ho một cái là bay luôn ngoài hạng Anh, sợ gì mà không vô địch",,,
:))))))) Harriet Chau Dinh,,,
. Nhẹ,,,
Khẩu nghiệp mấy cưng ơi,,,
Cái nào tốt th khen cái nào xấu là chê ad có tầm nhìn thấu đáu sáng suốt. Chứ hok phải bọn ngu đần mê mụi hok phân biệt đúng sai. Ng ta thấy sai ng ta nói thì bị cho là việt tân,,,
Hồ Khang : Com mần thật hiệu wả !,,,
link đâu ?,,,
Phạm Quỳnh Anh hay quá,,,
Tiền đang đến là tiền đang đi,,,
Edg cmnr,,,
Nguyện trao thân em nhưng anh đã xuống đầu rồi,,,
Kiều Trung Kiên tướng mới YaBa 🤣🤣,,,
Đúg trend của Rùa Rùa,,,
Cô Minh Hiếu duyên dáng dễ sợ,,,
abe dạo này nóng quá à hoong quạo nha abe . số abe nó mở ra zị thôi chửi cc nè abe,,,
Đi đường quyền year,,,
Bố m nhờn với m đấy à,,,
cụ Trần có fb ko ạ,,,
Lâm Đình Khoa k-atm cao lãnh đồng tháp biết nói,,,
Nguyễn Thanh xin vid vs bạn ơi,,,
Ngon lành quá trời cằm tiền đi đường quyền quâ tr xắc sắc,,,
"Phan Anh vừa tặng con hẳn 500k rồi, để con chạy ra tgdd mua cái đt về nằm há mỏm đớp kk đợi tin bác nhé.",,,
Anh Lân nghe một hồi nói chuyện cà lăm luôn :V 11:25,,,
chi ba loi vang ngoc,,,
Acridin Lê Thu Sương Nhuận Huệ cánh hoa cúc đó nghe =)))),,,
"Đồ biển nhìu vô kể, nên tốt nhất ăn mấy loại phổ biến tôm cua ghẹ cá hàu ốc sò bình thường thôi cho yên tâm 👍🏻",,,
Hoàng Quốc Bảo gg lấy phí từ bao h mà chúng nó cmt đi hỏi nhỉ,,,
Siêu đớp,,,
Đào ĐứcAnh,,,
Nhung Pham =))) cười vcddd,,,
Thế Vinh Yasbaga tối cao,,,
M không cô đơn đâu .fan đông thì top 1 là bth,,,
Nhuận Điền e lấy ảnh trên mạng thôi 😄,,,
Từ khi biết Tùng sói thì mình biết thêm đc rất nhiều loại Ngôn ngữ nước ngoài 😂😂😂,,,
dơ vl,,,
Gánh gánh cái l má tui bây à. Cái gì củng dân.,,,
Nội cái mông là thấy trời sinh một cặp rồi :)),,,
Sao cong an kg vao cuoc,,,
Có giáo án này không :)),,,
Phương Hằng Nhân viên bán hàng mới ghê,,,
làm video reaction lông nách đi anh,,,
Nói gì tầm này nữa ...,,,
Tôi cần anh Tùng,,,
Đang trao giải Oscar đấy. Đề cử nhanh đi các ông,,,
Chị hiếu nay mặt đồ khiêu gợi quá nghen,,,
Thầy bị trúng lời nguyền :))),,,
Hi châu. Cho a sdt của e nghen.,,,
Duy Ngoc Vu đi qua thôi cũng nhiễm sợ thế,,,
Tủi thân đêm thức trắng,,,
Tờ khai y tế của Tuấn Hưng.,,,
Đm k tham xem có chết k :v ai bắt thích đớp k 500 :v lúc cầm tiền sao k nghĩ đi :v,,,
coi chưa đã mà hết mất,,,
có ai có fb real của trần dần k cho tôi xin,,,
Quốc Thắng Trương Nguyễn Phương Thùy làm giàu hong có khó,,,
💔,,,
Troi day hoa binh nhu the nay sao?,,,
Còn đâu những trận bóng ngày xưa:((,,,
38:42 :)) giờ thì cháu tin bác nằm vùng rồi :)),,,
Cực kì thuyết p.....,,,
Cảm ơn thầy. Quá hay,,,
Anh sai rồi idol ạ,,,
cực kì thuyết phục abe,,,
i10 cho tròn,,,
Anh cây ti em của một bà mẹ có 1 công ti nào đó,,,
Mọi người like ủng hộ mình nha. Cám ơn chúc mọi người nhiều sức khỏe.,,,
Cho mò cu là chu cà mo haha,,,
nghe tưởng vô lí nhưng lại thuyết phục ae ah,,,
Đừng tự sướng nữa,,,
Chuoi mà cái mặt hiền mà đẹp gái quá chị ơi,,,
Trung cọc quá zậy =))),,,
Thanh Huyền bác be hôm đấy cũng đi qua thôi đấy. Sợ quá,,,
":v Chuyện quá là bình thường ở cái đất nước này. Con đường trước nhà t cũng thế, bị bẻ cong thành gấp khúc vì phải né cái bếp cũ nhà ông cựu phó chủ tịch huyện.",,,
hí hí,,,
Chi yêu đẹp quá. Mong chi dây cho con linh bai hoc,,,
"Đổi chiêu rồi nhé, mình gửi đi được nhưng ngta ko nhận đc =))",,,
.chúc mừng thầy nha 🎉,,,
khô lời 😞,,,
ngon vậy ư?? hàng nk ngonn lànhh mà,,,
Hihihttps://youtu.be/YajZxO38zF4,,,
"An ninh và tình báo vn Nên tiêu diệt tên trần dần này, tên điên khùng.",,,
Thế nên ai cũng yêu quí bác Dần chứ không ưa gì bọn ba que rách năm 2020 rồi vẫn ngu,,,
Xin video vs,,,
Cường Mày có hiểu không ?!,,,
Hóng các thánh yêu Sản !!,,,
Góc quảng cáo,,,
Yêu cl gì? Nhà bao việc,,,
Nhâm Nguyễn nhân mộc nhĩ với thịt băm :))),,,
Em sẽ sub cho abe kênh mới yên tâm nha abe :>,,,
Lợi clmn chứ lợi,,,
Rắn zovanhoa,,,
HHa,,,
"Cô ba kể ra nguyên gia phả giàu quá trời ủa chưa nghe tới khúc cô ba có cái gì????????🤔 Mấy cái kia của ng ta mà ai rảnh đi hứng nuôi cô ba.
Của nã của cô ba chưa nghe kể",,,
Cho tao hỏi “tiếc diên” là clgv:))))),,,
"Đây là ảnh của tao ,tới mày",,,
Anh tôi,,,
Dm con bóng muộn màng nhìn gốm vkl,,,
Ba quạt:)),,,
Gi oi.gi de thuong qua.,,,
Ý kiến riêng.,,,
Miệng gượng cười nhưng lệ đổ trong tymmm😯,,,
Nguyễn Bảo Nguyên z là lâu nay mik bắt kịp trend 😂😂,,,
Tây nó k thích đeo khẩu trang cho lắm nhỉ😂,,,
Không phận cái đcmm thg ad ngu như chó,,,
"Nói chuyện thiếu văn hóa , tục tiểu , không ra gì",,,
Jack thay đổi tý á mà,,,
Huỳnh Hiệp Thiện aba là bột giặt 😏😁😁,,,
"Hương Quỳnh a là a thua T luôn r e, riết k có từ ngữ nào để nói",,,
"Môn phái ""búa liêm'"" mà!!!",,,
Này đẹp hơn,,,
"Đánh con mẹ gì trúng 20k, xao lol :))",,,
nhìn cây bút kia bắt mắt ghê?,,,
Cuộc sống thú vị hơn khi bạn xamlol,,,
29:59:00,,,
yêu chị minh hiếu quá lisa cai lậy :))),,,
.chúc mừng thầy nha 🎉,,,
Trân trọng lúc còn nhỏ được ăn Tết bên gia đình❤️🙆‍♀️,,,
Hài hước mà,,,
AE THẤY HAY THÌ CHO MÌNH XIN 1 ĐĂNG KÝ VỚI Ạ,,,
Trần Hải Ninh ???,,,
"Tại kỉ năng xạo loz của thầy tăng lên , nên học sinh chăm chỉ hơn á thầy 😁",,,
"hỡi những người anh em thiện lành, ai có info thằng Darius vs Jarvan cho mình xin nhé, có hậu tạ.",,,
Ngẫu nhiên à anh ??,,,
bút nhìn yêu vậy trời,,,
Chó việt cộng lo ăn cứt chó tàu nên đâu quan tâm phù vs chả xa :)),,,
Mọi so sánh Mỹ và Việt Nam đều khập khiễng .,,,
toang .mất tết.😂😂,,,
Sao căn vậy,,,
"Đẹp trai,tài giỏi,hát hay là những thứ không có ở thầy ba:)))",,,
Mới live nka a,,,
Dở hơi đeso chịu đc,,,
Nhiều đứa anti fan nhìn vào sẽ bảo ảnh ghép =)),,,
Link bạn,,,
"Nhưng cũng chỉ vì ở một số cá nhân làm mà cung không đủ nuôi sống gia đình nên phải làm mãi cho đến khi các em, các con trưởng thành .ở một góc độ không nhìn được đa diện đâu (ý kiếm riêng)",,,
Nếu muốn xét nghiệm covid-19 thì phải khám tất cả mọi thứ ở tỉnh rồi có dấu hiệu nghi ngờ mới chuyển lên tuyến trên. Tại sao lại không test nhanh covid luôn ạ. Nếu vậy thì những người nghi mắc mà họ không đủ điều kiện đi khám sàng lọc thì phải làm sao ạ. Mọi người giải thích cho em với ạ?,,,
Sao bằng em,,,
Nói s nói bài mới này vẫn hay,,,
Làm viên,,,
Bill gates k bao giờ làm ta thất vọng,,,
Nghe có vê yếu sinh lý nhưng lại lâu ra,,,
Ghê chưa ghê chưa🤞🏻🤞🏻🤞🏻,,,
Chắc ad bị nó tóm ngồi sau xe chụp đây.. Tội ad ghê!!!,,,
Học cái tính của thầy nên clear bị z á,,,
Ng thường nói dạo lý hay dương tính vs ma tuý,,,
Chửi xuất sắc thiệt chứ kk,,,
Thôi về nước luôn 😂😂😂,,,
Sao e nhập nó lại ghi như v thầy. Ko đc :(,,,
lz ma no do =)),,,
haha =))),,,
Luu Thụy Anh y chang c e mình kk,,,
Tưởng đeo vàng quằn lưng hết rồi chứ,,,
Nhà em gần chị nè.,,,
Thay vì ở đây xàm lol,,,
"xăng tăng, điện tăng, nước tăng, người dân chỉ biết than biết trách, chứ đứng lên đòi quyền lợi là bị gô cổ vào nhà đá vì tội phản động chống đối ngay",,,
éc,,,
Chỗ nào Cầu Giấy vậy bạn,,,
a ngủ đi,,,
"Lúc trc ST hát nghe vài lần mới rõ lời đấy, nhưng ngta vẫn nổi tiếng .. còn mấy b k thích thì đừng nghe,ngộ ghê",,,
✪ Quản Lí Fan Cứng,,,
người để yêu khác người để cưới nhiều lắm,,,
Lâm Đình Khoa mạnh mẽ lên anh âyyyy 🤣🤣🤣,,,
Thăm mỹ tên vì vậy chị,,,
Tao vào xem chỉ vì ấn tượng con búp bê phía sau bà linh:V,,,
Dmcs,,,
Tính ra chúng nó cũng là dân buô bán thôi mấy ông ơi.,,,
ok anh ê,,,
Mỗi mình ko thấy hay thì phải 🤣,,,
Muốn biết fb c 3 tên j quá,,,
Bảo Quyết nghiêm túc ghê ;)),,,
SøÇø KåKå Mắt Hí Duy Quyền Duy Kha Sờ Sơn Ơn đẹp nè :)))),,,
Dm lũ quan tham bán nước.,,,
Thích bác quá,,,
Sống chậm thôi mọi người,,,
ok nha',,,
Một từ miêu tả phim này...,,,
"Mãi mãi một huyền thoại , Faker tuổi so với Thầy",,,
Phạm Thanh Tùng Vinh fan ars hả,,,
Quang Minh xạo lồn vừa phải 🤣🤣🤣,,,
Gia Cát Lồn =))))),,,
Chủ đầm tôm Alaska cua hoàng đế nhìn chất vl,,,
gần ra phim như này chưa thầy,,,
Ghi thêm chữ đ*t chị m nx :)),,,
Hòm đang chờ e,,,
Dạ,,,
Bông ko ra bông trái ko ra trái...âm binh,,,
Ơ tuổi thơ của clear:)),,,
DMCSVN,,,
Dùng có mọc tóc dài giống thầy đuoc không ? 🙂,,,
Ước gì phỏng vấn cô 2 tiếng coi mới đã. Thích cô quá,,,
mày nói ai đấy son henry,,,
má ơi làm sau minh dám đi tập gym đây gâp mấy anh này chất 1 đấm là chết quá :'),,,
ai ghét chứ t thấy bà Linda này dethuong mà,,,
Xin vd bn ơiii,,,
học trò của thầy bị nhiễm của thầy là đúng ròi :)),,,
Nhờ thầy mà giáo án susan vẫn đc tuyên truyền rộng rãi khắp cả nước🤣🤣,,,
Bệnh đã cái về VN hà.,,,
Dân sai nhé. Từ đầu đã sai rồi,,,
Đụ con đĩ mẹ chúng m đừng có nhai đi nhai lại đc k? Con người chứ có phải con trâu con bò đâu mà có cái câu nhai mãi mà chả có cái ý nghĩa con cặc gì cả,,,
Hp chưa kìa,,,
Cực kì tp,,,
Mù mắt người xem vl :)),,,
Cô yêu của tụi conn,,,
Coi kênh thầy đéo bh bật loa ngoài =)),,,
Thu Uyên vì tiền. Khoảng thời gian cách ly có thể kiếm ra biết bao nhiêu tiền. Có gì mà khó hiểu,,,
T thấy thương ổng luôn á :v,,,
Mong cho năm nay thầy vẫn giữ vững phong độ và tiếp tục là ng gác cổng KC :))),,,
Nhìn cô đẹp như katy perry,,,
Mua son về cho cô PandaThai đi thầy,,,
"Đất nước sẽ đi đâu về đâu khi đám bộ trưởng, tổ trưởng tổ tư vấn của thủ tướng toàn là đám vô học, lưu manh giả danh trí thức, thời đại súc vật lãnh đạo con người đây mà",,,
Chỉ mong thủ tướng chính phủ phạt nặng những con người vô ý thức.và cách li tất cả những con người đi máy bay và đặt chân xuống sân bay việt nam. Đặc biệt phải cách li tất cả người anh.,,,
Bác Phúc chịu tắm là dân Hà Tĩnh mở thêm xuất hải sản cho bác ăn free :)))))))),,,
"Film có Kristen luôn được bảo chứng về chất lượng : 1 là dở, 2 là cực kì dở",,,
Mọi người cho em hỏi hôm 15/1 em ko điểm danh ngày mai em vào điểm danh bù lại có được ko vậy mọi người?,,,
Vãi,,,
Có lộc lắm đây naz,,,
Lói dối thì bị làm saooooo,,,
Trend qq gì mà lạ lấm. Cãi lộn cát không,,,
Phan Thị Huyền Trang b ơi mình xin ảnh con chó 🤣,,,
quá là ối zời ơi 😂,,,
Em thấy sự hi sinh của Cô nhưng chưa thấy đc thành công của Thầy,,,
Cực kì thuyết phục 😆,,,
"Anh vừa sạc pin vừa đọc những dòng mọi người chửi anh, mọi người nói gì anh biết hết, anh thấy hết :v trái tim của bảo bối bị tổn thương :v có chàng trai viết lên face",,,
Được vl anh ơi :v,,,
cái này là luật ngầm lâu nay rồi bán trên vỉa hè ko cho tụi nó ăn thì tụi nó phá.,,,
Chửi kinh thế. Chửi nhau lên lv à :v,,,
Cực kì thuyết phục<3,,,
Hi hi,,,
Các bạn xem tin tức nên chọn lọc kỹ. Đừng thấy topic rồi bay vào chém gió. Xem ngày đăng tin. Còn bác Thăng cũng chỉ là con người không phải là thần thánh nên không 1 lúc mà giải quyết hết được mọi sự vụ. Page này dạo này post bài mang tính khiêu khích quá!,,,
"Còn a Việt, a Việt đang mong a Tiệp hồi âm :))",,,
ú òa Linh Đậu :)),,,
Chị dễ thương quá.e rất thích chị,,,
Mấy đứa giàu thường rất thích đi dạy đời người khác,,,
anh tôi ngầu lòi,,,
Chàng phù thủy 😁,,,
E boss này lắm fan quá 😊,,,
Vương Bảnh m hóng hông,,,
"Theo dõi hai ngày, để ý từng góc quay mỗi lúc hướng về Refund, quả thật rất đáng tiếc anh ạ, nhưng mà dù gì mọi chuyện cũng qua rồi anh. Lần này có thể bỏ lỡ nhưng lần sau nhất địng phải cố gắng nhé. Hy vọng mùa 3 Refund sẽ lại bay tiếp, chúc anh và Refund sẽ thành công trên những giải tiếp theo <3",,,
"Lúc trc nó lập trang này ra k vấn đề j , mỗi lần nó đăng là cả mấy nghìn lượt like , giờ bạn thấy đấy , theo con đường này giờ nhìn lại nó có 88 cái like , thôi thì mình cũng bố thí cho nó 1 like coi như công pót bài .. Haha",,,
Đụ mé mình vừa đăng clgt.*độ said,,,
Thế ông,,,
"Họ chọc nó một chút mà nó đòi bắt họ nhét vào l, tum tóc chùi chùi cái đầu thì bây giờ nó chửi cả nước VN vậy thì hãy thực hiện như nó hù họ vậy",,,
Thủ tướng thì lấy đâu ra. Ủng hộ nhiều lại bảo là lấy tiền của dân ra ủng hộ. Tội mấy bác làm lãnh đạo quá. Có tiền mà k giám tiêu. Toàn gửi ngân hàng nước ngoài,,,
Như Quỳnh bởi ta núa :))))) iuuu thưn cạu quá nhèo 😚😚😚,,,
Nguyen Xuan Thanh hít keo chó là ngáo keo chó chứ😂,,,
Chi đep lắm,,,
Do Dat bọn CKTP nó cmt trôi cả cmt của anh đi rồi :((,,,
Animus vi trùng,,,
Mất cắp thường là ở sân bay đi hoặc sân bay quá cảnh. Vì mấy chỗ đó nó mới soi hành lý để kiểm tra. Còn về Nội Bài thì hành lý chỉ đc bốc xuống rồi trả cho hành khách thì sao mà biết đc cái vali nào có gì mà nó móc,,,
Thứ dô diên,,,
"Chang le noi la ""toi nhan""",,,
Già mà non quá aba,,,
Bì nó hút hết chất nên chả béo,,,
Thằng xung quanh chửi m cũng bị giật điện :)) và h đi cướp chỉ cần chửi thề liên tục là nạn nhân sẽ bị điện giật :v,,,
Tú ko cho anh 3 blue và cái kết :)),,,
có bạn gái nào góp gạo làm đứa ko nhở :v,,,
sao biết bọn bị loại là người tài đức vậy thằng ad ?,,,
Cô Minh Hiếu thật sự rất dễ thương mãi mãi yêu cô 😘😘😘,,,
Ko liên quan nhưng mn bỏ 2s vào like avt e với ạ,,,
Hahaa,,,
Cả nước đc vầy thì... K còn đam mê cuộc sống ở Việt Nam!,,,
Tân AK xin video,,,
Cho hỏi tối nay live ko .,,,
Yêu cầu chị Tạ bích loan lên chương trình Động cơ bay ra đảo của Su 30 là gì?,,,
Tý thâm quá anh à,,,
Thành Học r đang ở đâu,,,
Không thấy mặt có vẻ đẹp hơn,,,
Diệu Linh inbox m nhé,,,
Ngầu quá chú êy,,,
Fb con thắm đâu xinn nào,,,
trần dần đang ủ bệnh đó mọi người ơi,,,
Bạn đã làm được 😍,,,
Nguyễn Thanh Vũ học trò của thầy ở rank vàng đây. 😁,,,
Abe stream bên kênh nào dạ,,,
Cô Kim hát chế hài  vãi 😂😂😂,,,
Km.ịkkilj 8năm the nao co ai đó đã làm được điều 8888uupokl có một 89phút 99,,,
Hàn quốc thuợng đẳng lắm mọi người đừng lo cho Hàn Quốc nha,,,
Vâng abe luôn đẹp trai,,,
Tết đến rồi mn ạ ><,,,
"Em mới đi đường quyền , cái đạp zo miệng thằng bn lun",,,
Happy new year bộ tộc ơiiiiii,,,
Trong khi thế giới đang đi lên thì nước mình lại đi xuống...,,,
Ai xem ko kp gửi,,,
Còn bạn gái em là hoàng thị loan nha thầy,,,
bất cần đời bú cần thôi anh nhỉ :)),,,
anh đen lắm :)),,,
Tuan anh oi me chao con nhe thoi con vat quan ao song roi con nghi ngoi di roi di lam con nhe me chao con,,,
"Hoàng Liên trời ơi,mày chậm rồi,20h hôm qua comeback là t like liền rồi kaka",,,
"Tu vi của Bác Trần đã đạt đến đỉnh cao của Giác ngộ. Bác ngộ ra được là : Thấy zậy không phải zậy, nghe zậy không phải zậy, biết zậy không phải zậy, đế vương cũng cát bụi, thường dân cũng cát bụi, vnch khôi phục cũng là không, vnch không khôi phục cũng là không.",,,
Lien Hoang DinhĐoàn Hiền Lưu Ngọc Diệp Phương Nguyễn Khuất Minh Hồng Mỹ Ý Nguyễn :)))),,,
"Ad nói đúng,còn những thằng phản bác ở đây toàn là lũ vô học nói làm đéo gì",,,
Dương Lê =)) chị đó bạn sp hả,,,
Minh Ngọc làm gì hết hồn ?,,,
Giống ca sĩ Cẩm Ly wa z,,,
Nghe có vẽ pubg nhưng lại rất freefire,,,
From mixi with love 😂,,,
Không còn icon luôn,,,
Ăn bát phở rồi về với em thầy 🙂,,,
Thi Ribi c kế toán nên xem,,,
Quá sàm chứ liệu gì,,,
Trần Thị Ngọc Anh bạn ơi. Đang trong vùng dịch lớn t2 của tg. Xông pha đi hiến máu lúc này thật sự là sai lầm lớn. Còn bạn cmt thì bớt viết câu từ như trên lại. Dù gì ngta trông đứng tuổi hơn,,,
Đệt sĩ diện hão,,,
A sinh ra và nớn nên ở vùng quê Cao Bằng dấu yêu :3,,,
Xin vd,,,
Xin tí review bài mới của ổng với các đồng chí.,,,
Nq nỗi tiếng koa tiền.. ở truồng cũng nói sang..nq bình thường mặc đồ đẹp mắc tky cũng cho la hàq dạt rẻ tiền..đúq là đời,,,
Ngáy xưa con linh nó bán cả lóc ở ngoài chợ á chị.bởi vậy bây giờđặc lknh cả lóv đó,,,
Nguyễn Linh Hằng haha,,,
Hớn hở đi xem xuất chiếu đặc biệt hôm mùng 9 và thấy phim bt hoy,,,
"Ngta lên gần 40 máy rồi mấy anh chị hai , t bình thuận nè , đi thêm mớ nữa rồi , chưa cập nhật thôi",,,
..,,,
"Và là 1 tr likes, 1 tr likes ko phải dislikes đâu",,,
Rim Ken Ny hóng ké tên :v,,,
"Jeremy Nguyễn phòng rộng quá bả nói bả ngột ngạt kiểu sợ ma với thời tiết SG mấy nay nóng lắm, dân quen máy lạnh ko chịu dc đâu",,,
Tết mà k có táo quân thì còn gì là tết. Dù hay dở thì vẫn muốn xem táo quân :)),,,
Tài Võ Minh Nói làm chi rằng xuân vẫn tuần hoàn,,,
mấy th` ml,,,
trời ơi trời abe chơi local brand hả?,,,
Việt Nam vô địch :)),,,
😆,,,
tôi tự hào vì ko có tên trong băng đảng búa liềm,,,
Hoàng Thanh Thảo cầu giấy là gần bắc ninh🤦🏻‍♀️,,,
Thì ra con đàn bà cũng nhận ra cái sai à,,,
À hoá ra đây là mái bổ luống trong truyền thuyết mà anh đã kể -)),,,
anh tôi đấy,,,
Quá bt :3,,,
Tự hào thế chứ ai như bọn mắt hí nào có hơn 7000 ca đâu mà 😌,,,
Đâu phải muốn có là có đc đâu 😓,,,
Giang Nguyễn m biết cứt chi mồ :v,,,
Phan Thanh Đào mớ đĩa,,,
Quả quần chuất nhỉ,,,
mệt vl thầy ơi,,,
"biết bao xương máu của con dân Việt Nam đã đổ xuống nhuộm đỏ mảnh đất này mới có được ngày hôm nay, vì lòng tham không đáy mà bọn chó cộng sản tiếp tay cho trung cộng tàn phá đất nước, rồi sau này con cháu sẽ đào mã chôn xác bọn mày cùng tổ tiên nhà bọn mày lên rủa, bọn mày có chết cũng không được yên đâu,",,,
Má đẹp quá 😍,,,
Nếu cảm thấy ngột ngạt quá thì vô rừng chơi với khỉ đi,,,
"Thì fake thì nói đại đi , hàng bình dany , bình dân qq",,,
Chỉ duy nhất là xử lý hóa chất tại chỗ rồi mới cho nước sạch chảy tự nhiên chứ không thể pha loãng mà gọi là làm sạch được. Cách này sẽ làm ô nhiễm lan rộng.,,,
Thằng bóng khùng chết đói,,,
Ai mà nói nó đâu,,,
Nỗ lực từ cái xe đạp lren đk cái xe ba gác rồi.nói như đầu buồi,,,
Phạm Quốc Huy chỗ bạn nè :)),,,
"Hoàng Công Hiếu lỗi thì chưa chắc nhưng đa số sống như lol, đa số thôi",,,
572 lê quang định quận gò vấp ông nào ở sài gòn ghé nhà dần ca coi dọn dẹp năm 2022 đón dần ca về,,,
Ở bệnh Viện Sùng trính(chấn thương chỉnh hình) bệnh nhân nằm gần 1 tháng mà tụi bác sĩ còn chưa chịu mổ.,,,
Noãn Noãn và bạn đã nói 😒😒😒😒. Nhưng thử dùng loa ý . Nghe trên 2 lần là nghiền lun,,,
"A nói rất đúng , nhg theo đồng quan điểm của đa số người a nên thêm câu “ giàu có cũng cùng nhau “ a nhé . Trân trọng anh :))",,,
Quan vn chúng nó tham vl...địt con mẹ lũ quan tham,,,
Đ m bọn phản động này,,,
Ủa tưởng bác ấy die rùi @@,,,
làm giáo án xóa kênh đi thầy,,,
"Alo alo 1,2,3",,,
Hậu quả của việc xem thầy quá nhiều 😂,,,
Cám ơn dân chủ mỹ tại Syria,,,
Đúng z,,,
Đâu phải khác nhau mỗi cách đánh =)),,,
"Cố gắng lên mấy ông ạ , đừng vì cái lí do đấy mà bỏ người ta , hèn lắm =)))",,,
Hongg Nhungg Thu Hoài Lê Lan Anh Nguyen tag hết những đứa đi xem hôm đấy vào đọc review =)))),,,
Đời mất vui khi thiếu anh,,,
Giờ thì đi đập bàn rồi 😂,,,
Vãi lìn 😂😂,,,
Bên này đặt hàng nhanh thật. mình vừa đặt hôm qua nay đã có,,,
E cười e sỉu,,,
Nhục nhã vc 😂,,,
Có con sướng nhiều hay khổ nhiều hơn a Độ nhỉ??,,,
Khi nào có link nhớ gửi nha anh 3 😀,,,
vậy những ng trong clip là chó à,,,
Cho con Trùng đi nhuộm lông màu mèo Tom để Sói vần anh ơi! :3,,,
Các cậu đéo đi học à 🤦‍♀️,,,
24h 5tr view,,,
tao chả cần thuốc cc gì cũng tăng 20kg đây :)),,,
Con nay noi chuyen qua la mat day CDM phai cho con nay mot bai hoc nho doi,,,
"muốn cứng với giặc thì cầm súng ra biển bắn nó đi :)) đừng chửi nhà nước hèn với giặc trong khi chúng mày chỉ dám ""gấu với giặc"" trên mạng ảo :)) như thế chúng mày cũng ko oai phong gì hơn đâu :))",,,
Đề nghị Anh Tiệp Câm Mồm Laii,,,
"bác nói rất đúng, luôn luôn ko sợ corona nhưng em sợ đi học lại quá 😢",,,
Kênh kĩ năng :)),,,
Vực kì hợp lí và đầy thuyết phục,,,
"Sao cu chui nhau
Chui qua chui lai hoai vậy
Ngươi này noi xâu ngươi kia
Rot cuộc thi ai dung ..?  Ai sai ..,,?
Chui z co mệt môi lam k minh hieu ơi...!!!",,,
Diệu Linh cái thứ nulooo,,,
iu đc không thì có ông trời mới biết a nhỉ,,,
đấy gọi là mời con đẻ ăn cơm đấy :((,,,
Corona tuổi lon vs cơ bắp a tôi,,,
Lâu lắm mới thấy ad đăng bài đáng đọc,,,
quá giống luôn,,,
Cẫm Tiền hoi trễ ời. Ngủ đi. Ngoan. K thôi giận á :)))),,,
dược,,,
Hải quan phi trường tsn,,,
Em ở HN anh về ngay :<,,,
Phạm Anh Thư nooo noo bún bean mắm shrimp :3,,,
"500 triệu usd= hàng ngàn tháng lương công nhân, cty mang tiếng xấu, mất việc làm, lơi nhuận, hồ sơ vết nhơ có sẳn. Vậy cái giá của họ trả nhìu hơn 500 triêu usd",,,
Liên hệ Khoa Pew nha. Anh độ yếu lắm chỉ chơi nhẹ nhàng từ từ thôi. Chính mồm a ý nói,,,
"Bạn nào bị thâm môi, mắt, chân tay, thâm do ngứa, bỏng, ngã xe, dị ứng...ib mình nhé",,,
Ui heo nè,,,
Phường tao cũng thế.,,,
"Anh Phuong Trinh tự an ủi, chán thanh niên kinh",,,
Trương q.huy ...trương chột  dịch nầy trốn trong lùm nào rồi mà không thấy sủa nữa ta,,,
ko cần nx,,,
Số 17 với số 34 haiz,,,
phó thủ tướng said: chúng ta đã thắng trận đầu nhất định phải thắng cả cuộc chiến,,,
"sao mn lại chửi chị đó, ngt ý thức đc như thế rồi mà. Ngt có tiền ngt về, không lây nhiễm như chị Nhung là đc rồi ,lỡ may có gì thì cũng phải ở vs gd chứ, giàu kh lẽ để bị nạn nơi xứ ng",,,
Cả nhà ơiiiii!!!!!!,,,
Phạm Mạnh haha,,,
Tủn 3K bán hàng giả có tiếng az..mấy hàng đó hợp với mấy đứa ranh như tụi m ok ^^,,,
Đợi đợi cl :)),,,
Sơn Tùng mai dịch Care nhé =)))),,,
"Anh bao ve di dc thi minh cung di dc tru phi ong can bo ay ko fai la nguoi . lot giay , xan quan ma loi wa thi se dep long dan do",,,
Bớt đeo vang lai đi,,,
4 vs 6 cân vl ra còn gì,,,
Cường quyền ác bá !,,,
Sống chậm lại😂,,,
Cố lên việt mam,,,
Đình QuangQuảng Đại đi đâu cũng gặp bác :)),,,
Cô ba cạo râu chưa sạch kìa cô ba,,,
Nguyễn Hoàng Uyên Phương :)))),,,
Nhận của tar 1 lạyy,,,
"Đường này hư do phản động,do các thế lực thì địch ngày đêm chống phá nhé. Một dlv cho hay",,,
Chất như nc Cất,,,
Đúng kiểu nhạc nào cũng nhảy 🤣,,,
Dm anh xấu vl. Mé,,,
cô dễ thương quá ta,,,
Nghe kumahuy kể nếu lính mỹ nhảy xa xíu là k kịp đưa thuốc chắc là k cứu kịp,,,
Edit hay thực sự luôn,,,
Không thấy tag Bomman nhỉ?,,,
chui.nhieu.toi.chi.oi.khau.ngiep.nan.lam.,,,
Mình nhận bán sản phẩm trong hình nhé,,,
Ngọc Hân haha,,,
"Tú ơi, cho Abe blue :v",,,
Julia Trần chắc do mỗi ng mỗi cảm nhận á bạn! Mình với bạn mình đợt cũng tò mò kiu thử 1 con ăn thử chút xíu ám ảnh mùi bọ xít xong bỏ nguyên con luôn! Ớn từ đó về sau k bao giờ ăn con ấy luôn,,,
"Bài học từ sự sụp đổ của Liên Xô, khi quân đội đứng ở giữa chính quyền và người dân. Chẳng biết bắn vào dân hay chính quyền--> sụp đổ :)",,,
Trúc Mơ talk like zậy nèk improve inglish,,,
Bây giờ nước mỹ toang. Ko thấy bọn 3/// nổ và chém nữa ta.,,,
Vũ KHẤC Tiệp,,,
Đề văn ngày mai chắc chắn có vấn đề siêu to siêu khổng lồ🤣🤣🤣,,,
Trần Thị Ngọc Anh nếu ngược lại thì sao con mặt lòn.nếu nó biết bị bệnh rồi đi hiến thì sao.😊,,,
Cô tốt quá,,,
Tối stream ko tộc trưởng :((+,,,
Bộ này đẹp hơn mà :>>,,,
Thương anh tôi🙁,,,
Nguyễn Yến Nhi đã đọc và sẽ kg đi xem 🤣,,,
Tiên tri lông vịt,,,
:>,,,
Quá đáng thực sự,,,
Nghiên Nguyễn cũng là bạn bên phải ở một thời điểm khác ạ hehe,,,
"Đây là bài cmt tự động để xin like trắng trợn thích thì like ko thích thì like , ok",,,
Quỳnh Phạm hihi ngủ thôi e,,,
Em cho sđt nhé 008618899827532,,,
"Nhận 1 tỷ của tàu cùng lúc vs 2 tàu của nhật và sắp tới putin lẫn obama đều sang,dự là sẽ còn nhiều hơn nữa :))))",,,
Chị ba vàng ngọc (xàm lồng kakaka)đó em,,,
Toà sai rồi.,,,
Tự Nhiên Lại xin bản ko che full hd :D,,,
Cũng nhờ có quan chúng bây mới ko là 1tỉnh của Tàu khựa or làm chó ngoan của Mỹ,,,
"Ôi Đệ nhất Danh hài Quốc sư tiên tri vũ trụ Trần Dần vẫn mạnh giỏi, quả là phước lành 🐧 lành thay lành thay, chứ ngài đổ bệnh lấy ai tấu hài cho chúng tôi xem 😂trời Phao Sần Vá Lầy vẫn xanh nhỉ 🐧",,,
Vay được thì vay thôi. 1 nhiệm kỳ cũng được mấy năm thôi mà...,,,
Hết nói nổi 😥😥,,,
Thầy em❤,,,
Thanh Trẻ Trâu,,,
"Click hẳn vào ảnh đại diện xem, e nó cười cái muốn cưới luôn",,,
Tộc trưởng,,,
gửi tặng đũn đĩn hàng nghìn cánh hoa =)))),,,
@Phan ngô mày xem clip cô minh hiếu nói ko đụng tới linda chưa coi đó mà noi theo cô ok,,,
"tao thấy, cô Lan sao tao cũng thích =)) Miệng vậy thôi chứ đ như mấy con nhẹ nhàng dịu dàng mà trong tâm như cức",,,
Có lửa mới có khói.cũng như vụ Tiên Lãng Hải Phòng mà thôi.chết oan cho bọn🐕tham lam ăn cướp,,,
Yêu cô vì lúc nào cô cũng mang lại nhiều năng lượng sống vui vẻ và tích cực. I love you chu ca mo <3,,,
can loi,,,
Các cháu bị bệnh này lâu chưa? :))),,,
Tui mắc cười ghép cái giọng cười của ai vậy chèn kaka,,,
thầy đẹp trai quá mấy đứa,,,
Lon ma m nka,,,
ghét nhất bọn nhà báo giật tít.,,,
Tấc nhiêng thì tấc nhiêng là tấc nhiêng và tấc nhiêng...,,,
ad óc chó,,,
Nói chuyện đáng yêu kinh khủng lun😍,,,
Chỉ vì mưu sinh thôi mà bạn.,,,
Nguyễn Hữu Thanh Bùi Quang Hưng cái này Việt Nam hot trend từ năm Hai bà trưng rồi hầy,,,
"Chúc các đồng chí hoàn thành xuất sắc nhiệm vụ nhà nước giao phó nhé. Còn những đồng chí đang ở nhà ai mà GẦY thâm niên, GẦY từ nhỏ đến lớn mà ăn gì cũng không BÉO thì ib liền cho mình để có thân hình tròn trịa nha. Tết đến đi chúc đỡ bị hiểu nhầm là nghiện đến nhà để ăn trộm nhé :))",,,
Cayyyy😂,,,
Duong Thuy mụ nghĩa để đấy kkk còn mụ Yến úi ùi giết tao rùi kkk mụ ty ăn đi cã nhà 🤣,,,
Tao chỉ mong bóng đá thua mẹ luôn mấy trận đầu cho xong... Đỡ tốn tiền thuế của bố 😠,,,
Cực kì thuyết phục :)),,,
20/10 em tăng abe một bó nhan nhé!,,,
"Cho dù một tôn giáo nào. Đức tin O mất tiền mua, nhưng cứu cả phần hồn và phần xác..! Là chân lý, là ánh sáng,là con đường tốt đẹp cứu cánh cho cả nhân loại O rơi vào bế tắc, tà ma, diệt vong..Chỉ lủ CS học thuyết vô thần làm con người mất phương hướng, làm XH thêm loạn lạc điêu linh mà thôi..! Các bạn cứ chiêm nghiệm đi, rồi sẻ thấy. Mỗi Chúng ta Hãy giữ lấy đức tin cho chính mình..!",,,
Chạy đúng tốc độ đéo ai bắn dc dù có núp hay đứng giửa đường,,,
"Cho em hỏi dư luận viên đi ăn có được giảm giá không? Tiền điện, tiền xăng... có được miễn phí không ạ! 😂",,,
Nếu k thể đến vs nhau nhé :),,,
Nghĩa là con mắt:)),,,
Ngoài đi quay quảng cáo ra anh tôi còn đóng phim nha mng :v,,,
Chủ tịch chốn cách ly và cái kết,,,
Cmt dạo sẽ thành fan cứng.,,,
"K phải đâu anh ơi,chú cuội chơi đồ mệt quá nên ngồi nghỉ ở dưới gốc đa đấy",,,
Ông Tuân ổng quay xong chắc ổng bị đau bụng lắm nhỉ .. ổng cười khí thế...chị Hiếu có duyên quá mà .... Nc chân thật vui ..đúng chất miền tây,,,
Thua ông ghép nhạc,,,
bóng đỏ !!!,,,
Anh Minh đéo hiểu sao giờ còn làm mấy cái trò trẻ trâu này,,,
Chuyện người ta làm chúng bây ở đây làm thầy bói. Rảnh háng thật,,,
Cô dễ thương quá 😍,,,
Phạm Trần Nhật Hạ ủa nói đúng mà có gì sai đéo? Đã vượt qua St đâu mà đạt kỉ lục mọi thể loại?💁,,,
Tôi biết ngay kiểu j page đông lên thì cũng có mấy bọn ngã cây làm tụt hứng mà,,,
Nữ chính nổ tung cùng con quái =))))) còn mỗi đôi chim câu vô dụng nhất phim sống sót =))))),,,
Gia Bảo Fan cứng chào các bạn *kkk*,,,
Trời oi. ..cười chết,,,
giờ mới thấy có tiền có quyền và đúng là mua tiên cũng được,,,
Chuyện tình sena và thầy giáo,,,
Có lẽ là ko được rồi 😢😢😢😢,,,
chị học thức quá em yêu chị cưới em đi,,,
2020 r mà não mấy thằng này k nhanh lên dsc tí nào,,,
Hay quá co oi,,,
Há há,,,
Optimusthree với 99% sức mạnh,,,
Phai qua đi rồi bjk sống thế nào,,,
":) thề, k uốn, k wax.",,,
rì ắc sờn kenny you abe ơi :)).,,,
Mung Trinh e biết mừ 🥴🥴,,,
Huỳnh Vi hình như em chồng TTH nè,,,
em chào a :>>>>,,,
12:00 cho ai cần nghe chửi,,,
ああ、王子様、妹を許してください、彼女は呪われています...歌を歌っていたのは私でした...彼女は十分に困っています、悪化させないでください。,,,
Đẹp Lắm :),,,
Em thích ăn đồ ăn hâm nóng lại vì ngon,,,
Xem a be tất hàiiii,,,
Tùng said chụp nhanh lên mỏi tay lắm rồi,,,
"Tầm này mới nói thì còn đéo gì nữa, bọn nó bây giờ đã chết trên sông Hương hết rồi. Số còn lại may mắn sống sót thì đến chiều nay bị Đẳng thức và Tích phân đè chết. Đm idol",,,
ôi đm ^^ nhìn mà thèm coi thủy thủ mặt trăng vc,,,
Perfect,,,
Thế giờ Ad có chỉ đc tui xem NN này có ccc gì mặt tốt không? Có mới sợ đó =)),,,
Xin video đc ko bạn yêu,,,
Thằng đjên nào soạn thảo thế.,,,
Bác Dân cang ngày noi chuyện cang hay nge .noi the nay ung ho bác ne,,,
An Ni :))) nhớ nha,,,
Kèo cạo đầu =)),,,
1 bữa nhậu bằng 10 bữa cơm,,,
"CHO XIN CÁI LINK GAME NHÉ, CỐ GẮNG DÀNH CÁI BÚT LÀM ĐỒ CHƠI",,,
:)). Những người ế không thích điều này,,,
Lon me no,,,
em 22tuổi trai tân không bệnh tật,,,
Trịnh Hồng Chi học hỏi nha :)),,,
Hài nhiều hơn là cayy 😂😂😂,,,
Hết Xóa Nhi Huynh Cuong Huynh Nguyễn Văn Linh t nào thiếu tiền đi tự nguyện kìa,,,
Ch Minh Hiếu nói ch rất dễ thương thật,,,
"Đu me giau con tham lam bi găt la đung rôi , đu me mây luc đâu nghe lơi no chưi hêt ngưoi nay đên ngưoi kia, ham tiên bi lưa gat rôi chưi con ba vang ngoc",,,
Mục đích là dmcs hỏi nữa k,,,
Ở giữa chú pew à ?,,,
Cô Trần Thị Nga bị nhà cầm tiền Việt Nam bắt tù đày chỉ có một tội duy nhất đó là....!,,,
Nguyễn Mỹ Diễm Hoa này là hoa Lon nha 🤣😌,,,
Cực kì xinh thuyết phục!,,,
Xin clip,,,
yamete kudasai :))),,,
hỏng mẹ nó bài hát yêu thích của t rồi,,,
Tôi mạnh dạn đưa ý kiến là nên tử hình,,,
Tiến Thành from 1701 with đúp tốt nghiệp,,,
"Nguyễn Việt Hoàng chị này có ý thức tự cách ly tại Anh, nhưng bên Anh nó chỉ coi bệnh này cũng như cúm mùa nên không cách ly mà cho thuốc về nhà uống,gia đình lo lắng lên thuê chuyên cơ riêng đón về. Thế là OK rồi",,,
"Thì bây giờ khu vực sông của mình là hạ nguồn rồi , còn của bọn khựa thì là thượng nguồn , n xây thuỷ điện ngăn dòng dẫn đến dân ta ko có nước , gây hạn hán . Theo ad thì ko đề nghị bọn khựa xả nước thì để dân hạn hán mà chết à",,,
chỗ tui chưa có điện nữa mà kế bên quốc lộ 91 tỉnh an giang mới chết chứ .....đất nước có thật đang phát triển k....dốc láo riết quen....,,,
thanos đời thực :v tư tưởng lớn gặp nhau,,,
Chậm thôi mn kkk,,,
Phi Quý tiền nào của nấy nhé ban,,,
Anh em từ đây tui sẽ tạm biệt tam kê gáy =)),,,
Chỉ tội cô người yêu mới :),,,
Sale khô gà 50% ;),,,
Xấu  người  xấu  nết  nhìn  là biết  cái  miệng  đẻ ra  trước  (khẩu  nghiệp),,,
"Vcl tự nhiên chửi người khác ngu rồi đem trường hợp ngu của nó ra ví dụ! Đụ mẹ thằng ""lỏng bao"" dành hết phần ngu người khác! Não teo rồi hoá chó à",,,
Đầu lòng 2 gả hotboy,,,
Hoi oi ba dep qua Ha,,,
vailonnnn,,,
lạy thím. đuôi .garena.vn rồi còn sợ wed giả.,,,
Cứ Thịt chó cho lành sam vs so cái gì,,,
"cai kenh xam lol,phong vien nhu cc,tien tri dien khung,toan la 1 lu virut",,,
Huynh minh luc,,,
"con này nó giả tạo, m càng chứng tỏ m càng để cộng đồng mạng hiểu hơn về mày 1 kể lừa đảo, vừa khóc vừa cười hả",,,
Sim Nguyen,,,
Ai cung phai lon ma phai khong?,,,
Mẹc si sa đéc :)),,,
Vl sam,,,
Quang Chivas dủ thắng đi,,,
Thúy Hằng bắt trend khá chậm 😁😁,,,
Số phận của người hiến máu sẽ y chang anh dúi dưới đây:)),,,
Xàm lồn vậy luôn sao,,,
Loại này là đực hay cái thế các bạn :(,,,
Justin Ngụy Kelly Hoang haha 🤣 Isabella Lee,,,
Ko bỏ sót bài nào =))),,,
đẳng cấp ko phải là vứt bỏ quê hương để khoác lên mình quốc kỳ của tư bản :) mà phải khiến tư bản cầm quốc kỳ Vn và hát quốc ca Vn :) cho hỏi quốc ca VNCC là bài nào vậy ?? :),,,
Vyvyhair chúc buổi tối vui vẻ nhé bạn,,,
nam mo a di da phat.,,,
"Một trăm mấy chục triệu thì nó hổng có nhiều
Con bò rừng cọng lông như cây me rụng lá
Nếu mà gặp một người đi đường quyền kiểu này, nếu mà gặp một đi đường quyền :))",,,
Chụt Chụt thông kiểu đéo gì =)) toang thật sự r,,,
Như 2 giọt dớt,,,
để chồng uống thử xem sao,,,
lanh dao dang nhau phat bieu coi ai la quan quan phat bieu ngu nhat day ma,,,
Link Youtube xem cho đỡ lag,,,
cuộc đời tui sợ nhất là con gái mập:,,,
Khó quá bỏ qua :((,,,
nguy cơ các cầu thủ Arsenal bị nhiễm là thấp nhưng cũng phải an toàn trên hết,,,
Chết mẹ nó rồi,,,
Chịu luôn🤣,,,
"1 lũ đu càng,tụt quần,liếm đít giờ đang chửi cs bán nước :))",,,
"Xl la xong sao , de nghi gia dinh xum lai nho nuoc bot uot het nguoi no moi chiu",,,
Các idols lại đi sau bọn em rồi 😌😌,,,
Sống gần 40 cục lịch h mới tạo hoa đẹp thế 😅,,,
Bán đôi dép nike hoa cúc để ăn tết ai mua ib giá yêu thương ❤,,,
Thuốc lào đê =))),,,
noi chuyen duyen ghe,,,
Tui mệt bà quá,,,
Bạn bè bên nhau đau ốm đều chia sẽ cùng nhau thì mới là bb,,,
Quả măth khi nhìn thấy vợ thốn vải😛,,,
Lưu Mạnh Thắng át hết vocal rồi emd mà luyến láy vậy thì hơi sai,,,
Chị thấy cái đó chị xĩu đập đầu luôn đó em.xong chị tỉnh lại chị thấy chị xĩu tiếp 😂,,,
Tùng Dolce cho tớ xin tên nhạc,,,
Xin video,,,
chậm lại chút anh em...Việt Nam vô địch rồi,,,
Le Quang nhanh vào bờ,,,
lại mang dịch về phú thọ r,,,
Đá phò nào chứ trừ con phò này nha :)))),,,
quạo nha,,,
"lũ bò tin rằng coi pháo bông tốt hơn xây tượng đài...rồi xem bóng đá lại hừng hực khí thế hưng phấn hơn gấp mấy lần pháo bông .... cuối cùng thì lôi thằng "" nát"" ngây ngô vào chơi đồ ...xong cả đám cười ngặt ngẹo happy vãi nồi ! đất nước lạc quan lạ cmn lùng ...",,,
Cc j zay :)),,,
"Bắn giải không được nhiều tiền nên bây giờ anh tôi phải làm quảng cáo nhiều như thế này đây , cũng chỉ vì mua sữa cho Tùng Sói",,,
Rãnh ghê bấm vô coi chi rồi chửi người ta có diên chết liền,,,
6:35 👉👍,,,
Làm ngưacj đâu lâm,,,
Đặng Trang :)),,,
Sai thế đéo nào dc.,,,
acc NETFLIX UHD - (4K) & Spotify,,,
1 câu chuyện khá là buồn,,,
đú Trend tí nhể,,,
Băng trụ ?? :)),,,
Lê Minh Tuấn hihi,,,
VN đã đến mặt trăng an toàn rồi nhé các bạn,,,
Ng ta hòa đồng z mà nói chảnh hả s mới vừa lòng bây,,,
"Mấy thím cứ chửi hoài , Việt Nam! Cũng zúng như nhật đó . Vẫn giữ nhà sv nghìn tỉ pv cho 1 sv đó :))",,,
nghĩ mà nó chán !!,,,
Em chỉ thích xem team refund bắn giải thôi,,,
Chúc các em thành công với ngành xây dựng,,,
"ít hôm nữa có nghị quyết cho đẻ thoải mái để giảm nợ công trên đầu người,ha ha",,,
Tô Phước Sang cho xin video đi bạn,,,
"được cái là ad chửi cái nào cũng vừa lòng em ghê cơ , không thể nào mà Unlike đc hehhehe",,,
Em iu chử rất hay,,,
Ok anh ưi,,,
Chú trung đầu L chứ chú tí đầu lân clg 🤣,,,
Khẩu trang ban ơ đâu cho minh xin đc nhé,,,
Tình người,,,
Cực kì thuyết phục 😋😋,,,
"Chi oi cho em xin tien lam an di chi Bach,",,,
Phải ad gặp ngoài đường . Chắc là lao vào ngăn cản hả 😂😂😂,,,
"Dương Nguyễn Hữu uh nhưng cầm dc tấm huy chương gianh giá cũng vui bạn ạ,nhưng mà sau đó thì lại phải cực khổ mưu sinh",,,
Rip đôi giày và hộp sữa :))) Duii,,,
"Về bờ trong ngày . Liên hệ ngay fb
 📌https://www.facebook.com/thexuandoan/about
 Thay đổi phong thủy banh bóng để có lời mỗi ngày
 
 acc clone Nguyễn Thị Thanh Lan Haha
 https://www.facebook.com/people/Nguy%E1%BB%85n-L%E1%BB%99c/100028943288701?comment_id=Y29tbWVudDoyOTA5NTM1MjcyNDk3NTgyXzI3NzM2OTI2MzkzODQwNzI%3D Nguyễn Lộc Anthony Padilla ibox nào
 https://www.facebook.com/people/Nguy%E1%BB%85n-L%E1%BB%99c/100028943288701?comment_id=Y29tbWVudDoyOTA5NTM1MjcyNDk3NTgyXzI4MTk5NTUxMzEzODA4NDI%3D Nguyễn Lộc Nik Này Đãbịhack ibox đê
 acc clone Nik Này Đãbịhack Xin clip
 acc clone Richard Lương xin clip
 https://www.facebook.com/ahihi27092003?comment_id=Y29tbWVudDoyOTA5NTM1MjcyNDk3NTgyXzE2OTY5NDgwMTAyOTU0NQ%3D%3D Lợi Haha
 https://www.facebook.com/people/Nguy%E1%BB%85n-L%E1%BB%99c/100028943288701?comment_id=Y29tbWVudDoyOTA5NTM1MjcyNDk3NTgyXzEzMTY2NDM2ODE4NTU1NTI%3D Nguyễn Lộc B An Nguyen ib bạn
 acc clone B An Nguyen Nguyễn Lộc cho mik clip vs
 acc clone Trần Thanh Hải - sống chậm thôi các bro☹
 https://www.facebook.com/people/V%C5%A9-V%C4%83n-Thu%C3%A2n/100022781557183?comment_id=Y29tbWVudDoyOTA5NTM1MjcyNDk3NTgyXzI5MDk1NDkxNjI0OTYxOTM%3D Vũ Văn Thuân Sống chậm thôi các pro :))
 https://www.facebook.com/nong.v.quy.1?comment_id=Y29tbWVudDoyOTA5NTM1MjcyNDk3NTgyXzI0MjI5MzU5NjEzMDIzNzU%3D Nông Văn Quý Khẩu trang mixi
 acc clone Nguyễn Khắc Hùng Khẩu trang Mixi xin hân hạnh đồng hành cùng các bạn trong đợt dịch này^^
 acc clone Sơn Bảo Sơn Đồng ý nhóo
 acc clone Linh Linh Nhớ bảo vệ sức khoẻ 👍
 https://www.facebook.com/people/Phuong-Thao/100043566531310?comment_id=Y29tbWVudDoyOTA5NTM1MjcyNDk3NTgyXzU0NDg0NjExOTQ1ODc3NA%3D%3D Phuong Thao Cực kì thuyết phục
 https://www.facebook.com/angelboon18265?comment_id=Y29tbWVudDoyOTA5NTM1MjcyNDk3NTgyXzE3NDU2ODM2NzE0MTM1NQ%3D%3D Thực's Savi's Tìm các đồng chí đồng học
 https://www.facebook.com/truong.nhok.796?comment_id=Y29tbWVudDoyOTA5NTM1MjcyNDk3NTgyXzc3NzcwMTkwNjA3NjMyNA%3D%3D Đỗ Xuân Trường Sắp lên đường nhập ngũ r ae..cần mang gì nữa hk ae
 acc clone Nguyễn Trãi Khổ trang mixi🤣🤣
 https://www.facebook.com/iloile101002?comment_id=Y29tbWVudDoyOTA5NTM1MjcyNDk3NTgyXzI1NDI4MTQ0NzkzMzI3MDI%3D Lợi Lê anh độ làm 1 cú kinh doanh khẩu trang mixi độc quyền là hợp lý thời tiết
 https://www.facebook.com/xuanluong.tuyen.54?comment_id=Y29tbWVudDoyOTA5NTM1MjcyNDk3NTgyXzI5MDk1NDA1NzkxNjM3MTg%3D Lương Xuân Tuyên Ăn cũng deo yên
 https://www.facebook.com/khanh.huynhcong.1420?comment_id=Y29tbWVudDoyOTA5NTM1MjcyNDk3NTgyXzg2NTgyMzQxMDUyMjQzNA%3D%3D Khánh Huỳnh Cực kì thuyết phục
 acc clone Huy Nguyễn Cực kì thuyết phục !
 acc clone Trần Khắc Hiệu cực kỳ thuyết phục
 https://www.facebook.com/hang.khenhh.5?comment_id=Y29tbWVudDoyOTA5NTM1MjcyNDk3NTgyXzExNzI0OTMzMzE2MTMwNA%3D%3D Phung Thi Minh Hang Cực kì thuyết phục 🌚
 acc clone Ngô Tiến Cực kì thuyết phục !
 acc clone Lê Tài Cực kì thuyết phục
 https://www.facebook.com/people/Vi%E1%BB%87t-Ho%C3%A0ng/100033721313038?comment_id=Y29tbWVudDoyOTA5NTM1MjcyNDk3NTgyXzI5MDk1NDc2MTkxNjMwMTQ%3D Việt Hoàng Giúp tui lên 100 like nhoa
 https://www.facebook.com/tranquockhoi1995?comment_id=Y29tbWVudDoyOTA5NTM1MjcyNDk3NTgyXzI5MDk1NDg3OTI0OTYyMzA%3D Quốc Khởi Đây anh :))
 https://www.facebook.com/namanh.vu.54922?comment_id=Y29tbWVudDoyOTA5NTM1MjcyNDk3NTgyXzE0NDk4MzQxODE4NDU1Nzk%3D Anh Tomi Thế thôi, ở nhà làm điếu thuốc cho nó ấm :)))))
 https://www.facebook.com/people/Chu-%C4%90%E1%BB%A9c-D%C5%A9ng/100041553350048?comment_id=Y29tbWVudDoyOTA5NTM1MjcyNDk3NTgyXzI1NDI4MTA4OTkzMzMwNjA%3D Chu Đức Dũng Nó lại hợp lý :))
 https://www.facebook.com/phan.keneej.7?comment_id=Y29tbWVudDoyOTA5NTM1MjcyNDk3NTgyXzE4NjY2NTUyMjcxMjMwNg%3D%3D Keneej Phan Cực kì thuyết phục!
 acc clone Gia Hân Mới mua neèe
 acc clone Nguyễn Quang Huy Cực kì thuyết phục =))
 https://www.facebook.com/bach.hoangvan.754?comment_id=Y29tbWVudDoyOTA5NTM1MjcyNDk3NTgyXzI5MDk1MzY0OTU4MzA3OTM%3D Hoàng Song cham lai di mn
 acc clone Dat Nguyen nghe hợp lý mà còn rất thuyết phục nữa🤣🤣
 https://www.facebook.com/datdckt?comment_id=Y29tbWVudDoyOTA5NTM1MjcyNDk3NTgyXzE0NDk4MjgzMzE4NDYxNjQ%3D Phan Đạt Cực kì thuyết phục
 acc clone Đức Vinh cực kì thuyết phục
 https://www.facebook.com/duc.nguyentien.395?comment_id=Y29tbWVudDoyOTA5NTM1MjcyNDk3NTgyXzUyODM3ODg2MTIxNjYwNg%3D%3D Nguyễn Việt Đức Cực kì thuyết phục
 https://www.facebook.com/people/Nguy%E1%BB%85n-Ph%C6%B0%E1%BB%9Bc-Hi%E1%BA%BFu/100008189670635?comment_id=Y29tbWVudDoyOTA5NTM1MjcyNDk3NTgyXzI5MDk1NDE1NDkxNjM2MjE%3D Nguyễn Phước Hiếu Tui còn cả hộp lận các bác ạ
 https://www.facebook.com/tainhot2k1?comment_id=Y29tbWVudDoyOTA5NTM1MjcyNDk3NTgyXzE5NDkwNDY5MTc2Nzc4Mg%3D%3D Vũ Trọng Tùng .
 https://www.facebook.com/tainhot2k1?comment_id=Y29tbWVudDoyOTA5NTM1MjcyNDk3NTgyXzIxOTQwMDk5NTkxOTU5MQ%3D%3D Vũ Trọng Tùng .
 acc clone Nguyễn Khang Hí anh độ em bán ké ạ
 https://www.facebook.com/people/Th%E1%BA%A3o-Nguy%C3%AAn/100036283548957?comment_id=Y29tbWVudDoyOTA5NTM1MjcyNDk3NTgyXzc5NjEwNjgxNzQ2MTQ3Mg%3D%3D Thảo Nguyên Cực kì thuyết phục :))
 https://www.facebook.com/people/M%E1%BA%A1nh-Th%C3%B4ng/100008796438531?comment_id=Y29tbWVudDoyOTA5NTM1MjcyNDk3NTgyXzI5MDk1NTI4MTkxNjI0OTQ%3D Mạnh Thông 
 https://www.facebook.com/Phuonganhnguyencute?comment_id=Y29tbWVudDoyOTA5NTM1MjcyNDk3NTgyXzEwMDU0MDA0ODE2NDIyOA%3D%3D Lại Ngọc Bảo Cực kì thuyết phục
 acc clone Anh Hai Nhanh thế ae
 https://www.facebook.com/people/%C4%90%E1%BA%B7ng-Ho%C3%A0i-B%E1%BA%A3o/100041556398939?comment_id=Y29tbWVudDoyOTA5NTM1MjcyNDk3NTgyXzEzNTU5NjM3MDk2NjI5Mw%3D%3D Đặng Hoài Bảo Cực kì thuyết phục
 acc clone Phúc Nguyễn Cực kỳ thuyết phục
 https://www.facebook.com/tangtri.cuong?comment_id=Y29tbWVudDoyOTA5NTM1MjcyNDk3NTgyXzEyNTIwNjA0OTAwMDg0NA%3D%3D Én Cực kì thuyết phục
 acc clone Đại Điếcc Đơn giản tiện dụng
 https://www.facebook.com/haduyet2001?comment_id=Y29tbWVudDoyOTA5NTM1MjcyNDk3NTgyXzE3Mjc1MjExMDY0NDk1MQ%3D%3D Hà Duyệt Hôm qua bảo ở youtube mà vào k thấy😳
 https://www.facebook.com/bon.chanh.50?comment_id=Y29tbWVudDoyOTA5NTM1MjcyNDk3NTgyXzQ4NTk5MTgyMjMyNzg1OA%3D%3D Nguyễn Đ. Duy Khánh Đứa nào yêu tao tao dành hết khẩu trang cho
 acc clone Lộc Thị Diệu Thời buổi bh nằm nhà là hopli vailon anh oi
 acc clone Mạnh Linh tối đá fifa xuyên đêm anh uiii
 https://www.facebook.com/long.vi.7374?comment_id=Y29tbWVudDoyOTA5NTM1MjcyNDk3NTgyXzI5MDk1NjcyMjI0OTQzODc%3D Long Acoustic Dịch Codonnha :))
 https://www.facebook.com/nguyen.quanghai.50702?comment_id=Y29tbWVudDoyOTA5NTM1MjcyNDk3NTgyXzE0NDk4MzMxMTUxNzkwMTk%3D Quang Hải Nguyễn Tôi có vacxin rồi. Ae đã có chưa:(((
 acc clone Nguyễn Thanh Tùng Chúc gđ a mạnh khỏe hp an khang và thịnh vượng
 acc clone Thành Thi Chúc gđ anh năm mới mạnh khoẻ ❤️
 acc clone Thai Ngo Tran Thành Thi xin clip với ạ
 https://www.facebook.com/tithang.yb?comment_id=Y29tbWVudDoyODk0ODEyNTUwNjM2NTIxXzI2NTA2NjY3ODgzNTA4MTc%3D Tí Thắng Thành Thi xin video pro ơi
 https://www.facebook.com/people/Nguy%E1%BB%85n-Duy-T%C3%A2n/100031994590016?comment_id=Y29tbWVudDoyODk0ODEyNTUwNjM2NTIxXzg0MDM4MDQ4MzA1MDMxMQ%3D%3D Nguyễn Duy Tân Thành Thi cho em xin clip với anh ơi
 acc clone Mai Linh xin video với :>>>>
 https://www.facebook.com/luuxuan.manh.5?comment_id=Y29tbWVudDoyODk0ODEyNTUwNjM2NTIxXzg0MDM3MTY1MzA1MTE5NA%3D%3D Mạnh Tôi xin vid vs ôg ơi :v
 acc clone Lê Trung Kiên Xin video ạ
 https://www.facebook.com/anh.taphuc.1?comment_id=Y29tbWVudDoyODk0ODEyNTUwNjM2NTIxXzE2OTQ2MDg4NzY0Nzg1Mg%3D%3D Tạ Phúc Ánh Thành Thi xin video với ak
 acc clone Ngô Phong Xin clip
 acc clone Phạm Thế Nhật Thành Thi em xin clip ạaaaa
 https://www.facebook.com/people/Nguy%E1%BB%85n-Thanh-K%E1%BB%B3/100024675933893?comment_id=Y29tbWVudDoyODk0ODEyNTUwNjM2NTIxXzE2OTQ1NjIwMDk4MTY1NA%3D%3D Nguyễn Thanh Kỳ Thành Thi xin video với ạ
 acc clone Nguyễn Thanh Phong Xin video ei
 https://www.facebook.com/people/Tu%E1%BA%A5nAnh-Nguy%E1%BB%85n/100011508511691?comment_id=Y29tbWVudDoyODk0ODEyNTUwNjM2NTIxXzI2NTA1NzMyNTE2OTM1MDQ%3D TuấnAnh Nguyễn Xin video vs bro
 https://www.facebook.com/people/Nguy%E1%BB%85n-Ph%C3%BA/100023734268630?comment_id=Y29tbWVudDoyODk0ODEyNTUwNjM2NTIxXzQ5OTczMTE1NzYxNzI4NQ%3D%3D Nguyễn Phú Xin video với ạ :(
 https://www.facebook.com/people/D%C6%B0-%C4%90%E1%BB%A9c/100011363131634?comment_id=Y29tbWVudDoyODk0ODEyNTUwNjM2NTIxXzE0ODgxNDg1MDQ2Njg0Njk%3D Dư Đức Thành Thi xin clip b êi
 https://www.facebook.com/soncorlo?comment_id=Y29tbWVudDoyODk0ODEyNTUwNjM2NTIxXzEwMTM4ODEyODA1OTU4NQ%3D%3D Nguyễn Cao Sơn Thành Thi xin vd đi bro :vv
 acc clone Trần Đạt Đức Xin video
 https://www.facebook.com/bancua.ban.1804?comment_id=Y29tbWVudDoyODk0ODEyNTUwNjM2NTIxXzE0ODgxNDAzMzEzMzU5NTM%3D Đỗ Duy Khánh Tui xin video vs
 https://www.facebook.com/minh.vunhat.52831?comment_id=Y29tbWVudDoyODk0ODEyNTUwNjM2NTIxXzE2OTQzMDAzNDMxNzYwNA%3D%3D Nhung Vânn Thành Thi cho mình video với :((
 acc clone Thành Thi Video mk gửi cho các bạn trong tin nhắn chờ á kiểm tra giúp mk ạ 😁
 https://www.facebook.com/boydz.icon?comment_id=Y29tbWVudDoyODk0ODEyNTUwNjM2NTIxXzE2OTQyODM3NzY1MTEwMw%3D%3D Đào Mạnh Cường Thành Thi xin video bạn ơi
 https://www.facebook.com/people/Trung-Hi%E1%BA%BFu-Nguy%E1%BB%85n/100005901421180?comment_id=Y29tbWVudDoyODk0ODEyNTUwNjM2NTIxXzE2OTQyNTkwNDMxODAxNw%3D%3D Trung Hiếu Nguyễn Xin vd bạn ơi :))
 https://www.facebook.com/people/Nguy%E1%BB%85n-Ng%E1%BB%8Dc-%C4%90%C3%A0i/100025812312055?comment_id=Y29tbWVudDoyODk0ODEyNTUwNjM2NTIxXzE2OTQyNTU5NzY1MTM4MQ%3D%3D Nguyễn Ngọc Đài Xin video vs pro
 https://www.facebook.com/cong.nguen.92102?comment_id=Y29tbWVudDoyODk0ODEyNTUwNjM2NTIxXzI2NTA1MjMwMjgzNjUxOTM%3D Cong Nguen Xin vd bạn ơiiiii <3
 https://www.facebook.com/people/Nguy%E1%BB%85n-%C4%90%E1%BB%A9c-Th%E1%BA%AFng/100028125636808?comment_id=Y29tbWVudDoyODk0ODEyNTUwNjM2NTIxXzQ5OTcxMzQ2MDk1MjM4OA%3D%3D Nguyễn Đức Thắng Xin video b ơi
 acc clone Thành Thi mn ơi mk gửi video trong tin nhắn chờ ấy mn vô xem nha 😆
 https://www.facebook.com/nguyen.vanhau.1614460?comment_id=Y29tbWVudDoyODk0ODEyNTUwNjM2NTIxXzI2NTA0ODUxNTE3MDIzMTQ%3D Nguyễn Minh Khánh Thành Thi cho xin clip đuowcj không ạ
 acc clone Dương Văn Nguyễn Thành Thi xin video vs
 https://www.facebook.com/people/Ti%E1%BA%BFn-Ho%C3%A0ng/100040432282656?comment_id=Y29tbWVudDoyODk0ODEyNTUwNjM2NTIxXzQ5OTY5NTc0NzYyMDgyNg%3D%3D Tiến Hoàng Thành Thi xin video ạ
 acc clone Trương Minh Hùng Thành Thi xin ạ
 https://www.facebook.com/bao.chutich?comment_id=Y29tbWVudDoyODk0ODEyNTUwNjM2NTIxXzEwMTM4MjczMTM5MzQ1OA%3D%3D Quang Bảo Xin vid :3
 https://www.facebook.com/longluu0605?comment_id=Y29tbWVudDoyODk0ODEyNTUwNjM2NTIxXzQ5OTY5MTMzNzYyMTI2Nw%3D%3D Long Thành Thi xin video với bro ơi
 https://www.facebook.com/thuong.emms.1?comment_id=Y29tbWVudDoyODk0ODEyNTUwNjM2NTIxXzQ5OTY4OTgxNzYyMTQxOQ%3D%3D Thương Thươngg Thành Thi xin ạ :33
 acc clone Thành Thi Lê Công Thắng rùi á 😆
 https://www.facebook.com/thang.lecong.16?comment_id=Y29tbWVudDoyODk0ODEyNTUwNjM2NTIxXzE2OTQwMTA5NDMyMDQ5OA%3D%3D Lê Công Thắng Thành Thi xin video bạn ơi
 https://www.facebook.com/to.cu.1232760?comment_id=Y29tbWVudDoyODk0ODEyNTUwNjM2NTIxXzI2NTA0NTA3MjE3MDU3NTc%3D Minhh Đức Thành Thi xin vid ạ
 https://www.facebook.com/myap.may.39?comment_id=Y29tbWVudDoyODk0ODEyNTUwNjM2NTIxXzQ5OTY4Njc0NzYyMTcyNg%3D%3D Tả Mẩy Cho mk xin clip vs bạn gì ơiiiiii
 acc clone Thành Thi Quốc Khánh rùi á bạn
 https://www.facebook.com/people/Qu%E1%BB%91c-Kh%C3%A1nh/100040849328535?comment_id=Y29tbWVudDoyODk0ODEyNTUwNjM2NTIxXzI2NTA0NDQ2MTUwMzk3MDE%3D Quốc Khánh Xin clip bạn yêu ơi...
 https://www.facebook.com/quy.phamlh?comment_id=Y29tbWVudDoyODk0ODEyNTUwNjM2NTIxXzQ5OTY4MTUxMDk1NTU4Mw%3D%3D Phạm Văn Qúy Thành Thi cho xin clip đi bro ❤
 acc clone Thành Thi Phạm Văn Qúy rùi á bạn tin nhắn chờ á
 https://www.facebook.com/Samchimtee?comment_id=Y29tbWVudDoyODk0ODEyNTUwNjM2NTIxXzE4NTM4NTEzOTQ1MDQ1NA%3D%3D Layla Sarah chúc mừng năm mới :3
 acc clone Phạm Thắng Năm mới chúc gđ anh Độ thật hạnh phúc và thành công hơn trong cuộc sống ạ ❤️❤️
 https://www.facebook.com/pe.nguyen.792303?comment_id=Y29tbWVudDoyODk0ODEyNTUwNjM2NTIxXzQ5OTY4Mjk5NDI4ODc2OA%3D%3D Nguyễn Kim Hồng Chúc mừng năm mới
 https://www.facebook.com/people/Nguyen-Tuan-Anh/100014464934366?comment_id=Y29tbWVudDoyODk0ODEyNTUwNjM2NTIxXzQ5OTc0MDA3NDI4MzA2MA%3D%3D Nguyen Tuan Anh Rep story dạo h dính lấy nhau luôn á mn, nhờ Tùng sói cả hehe❤️
 https://www.facebook.com/people/Nguy%E1%BB%85n-Ho%C3%A0ng/100032088613029?comment_id=Y29tbWVudDoyODk0ODEyNTUwNjM2NTIxXzE2OTQ2NTI0MDk4MDc1MA%3D%3D Nguyễn Hoàng Chúc mừng năm mới 😗
 https://www.facebook.com/people/S%C6%A1n-Kh%E1%BB%83nh/100025483149610?comment_id=Y29tbWVudDoyODk0ODEyNTUwNjM2NTIxXzI4OTQ4MjE3NjM5Njg5MzM%3D Sơn Khểnh Năm mới em chúc anh và gđ luôn mạnh khoẻ nha
 https://www.facebook.com/chinhh.kieuu.1?comment_id=Y29tbWVudDoyODk0ODEyNTUwNjM2NTIxXzI2NTA1MTYwMjE2OTkyMjc%3D Cinn Chúc mừng năm mớiiiii
 https://www.facebook.com/people/Nguy%E1%BB%85n-Thanh-H%E1%BB%93ng/100029207990674?comment_id=Y29tbWVudDoyODk0ODEyNTUwNjM2NTIxXzQ5OTg2NDY5NzYwMzkzMQ%3D%3D Nguyễn Thanh Hồng Happy New Year 🎆🎆
 https://www.facebook.com/people/Anh-Phuong-Hoang/100008929775625?comment_id=Y29tbWVudDoyODk0ODEyNTUwNjM2NTIxXzE4ODYyMTA3OTE5MzM1OQ%3D%3D Anh Phuong Hoang Chúc mừng năm mớiii
 https://www.facebook.com/phuong1234yeuanh?comment_id=Y29tbWVudDoyODk0ODEyNTUwNjM2NTIxXzE0ODg1MzA4NTc5NjM1Njc%3D Phương Hiip Chúc mừng năm mới ❤️
 https://www.facebook.com/bac.xeko.982?comment_id=Y29tbWVudDoyODk0ODEyNTUwNjM2NTIxXzI2NTA1Njk2MDUwMjcyMDI%3D Doãn Bắc Năm mới vui vẻ mn 😊😂
 https://www.facebook.com/giang.tong.562114?comment_id=Y29tbWVudDoyODk0ODEyNTUwNjM2NTIxXzE0ODgyNDQ2ODc5OTIxODQ%3D Tống Giang Chúc mừng năm mới
 acc clone Pham Dương Chúc mừng năm mới anh độ 🎆
 https://www.facebook.com/people/Pham-Anh/100014822293020?comment_id=Y29tbWVudDoyODk0ODEyNTUwNjM2NTIxXzYyMzQyOTk4MTc1NTcxNA%3D%3D Pham Anh Chúc mừng năm mới 😍😍
 https://www.facebook.com/thaobeoo05?comment_id=Y29tbWVudDoyODk0ODEyNTUwNjM2NTIxXzYyMzg1MzUwNTA0NjY5NQ%3D%3D Thu Thảo Chúc mừng năm mới <3
 https://www.facebook.com/nngvy?comment_id=Y29tbWVudDoyODk0ODEyNTUwNjM2NTIxXzEwMTM4MjI1MTM5MzUwNg%3D%3D Nguyễn Ngọc Gia Vy Chúc mừng năm mới anh nhaa
 https://www.facebook.com/people/Nguy%E1%BB%85n-T%E1%BA%A5n%C3%9D/100011998959507?comment_id=Y29tbWVudDoyODk0ODEyNTUwNjM2NTIxXzQ5OTY4OTMxNDI4ODEzNg%3D%3D Nguyễn TấnÝ Năm mới chúc anh tiền vô như nước
 acc clone Thăng Vũ Tùng sói 15 tuổi =))
 https://www.facebook.com/people/Hoang-Anh/100036903588642?comment_id=Y29tbWVudDoyODk0ODEyNTUwNjM2NTIxXzE2OTU3NTgyMDk2OTY5Mg%3D%3D Hoang Anh Chúc mừng năm mới 🙂
 https://www.facebook.com/baolinh.hoang.56808995?comment_id=Y29tbWVudDoyODk0ODEyNTUwNjM2NTIxXzE2OTg1MDYyNzYwODg3OA%3D%3D Hoàng Linh Chúc mừng năm mớiii 🎉🥳🎊
 acc clone Thắng Thẳng Thắn Chúc mừng năm mới
 acc clone Nguyễn Yến Nhi Anh Độ ơi năm mới mua quả vest trắng mặc đi chúc Tết là chấm hết luôn đấy .lại dân chơi vl không
 https://www.facebook.com/people/H%E1%BB%93ng-Hu%E1%BA%BF/100009284490025?comment_id=Y29tbWVudDoyODk0ODEyNTUwNjM2NTIxXzI2NTA0NjI4NjgzNzEyMDk%3D Hồng Huế Happy new year 😛
 acc clone Hoàng T. Hương Trà Chúc mừng năm mới
 https://www.facebook.com/cuong2709?comment_id=Y29tbWVudDoyODk0ODEyNTUwNjM2NTIxXzI2NTA3NTkyNDE2NzQ5MDU%3D Cương Hoàng Tử' Chúc mừng năm mới
 acc clone Bảo Trâm Chúc mừng năm mới
 acc clone Bằng Yên năm mới bình ann moa moaaa <33
 acc clone Phí Đình Tiên Happy neu year
 acc clone Như Ngọc Zeeeee ziaaaa chúc mừungg nămm mớiiii 💋💃🏻
 https://www.facebook.com/people/Nguy%E1%BB%85n-Hi%E1%BB%87p/100043848127835?comment_id=Y29tbWVudDoyODk0ODEyNTUwNjM2NTIxXzE2OTQzMjkzNzY1MDY0Nw%3D%3D Nguyễn Hiệp Chúc tộc trưởng cùng với anh em trong bộ tộc năm mới mạnh khỏe nhé
 acc clone Thu Phương Năm mới vui vẻ
 acc clone 农进达 Sáng mùng 1 :)
 acc clone Quyết Hoàng Chúc mừng năm mới ❤️❤️
 https://www.facebook.com/people/Tr%C6%B0%E1%BB%9Dng-Th%C3%A0nh/100034391294380?comment_id=Y29tbWVudDoyODk0ODEyNTUwNjM2NTIxXzI2NTA0MjQ4ODE3MDgzNDE%3D Trường Thành Yêu anh độ nhiều ạ
 https://www.facebook.com/yongki7470?comment_id=Y29tbWVudDoyODk0ODEyNTUwNjM2NTIxXzE4NTM5NDUwNTg2Nzc1MA%3D%3D Phạm Tuấn Điệp Chú chúc Tùng cùng cha mẹ năm mới sức khoẻ, bình an
 https://www.facebook.com/NguyenTienDat.VIE?comment_id=Y29tbWVudDoyODk0ODEyNTUwNjM2NTIxXzI2NTA0Mjk5NzE3MDc4MzI%3D Nguyễn Tiến Đạt Cực kì thuyết phục
 acc clone Nguyễn Đức Tuấn Năm mới stream đều nhé anh ưi
 https://www.facebook.com/doanhthanh9x?comment_id=Y29tbWVudDoyODk0ODEyNTUwNjM2NTIxXzI4OTQ4MjAxNTM5NjkwOTQ%3D Tèo Thiếu Nữ chúc mừng năm mớiiiiiiii
 https://www.facebook.com/katryn8?comment_id=Y29tbWVudDoyODk0ODEyNTUwNjM2NTIxXzI4OTQ4MjA3NzczMDIzNjU%3D Kyn Ai cũng có phần :))
 https://www.facebook.com/vitconiswibu?comment_id=Y29tbWVudDoyODk0ODEyNTUwNjM2NTIxXzQ5OTY5NjUyNDI4NzQxNQ%3D%3D あがつま ぜにつ Cám ơn mày và chúc mày và gia đình năm mới vui vẻ vạn sự như ý vị sự như mơ ngập tràn hạnh phúc
 acc clone Đặng Cherryy 🤣💛
 https://www.facebook.com/people/Th%E1%BA%B1ng-T%C3%A2m-Gi%E1%BA%A5u-T%C3%AAn/100035874493829?comment_id=Y29tbWVudDoyODk0ODEyNTUwNjM2NTIxXzI2NTA0MjIxMDUwNDE5NTI%3D Thằng Tâm Giấu Tên Em chúc anh và gia đình anh ạ
 acc clone Đào Văn Giang 🙃🙃😂😂
 https://www.facebook.com/tainhot2k1?comment_id=Y29tbWVudDoyODk0ODEyNTUwNjM2NTIxXzE1MTMwMjQyOTU1MzczNjM%3D Vũ Trọng Tùng 
 acc clone Trần Nhật Tiến Bác Chip chúc mừng năm mới
 https://www.facebook.com/soi.gaming.9?comment_id=Y29tbWVudDoyODk0ODEyNTUwNjM2NTIxXzE2OTQ2MjM5NzY0NzcwMQ%3D%3D Sói Cô Độc Cực kì thuyết phục
 https://www.facebook.com/thanhtung.trinh.56?comment_id=Y29tbWVudDoyODk0ODEyNTUwNjM2NTIxXzg0MDgyOTkyNjMzODcwMA%3D%3D Trịnh Thanh Tùng Chúc mừng năm mới bộ tộc
 acc clone Phương Thảo Chúc mừng năm mới🥳
 https://www.facebook.com/people/Son-Ho%C3%A0ng/100035211702612?comment_id=Y29tbWVudDoyODkzNDM0MTE0MTA3Njk4XzYxMDU0OTA0NjQzNjMzOA%3D%3D Son Hoàng Like cái này k độ bắn đó :v
 https://www.facebook.com/people/C%C6%B0%E1%BB%9Dng-Nguy%E1%BB%85n/100034095737612?comment_id=Y29tbWVudDoyODkzNDM0MTE0MTA3Njk4XzI5MTY2OTQ4NzE2ODM0NDg%3D Cường Nguyễn đây nhá
 https://www.facebook.com/people/C%C6%B0%E1%BB%9Dng-Nguy%E1%BB%85n/100034095737612?comment_id=Y29tbWVudDoyODkzNDM0MTE0MTA3Njk4XzQ5MTU4MTEwNDg3NzI0Ng%3D%3D Cường Nguyễn Nguyễn Duy Anh ơ
 đây có phải bộ tộc đâu bạn?
 Page mà?
 https://www.facebook.com/com.nam.92351?comment_id=Y29tbWVudDoyODkzNDM0MTE0MTA3Njk4XzEyOTkwMzk5NDg0OTcxMg%3D%3D Nguyễn Cẩm Nhung Cường Nguyễn a tôi cx 6 múi nhá nhưnng giờ thì đỡ rồi :))
 https://www.facebook.com/nguyen.duyanh.904750?comment_id=Y29tbWVudDoyODkzNDM0MTE0MTA3Njk4XzIyNzM5MjQ2MTYwNDMxNw%3D%3D Nguyễn Duy Anh ? Anh độ thì liên quan đéo gì đến thầy ba mà đem vô đây ??
 https://www.facebook.com/people/C%C6%B0%E1%BB%9Dng-Nguy%E1%BB%85n/100034095737612?comment_id=Y29tbWVudDoyODkzNDM0MTE0MTA3Njk4XzI0MTQ5NDExMDg3Njk1OTM%3D Cường Nguyễn :))))
 acc clone Ngô Thanh Tuấn Cường Nguyễn Cljt =))
 acc clone Trần Lân tiểu tiểu 6 múi :)))
 https://www.facebook.com/tuilacotday?comment_id=Y29tbWVudDoyODkzNDM0MTE0MTA3Njk4XzI4OTM0NTMxMjc0MzkxMzA%3D Xuân Tiến Buộc gòi, k dọn là má chỉ súng vào đít như này lày
 https://www.facebook.com/people/%C4%90%E1%BA%B7ng-Quanq/100005608681356?comment_id=Y29tbWVudDoyODkzNDM0MTE0MTA3Njk4XzI4OTM0NDYxMzQxMDY0OTY%3D Đặng Quanq Ok a gồng đi
 acc clone Lê Ngọc An Ok style dọn nhà của cao lãnh
 https://www.facebook.com/DuyNgoc1207?comment_id=Y29tbWVudDoyODkzNDM0MTE0MTA3Njk4XzI4OTM0NDUzODQxMDY1NzE%3D Phạm Duy Ngọc Cơ bắp ... 🙄🙄
 https://www.facebook.com/mai.mai.06052601?comment_id=Y29tbWVudDoyODkzNDM0MTE0MTA3Njk4XzUwOTU1Njc1OTY5NTQ5NQ%3D%3D Mai Maii Gồng như con nè bố :3
 https://www.facebook.com/lao.chuyy?comment_id=Y29tbWVudDoyODkzNDM0MTE0MTA3Njk4XzQ4ODI3MzgwODczMjkzNA%3D%3D Lêê T. Bích Ngọcc Trời má geww quá 🤦
 https://www.facebook.com/people/Tu%E1%BA%A5nAnh-Nguy%E1%BB%85n/100011508511691?comment_id=Y29tbWVudDoyODkzNDM0MTE0MTA3Njk4XzQ4ODI2ODQ5ODczMzQ2NQ%3D%3D TuấnAnh Nguyễn Gồng để ngoáy mũi
 https://www.facebook.com/people/D%C6%B0%C6%A1ng-T%E1%BA%A5n-Ph%C3%A1t/100027665400803?comment_id=Y29tbWVudDoyODkzNDM0MTE0MTA3Njk4XzEzOTY3NjI1NDE2Njg4Mg%3D%3D Dương Tấn Phát Ông nào cần thì ib em nhé =))
 https://www.facebook.com/quan.tminh.31?comment_id=Y29tbWVudDoyODkzNDM0MTE0MTA3Njk4XzUwOTAzMzQ2NjM5Mzk1Nw%3D%3D Quân Đang Học Bài Bố làm em tùng sợ đấy :(((
 https://www.facebook.com/people/Ngh%C4%A9a-Bllack/100020285168687?comment_id=Y29tbWVudDoyODkzNDM0MTE0MTA3Njk4XzUwOTAzNDk3MzA2MDQ3Mw%3D%3D Nghĩa Bllack độ gao bạc gánh hết :3
 https://www.facebook.com/thien.hophuc.9?comment_id=Y29tbWVudDoyODkzNDM0MTE0MTA3Njk4XzI4OTM0NDAxMDQxMDcwOTk%3D Hồ- Phúc- Thiện Đứa nào k dọn t bắn á :))
 https://www.facebook.com/haipho.81?comment_id=Y29tbWVudDoyODkzNDM0MTE0MTA3Njk4XzQ4ODI3MzQzNTM5OTYzOA%3D%3D Hải Phò láo bắn chết cha mày lun nhá
 acc clone Sầm Văn Giang Cơ bắp Cao Bằng đấy ông giáo ạ
 https://www.facebook.com/people/Minh-Tr%E1%BA%A7n/100035587477703?comment_id=Y29tbWVudDoyODkzNDM0MTE0MTA3Njk4XzI4OTM0NjA5OTQxMDUwMTA%3D Minh Trần Body chuẩn đẹp hay hay
 acc clone Huyền Vy Kinh nhờ 😶
 acc clone Nguyen Quang Huy Cực kì thuyết phục !
 acc clone Kiên Trung Nguyen Gồng hộ :3",,,
đjt nhau thế kỉ đây rồi,,,
Vui vẻ cc cứ theo a độ mà triển,,,
Dân InDo từ đầu đến giờ vẫn không hiểu nhạc Jack hay ở chỗ nào :vvv,,,
s ko có live z thầy,,,
Cho ra những tấm ảnh đầy tính ấu dâm,,,
Dương Dương nhà bạn em trước nhà một người nhưng vẫn chưa ai thông báo để đi cách li,,,
Biết đâu làm trò tăng view,,,
Nhìn như con điếm vậy :)),,,
Mk sem ma nhu nguoi dien cuoi mot mk co ai nhu rui hok 😂😂😂😂😂,,,
Việt Nam cố lên ! 🇻🇳❤️,,,
Rồi đeo hiểu nghĩ con cac j. Chấp hành vừa tốt mình vừa giúp nhà nước. H lại thêm quản phạt vs ngồi tù nữa thì hay,,,
trần dần được kết nạp khi nào vậy,,,
Tùng sói said: lô ông già:),,,
Các a cứ yên tâm 😆,,,
"Kệ đi chị hiếu ơi ,họ tạo tội thì họ mang tội, ,tui biết chị rất bức xúc vì mình sống thật ,tui đã xem nhiều clip nên tui hiểu họ rất ác ,chúc chị sức khỏe thật nhiều và bớt nóng tánh, ,,",,,
Bùi Thị Thảo Vy trend vầy chết anh 3 rồi =))))),,,
tém lại thầy ơi :'(,,,
Ánh Tuyết bình thuận nè mẹ,,,
Chuẩn bị sẵn búa đi Sói nhé :>>,,,
Già mà non,,,
Anh già rồi chứ nếu thời trẻ thì dăm ba người thái tuổi gì,,,
đục nc béo cò chứ sao nữa,,,
Nhiệt quần què ms đầu vào cảm rảm như chó h khen cc,,,
Nguyễn Quốc Huy thiện style à 😂,,,
cũng đc đó,,,
Thích a mc ổng cười đau bụng luôn.,,,
chị đáng yêu hết sức 🥰🥰,,,
Phượng Vô Danh chuẩn bạn,,,
78tr chứ 7 đến 8 triệu j anh tôi chỉ dc cái nói phét thôi,,,
chậm thôi,,,
Hồng Ân hơn trăm củ làm đám ma xong còn dư nhiu ta :)),,,
Mỹ Ngọc ăn nên làm ra vui vẻ làm ăn hk ra cái mặt như cái đống phân😶,,,
Về với cái style tụt nửa quần của anh đi 🙂,,,
Kkk...xjn loj cho mjh hoj co mjh hjeu la aj zay ?,,,
Ò,,,
Phạm Văn Lộc đây mới là idol chính hiệu,,,
"Ngày 7/7/2007, Bộ Chính trị ra Chỉ thị 15-CT/TW về sự lãnh đạo của Đảng đối với các cơ quan bảo vệ pháp luật trong công tác điều tra, xử lý các vụ án và công tác bảo vệ Đảng. Nội dung trong chỉ thị này có liên quan đến sự bất lực trong phát biểu của tư",,,
Có jk hay k đăng hoài,,,
Có tiền vay ko đi giải phẫu cho thành con gái đi ròi nc..ngừoi đàn bà có cây cà rem 9 giữa.kkk,,,
Nhìn hài vl,,,
Thúy Quỳnh gấu anh nè,,,
T đã dự đoán trước nha ae,,,
Nhin y chang nhau lun 😿,,,
T cmt chi để khoe fan cưngz,,,
K-ATM Cao Lãnh belike :v,,,
Bình luận chỉ mang tính chất khoe fan cứng :)),,,
Xin hãy sống chậm :))),,,
Đặng Tiến Hoàng sếp tổng đi lạc đâu đây sếp,,,
Câu nói đi vào lòng người 🇻🇳,,,
Co oi mieng linh nhu lon nguoi ta co thang vay do co,,,
vcl mấy thằng liệt não =)),,,
Tào Hưng thích thì chơi không thích thì chơi 🤣🤣🤣,,,
tym❤️❤️❤️ anh ưi,,,
"Thề là nhữnng lời khuyên của anh Độ rất thấm, nghe mà cx cảm thấy buồn thực sự",,,
Chỉ muốn ad chửi chết tổ bọn chó chít này đi 😋😋😋😋,,,
Những bác sĩ như thế này lại ra đi sớm quá 😢,,,
Gỗ này thì thôi vô một khúc,,,
"Cực kì thuyết phục, vậy nên phải cố gắng phấn đấu để nằm ở cửa trên nhé anh em =))",,,
Lịch trình ca 35 dày đặc,,,
👍👍👍👍👍,,,
Em xin cảm ơn abe vì tất cả ...,,,
Ông Trần Dần kết hôn với Lisa Phạm..(Trời Sanh một cặp),,,
Ơ hỏi khí không phải sao bên cái nền tự coi văn minh hơn việt nam mà lại ko xét nghiệm nhỉ 🤔🤔,,,
Ngọc Hào la sao ong,,,
độ đu bai,,,
Trúc Loan nhạc thằng K đệm nó khác biệt cha nội,,,
Trương Nguyễn fan dragon ball,,,
"Khi mà đã có suy nghĩ chấp nhận ý kiến người khác, trên ý thức xây dựng và đóng góp, tôn trọng và yêu thương nhau.Thì bạn đã trở thành con người có tư tưởng Chủ Nghĩa Xã Hội .",,,
cho đi cách ly 14 năm cho nhớ .sống thua cả con vàng,,,
dm linkkkkkkkkkkkk,,,
Đáng yêu thật sự,,,
Chán kh muốn nói :)),,,
:)) hóng ảnh nude full hd :))),,,
Chỉ ơi em khổ quá chị giúp em với,,,
Trần Thị Mỹ Linh đau bụng với các thánh page chửi thuê này nuôn,,,
Đẹp trai nhau nhà giàu sao ma bi nhũng thế này,,,
Thà ngủ sớm để đỡ phải rep tin nhắn,,,
Trần Thảo Nguyên ib m ạ. Sỉ ktrang sll,,,
"Lúc hoạn nạn mới nhớ quê hương, nơi luôn dang tay cứu giúp :)))",,,
"ntn andy mmmmnnnnnnnnnnnnnnjnn!!!! ! $?,, &?,,'xmcx'cn ' nn v ckdkxkzkxkpjkohjcjjvjvnvmnkkkkkkknnnnnloolppl",,,
Abe đóng phim !,,,
Cường Sirô nghe lời vợ nên sửa tus rồi :))),,,
Like cho chủ topic sinh zgai,,,
Thầy sống ảo vl,,,
Thằng chiến thắng là thằng về nhà và rồi quay lại với số đông (Black Muder),,,
"Uh,dung roi,du ma no nua di admin",,,
"Thế thì mới kêu làng kêu nước \"" ở đây rất là ngột ngạt\"".",,,
Minh Hoàng đúng dân chơi,,,
Cm nghĩ sao nếu anh độ để tóc dài như trước 😍,,,
Trần Đức hahaa có hậu hoàng luôn,,,
Người gì mà dễ thương quá vậy :)),,,
Trung thu thời nay chỉ cho các cặp tình nhân chớ không còn dành cho thiếu nhi :)),,,
mo,,,
Hằngg Ann đu ma may,,,
Nhai băng vệ sinh :)),,,
Ca khia cuc manh :)),,,
Tại ... những vụ này.,,,
Hiếu xo,,,
tạm biệt a :)),,,
Y chang c Quỳnh Đà Lạt,,,
Đc thầy :33,,,
"Vì một số lý do ""không ai mong muốn"", nhưng thầy và team vẫn cố gắng sắp xếp ra Hà Nội và thực hiện offline tại Viking 3 nhé",,,
"Về chính trị, chúng tuyệt đối không cho nhân dân ta một chút tự do dân chủ nào.",,,
thế là có chuyện để kể dài dài :)),,,
Cô  ba giàu có,,,
Nhà cửa tạm giữ đc trong vài tuần là vui rồi,,,
Hay anh ưiiiiiiii,,,
@MCVMedia e đi rồi kkkk 🙆,,,
"Vừa nghe, nhạc bạn này vốn không phải gu mình, mấy bài trước nghe cũng được, bài này không bằng mấy bài trước, được cái, mặt dễ thương nè. 👌",,,
Ngắn quá coi không có đã,,,
Dân có phải toàn đầu bó đâu . Mà đcm lấy cái lý do THUỶ TRIỀU ĐỎ ra loè nhau,,,
Phan Mạnh Cường hâm à. Thế là loạn lên hết đấy,,,
"Chia địa bàn là có thật,đất có Thổ công,sông có Hà bá.sợ nhất là những khu đất vàng dân ở bao đời cũng phải nhường cho ""giải toả"".còn lấn biển,phá rừng...thì bạt ngàn nơi nơi",,,
Thế mv mr siro giờ có cả tấu hài à các ông :))),,,
Mọe cái loại trai đéo phải nữ cũng không. Xàm lol quen,,,
✋,,,
HoàngQuân Hồ lại tỏ ra hay ho :)),,,
gi vay abe :)),,,
Ám ảnh vl,,,
Xình phép cho địa chỉ em muốn làm đẹp,,,
Úp đc thì win bà nó rồi chứ mà úp :)))),,,
Đến Hoàng Duy Hùng còn giác ngộ huống chi Trần Dần.,,,
điểm danh sương sương nè,,,
Like cũng được fan cứng 😂,,,
Quyền thuật của bác tiger gió thổi cũng bay,,,
Nó lại lên vlllllllll 🥴,,,
Ok bn,,,
May t thấy chứ kh còn lâu nữa,,,
quốc sư ko cố vấn mùa dịch cho trump à mà để lây lan thế kia,,,
Jkaơbuvsówv Hoàng Yếnn,,,
Nguyễn Thịnh quái vật 8 đầu dú,,,
"Có 7,8tr 😥",,,
"k phải k làm gì mà nhiều cmt như vậy nó bị loãng cmt với nhảm cmt vãi l ra ấy, có thể 1,2 cái bình luận thì vui chứ spam thì quạo vãi l ra",,,
Duy Ngoc Vu đâu âm ở đâu thế,,,
Khon nan lu tham nhung,,,
Cái này ngày trước nghe nói là do bị nở sàn . Còn nguyên nhân khiến nở sàn mềnh cũng k rõ lắm :3,,,
"Lương lặt vặt 7-8 triệu thôi, độ còn làm part time nữa cơ mà. Lương khoảng 7-800 củ chứ mấy, đủ để ngày ăn cơm rau muống luộc và cua hoàng đế thoi",,,
dây phải tao,,,
Chắc đợi mình sinh ra một lần nữa :)),,,
Đã đói anh còn hành bao tử em 😞,,,
Cố lên a3. SBTC vô đối,,,
Vâng abe luôn đẹp trai,,,
Ông chủ đầm tôm có quả đầu chất đới 🤣,,,
mém gáy,,,
Phải có giải noben toán học a Độ nắm chắc,,,
Nguyễn Thị Thanh bữa bảo mẹ nè,,,
Khung,,,
Nghe anh Độ nói tối nay lại off các ông ạ :)))),,,
1 tập khác của em nè,,,
E đz như thầy,,,
Bây h buồn vẫn khóc được chứ sao,,,
thích bà này vãi,,,
Chị dễ thương qa. Em ủng ho chị,,,
Đố anh không dùng fb nữa đấy 🙂 hi,,,
Nghỉ lễ của toii :v,,,
Thị Trung,,,
Nhưng phải phân biệt người VN với người Việt cọng vì người Việt Cọng cai trị người VN . Người Việt Cọng tàn ác với người VN hơn thực dân.,,,
oke Thầy Baaaa 👌,,,
Phương Xuka chị xuất hiện trong vid kìa :),,,
Chuẩn!,,,
Mừng quá nên tôi đem cất giấu trong nhà chứ không đem trả lại người gởi.,,,
3 triệu nhưng nay còn 300k😑😑,,,
Bài học ms rút ra là: thắng xong r hẵng gáy ......,,,
Mèo Tôm là con mèo tên tôm hay giống là mèo tôm ???,,,
Hoàng Lịch xin bro,,,
From Mixi With Love❤️,,,
Idol tui có khác. Phải v chứ ai như cái con phò tiệp tiệp j đó. Đm nó như 1 con đàn bà.,,,
Tiệp Nguyễn trend mới hình cánh hoa đây e😁 Oke haha 🤣,,,
"Quân bài tẩy ngày mai ms tung ra của Refund, hứa hẹn sẽ là clear tầm 2-3 squad sau đó vô địch luôn.",,,
Hương Thảo uh c cũng nghe câu hôm trc thì phải,,,
cực kì thuyết phục😃,,,
"Yêu cô, thương cô. I LOVE YOU CHU CÀ MO 💋",,,
"Khi dịch được cách ly tốt BGDVĐT said:\""vẫn diễn biến phức tạp cho nghỉ 4 tuần\""",,,
Đôi môi anh chỉ ăn trứng,,,
Bá Kiến đằng sau chứ ai,,,
Anh tôi đẹp hơn,,,
Thông tin chậm quá từ Hà Nội về TQ vừa hôm quá,,,
Nhà em 1 đợt thu tiêu có Tỉ 3 + tiền bán dây tiêu + tiền buôn bán tạp hóa chắc cũng có 2Tỉ. Chắc 3 đời nhà em mới có số tiền như vậy quá,,,
Pikachu !!!!,,,
Uk...h mẹ của tui hết chửi r....mẹ của kon...kon iu mẹ...,,,
dkm nó . nhà có cái bóng đèn giờ làm thế đéo nào? k lẻ nhà có cái phòng lắp 50 bóng đèn cho oách à,,,
Xịn luôn :)),,,
Gà Rừng xin địa chỉ để chụp cái ảnh r về 🤣🤣🤣,,,
Đặng Thành Nam thế bạn đang ns ji thế 😌,,,
"Sinh viên ĐH sư phạm và phụ huynh nên bãi công tẩy chay mụ hồng hán nô, hán gian mang chức hiệu trưởng này đi.",,,
Có ai có fb của trần dần ko,,,
Phim rất rất nhạt...còn Kristen thì chắc k bh có nổi 1 fim đóng hay đc...,,,
Tien Tien hôm bữa có ăn nè,,,
Thiên Vũ Thái củ cải,,,
Có DBT của linh viêt kiều này ko? Có cho c xin,,,
bạn hiểu thế nào là dân chủ :3,,,
Này đẹp hơn nè thầy,,,
Bữa nay Chửi hay quá!!!,,,
Nó đéo phải như trong phim mà còn phải đợi xem xét tình cảm như thế nào đây là ngoài đời nhá đợi đợi ccc,,,
"Đồng quan điểm, các ông bố đời mẹ thiên hạ chỉ giỏi nói =)) , thử hỏi thực tế đaz bao h bố thí cho nguời khác 1 đồng chưa mà như kiểu đạo đức vloz ấy =))",,,
Bao nhieu chien si : dang hy sinh tren mat tran chon xac nhung ncguoi chet khong he quan ngai mang song: chung ta nen tap trung cau nguyen cho nhan loai mau tai qua nan khoi : tai Italia: thoi thi chung ta dang o trong nha ma duoc xem nhung vo kich cung hoan hi don nhan bai ong,,,
"Trời, vậy mà biểu sao ai cũng thích, cưng hết sức, coi mà cười với thích dễ sợ",,,
Thương và kính trọng bác,,,
hợp lí vl,,,
Cho nó xem mèo Jack để quên mèo Tom đi anh êi,,,
chúc các bạn bữa tối ngon miệng❤️,,,
Đá đấm chi nx tời😅,,,
Nghe có vẻ yếu sinh lý nhưng hóa ra a yếu cả toán cơ bản =)))),,,
ghép ảnh lỗi vl,,,
giống vl =))) mà load 5 lần cmt đều nguyên 1 cmt giống nhau tg máy bị lag=))),,,
T ở Nguyễn Trãi nói tiếng Anh sao cho sang h 🙄🙄,,,
quá,,,
We stan the new supreme <3,,,
3h sáng em gọi anh đéo nhấc máy,,,
"Toàn ""sửu nhi""",,,
đêm nay ngủ đất luôn :)),,,
Ăn nói như bộ phận sinh dục vậy bạn,,,
Dùng nó chửi cho sml ak,,,
"Về với tập,ăn banh bao thịt người nhe ha ha h a",,,
Bên Quỳnh có váy xinh yahh 💙 Qua fb xem thêm ạ,,,
Ở 1 diễn biến khác..,,,
Học tập Nhật Bản đây mà :3,,,
Bắn chết cdm m khá tú,,,
"TD điên, VHL láu cá câu view. Dù vậy mùa dịch ở nhà coi cũng đỡ buồn. Hi hi",,,
ai đồ của tui. 😘😘😘😘😘😘😘,,,
yêu thầy,,,
oce thầy :33,,,
Dục vọng ơi! Chú em về nghỉ đi cho dân nhờ!,,,
K có vlog a ở luôn trên cao bằng đi hâhhaa 😂😆🤣🤣🤣🤣,,,
Hóng phần 2 của hài hải ngoại của anh Ba tại Lasvegas,,,
"Hồi những năm về trước, mình coi phim Vũ Điệu Hoang Dã của cô ấy, cô ấy rất đẹp, xứng đáng được gọi là Mỹ Nhân ❤️",,,
Giọng anh trung B52 thánh thót vãi lồn,,,
Qua có đọc đây là chiêu trò pr mùa dịch nói vài ngày sẽ xin lỗi giờ thì 🙂🙂🙂,,,
"Ở VN thì có thể, tôi nhấn mạnh là có thể thôi trở thành trend vì bạn là người nổi tiếng, còn sang nước ngoài bạn nhìn tấm ảnh đi, trông như đồ quê mùa học làm dân chơi",,,
Lưu ý: Nhà thằng Nam có bộ sưu tập tượng rất đẹp.,,,
Tàu khựa thì có ha ha tí làm j mà căng,,,
Tết rồi.,,,
Ha Anh Tri chắc chắn là con sam rồi. Nếu là con so thì b k cmt đc bài này nữa đâu. 🤣🤣🤣🤣,,,
Nó chụp ảnh chỉnh sửa quá mất mẹ vẻ đẹp trai của thầy rồi,,,
"CHÚNG ta tin tưởng vào đảng và nhà nước,sức mạnh dân tộc sẽ chiến thắng tất cả.Hà nội ơi,Việt Nam đất nước tôi cố lên",,,
Ông bạn Vàng của chủ nghĩa Cơm Sống.,,,
Tao mà là thằng quang hải thì thằng ad....,,,
Hải Châu cũng gần lắm luôn á Thuỳ Phan,,,
Kiệt Khoa =)) thua,,,
Có cl chụy mày tin ấy :)),,,
"đúng là cái dân Bắc Kỳ, tội này là do Đảng cả - ad cho hay :3",,,
Dâm loạn viên bây giờ toàn mấy thằng con nít ỉa chùi đít chưa sạch,,,
Tóm lại bạn cũng như Linh nóc Toàn là lũ thất học vì một chút tiền lợi nhuận chửi nhau kiếm tiền,,,
Cứ mơ đi vì cuộc đời cho phép.,,,
Chúc sức khỏe trần dần,,,
Đêm trung thu cũng là mùa sinh sản :)),,,
"Các bạn có nhiều tiền thì các bạn sài real, tụi tui làm đủ ăn đủ mặc lo gia đình các kiểu tiền ăn đâu mua 3tr 4tr. Tui ko là fan của ai cả chỉ thấy nói fake hay real thôi",,,
Loan Nguyễn việt nam vẫn đang làm rất tốt,,,
Vài hôm sau Hoài Linh lại mất công đăng đàn chửi lều báo thôi -_-,,,
"nhìn anh độ giống Sơn Tùng mtp vl, à mà nhầm giống ""gờ-đờ ga ron"" hơn",,,
mặt tao có vui k,,,
Ủa Cây atm là ca sĩ hả,,,
Mì tôm thế đưa em em cũng ăn hết:),,,
Cái lòn má mày mất dạy,,,
Ngồi đó nói thì hay lắm,,,
Moazhhhhh yêu abe lắm lunnnnn,,,
bọn công an chỉ có việc là đi đàn áp dân đen thôi.,,,
😂😂,,,
Để tưởng nhớ ơn đảng mình xin gửi tặng mấy bạn 1 bài hát,,,
"Chúc tùng , bố độ, mẹ trang và cáo cuối tuần vui vẻ nha :33",,,
bọn con gái nó vô tâm lắm anh hề,,,
riêng t chả thấy dơ à,,,
Xin chào đồng chí Trung tá Trần Dần . Chúc đồng chí tiếp tục công tác tốt và hoàn thành nhiệm vụ nằm vùng tại California. Thân ái chào đồng chí.,,,
Đã bảo mà Ngu như Dân cũng đỡ khổ hơn là mang tên Nhục thế Đảng.,,,
Bành bướm leo rankkk,,,
Hoàng Dương Khánh :3,,,
"Phân chia vùng miền là ngu. Ở đâu cũng có kẻ này người nọ. Thử hỏi phản ứng về vụ Formosa vừa rồi ở đâu được đoàn kết, đông đảo và không e ngại như giáo phận Vinh?",,,
Cố gắng làm cái giải chơi chơi về nha các a ưii❤️,,,
Mình xin không cách ly cho anh ấy nữa,,,
Chúc mừng bà và chia buồn cùng dân đen,,,
Cô đẹp quá cô iuuuu,,,
"đừg đùa mấy cha CA mập mập :)), cỡ mấy thằg óc chó lập page này thì nó đập cho bố mẹ nhận ko ra nhé",,,
Bùn lắm thì viết bức thư dời gđ vài ngày song trở về như a🤣,,,
đc thầy ơi,,,
"Ăn hết bao nhiêu tiền của dân để lo cho dân nhưng lũ mọi rợ này lo cho dân vậy đó,qua tàu rước bao công về chém hết lũ mọi rợ đó đi.",,,
Nguyễn Hiếu các bro đừng chửu nhau có mỗi đôi giày,,,
hợp lí vl,,,
Hoàng Thịnh anh về rồi đây😌,,,
Mình bán Pod nha,,,
Sena lúc này,,,
Chất,,,
"Theo mình thì nên nghiên cứu những thứ mà TG chưa có. Chứ giờ bắt tay nghiên cứu, thử nghiệm 1 chiếc máy bay trực thăng trong khi TG đã có từ rất lâu.",,,
Chíp bén thế :<<,,,
Trần Thị Hiệp có diễm phúc nhớ cũng mừng cho t 🤣,,,
sống nhanh lên các cậu ơi,,,
Cặp bot tấu hài vcsb,,,
"Xôi xoài, xôi mít Thailand + Bánh khúc Hà nội cực ngon đây...!!!",,,
Máy bay phalcon 10 tỷ bay về nước belike:,,,
Nguyễn Phương Hoa may v nhở 😅,,,
tay trắng :((,,,
Hoang Long :)))),,,
Nguyễn Sơn tđn ghét thầy ba thế à mà tút cu nào cũng thấy cmt :)))),,,
Chiếc túi dành cho mấy đứa hay ỉa dạo:)),,,
"Nam Linh bạn ko phải fan ko hiểu đc , mình nghĩ bạn nên nghe lại để cảm nhận, đừng vội phán xét",,,
A khắc việt rủ cách ly xong đánh nhau kìa,,,
"Chào mừng sự trở lại của Jack, cơ mà có ai cảm thấy bài này nó k được bắt tai cho lắm giống t khổng nhỉ 🤔🤔",,,
học trò của thầy bị nhiễm của thầy là đúng ròi :)),,,
Võ tắc thiên??,,,
Đọc và ngẫm!,,,
Có chân thứ ba đó mang ra mà bắn đỡ phải nổ,,,
Thầy giáo dậy toán Độ tày và học sinh Trang mưa :v,,,
Truyện ma mà kể như truyện cổ tích😌😌😌,,,
"Đã là người có tiền thì đi du lịch cái lúc k có dịch thì đi đi, đến lúc có dịch thì lại đéo hiểu luôn",,,
Nghe chị Hiếu chửi mà e cười sặc cả cơm,,,
mỗi cái gif cũng nhiều like vl :((,,,
Akai.dan ở gần kho dằn long bình,,,
Xạo lồn quá chị ba ơi,,,
Lời khuyên hữu ích của dân chơi tóc cái bang :)),,,
Xem giải trí vãi.ko hỉu j hết 😅,,,
Bổ chết moẹ abe bây giờ,,,
Việt nam nhiều ảnh hưởng nhất chắc chỉ có cali anh hùng. Xâm lược hẳn 1 bang của mỹ cơ mà,,,
Hình như chỉ có 1 vài quốc gia trên thế giới có hiện tượng lá mọc đinh như này nhỉ,,,
@Nguyen Thu Ha neu trump ko dac cu nhiem ky 2 ..thi tai con corona ...chu sao...,,,
Ape rap gắt với so deep,,,
Nghĩ nó chán,,,
Cô dễ thương quá trời quá đất ❤❤❤,,,
"thớt ngu vl, giấy cháy thì dùng nước, cháy bằng xăng thì dung cát hoạc bình chữa cháy dạng bột nhé, còn cái bình co2 vs lại cái bình thang ml trong clip cầm chỉ chua cháy trog phạm vi không gian nhỏ như phòng, hay cabin xe hoac chua chay do đien tử, chứ o ngoai duong khong gian nhu vậy xịt bình co2 bốc hơi mẹ nó roi !!! đăng bài ngu vãi lìn",,,
"Ờ kệ, dăm ba kg thịt heo. 🤣😂🤣😂",,,
Nguyễn Thanh cái này dơ hơn,,,
Tại phương tiện giao thông quá nhiều . Hazz,,,
nói câu nghe nhạt nhòa ghê á :)))),,,
Chỉ sợ thứ óc chó ngu hết phần chó như này,,,
Muốn nói sao mà chẳng được.,,,
Huyền Khánh Phùng ha,,,
"xã hội mà ông ơi, cứ có tiền thì cái gì ngta chả viết :v ông mà đẹp zai lắm tiền thì đi ỉa cũng lên báo =))))))))",,,
Xe cong tuc la cong tac.con xe dan tuc la dan den.bon bao ve chi la may con cho giu cua neu dan cho an thi no theo con quan cho no an thi no theo thoi bon cho hua ma,,,
Skin mới mọi người ơi,,,
Lam Pham Ai Chau add e vs cj ưiiii,,,
Nguyễn Việt Đức Đổi tên cũng chẳng giải làm giảm bệnh nhân đâu :((,,,
Ủa gì đây?,,,
Nguyễn Hoàng Ân 1705 :))) Abe gánh hết,,,
Bùi Cao Minh toang '),,,
Dm minh hieu la đo ngu,,,
Ổ nhền nhện.,,,
Chị ơi. coi kinh phật đi .rồi chị hỉu .lời tụt tĩu đó như thế nào.sau nầy chị hói hận.,,,
Mấy thằng báo đời này sao không ai chế tài🤔,,,
Sống chậm lại nha mấy má,,,
anh có thể quay cái mặt ra cho em nhìn không?,,,
Cu cho vài triệu nha di,,,
Sang đây chơi với Nhung nài :),,,
Quang Đạt lấy mà mua ip 12,,,
gờ đờ ra gôn :)))))),,,
Chưa viết thành Mê Cung là khá rồi. Mà cái thằng soạn thư này chắc cũng không biết Mê Công là cái thứ gì. Thằng ký thì cứ ký!,,,
vậy mà hôm nay NYC còn chúc sinh nhật tui các ông ạ . 🤣,,,
tuyệt đối ko haha nha ae =)),,,
Tấu hài lân trọc được hề trần dần chi bội làm video này giải sầu trong mùa dịch tàu,,,
Không biết danh hài có biết mình đang nói gì ko nữa kkkkk,,,
3 tiệm bánh mì :)),,,
Quá sai,,,
Fb cô tên gi v mọi người,,,
Thế này thì tiêu diệt cả 1 hệ sinh thái biển -_- !,,,
Chuẩn bị poppy được tăng 200%,,,
Trần dần ơi ông tiên đoán lúc nào thì corona sẽ ăn thịt ông,,,
@Văn Huyện Hồ,,,
Xin video đê,,,
iu thế ko biết :))),,,
Toanggg,,,
"Ụ ẹ đá đá rớt cái dt cái khỏi côi phố bô sa giờ nha bác dần 😂😂😂😂😂 ta cười rụn rún móa lầy lội, múa quyền như mấy ông già tập dưỡng sinh ngoài công viên 😂😂😂",,,
Ủa cánh hoa? 😷😷😷,,,
❤️🤣🤣,,,
Tết này mệt rồi !,,,
Như nhau thôi😅,,,
Tr xạt cơm vs bã .. mà thik bã lắm .. hài dể thương .. tui liệu hơi tục mà k xao vui là đc .. chúc chị lun có sức khỏe .. và mua mai bán đắc .. e ũng hộ hết mình nhé,,,
Bên a toang lắm hay sao mà phải điều trị ngoại trú nghe oải.,,,
bot nong chue di co minh hieu oi trong kinh qhat co noi kiep nay 0 tra kiep sao tra von o mat dau thoi co cung đung co buon,,,
A tuân ảnh cười kg ngậm miệng được hihi,,,
chỗ mình gần sát Bắc Ninh (Đông Anh),,,
nguyên bài phốt của nó đó,,,
Mấy bạn cẩn thận thằng này nha =)))),,,
Bạn đã đủ 18+,,,
Pha đầu 2 light pha cuối ba light,,,
"Thằng Giám Đốc Sở sẽ lôi thằng đánh máy ra kỷ luật, đúng quy trình",,,
Áo đẹp ABE ơi,,,
Lúc nào tới đoạn gay cấn cũng nghe nhô nhố nhô nhố =)))),,,
Hoàn Đình dịch vọng :)),,,
Bảo Ngọc lớn rồi hk có mua đồ tết! Mua đồ quanh nămmmmmmmmmm,,,
Nhật Tân em có muốn vô cổ phần không? Vô thì chở đi,,,
Nguyễn Duy Hùng quá nhanh quá nguy hiểm 😇😇,,,
Đang mải cắt mắt nhìn ngang nhìn dọc mà đ chịu nhìn trc mặt =)),,,
Má lấn sân chơi local brand luôn =))),,,
Thách thức anh Tiệppppp,,,
Sang thái ae trong team phẩu thuật nhanh thực sự 😂😂😂,,,
Bé vẫn đang ignore sự thật về việc China là nước có niên sử gây ô nhiễm môi trường nhất thế giới này 🥴,,,
Bamtp chạy ngay ddi:)),,,
Chuẩn đấy ad lên nhân rộng ra,,,
Anh Ba để Túuuu,,,
"Bao Binh tôi 1 tháng đc 20tr gửi về gia đình chi tiêu, cũng cái cảnh xa quê hương đất nước mới có được như vậy, cũng là có gọi là nổ lực như chị ko, chứ tôi nổ lực mấy năm r mà có cảm thấy giàu lên đc tí nào đâu",,,
Quynhh Anhh Tao tag m từ hồi bài này còn chưa nổi :v bh thành trend rồi,,,
1 cây cầu th thì đáng kể hem,,,
Quá đáng cực kì =((,,,
anh và gia đình nghỉ lễ vui vẻ ạ =)))),,,
HN Thu Nguyên nhìu cái siêu z mà thíu cái siêu thoát thì phải 😂😂,,,
Du ma may,,,
Ý kiến cái nhân 💦,,,
Trung đái dầm,,,
Bán cho trung quốc ca rồi,,,
Trùng hợp ghê:))))),,,
Dầu thơm của chị có cho em cũng k lấy,,,
Đánh cho mỹ cút. Đánh cho nguỵ nhào. Cách đây mấy chục năm dân ta hát thế. Và cũng cách đây mấy chục năm mỹ từng nói sau khi thua trận là sẽ quay lại việt nam k mất 1 viên đạn nào. Và giờ thì sao. Mỹ đã đúng. Còn ai đòi tự do dân chủ nữa không :)),,,
ủa ghế kia thì ngồi kiểu gì hả mn?,,,
Dm bị band cmt trong gruop,,,
😂😂😂😂😂,,,
"Cho dù biết là clip cũ ,và nó cũng đã xin lỗi rồi ,nhưng có lẽ CĐM cũng không thể tha được .",,,
fb not face :v,,,
MixiGaming Cộng Hoà Xã Hội Chủ Nghĩa Việt Nam,,,
Ok a nhớ =)),,,
Ai xem lâu sẽ biếtt,,,
Nay trung vào showbiz rồi nên phải đẹp trai,,,
Về cho con bú đi em ơi...,,,
Được quả áo khá chất thầy ơi,,,
So sánh với bắc triều tiên là biết ngay bản chất của độc tài rồi.,,,
mấy cái hội phụ nữ đông lào chả được tích sự gì nhỉ ! nam đá bóng thì thể thao là yêu nước còn nữ thì không ah ?,,,
Hết quảng cáo cờ lia men thì lại sang trì se me,,,
Cười chay nước mắt. Mà thương em nhiều lắm,,,
ok gionf,,,
Giọng nói truyền cảm,,,
Sắp thất học rồi aba ơi,,,
Thầy có cho em chân đi jungle không ạ :v,,,
Mọi người cho em hỏi cách vẽ như này là cách vẽ gì vậy ạ ?,,,
Để còn có cơ hội được xem hài chứ.,,,
Mỗi ngày 10 cuộc gọi.chọc cho nó chửi.2 tuần nó chửi trào mẩu họng ra nó chết k cần giết nó cũng chêt,,,
Nguyễn Bảo Trân vũ điệu hoang dã 😍,,,
Ra chỗ trc t học là đc mà m :)) a ấy cắt đẹp mà rẻ nữa :)),,,
Chị gái live stream said:,,,
Đức Hải,,,
Hay dị😂😂😂😂,,,
Vừa xem phim xong quay ra thấy idol đăng ảnh mà muốn đập mẹ cái Tivi🙂,,,
Bạn ý muốn xem xe nào cứng hơn . xem xong clip em chắc chắn xe máy cứng hơn oto rồi 😂,,,
Quảng cáo khá tinh tế :vv,,,
Thầy ơi aaaaashiba😂😂,,,
"Đăng Nguyễn jack ko hát thì ai hát, k-icm hả",,,
😀,,,
Biết rồi mà năm nào chúng m cũng gào chửi là sao hả ad :)) khổ vl,,,
"Tú said:"" cho cái lồn nè anh Ba"".",,,
"May là đô khùng, ăn nói tục tiểu ko biết cái loại ca tụng máy là loại ko học thức",,,
Sang vũ hán mà ở cho đợ ngột ngạt 😒,,,
Toàn Trịnh vậy 1k1 người yêu thích vì vị bác sĩ này qua đời thì sao nhỉ 🤔,,,
367754159,,,
"An Nhây Quế QuyênCamtien NguyenĐinh ChiUt LeNguyễn Thị Kim YếnJacob NguyenHue PhanNhư Ý Cao NgôXuân YếnPhùng Tuyền t ko mún t ko mún 😭😭😭 đã ko đc ăn cá biển r, h cá sôg cũg ko ăn đc, t ko múnnnnnnnn",,,
Không Ngộ e như thế là ko đc rồi,,,
Abe áo chất thế,,,
Buồn chỉ cần hút hết 1 bao thuốc là vui ngay☺️,,,
Chỉ cho một chieu the máy bay riêng trở quá Italy o cho thoi mái,,,
Tập cận bình nó mới qua khai trương nước mới mà 😂,,,
Muoi ne haui chuc ne đi duong quyen,,,
Cảm ơn anh nhờ xó clip này em mới từ bỏ,,,
"Gia mà nói chuyện vô duyên, khoe khoang đu thu",,,
Đây nầy sam nầy mới đúng . Ăn ngon không độc hại mà hơi mệt 😝😝😝😝,,,
Còn mình thì bắt nhân viên đi cách ly thay 😢,,,
"TÂM THẦN CÓ THẦN LINH HƯỚNG DẪN ,DÁM LÀM .CHẾT NHÁT THÌ LÀM CHÓ ĐI ,LÀM NÔ LỆ ĐI .ÔNG TRỜI ĐANG RÂY ,LỰA LỘC AI LÀ CON ÔNG TRỜI TÀI ĐỨC VĂN VÕ TỪ BI BÁC ÁI RA LẢNH ĐẠO QUỐC GIA .AI LÀM ĐƯỢC ? TÔI VÀ ANH CHỊ .HÃY HANH ĐỘNG .TOÀN NGƯỜI VN NHÌN CHON LỰA ĐỦ TIÊU CHUẨN RA LÀM TỔNG THỐNG THAY ĐỔI CHẾ ĐỘ CSVN.",,,
Con bạch tuyết chào con võ tắc thiên 🤣🤣,,,
Ngon đó,,,
Anh ơi thằng bạn em bị thế rồi bắt đền anh đấy Đàm Nhuận,,,
Link đâu add?,,,
độ học giỏi,,,
Hồi còn nhỏ tạo dáng Tay như vậy mà bị người lớn đánh không trợt phát nào🧐🧐🧐🧐Trend nữa chứ=)))),,,
Tham nhũng kỳ diệu :3,,,
Các em ở nhà yên tâm anh vẫn mạnh khoẻ :v,,,
Xinh quá à. Bản lĩnh quá à. Yêu e.,,,
SUB & SHARE: https://tinyurl.com/y5zmfmro,,,
đấm xàm loinf,,,
"Hội bảo vệ trẻ em - phụ nữ tiêu tốn ngân sách 1 năm bao nhiêu tỷ, có làm được trò gì không ? Bao nhiêu trẻ em bị bạo hành, lạm dụng , phụ nữ bị hành hạ đéll bao giờ thấy hội thối đấy ra mặt bảo vệ",,,
đúng mẹ luôn,,,
Chúng mình lớn r. No hề nói kiểu tiếng this tiếng that như này nhỉ Dung Phùng Minh Bình Trang Mun Ngọc Hân Trần Huyền Kưmmi,,,
Nguyễn Thế Sơn nghe nhiều lần là nghiện á bạn chứ nghe lần đầu hong hay lắm,,,
Khác gì bọn zom đâu,,,
Gia cát ba là e cứ tưởng tế công phiên bản bóng chứ,,,
Dân quê như mình đéo hiểu cái mốt gì ?,,,
Tui bán nước hoa giá 5-6tr nè....có tiền mua hong....nếu ko có tiền mua thì mua loại vài trăm nghìn dùng thì bảo giả....🤣🤣🤣 Đúng là nghèo mà còn đòi dùng đồ xịn nhưng rẻ.,,,
"Cây bút đẹp thế:\""∆",,,
Abe bucu,,,
Ngânn Ni đúg r xog tết treo mỏ lên nhìn ngta mua đồ,,,
*đẻ trứng,,,
Add là cai lol,,,
:v chắc cần biết nói tiếng TQ !,,,
Lóc cóc chen chè đậu đen,,,
Xin link cái?,,,
Vậy nó có ảnh hưởng gì tới cs chưa ?,,,
Zấn đề mà tiếc ziên là coi như là tiếc ziên 😂,,,
Chậm thôi mấy ace,,,
1 diễn biến khác 😀,,,
#ERROR!,,,
quá trời đẹp r cô,,,
K7 ????,,,
Thấy cưng dễ sợ luôn,,,
Lưu Bảo Toàn đọc hại não vcl,,,
Muốn lắm mà chưa chồng chưa đủ tuổi tộc trưởng ạ! :(,,,
Chi oi e dang kho vi con corona nghe 1 nghin do em bi choang,,,
Cô minh Hiếu nói chx có duyên quá,,,
Bố tui đấy ak 🤔😮,,,
In vô vở nhà trường cấm học luôn đó Abe :))),,,
Dễ thương thật sự :))),,,
Lương 7-8 củ dùng lap 100 củ =)) . Anh tôi nghèo lắm các bạn ạ :((,,,
A tức nhiên.....Cái mà tức nhiên a tức nhiên,,,
Thô nhưng thật :)),,,
Hình gì cơ?,,,
Fu thê,,,
Cẩm Hà mình cũng chuẩn bị z đó,,,
Thương Thầy của em <3,,,
NhungLê Lê nhung search gg xem sao :)),,,
Chậm thôi nàoo,,,
Nghe nói muốn gớt nước mắt dị ó :((((,,,
R.I.P Đà Nẵng 😢,,,
Nguyễn Đức Thủy hại thận,,,
Được veler,,,
Đã quá cô ơi.... 😂,,,
đúng thầy ko ae,,,
Dự là phải đi học tiếng Trung Quốc ngay thôi,,,
Khá lắm . Dám đứng ra chửi cả 1 lũ dô dăn quá . :>,,,
Mong các bạn nữ đang nợ mình nửa cuộc đời thì cứ tự nhiên trả nhé mình không ngại nhận đâu :)),,,
Nghe xã stress ghê á hahaha . Vui vui nha,,,
"Có chữ để đọc mà còn không mang ơn ,,,Đúng là lũ khốn nạn ,,,,Đề nghị đổi chử của thằng giáo sư đầu bùi cho dễ sữ dụng,,,,,,,Đã vậy còn tôn thờ hai thằng mũi lõ mắt xanh gây đau khổ cho bao dân tộc trên thế giới,,,,Dân vn còn chưa có được cục phân của nó để bón cây vậy mà tôn thờ hơn cha mẹ",,,
"Luật Nhân Quyền của Mỹ dành cho HonhKong thật sự rất GOOD. Lũ hắc cảnh đã rón dái hết rồi các Bác ạ, làm chó săn cũng để kiếm tiền đi sứ giãy chết, mà giờ bị áp chế thế này thì làm chó chi cho người ta chửi nữa chứ 😷😷😷",,,
"Chinh phu viet nam cho ong ve dan viet nam cung thu tieu ong ,   , amen ,   amen.    Amen ,",,,
"thằng ngu lồn ad này google không tính phí đâu, xem lại không phận là cái gì đi",,,
Câu chuyện buồn,,,
K hiểu phong cách này thì đẹp ở chỗ nào 🤔,,,
Lê Văn Quật Minh Hậu,,,
Cmt rồi nhưng k thấy fan cứng 😥 mất fan cứng rồi . Cày lại thôi,,,
em đang suy nghĩ a đang nói gì 🤔🤔,,,
"Ủa QH nó yêu ai ,chia tay ai,quen ai quan trọng không?",,,
K-ATM có phải ca sĩ méo đâu mà cho vào đây 😂,,,
Hiếu Đặng Canada nè bạn,,,
Cmt,,,
xin hình gốc cái ông ơi =))),,,
Trúc Thanhc,,,
Cho em xin FB cô,,,
Mes ddocj muoons sangr ddm,,,
nghe cô nói mắc cười gần chớtt,,,
Vũ Thanh Tùng lại hợp lý,,,
Minh Hiếu miss Cai Lậy from Việt Nam,,,
Một pha xử lý đi vào lòng đất ...,,,
Ai lớp du chu cà mo anh yêu em cho grờ cu,,,
Nguyễn Tâm đi trước thời đại,,,
Hay quá abe ơi :))),,,
Ck4mk4m quá đi😢😢😢,,,
@MCVMedia 😂,,,
Việt Nam vô địch :))),,,
Khoan từ từ cái em oi:),,,
Cô  gái  nây  nói  quá  có  duyên  chủi  cũng  quá  đả,,,
☆Thanh lý giày thể thao giá rẻ nhất hà nội .,,,
Hiệp Nguyễn thẳng vl,,,
Yêu a tiệp :,,,
Haizzz thằng này nguy hiểm,,,
Thấy cưng quá trời quá đất 😆😆😆,,,
Cô tao dễ thương quá nè cười muốn rụng nụ,,,
truyền thống văn hóa tốt đẹp từ thời hòn dái viễn đông nhé :v,,,
Ai để ý như t k? Chỉ để ý mỗi cái ảnh tùng sói,,,
Trung thầy bói,,,
Nhất định là như vậy,,,
Phú Quốc Lâm mai linh chết ng kìa a,,,
Quỳnh Aanh nhìn phê quad,,,
Chúng nó xài đúng luật luật trong tay hay xài luôn luật rừng có trời mới biết -_- !,,,
Cực kì thuyết phục 🤦🥴,,,
"Đặng Bảo tào lao, nhạc trước giờ cũng jack nó sáng tác chứ có cái đb mà liên quan kicm, bài hồng nhan trước đó chắc có cứt tên kicm trong đó",,,
"Cầu xin thượng đế, hồn thiêng sông núi phù hộ cho Tran Dan. Amen",,,
Cô chuyển giới là năm con đc sinh ra luôn .. bất ngờ thật . Năm nay con 15 t rồi. ai như mình k điểm danh,,,
😂😂😂,,,
Nghe là muốn xem rồi,,,
Từ từ 😂,,,
Thử nghĩ một xe tải đầy hàng mà dính 1 phát xem có lật không?,,,
Xin clip với bạn,,,
Đố anh bắt được em >>,,,
Bắt cô lại ko cho đi,,,
:(,,,
"Ông Nhật Bản đi bar truyền nhiễm, ông Hàn đi hiến máu :))))",,,
2k còn k ăn thua nữ là 200 :))),,,
https://youtu.be/Fpgqg9PpeOw mọi người vô xem xe hiểu tại sao bac này bị đồn này.tôi nghĩ là vị này đã tiên đoán đất nước mỹ bị dịch bệnh tấn công,,,
CON NAY MAT DAI THAT,,,
Cực kì thuyết phục!😀,,,
Quân Lê vãi ông :),,,
"thế ông PA và những người khác k nhận lương từ nhà nước mà vẫn đánh đổi mạng sống của mình đó, mình còn vừa nghe tin có một bạn đi từ thiện bị tai nạn mới mất đó, họ k nhận lương từ nhà nước nhé. Còn những người nào làm nhà nước thì chấp nhận đi, đó là trách nhiệm của họ nhé, họ phải làm nhé",,,
HoàngQuân Hồ lại tỏ ra hay ho :)),,,
Cô dễ thương quá trời luôn ❤,,,
ôi đm ^^ nhìn mà thèm coi thủy thủ mặt trăng vc,,,
Anh nói hay vl! Kiêu thì nghỉ mẹ đi còn gì nữa :)),,,
Nghe có vẻ yếu sinh lý nhưng lại yếu luôn cả tóan hóa =)),,,
Nguyễn Vân đó rồ,,,
Xã hội bây giờ..công an làm bố đời thiên hạ..chánh án chịt nhau trong cơ quan..dân oan bị cướp đất...đậu xanh rau má...đất nước đáng sống..,,,
C ơi qua đài loan mà kiếm linh lóc chứ bà Linh có về VN đâu mà về sg kiếm bã Linh trời. Đài loan hơn tháng này đóng cửa sân bay rồi giờ sân bay đóng cửa chắc den tháng năm mới Cho người về VN. E ở bên này đang ở nhà cả tháng vì dịch dang tăng tất cả quán bar quán ăn ktv điều đóng cửa hết rồi có muốn kiếm bà Linh lóc thì qua đài loan Di c,,,
Có 1 loại ng như tao cho dù không thấy gì nhưng vẫn haha :>,,,
"Lá lành đùm lá rách là ở đó. Tiền thuế người giàu ""đùm"" người kém may mắn. Đó cũng là tư tưởng của mọi đảng chính trị thế giới, và điều nực cười nhất đó là Đảng Cộng sản nỗi dậy vì các tư tưởng bảo vệ người nghèo, người kém may mắn. Nhưng khi nắm quyền thì họ lật lộng. VN cũng có câu hay về những người đó: ""quẹt mỏ như gà"".",,,
Vẫn mãi là abe :)),,,
Bị bệnh bên Anh sao lại cho nhập cảnh vào VN,,,
Chỉ có thể là nó,,,
Sao lại không có chú Công Lý nữa vậyyy,,,
Mì tôm :)) nhưng là tôm alaska :'> alaska đấy mấy ông ạ :)))))),,,
Ha ha xem đi xem lại vẫn thích,,,
Chỉ sợ những người dùng não để trồng cây,,,
Cự kì thuyết phục!,,,
Cô ơi cô lấy cái bai trộn hồ dích hột le nó đi cô,,,
Mong là tìm đc 😯,,,
Có nên tặng anh độ con iPhone 11pro max này để GA cho anh em ko nhỉ ??,,,
"mấy lần trước ko ý kiến, lần này chửi thẳng luôn: AD NGU",,,
😏💁,,,
Cần lắm 1 đường link,,,
Lê Thành Trung học trò lồn 🙂,,,
Nhục chưa? Sở DL HN còn hay giải tán rồi mà dân gọi cả ngày mà ko LH được là sao?,,,
"Đã xem, 2 người vô dụng nhất lại còn sống, thấy tiếc cho nữ chính 😔",,,
"Được anh , được vãi lon anh ạ :)))",,,
Chậm cái đầu buồi. Nhai như gia súc ko biết nhục à ? Hả thành phần cặn bã xã hội,,,
"Lúc trước tao nghĩ VN chỉ thua Singapore, Thái Lan, Malay...giờ thì tao nghĩ giờ VN chỉ hơn đc Đông Timor 😢",,,
r a,,,
Nay live kênh mới hả a3,,,
nứng chưa ae,,,
Đéo thấy thằng ad giúp ai dc cái cc j mà toàn ở đó bô lô ba la nhãm cức,,,
"E có tin vào duyên số k, ờ, nếu tin thì cưới :)))",,,
Trần Vinh :) về nhà mà giúp mẹ giúp cha ở đây thuyết phục cái mả cha nhà mày,,,
Bắt trend nè 😊😊,,,
Tiền ngta gửi nước ngoài hết rồi lấy đâu ra mà ủng hộ.,,,
"chửi TQ j thì chửi chứ cái này cũng lợi ích các nước khác chứ đâu chỉ VN ko, vs lại năm nay mưa ít, lại dùng thủy điện thì thằng nào cũng tích nc thôi, chứ ko phải lý do chính vì chính trị đâu",,,
ua roi cai nut xac nhan dau,,,
Nhìn có vẻ giống hình ảnh của 1 vụ án mạng!!,,,
Dang Khoa Nguyen nó gọi là tinh thần san sẻ đoá :3,,,
- không biết gì sao làm bọ chưởng ?,,,
Bên nc ngoài làm thấy mẹ bày đặt đm,,,
Huyền Khánh Phùng khác mỗi cái mũi một bên chỉ lên một bên cắm xuống :3,,,
I lóp du chu cà mo 💗,,,
Chính thức hết thờii :),,,
đứa nào năm vừa rồi chưa đóng học phí cho abe?,,,
Ad ơi cho em xin phép. Em xin cắt chức fan cứng của em ạ. Em thấy em không phù hợp với chức vụ cao cả này. Tự dưng xem chùa cũng được fan cứng. Mong ad chuyển cho bạn khác xứng đáng hơn em. Em cảm ơn! 😖😖😖😖,,,
Mũi của chị đẹp hơn nhiều,,,
Tàu khựa tao thù đục nước,,,
Mai là thứ 🇻🇳 phải 🇹🇭 cả Lớp 🤣🤣🤣,,,
tộc mixi assemble !!!!!,,,
Nghĩ mà chán 😎😎😎,,,
t lại thấy đẹp cơ huhu sr mng 😞 đừng chửi e,,,
Thấy chưa các bạn.chó lại nhà là nhà giàu khá nha 👍👍👍😘😘,,,
Con chó điên,,,
Chị ba còn trinh có cây đinh chính giữa,,,
Chuc mung sinh nhat =)))),,,
Gio phai tu nhan tich duc chet roi mang theo tien bac k co mang theo duoc,,,
gái hay trai vậy mn,,,
Nguyễn Vi Vân cái chị quan tâm là làm sao tiền về túiii mình là được e à 😂 ghi chú thêm ở chuồng cũng được nhưng phải thơm tho chút xí nha em kkkkkk,,,
I love Thắm 💋,,,
Nghe bà này nói chuyện ốc ác noi da gà hết sao ma ác khẩu vậy mà nói tâm tốt sau này cái miệng bà này o có voi nam một cho  roi đó hết la làng tôi kieu an bà này sẽ co,,,
Trend nay này Việt Nam có từ xa xưa rồi 😅😅,,,
💆🏻‍♀️,,,
Vui cá,,,
Lily Panta Milo bắt kịp trend luôn ghê hông,,,
Món quà năm mới Thầy dành cho chuột 😀 Riot sẽ buff chuột mạnh tay,,,
Từ Miền Nam em vượt ra Bắc :)))))),,,
Cuong Quoc Thi Thi Gam Pham hôm nay của chúng ta yeh yeh yeh yeh,,,
Hoai Tam Truong vl :)),,,
"Bữa thấy anh Khánh Phương mon men vô đây hỏi chăm sóc da mặt, chắc a có dấu hiệu lão hóa rồi hihi",,,
ai coi trần dần và ngô kỷ là kẻ ngu ngóc...,,,
CHÚC MỪNG MINH HIẾU MÃI ĐẸP TRẺ TUYỆT VỜI MÃI MÃI NHÉ MẾN CHÀO QUÝ CỘNG ĐỒNG QUỐC TẾ THẠCH HUỆ QUẬN 3V NAM,,,
kkkkkkk con này bị cô ba vàng mã đào hết mớ rồi kkkk.bị sập bẫy của bà tam cung chén mũ rồi kkk,,,
Biết thế thì im cmm mồm đi. Lại còn đòi dân chủ hóa. Đm thg tàu nó mà bóp thì chỉ có chết. Biết điều nó còn tha cho. Bật nó hỏi xem có thg dân chủ nào ở cạnh mà cầu cứu k. Toàn mấy thg xàm,,,
Tuyệt vời đấy,,,
"Người ta có tâm người ta làm . Người ta chả nhận lợi ích hay bổng lộc gì cả . Mấy bố ăn lương cả năm , ai làm vc tốt cũng dc tung hô hết.",,,
Do các chuỵ em cứ động tí là hẹn ra phố đi bộ giải quyết nhé . Đông ng gây hư hại,,,
Tội nghiệp dân đen chúng con,,,
"Xấu quá trời, mà bày đặt chửi dan vn miệng như hai miếng thịt bò, ghét má quá trời à má ơi",,,
Chết với cộng sản thôu,,,
Nguyễn Thanh Thúy còn giọng tớ có thể đi vào tym cậu được chứ,,,
"Nguyễn Tuấn Hiệp , nhưng thực sự nhạc nhẽo đéo nghe nổi hết 1phút =))))",,,
Bọn 3/// tuột quần và bọn CCCĐ lúc này chui đi đâu mất mà kg nghe thấy chúng sủa vậy anh Vũ Hoàng Lân? Hay là chúa rước bọn chúng xuống địa ngục hết rồi?,,,
Cô vàng thật mà sao trước sau như một vậy ta .,,,
"Uầy, thiên thời khó nói lắm. Biết nắm bắt thời cơ có thể được đấy.",,,
Gọi điện đc cho chủ quán . Kêu e thanh toán đắt. Xong chủ quán cũng ko thích làm căng nên giảm giá cho nó. Tính 2 sen 1 giờ. Đã thế chưa thanh toán xog mà nó đã đòi chỉ trả 1 man vs chủ quán. Chủ quán e bảo từ đã . E tính hết 1 man mốt hay man 2 gì đó. Xog đòi trả 1 man. Chủ quán bảo ừ thôi cho nó để nó đi cho nhanh,,,
Ơ Đ M sao lại có cờ Tàu k h ự a thế kia,,,
Như lol thầy ơi,,,
Đăng Quang Charlie Trần ý thức ghê,,,
Bán dân để trá nợ,,,
Tag sela vô,,,
Nổ địa chỉ đi để em đăng kí slot mà biết đâu vào đó lại kiếm được người yêu một công đôi việc luôn 👻,,,
Thanh Bình thái bị gì a nói với e rồi đấy,,,
Ốc chó mới kêu cầm cờ việt nam diễn tập.,,,
thơ tặng nhung,,,
Like mạnh,,,
Klq mình chỉ thay thầy sela truyền tải thông điệp yêu thương đến mọi người,,,
Giáo án mới hả thầy,,,
Thế mà đ cố tình mua bánh trámg của t,,,
Sang đây hóng đi. Bên này vui này. Hay hơn Beat. T từ fan cuồng beat giờ chuyển sang fan cuồng Chửi Thuê rồi. Chửi chất nhất quả đất :)))) Tô Hoài Thu Hùng Nguyễn,,,
July Phạm triển đê :)),,,
like vuot ca dislike cua ATM :)),,,
bà mợ tui mua 1 chai mà tặng 3 chai =)),,,
Yêu Thầy Ba vãi cẹt 😚,,,
:))) thầy sela,,,
Người ta bảo không hiểu sao cứ nhìn chỗ đấy là cười chứ có phải không hiểu đâuu mà các ông giải thích 😪,,,
Chi Minh hieu de thương quá,,,
em bị r a ơi,,,
"nhìn ảnh khá là vô lý , dòng cap cũng khá là thuyết phục",,,
"đm , đúng là mặc đồ như cái quanque thiệttt 🤦🏻‍♀️",,,
Dân ta còn nghèo! Mới thoát khỏi chiến tranh!,,,
"Vậy mà có cái bè lũ đòi huy động vàng trong dân, ngoại tệ trong dân, ngoại tệ đó từ nước ngoài gởi về chứ có in ra đâu thím 7, ngoài ra đám con cháu của cái hội gì đấy qua ở chung với bọn đu càng chắc cũng ăn bám trợ cấp của chính phủ nước sở tại hay ăn từ tiền ba mẹ tụi nó đi hút máu đi bán đất vậy thím 7, so ra cái nào nhục hơn ?",,,
Mình giám chất luôn anh Hoàng Lan còn bị ảnh hưởng với dịch chứ bác nầy 100/💯 luôn mạnh khỏe qua mùa dịch nầy đó 😄😄😄,,,
Chả nhẽ mình lại thành antifan 1 hôm nhỉ,,,
Ba chào cô chú,,,
😂🛩🚀,,,
"Ninh Trần Đi đâu cũg gặp -,-",,,
Đợi cc :)),,,
Fan của độ học giỏi chưa bao giờ là trúng tủ :),,,
Đúng rồi chị iu. Dạy. Họ nó bài học đi chị con linh lóc này nó bị khùng  (nhũn não ) C tự nhiên hi kkkkkk e mến chị rồi đó hen,,,
Loại này nó sung sức nên ở nơi cách ly nó chơi không đã nên tìm ra ngoài húc nhau cho trầy vi tróc vảy đấy mà.,,,
Rụng trứng.......,,,
chuẩn bị đấu tố kiểu búa liềm,,,
Phùng Thị Thanh Độ =]] Tân Hoa Hậu Thế Giới Việt Nam 😎,,,
Đau chứ,,,
Sao ko đc z thầy,,,
Thiện sờ ba thiện sờ ba,,,
"Ad chửi hết bọn khựa làm chó gì?! Dân nó cũng y như dân mình thôi. Chế hính cho đỡ tức hả, không tác dụng gì, để sức mà xem nước ta ""thắt chặt tình hữu nghị"" ra sao nhé. Vụ Formosa chìm xuồng rồi nhé :v Đm, ai bầu thằng cẩu nô tài lên làm lãnh đạo thế?!",,,
Tắt cái bảo vệ ban đêm đi dkmm,,,
Nên lập kênh mới là TrungG cho nó nhắc đến kỉ niệm này mà đừng gáy sớm nữa thầy =))))),,,
"ăn cướp thì tung hoành như chốn không người...chứ trên xe có chú nào dám giơ cái bảng "" Formosa cút "" thì đảm bảo xuống xe có người rước đi ngay ! an ninh xứ ta giỏi lắm... :)",,,
Em hok cmt gì hết mà tự nhiên lên fan cứng nehhhh,,,
Cánh hoa này rộng vl,,,
giờ người việt ra nước ngoài là chắc chắn sẽ bị dính 99% luôn cho dù bất kể nơi đâu vì mọi thứ đã được sắp đặt hết rồi.,,,
Hương Gà :)),,,
Quả bút :v 😌,,,
cái mỏ l*n trong làng hài khẩu nghiệp!,,,
Mình nhớ con sam là lưng nó trơn bóng luôn k có lông thì phải,,,
Ai bảo chứa hàng của THP làm gì để bị phạt - bà mịa nó,,,
bác đam và toàn dân việt nam ta cùng nhau cố gắng chống đại dịch bệnh này,,,
Cái gì độc quyền cũng đều không tốt cho dân.,,,
Cuối năm xem gặp nhau cuối năm rồi. Tình hình tham nhũng ở mức ổn định 😂😂😂😂😂😂,,,
Ngọc Thảo ???,,,
Nghĩa cho tôi xin video được k ông,,,
Hoàng cn về làm vài nháy chứ béo gì kkk,,,
Rất thiệt tình,,,
Thả tim cho thầy :v,,,
Đăng mấy clip cũ hoài tội người ta. Người ta xin lỗi rồi. Làm việc ý nghĩa hơn đi. Phản ánh mấy người không có ý thuc chống dịch đi.,,,
"Thảo Đào Văn nghèo nó đéo bỏ là tốt rồi ,",,,
Minh Châu chất e ưiii,,,
Vui vãi chưởng kkkk,,,
Tyle Tyle mụ nghĩa chứ ai nữa kkk,,,
Cực kì thuyết phục,,,
Nguyễn Hoài Trang :)))),,,
An An cánh hoa bướm xinh xinh😁😁😁,,,
H mới hiểu thế nào là ngậm bút .,,,
Chỉ cần 1 hero ĐộTày nữa là lên 3sao rồi vậy mà :(((,,,
Trend mới khá “hài hước” của giới trẻ :))),,,
Doanh Nguyễn mỗi bạn biết :(((,,,
Dân chơi đây rồi,,,
Cô minh hiếu nc dễ thương dì đâu à. Love cô 😘😘,,,
Sao nó đứng lun vậy thầy,,,
Le Minh Duc xem film lần cuối cùng trong năm anh nhỉ :3,,,
Vs lại nhìu quảng cáo quá,,,
Thuan Tran 1 cái áo 4 thằng mặc :v,,,
Trường tao năm nay khịa thêm cái logo thấy mà tức ă,,,
"Sau khi đọc hết bài viết của NLS, tôi thấy chi tiết này khá bất lợi cho HDH. Do Hải đưa tiền cho c Vân đi mua trái cây, dựa vào ánh đèn trên lầu 1, và thức ăn nhuyễn trong dạ dày và luật sư đặt ra giả thuyết vụ án phải xảy ra sau 22h30. Nhưng khi có kh",,,
k live a` thay ????,,,
Cc,,,
Nguyễn Văn Huân hay hò không?,,,
Dối gian lường gạt 😂😂,,,
Sao đéo quỳ xuống cho nó dẫm lên lưng,,,
Kêu vậy là thầy giận,,,
chẳng bảo sao việt nam gần đây ung thư càng tăng,,,
Khi tao thực hành những gì abe dạy =)),,,
Quốc Thắng chẳng có gì tỏ vẻ ghê gớm ở đây cả. Các bạn thích các bạn đc vào bày tỏ ý kiến. Mình k thích thì mình bày tỏ k thích. Động đả gì đến aiii😌,,,
tết đến r thầy ơi 🥴🥴,,,
"Thiên Minh ko biết đọc hiểu à, trong 14 ngày phải cách ly tại nhà , cậu Tiệp này chạy tung tăng khắp thành phố ( tổ dân phố tới kiểm tra nhiều lần ko có nhà và có rất nhiều nhân chứng, ảnh chụp cho thấy) nên Chủ tich TP mới phải ký qđ cho cách ly vì cậu Tiệp đã sai qđ. Nói chung là cái loại ý thức kém như thằng này thì ko cần phải nương tay, cứ cưỡng chế",,,
quả tóc trông khác nào nhúm cần cỏ không :((( hỏng hết chú tôi,,,
quan trọng là dân đéo tin vào chúng mày nữa chứ ko phải là sợ chúng mày lạm quyền trưng dụng,,,
sao hnay a k stream,,,
Đình Quang yêu xa giúp ta cao hơn,,,
Nghe ko hiểu nổi ý bài hát là gì nhiều đứa nói hay,,,
Mong Trần Dần trở về VN để nhìn thấy sự phát triển của VN và nhìn thấy sự thật xã hội VN ko như bọn phản động tuyên truyền . Già rồi ai chẳng muốn trở về quê hương . Nghiêm túc thật sự.,,,
Nghe có vẻ hợp lý và càng nghe càng thấy thuyết phục,,,
Xin Quỳ,,,
Chơi tí đồ ăn mừng,,,
Bác nói thế nhưng cấp dưới bác họ có làm theo hay không thôi mà hay nại đục nước béo cò,,,
Bản full hôm nay ra mắt nha mọi người ! đón chờ tại đây,,,
Trai hàn toàn bắt trước trai việt rồi lên sóng :)),,,
Ế quá nên sale à thầy,,,
đr anh 😂,,,
Tiên tri vũ trụ gì mà 🧨 banh sát vậy cha nội 😁,,,
A Lân xem quyền tổ mà mặt đần thối thế là thế nào?,,,
Lũ ngu dân,,,
gáy lên anh ơi tốn bn thế anh,,,
Cực kì thuyết phục 🙃,,,
Đăng Ninh ke me m,,,
Muốn vả mấy cái mỏ của mấy đứa cực kì thuyết phục ghê :>,,,
Cà khịa cực mạnh: chết cái tay vẫn cầm chiếc bánh mì :v,,,
Vc,,,
Nhớ đem mật vụ tối cao SUSAN0175 ra nhé thầy,,,
E chân thành đến vậy mà 01 ai muốn làm e vui.,,,
nhớ đem giáo án này dạy cho các bạn bên đó nha thầy,,,
Đúng v r a ạ,,,
Mày chửi cô ba hiếu của a,,,
Thảo Tròn thôi thì cứ cố gắng hồn nhiên như con điên cho cs nó bớt mệt mỏi ❤️,,,
Dương Dương em đi chơi nét về nghe tin còn ngơ ngác mà,,,
Sau 12 năm ăn học cuối cùng e cũng được gia nhập bộ quốc phòng. Cảm Ơn nhà nước đã luôn bên cạnh xát sao khi e trượt đại học,,,
Dân Việt Nam bây giờ:,,,
"lâu lâu bới lên kiếm cái chửi , xong về nhận tiền từ bọn 3 que thì tội gì ko bới",,,
Các đội bóng Anh lúc này :,,,
Mẹ nó. Sắp đc húp mà cứ live cc,,,
Lâm Đình Khoa đc vl a ạ,,,
Nhớ thầy quá nè :(((,,,
Tôi thề luôn là đèo gió các ông ạ. Đi từ Hà Nội lên Cao Bằng mà nghỉ ở đây là cảm giác healthy and balance vãi lz luôn.,,,
NO banh xac,,,
"Chồi má, cô Minh Hiếu dễ thương xỉu >/////<",,,
Phạm Trà My lag của những đứa lag luôn🤭,,,
"admin hãy bước ra ánh sáng và soi sáng cho nhan dân với , chúng tôi vô vọng quá , mong admin hãy giúp chúng tôi , bước ra và lãnh đạo đi admin :))",,,
Nguyễn Bảo Chấn clm,,,
Nghèo có nhau thế lúc giàu thì anh đâu 🙈,,,
Thanh Trần Phương đồ tết nghĩa địa dì vs chị em mình,,,
Có gì cho tôi cái link tôi chửi với các anh :)),,,
Lại Thế Cường xu may mắn của bạn đẹp thế. IB mình với.,,,
Yep,,,
Hùng Đỗ  . Đó la chuyện rieng tu người ta ban oi ko nên sen vào . Sen vo noi tao lao,,,
Trần Thanh Phong,,,
"Kiêu con bò đỏ này ra cùng đồng bọn bò đỏ con rp cái app Airvisual là HN hết ô nhiễm ngay mà , lo gì 😆",,,
nghe ham đấy,,,
Chi oi cho em chuc di chi,,,
trông có khác buồi thằng trên núi xuống k,,,
"Dân thì đầu độc nhau bằng thực phẩm bẩn, rượu chè thuốc lá đớp tĩ tã, sống bừa bãi, trẻ trâu thì động tí là dao kiếm chém giết, không chịu đi khám sức khỏe định kỳ cứ bệnh mới đi, mỗi cá nhân ko chịu sống có trách nhiệm với bản thân giờ bắt bệnh viện đổ vỏ thì nó chả quá tải. Bệnh viện địa phương không vào cứ phải hà nội , sài gòn thì nó chả quá tải",,,
Nguyễn Hữu Làm chào a xeme,,,
UDang Khoa Nguyen nhìn lại việt nam xem. Ở đâu chả có người này ng kia cứ tưởng mình hay lắm nhưng thực ra chả hiểu biết j,,,
Một bông hoa một kỉ niệm :((,,,
Nguyễn Nhung Nhung ko để ý bộ tóc lắm,,,
Kết quả của việc cải cách của mày đây thằng mặt lờ,,,
Còn 300k để liếm chùm lông. T cười chết lun,,,
Sự khám phá thú dzị. =)))),,,
Thần đồng toán học =)),,,
Ôi vãi cả đái. Nhanh kinh khủng lại tiếp tục tăng nữa rồi,,,
Huy Hoàng Thì?,,,
"mỗi ngày thêm 4,5 ca thế này thì chết à :|",,,
Ngô Tài Lộc đc,,,
bị chịch,,,
Con nay ban do nhu vay ma cung  co nguoi mua nua ha toi,,,
Yêu chị ..😘😘,,,
"Ae mua giày của shop này thì cẩn thận, nó quảng cáo trên kênh abe nên m mới tin đó",,,
chuyện vậy mà cũng nghĩ ra dc hay thiệt,,,
. ai khịa thầy là chetme đó nha,,,
Uk come out,,,
Tộc trưởng đi đâu chơi đấyyyyyy,,,
xung quanh anh toàn là người trưởng thành êii :)),,,
50 phút 40k like vl a mình 😱,,,
Hoàng Thị bé ba😔,,,
Huyền Trang cháu mấy điểm :v,,,
cái địt con mẹ m,,,
Bị tai nạn giao thông trong đồn c.a chứ.,,,
nghe quả nhạc dạo đầu ám ảnh vl anh ạ:>> mất ngủ là có thật🤦🏻‍♀️,,,
"Ai lớp du chu cà mo, em yêu anh cho rờ ku",,,
"Mày có biết là cái lòi cầm thú chống chọi zs bão lụt mà ko ai quan tâm tới là cái loại gì ko , loại xúc zật nó làm cho có chứ chống chọi con mẹ gì tụi nó ăn của dân quá nên bây h phải chịu trách nhiệm đứng ra chóng chọi cho có thôi con chó ak , hoàng lệ",,,
Vx muốn nghỉ do dịch,,,
Dang Thi Lan dịch vọng cầu giấy đó c 🙆,,,
iQ người tày,,,
Con này giọng nó giống con kiều oanh hề quá,,,
Tuởng đc ra đường bơi rồi :-D,,,
AK47 AK47 liên quan gì tới mày,,,
Nguyễn Ly mỗi lần mở đá banh bạn nói j nè😆😆,,,
Bóng vcl ý em nói thầy sela còn anh dơ như chó nha :)),,,
Chúc gia đình thầy ba 1 ngày 20.10. Và cuối tuần vui vẻ,,,
phàm là đàn ông muốn làm việc ji lớn.. thì cứ về nhà hỏi ý kiến vợ.. vợ nói ntn thì chỉ cần làm ngược lại là thành công.,,,
cho xin video vs,,,
K-ATM là ca sĩ ?,,,
Sdt em 0866116247,,,
"Duy Sama nghỉ nhiều quá thành đúp mẹ nguyên 1 kỳ,sau này học xong ĐH mới thấy thời gian nó quý như nào",,,
Fan arsenal,,,
"Hết chuyện này điến chuyện khác, mệt ghê",,,
"Đang họp nhưng kín, éo cho phóng viên vào. ĐM.",,,
"Nó khóc, nó xin lỗi  rồi nó lại chửi tiếp . Con này nó coi trời bằng vung nhỉ? Sao nói mấy tay giang hồ gì đó hỏi thăm nó rồi mà nó có sợ gì đâu ta???",,,
Chúng ở đấy là Pháp phải không ? :D,,,
Tiên Tiên ghê quá vậy 😂,,,
Me  hẵng kích cỡ làm lần ...tự nhiên may cho khít xong nới ra... bà diễn tả tui thấy hàng họ tui tan nát vì bà quá,,,
Mai Loan của mày tất :))),,,
Nô nô,,,
Nhị Thắng vãi cả đc lên fan cứng. 🤣🤣🤣,,,
Nguyễn Công Hợp như vầy đẹp trai vl 🤣,,,
Abe hiểu ý học sinh quá!,,,
"Tục ngữ VN có câu: ""Bói ra ma ,quét nhà ra rác ""bác Dần à, bác nổ vui thật trúng trật mặc kệ.",,,
Chửi hay quá dì ơi...tự nhiên dạo này con thích cô quá...thật thà tốt tính...,,,
bức xúc đỏ mặt,,,
hmmm,,,
mn de thw :*,,,
Sao bằng idol Việt Nam Cừu Đại Ka,,,
Cám ơn thầy ơi,,,
Trí Hoàng,,,
Kiều Trung Kiên chất🤣,,,
"Hẳn là 80m2 còn làm anh ngột ngạt, anh Tiệp chỉ cần 2m2 thôi :))",,,
chủ 3 tiệm bánh mì,,,
Nghe thì vô sinh nhưng rất thuyết phục :v,,,
Lo bản thân chưa xong đòi lo cho ngta à,,,
nghi vấn ad vừa bị gấu chia tay đêm qua :3,,,
mk lại thích cắt mái cộc 😁,,,
2 thím kia mắt có bị làm sao ko -.- có thấy chửi câu nào chưa,,,
Lê Thanh Tâm mấy anh trên núi tởm thậttt,,,
Mắc bệnh hoang tưởng. Chắc nó tưởng nó là bố thiên hạ. Nhãi ranh,,,
Ảnh hưởng thế hệ trẻ .ng ta bị liệu thì choc vui mô phật Di. K co sáng tạo.lay nhân cách con người ta ta cau like.,,,
thu phí rồi là đc chạy xe trên vỉa hè đó các bác. ủng hộ =))))),,,
Nhìn nghiêng giống chi cam ly ghê a,,,
Nhịn nói sẽ có lợi hơn cho sự tồn vong của chế độ.,,,
Cảm ơn anh bô đã cho bác độ nhà em ít lộc đón tết,,,
Quyen Hong 17tr500 nha chị xe chính chủ đẹp trên 90%,,,
Yeah boiz :v,,,
được đỡ kia mị 😂😂,,,
Cười đái trong quần,,,
"Live spoon thì thấy có người tên là Trần Dần tham gia, bảo là ông 70 tuổi rồi",,,
Mặc áo đó stream đi abe,,,
Ak+ scope 6x thì ghê rồi không xịt viên nào,,,
Owo,,,
"Fan cứng nữa cơ à, khê đấy",,,
Train với GAM đi anh Ba,,,
Phương Thảo sao mày không bảo stylish kéo cho anh tao cái khoá quần lên 😞 quần bên trong vội quá lấy của ông mà cứ khoe ra,,,
Co 3 khi nào về VN tham VN alo con nhe,,,
Sảnh tới sáng luôn ae,,,
Tử vi xem số cho người ...số mình thì để chi ruồi nó bu ....,,,
Là có văn hóa nhé em :v,,,
Hello! From Đông Lào,,,
A3 lên phường nhận giấy khen nha,,,
Ngồi im bạn êyyy,,,
thộn 😂,,,
Ok tkask thấy dấu bé ba,,,
Nhìn tội mấy em qá,,,
Khánh Linh tóc tém của má,,,
Trần Tân Kiệt cái ông producer bên đây làm nhạc hay hơn cái ông sinh năm 99 à nhàm 95 á hình như 93 ông nhở?,,,
Khó khăn thật sự,,,
Quá chậm 🙂,,,
dữ... chắc t cũng ghé ra coi sao..,,,
Loi dung người ta ko dc quay sang chửi ... pó tay,,,
Hoàng Như Ngọc táo chó,,,
"Đình Quang đm anh đẹp trai vl, anh vậy mà xấu thì đéo đứa nào dám ra ngoài r anh ạ",,,
😆😆😆😆,,,
Phạm Đình Tuyên like suốt,,,
Cực kỳ thuyết phục !,,,
Đừng vì vài trăm ngàn mà gặp nguy hiểm đến tính mạng nhé những tài xế thầm lặng ..,,,
anh độ mixi chưa bao giờ là hết deep,,,
Tuyen Le mu nghĩa cười ỉa ba đứa chứ sao,,,
Em nhớ không nhầm con nhỏ Peper nó khuyên các bạn trẻ rằng : Làm Tình - Tìm Hiểu - Yêu - kết hôn đó mọi người 😅,,,
chuyên mục việtsub bắt đầu,,,
Mau đưa ông già về nhé :)),,,
xin lỗi tụi bay chết kệ bà tụi bây tụi tao kiểm tra có cái cục cức gì đâu ( tao biết đó là thứ gì ),,,
Sắp thất học rồi aba ơi,,,
Mạng khỏe thế :)),,,
Panda Thái đã xem =))),,,
Thích nhất bài hit nổi tiếng của anh,,,
Dân InDo nếu mà k hay thì cũng hay hơn Cây ATM,,,
Ny Ty Trần ukm,,,
Minh Vũ,,,
Hồ Triều yên tâm mọi việc sẽ ổn thôi,,,
Hay qua,,,
Đào Văn Hậu ơ vãi thật nó bắt trend mình này 😂😂😂,,,
Dân InDo bán nói chuẩn đấy,,,
Trung Văn,,,
Hồ Nguyễn Quốc Phú thôi thôi chú câm mẹ cái mồm hộ tôi,,,
"Tao đéo cần tăng lương..... tao cần chúng mày đưa giá trị đồng tiền về như cái thời một lít xăng chỉ phải trả 16 ngàn, đi đổi đô thì chỉ cần 15 ngàn. Tăng cho 8% rồi đủ thứ tăng theo.... định tiếp tục huyễn hoặc bằng cách tăng thu nhập đầu người để làm éo gì ??",,,
Vậy chị cho em 2 tỉ ik,,,
Tùng sói said: Hôm nay tôi sẽ làm vlog dẫn ông già tôi đi ăn cua hoàng đế :V,,,
a thăng rắn lắm :) likee,,,
Ngon thực sự các ông ạ,,,
Duy Nguyễn phục cái máu lồn,,,
Thuận Nguyễn tao nghĩ ảnh dưới vẫn đủ 100% chứ :)) vì có tác dụng gì đâu mà chiếm 0.1% vậy :)),,,
Người miền tây mình nói chuyện thoải mái ko câu nệ nên nhiều khi có mấy từ hổng biết viết sao luôn cho đúng :)),,,
Chuẩn!!!,,,
Một giọt nước lọc với giọt nước mắm đúng k a :vv,,,
e đã bảo r k nghe,,,
:)) tội Hàn Quốc :)) nhưng mk cmn dừa lòng ta lm,,,
Lúc bé khỏi lo ăn lo nghĩ :((,,,
Anh độ là nhất,,,
Phải nói là bá kiến và lão hạc chứ,,,
Abe áo chất thế,,,
Kinh nghiệm Fifa 3 nè thầy...,,,
Đợi tí thầy đang mặc quần,,,
Đọc mà ko thấy mùi à. Ai mới auto,,,
Thoại Trần soi có giúp bn nổi tiếng hơn k 🤨,,,
Phạm Linh Pham Yen Linh Duy Linh Phạm cũng lâu r chị em mình chưa sát phạt nhau😌😌,,,
Cao bằng có cả súng nữa,,,
Trùm hò - Trùm bánh mì tôm tép - Trùm khô gà,,,
Nhuều đưa mất fan cunge vl,,,
Khi bạn mới mua 2 cái quần mà cái đéo nào cũng muốn khoe,,,
Thế rốt cuộc CEO nào nói các mày???,,,
"🍀Chữa đau bụng kinh,kinh nguyệt không đều, tắc kinh, vô kinh, kinh đen, vón cục, đa nang buồng trứng Điều hoà nội tiết, tăng niêm mạc tử cung. Làm mẩy trứng, trứng khoẻ, tăng khả năng thụ thai. Rối loạn nội tiết tố, ngăn cản các bệnh phụ khoa:viêm lộ tuyến, tắc vòi trứng, u xơ cổ tử cung, lạc nội mạc...0984888291",,,
Ai thích bóng bánh có thể theo ông Tuấn này nhé. Rung vs K.O lên ở Tường cá nhân khá hay. Có cả Nhóm hoàn toàn Free.,,,
"tết thủ sẵn 10 cốc dingtea tủ lạnh, đi đâu mà phải diện",,,
trường hợp cai éo ji con này.dm nc éo có logic cc ji bị cả cộng đồng nó chửi cho sml cho cm may lun nghiệp,,,
nghe đc hơn tộc ca 🙂,,,
Thằng chó Ngọc đang bưng nồi cơm đã vở và ngồi khóc trong bịnh viện ung bướu vì hít thở không khí ô nhiễm!,,,
"Đức Hạnh Tìm hiểu kĩ đi rồi nói, ai sinh sống ở nc ngoài ngta đi dự sự kiện nhé. Không biết thì đừng nói mà đã nói ra rồi tìm hiểu cho kĩ 🙂",,,
out play cực mạnh anh ơii,,,
"cảm ơn đảng, cảm ơn bác :P",,,
ít ra nó còn có tiền đi du học men :v,,,
:'(:'(:'(,,,
cô chưa cạo râu kìa =)),,,
Ngọc Anh nay bận bịu quá,,,
Fan Cứng B52 ròi,,,
"Bán hàng vậy mà cũng có ng mua , vì đẹp bất chấp nhục .Con này về miền bắc VN được đón tiếp nồng hậu lắm đây .",,,
Clm =)),,,
Ở đâu đó địa chỉ chị ơi,,,
Mãi thương cô ❤️❤️ yêu luôn Chj lâm khánh CHI ❤️❤️,,,
23 có rùi :))),,,
Nguyễn Ngọc Minh Đức Thảo Vy Huy Vũ Tuấn Trương Minh Khải hihi mọi người ơi :)))))),,,
Ae nào có vid tú đụ cầm dao lùa ko,,,
Anh tôi hơi bị pảnh,,,
Cọt Bình mai cb mần cấy cho có phong trào🤣,,,
"@TheJaboProductions tụi tao là bò đỏ còn tụi bây là chó vàng nhé. Chó vàng lết thử về VN đi, bò đỏ tụi tao húc cho lòi ruột.",,,
Tộc trưởng có tố chất quảng cáo đấy vét donate cũng thượng thừa nữa 🤣,,,
"Ông già tham vãi lồn.. tay một cái, mồm một cái",,,
Tuấn Bảo chắc bác pro hơn thầy 😀😀,,,
Trung thầy giá Thẻ Bài,,,
Tưởng Nhật Bản văn minh thế nào,,,
bóng già chuyển giới. CÔ CÔ nghe mắc ỉa. súc vật lũ bongs chó tởm lợm,,,
Lúc sáng t biết tian cầm bàn phím mà t ko nói đấy,,,
Gai tre,,,
"mụ ấy đúng đấy, nhờ ơn đoảng, chính phủ mà mụ hốt nhiều vụ quá hời, có tiền cho thằng quý tử ăn chơi sa đọa, mua biệt thự xứ giãy chết, vậy là mụ hạ cánh an toàn và sẽ đu càng boeing qua giải phóng nước Mỹ.",,,
Đã xem,,,
Lòng đầy tâm sự không biết nói cùng ai.,,,
Nguyễn Liên :V,,,
Nguyễn Thanh cái này dơ hơn,,,
"Người VN Yêu nước VN là hiển nhiên. Nhưng có người mù quáng, tham vọng hư ảo cho nên VN mới đến nông nổi này!",,,
Nhin vao tai san cua cac bac la biet ket qua,,,
Thầy dạy học sinh cách phê đá và cỏ,,,
Đình Quang trưởng thành thật 🤣🤣🤣,,,
Thần quyền môn của 5 ông lục tổ ????? =))))))) 14:06,,,
Nhiều lúc gặp nhiều chuyện chỉ dám thở dài khóc 1 xíu rồi cho qua . Không muốn suy nghĩ nhiều thêm nữa,,,
Hỏng cả bài hát =)))),,,
"Hic. Năm sau đky thi Hvien Hậu Cần thôi, cho e xin infor nơi chị Độ Công tác ạ =)))))",,,
hoan hô lãnh đạo Đà Nẵng,,,
Ông Lân cũng ráng kìm không dám cười,,,
Hoàng T. Quê vãi cả xếp,,,
"hi vọng Việt Nam có ca chết đầu tiên vì không phát hiện dịch sớm, hi vọng vậy cho ý thức nó tăng cao :)",,,
Tất diên,,,
Hôm nay hơi vui :),,,
Em thấy lủ chó Viêt Tân là có thwn thái nhất. Tiếc là nó đã lưu vog,,,
Băng trụ ?? :)),,,
"Công khai tên công ty r tẩy chay luôn, xem còn quen thói sếp đc nữa k",,,
"Clip có tính giải trí cao. Đã được ông tiên tri bị ẩm IC thì chớ, lại đc ông nhà báo mớm lời đậm tính troll, cứ phải xoáy vào vẫn đề tâm linh, tiên tri của Trần Tiger mới chịu :))",,,
Trang Tran Hien teo bị cầm túc có đi đc đâuu,,,
Đẹp trai từ bé. Dẫn đầu phong cách thời trang ở Cao Bằng :v,,,
Vì nước vì dân.chung tay dập dịch,,,
Lắm tiền mà đéo bh chịu làm even cho học sinh,,,
Giống như giọt nước mắt vậy =)),,,
Bar mà lại,,,
"Ai qua kênh mình xem chị đi ạ,xem thôi em cũng vui rồi ạ,em cảm ơn trước",,,
Bài này vocal phải to thêm tý. Lời cũng ok mà hát nghe bé quá!,,,
Ông ơi là ông con lạy ông. Ông không tiên tri được thì ông về nhà ông ngủ giúp con. Về nhà ngủ khỏe,,,
🤣🤣🤣 chao su phu,,,
"Hai người  là  nam  mới  chuyển  giới  hả, xinh  ghê",,,
Má nó,,,
1 hộ nghèo thì tầm 3 4 năm mới để dành đủ số này !,,,
Lê Hải Long ủa v họ nuôi bò dê lợn gà là động vật để ăn thì liên quan j đến việc cấm mình ăn bạn ? Bây g vật nuôi và vật nuôi để ăn bạn còn đéo phân biệt dc thì bạn có não làm j v bạn ? Tạo hoá ban cho bạn cái não để biết chọn lọc thức ăn bỏ vào miệng chứ ko phải cái j cũng ăn nha bạn :))))),,,
mãi iuuuu,,,
timm,,,
Phạm Văn Lộc lộc idol 😂,,,
meow,,,
éo thèm nhé =)),,,
Trống rỗng quá :((,,,
Rank Việt Nam mà yasuo tt6 tt5 thì del phải người Việt Nam r,,,
Nông Tuấn Anh rồi lây corona luôn ?,,,
Cho con e 1 lần lên top đi ạ. Ko biết học đâu cái điệu này,,,
Nhớ nha thánh ỉa Trung Thành Nguyễn,,,
Ghép nhạc hơi bị được đấy nhé =)))),,,
thôi,,,
"Hahaha mac cuoi thiet, hui xi lip o moi roi khung luon hahaha chui mà mac cuoi thiet.",,,
Xin chia buồn :(((,,,
Ngoc Pham cho vài chiếc ảnh minh hoạ nhỉ,,,
"Oày,chức quyền đều mua thì biết cái quái gì mà bảo sao không phát biểu theo kiểu ""ngu học"" thế được.Mang tiếng giám đốc sở xây dựng mà một tí chuyên môn nghiệp vụ thì cũng dần dần hiểu ra bỏ bao nhiêu là ""tiền"" cho cái chức đó rồi đó.Phát cho bé 1 phiếu vì sự ""ngu dốt"" của bé :))",,,
Ok tkask thấy dấu bé ba,,,
Hello mn :)),,,
A lớp du chu cà mo. ❤,,,
Quang Ly sáng sớm canh 2 hả,,,
Phạm Trân bê quá thì làm gì 😂,,,
Anh Độ giờ nhìn còn đen hơn cả anh Quang nữa🤥,,,
Hẹn Mỹ nè cưng =)) xin giới thiệu cưng đây là cộng đồng ngừoi việt =)) k có dlv,,,
Nên dừng lại ở hnh là đc rồi. Kicm có phải là ca sĩ đâu?!,,,
Xin vd b,,,
Nghe vô lí nhưng rất thuyết phục,,,
Sống chậm thôi :((,,,
Này dạo này nó cứ happy new year là như nào thế chúng mày. Đang nghỉ hè mà,,,
Ai tán t đi.vã lắm rồi🙂,,,
Này là đàn ông hay là đàn bà vậy...,,,
Dây chuyền bạch kim đó ba. Mắc hơn vàng,,,
Ông Trần Dần nói chuyện..Anh Lân lặp lại lời nói..Tui mắc cười bể bụng,,,
"Vay rồi bán đảo , bán biển , bán sinh mạng của người dân.",,,
Chi3 oi cho con xin lam oxin cho c3 nhe. Cung c3 va ah.,,,
Hà Linh bọn ngu học Áy mà,,,
Hữu An nhìn là nản,,,
Tạ Bích Loan lần này hỏi:động cơ của a bao nhiêu dung tích cho chuyến đi lần này :)),,,
Ôi địt mẹ chết cười,,,
Thanh niên chắc cắn móng tay nhiều quá :))),,,
Hèn chi bọn công giáo tham gia chính quyền ở Mỹ. Rồi có cả nhà nước vatican ở Rome nữa.amen,,,
Tuấn Sói,,,
ông chú thích tấu hài,,,
Chỉ cần anh tích cực lên tiếng đám đông tự giác giải tán :)),,,
con gì trông cửa trông nhà,,,
Ngừi ta hợp tác lại rồi ^^🥴🤣,,,
Dm pr game nào để t còn chốn,,,
"báo cáo bò đỏ bọn Thanh Niên và nhiều tờ báo uy tín khác của Đảng đang phản động , giật tít câu view ! truyền lệnh tấn công đi lũ bò !",,,
Streamer là có :v,,,
Tiếc nhiêng là di trùng chứ tiếc nhiêng không phải tinh trùng. Tôi cam đoan là như vậy,,,
Thằng to ăn to .thằng bé ăn bé đúng là tấn trò đời,,,
Trung tu mù,,,
v ai đag ỉa trog toilet đây??,,,
Du cho lam phuoc ma chuoi nhu vay cung bi khau nghiep,,,
ABe cân cả kì AllStar này,,,
Chúc mừng thầy ^333,,,
một nơi đáng sống nhất ở đất nước thiên đường nọ,,,
Nơi sản sinh ra tham nhũng mà k có tham nhũng.cũng lạ,,,
07:15 tr oi tr chac cht,,,
"Chân thành và dễ mến quá cô ơi, chúc cô và gia đình có nhiều sức khoẻ ạ, i love you ccm =))))))",,,
Hằng Bắp hôm e bị đấy là con sứa. ☺️,,,
Vui vẻ lên :)),,,
Đảng đã cho ta mùa xuân :v,,,
Nguyễn Trọng Hiệp :((( nhớ mùi pháo tết,,,
3 top 1 20kill thì vẫn lên đứng đầu mà:3,,,
Cô chửi hay quá iu cô 😍,,,
Thuyết phục vl,,,
Ái Thương c cũng bị rồi đó v,,,
Mặc dù vẫn nghe nhạc của thằng Jack Ma này nhưng vẫn thích dislike vì fan nó,,,
"HUI bây giờ triển vọng vậy, hồi tui còn học thì trong đó nuôi cả đàn bò tin vào sự dẫn dắt tài tình của đảng và nhà nước :))))",,,
Huyền Khánh Phùng ai cũng có quà nha😅,,,
Cực kì thiếu thuyết phục,,,
Nghiệp aba à :)),,,
Chắc là mới chơi cỏ xong rồi,,,
Tao sẽ ghé đái 1 bãi ngay,,,
Quả báo tới liền thôi hà,,,
Chị ba xạo lồn quá. Chị giàu quá mà đi làm youtube,,,
"Những người sống lỗi thường không thực hiện lời hứa, nhưng tao nghĩ thầy tao đúng là loại người đó :))",,,
Ủng hộ thôi chứ cảm thấy bài này không hay bằng những bài trước..ý kiến riêng,,,
Hiện tại thỳ là anh độ mua bỉm sữa cho tk tùng hàng ngày . Nhưng Chỉ vài năm nữa thôi tk cu tùng sẽ lo bỉm vs sữa cho anh độ,,,
Cứ đi ra đi vào như đi chợ thế thì s k tăng cho đc.,,,
Nhin e quá đẹp,,,
À nhân tiện 20/10 e muốn hỏi thầy là khi nào xoá kênh ?,,,
Đứa nào làm đươc và thành công thì mới dám quay video như vậy thôi. Chứ kp cứ nỗ lực cứ cố gắng thì đều được như vậy đâu 🙃,,,
Thà rằng cauu không nói ra để hai đứa vẫn như bình thường thì chắc có lẽ tốt hơn cái kiểu thành người dưng với nhau như bây giờ đến từ bạn bè cũng không còn có thể nữa 🙂,,,
3 9 nha thầy,,,
Hóng abe làm game thêm hard cho học sinh mãn nhãn,,,
Yên tâm mai quãng ngãi có tượng bác bây h :))),,,
Tội anh quá đi mong anh chết sớm để đc tự do,,,
@Si Van tội chị Hiếu tao bị lừa gạt,,,
Cc,,,
Thằng ad culi của rận chủ vịt tần xuống dưới trả lời chất vấn kìa :)),,,
Cai giong cuoi do hinh nhu la cua mao de thi phai.Con cai ba nay nguoi dai loan co cau (狗改不了吃屎)nghia la cho an c...ko cai duoc cai tinh an c...,,,
Quay quảng cáo thôi,,,
Cô ba cọ lông lồn chứ mình cạo bàn thời nhà nó luôn,,,
Chúc mừng năm mới,,,
"Thích chơi sập à, phê đến mấy cũng phải giữ lấy cái đầu :)))",,,
Chỗ này tao kiểm soát rồi tụi bây đi chỗ khác đi,,,
Nhưng tui tin rằng đến năm 2030 Việt Nam sẽ có một chính phủ tốt đẹp. Đọc xong tự nhiên nước mắt lại rơi.,,,
Trần dần là người của ĐCS rồi 😂😂😂,,,
🙃🙃,,,
cuop ngay benh cuop dem ma.be lu no phai benh lan nhau la phai rui,,,
23:23 cười đái tháo đường với cô Minh Hiếu,,,
Nghe anh kể ghê quá tối không dám đi wc luôn :)),,,
"Công ty có đúng 1 thành viên bởi zậy ko cắt giảm là đúng rồi, vừa là CEO vừa làm mẫu vừa đi ship hàng luôn mà =))",,,
From Mixi with love ❤️💪🏿,,,
Phải chi ma cô có thể tạo ra nhóm nào đó ủng hộ quyên góp cho những người có ước mơ chuyển giới để đi chuyển giới,,,
vẫn cứ là ok anh oii,,,
Ai có video cho xin với ạ,,,
Công nhận edit xong coi vui hơn.,,,
Hướng Dương trước đây là ông khác . nhưng làm thật bại . sau đó tim cook mới về và ra iphone 4 thì apple mới lên đỉnh như giờ .,,,
Xin link balo bama thầy ba quảng cáo :v,,,
Phạm AnhQuân vũ trụ văn hóa :)),,,
để tối bay về sg rồi đi liền,,,
Nhật Trường giận bay màu😃,,,
Tưởng tượng đây là miếng thịt trâu gác bếp :))ăn thấy ngon hơn hẳn 🤣,,,
Hahahaha! Jesus!,,,
Nghe như cặv,,,
Đản Đản thứ nl hông,,,
Hoàng Đức Tú đc k à,,,
Lên đó mà liệu một cái thì....🤣,,,
Trần Sang bẩn cả fan cứng,,,
den chiu,,,
Ơ tuổi thơ của clear:)),,,
Rất đẹp trai,,,
Dzui dzẻ 0 quạo,,,
chúc nsnd của chúng ta luôn khỏe mạnh :)),,,
Còn cây kéo đâu a :3,,,
Chị còn có người cho lại còn e bị giực luôn mấy người sắp chết luôn tiền đâu mà bù vô,,,
Hồng Hiền Z ó em,,,
"Chị ba nói đúng rồi. Chị ba bán nước cầu vinh. Đời ông cố nội thằng cha chị ba, tham sống sợ chết đầu hàng giặt",,,
Đai Loan k bị dịch sau,,,
con chó phải không,,,
Nghe đã tai dễ sợ luôn á,,,
😤 không biết dùng từ ngữ gì để mô tả mấy con người này.,,,
Từ hôm có dịch thấy người nước ngoài về vn nhiều hơn.du lịch nb thấy toàn tây k.lo lắng quá,,,
Thật là một cảnh trò mèo,,,
Lại chuẩn bị trốn mấy bữa,,,
Phan Xuân Trường đg hóng hiha,,,
Bà này bã chữi gớm giết thiẹt tôi ko ngờ bã là người miền tây luôn xấu hổ,,,
“Cháu ngoan” boác Hù đây!,,,
Đám còn lại vô tù với nhỏ đó be like,,,
Thật nực cười sai phạm tày trời vẩn leo cao đến chóp bu chỉ đến khi muốn hạ bệ nhau thì tội trạng mới đc lôi ra xử lý . Thiệt hại cho ND hàng bao ngàn tỉ rồi lại chỉ cảnh cáo cắt chức về vườn an toàn thế là xong .!!! Chế độ này chúng chỉ nhân đạo với bọn q chức cs ...???,,,
Tạ Phúc hồng nhan có cần thằng khánh đâu mà vẫn hay đấy thôi. Bài này là a thử sức vs dòng nhạc mới nè bannj,,,
:>>>>>> taocutaodiia :)))) nghiệp quá cô 3 ư :>>,,,
Mé:))) vl NSND 😂,,,
Hóng 😀,,,
Nguyễn Hiếu m là con nuôi à hay sao mà biết hay thế,,,
Cố lên a3. SBTC vô đối,,,
Apple không có gì ngoài tiền...!,,,
Loại mà ns k nghe như ri thì ... Nguyễn Địnhn,,,
Tấu hai bonsa phát sóng,,,
Các bạn cứ yên tâm nếu yêu đảng thì cứ đợi chờ đảng sẽ giải quyết...tui yêu đảng nha đang đợi giải quyết coi sao nè,,,
Lệ xồn...=]],,,
Phan Nguyễn Hoàng Trinh nó giống như kiểu ngộ sát vs cố ý sát hại í,,,
@Mood Music bạn nói dị Là bạn xạo lồn,,,
Quá tuyệt vời,,,
"Mặc dù có thể cô không biết, nhưng cô đã vận dụng rất tốt luật hấp dẫn.",,,
Bú bình như tao có phải tốt hơn ko!,,,
"Hiến máu phải chờ xét nghiệm có kqua rồi mới đưa máu vào sử dụng. Đất nước văn minh, giống loài thượng đẳng đấy các bạn ạ 😢😢",,,
"Lũ CS đúng là một lũ súc sinh ác độc hơn lũ ngạ quỹ, một lũ người khg có chút nhân tính, quá tàn độc khg biết phải dùng từ gì đễ mô tả cho lũ này! Bất luận thế nào thì cũng có ngày bọn súc vật này cũng phãi đền tội và kết thúc trong đau đớn hơn nhửng gì mà bọn mọi rợ này đả gây ra trong một ngày gần đây....",,,
ok a ui,,,
Ông trần dần còn sống là t vui r,,,
Huy Le bún riêu á cậu haha,,,
Vừa lòng tao lắm haha đáng đời trần đoàn,,,
"Ở nhà giúp mẹ giúp cha , cực kì thuyết phục mã cha chúng mày",,,
🤔 lần thứ *n* độ nói câu này.,,,
Những pha xấy vào mắt người xem và những pha xử lý kéo chuột gìm tâm phải nói là...châtsss,,,
"An Vo,Hồng Hảo 🤣",,,
Dung sl nữa bà 3 ôi,,,
mình thắng thì gáy kiểu gì cũng được hết,,,
Chết với em =)))),,,
Nguyễn Bá Quang vào xem cmt ko vui như trk đkm cno óc chó vl,,,
Zalo 0978781847,,,
Lê Văn Quật xin vid ông,,,
Đánh nhà cho a :)),,,
Lên xe đi,,,
"Làng này là căng đét, tộc này là chất lừ :))))",,,
Lâu lâu thấy anh phát biểu 1 câu hay vậy,,,
Lương Phú hỏi chị nhung í anh😂,,,
Trả lại anh Độ ngày xưa đây :))),,,
QuynhAnh DT nên t cũng đứng lên luôn á :))),,,
D' Đức d hiểu nhìn cái hình là cừ ỉa,,,
Thời gian có đợi thằng nào đâu,,,
Đẹp trai như thầy thì đ có ai mua ?,,,
chăm chỉ cmt để giữ fan cứng. mà ảnh ngầu thặc sự-.-,,,
đm thầy🙂,,,
Stop chem' gio' di chu Tran Dan oi ?,,,
Tự kỉ luôn này,,,
Ai muốn video ib mình gửi nha 😊,,,
Du k con bo me thi cung phai song cho bo me o suoi vang dc yen chu bo me sinh con ra ai muon con an noi nhu vay.,,,
Cái chế độ vc này bàn tay nhuốm máu không biết bao nhiêu người tù vụ cải cách ruộng đất cả trăm ngàn người chết đến vụ học tập cải tạo thêm cả trăm ngàn người chết!,,,
Bình Thị Thanh Nguyễn sờ tai quần què gì vậy :vv,,,
Lê Hồng Quang hôm qua nghe nói nay off stream,,,
Bắc kỳ cũng là người vn mà nó chửi như có sách con này k bỏ qua cho nó được,,,
Nguyễn Trung Tuấn thôiii:v để dành,,,
Hót girl chỗ nào vậy mn,,,
Tăng liên tục zợ,,,
From Bắc kạn with love. Chúc anh độ nghỉ lễ vv nhá!,,,
"nude tiger :)) haha tiên tri vũ trụ , kiêm Cố vấn  số 1 hoa kỳ",,,
"năm 72, 28 triệu bằng 28 tỉ bây giờ",,,
mào Phạm Quốc phạt cho ăn khoai vào,,,
khó nghe,,,
Con ông zời đi nữa đã có lệnh cách ly thì phải theo,,,
dàn pc này sau này cũng là của t ngu gì mà đập,,,
K có chuyên gì nói thì call nhau rồi nhìn nhau thế là vui rồi 🤣 . Đơn giản vll 🤪,,,
thương anh 🤣🤣🤣,,,
Abe mua áo như này là chet con di me sela rồi =)),,,
Nhưng kế hoạch của Nhims vẫn đang thực hiện,,,
làm mẹ thêm làn đường ô tô trên cao chả ngon giải quyết đc nạn tắc đương làm đường sắt làm gì thế,,,
Oke anh trung,,,
Thanh Bình ít nhất k có cái suy nghĩ chơi vs bêđê :)),,,
"Cắn ko đúng định hướng,ko đủ số lượng là nó đuổi chứ ko phải lấy 3 củ của nó mà dễ đâu mấy ông phản động ơi",,,
đúng là đồ đàn bà nhìu chuyện,,,
Cô 3 nói chuyện đáng iu quá à,,,
Đưa MV lên top nào các bạn!,,,
Be lon chay xung quanh ;)),,,
"Tránh VỎ DƯA, gặp VỎ DỪA là có thật 😌😌😌",,,
cho fan cứng đi anhhhh,,,
Phê lòi,,,
Thoi di thang khung oi,,,
Mai lại bảo '' Đồi clear rồi ta nhìn thấy mấy lần rồi '' Snake said.. Không quan trọng mai cố gắng lên mấy anh ơi ♥,,,
Nhìn iphone nhưng rất Độ phùng !,,,
Minh Hải Đều là “con” người chứ không phải người nên mới thế đó,,,
lãnh đạo v+ toàn bọn ăn tàn phá hoại đúng quy trình.,,,
Viet An ???,,,
Nay làm thợ sửa xe ô tô đồ 🙄 té cái đùng 😌😌,,,
Nhớ anh năm ngoái :v,,,
Duy Linh vailin live thật để quay mv =)),,,
Ai rồi cũng phải lớn thôii:)),,,
chính phủ sẽ tới và gông cổ mày nhá thằng AD :3,,,
Hợp lí vl các ông ạ :))),,,
Su Ri phải hiểu ý thâm sâu của ổng mới thấy ổng có tâm :))),,,
Cực kì th...,,,
Chưa chiếu đã quảng cáo cmnr... lại cắt cmn hết để có thời gian đọc slogan,,,
Vinh Nguyễn nghĩ nó buồn,,,
Khoảng cách là ko xa nếu ta xem nhau là tất cả để rồi mọc lên bn là canxi,,,
Quá Khứ rồi quên đi,,,
Mang gì ngta thuê máy bay riêng xong cũng đi cách ly hẳn hoi đâu phải trốn cách ly đâu,,,
Có phải tự nhiên hay lại là một sự sắp đặt ???,,,
40' +40' = 11h80' thần đồng toán học Cao Bằng Độ tày 🤣,,,
Thượng nghị sĩ Vũ hoàng lân sao ko hỏi nhà tiên tri về nguồn gốc con virus...?,,,
Ok Bé Ba,,,
gáy time,,,
Bh nó làm quả múa quạt của cậu bảnh thì còn vl nữa,,,
Nguyễn Bích Hằng hoang mang sờ tai,,,
Năm mới vui vẻ cùng thầy kính yêu❤️,,,
Cũng ông này lúc trước gài bẫy ông Long. Nhưng con ông ta ko nhận và sau đó nộp 10triu cho CA. Ông ta ko biết rồi đi vòi vĩng ông Long (cán bộ y tế). Kết quả: bị kiện ngược lại vì tội gài người khác. Đoạn ghi âm ấy mấy thánh đọc trên báo đi nhé,,,
Game j vậy thầy,,,
sao biết tao? ko lẽ đi mua dâm phải trình báo? cái này chỉ thống kê số bắt được thì phải,,,
tao thấy cả 2 đều rất yêu nghề . thằng nhà báo chắc đang xỏ xiên nói móc doạ xé vé thằng hình sự theo kiểu : phỏng vấn . thì thằng hình sự nó phải múa võ theo kiểu : gạt tay thôi,,,
Nói nhỏ nhỏ thôi không mấy đứa người nhật quốc tịch Việt Nam nó lại vào chửi cho bây giờ🤣,,,
"Ơ gì war z , em nói zui thui mà @@",,,
"Cái thằng bán bằng là đồ giả! Phải bỏ tù nó, đúng ra phải bán cái bằng thiệt!",,,
Con đường đến trường chưa bao giờ xa đến như vậy 😭😭😭😭,,,
Lê Bảo Kiên chỉ đạo vụ nay zồi 😜,,,
Trái đất đang dần mất đi một nửa! Đều là con người sao lại phải ghanh ghét nhau! Để giờ đây người thì liệt giường ng thì về vs đất cát..,,,
Cũng cực kì thuyết phục !,,,
Bạn nào trượt cứ liên hệ mình nha ❤ giá rẻ như cho,,,
Nguyễn Đăng Khoa nhưng khách mua thì ng bán phải nói là con này có độc chứ.mình muốn mua gì mà ng bán nói có độc này nọ là mình ko bao giờ mua đâu,,,
Bị ngáo cứt lợn 🐷,,,
quá chuẩn giáo án luôn,,,
ba bá dơ :)),,,
Phạm Hoàng Thiện Xin clip ông êi,,,
Thôi nóng thế thì đi lên cao bằng thì hết sảy ae nhỉ ?,,,
Mong mình mãi là 1 đứa trẻ k phải lo nghĩ gì 😌,,,
Cô tao the bestttttttttttt,,,
Chúc kênh panba được nhiều sub. Yêu abe,,,
"Sắp tới thiên đường rồi nha mấy đứa , cá len thiên đường trước dân nhé mấy đứa 🙀🙀🙀🙀",,,
Thầy ba said:,,,
"Nó tưởng nó bệnh sương sương , nên trốn ra ngoài ho cái cả nước ốm luôn ,",,,
"Xì tai này ông t hay mặc, thì ra là ăn cắp ý tưởng t báo công an",,,
Được cái là giống nhau,,,
Đừng nhắc làm tui thèm chứ cô ahuhu,,,
Hôm nay mình cho ông già chơi kẹo mọi người ạ,,,
Giáo án xịn sò ntn mà thầy k đem ra cho các prô lây ơ xem à thầy =)),,,
Đcmm ad,,,
Thế K-ICM ko phải là con trai rồi mà là cây ATM,,,
Ông lân về edit chắc cười sặc tiết,,,
Em bên trông xe tộc trưởng ơi,,,
có,,,
Ai lớp du chu cà mo cô. Khoái cô bất chết à trời ❤😂,,,
"Vẽ Mắt Biếc nè các b vào fb m xem video vẽ nhé, ai mún vẽ thì kb m vẽ cho nhé",,,
Được vl luôn abe ạ,,,
Vcc,,,
may ng lam tro cuoi,,,
Em về đây :))),,,
Các bác chỉ nhìn cái tiêu cực trong XH. Bn người k càn sự sống đang gồng mình cứu giúp người dân đang bên ngoài vùng lũ kia. Mỗi ng 1 việc. P.anh a ấy có tiền thì ở trên khô phát lương thực cho những người được CBCS k màng tính mạng mình đưa ng dân từ nơi nguy hiểm vào. Đừng nói vì tiền thuế nhá bạn. B có dám vì tiền mà đánh đổi mạng sống của mình ko?,,,
Mấy thằng cứ cực kì thuyết phục k chán à hay là k có não vậy !!!,,,
Chị chửi để chị cứu nhân độ thế! =)) cưng dễ sợ hahhaa,,,
Bắt nộp phạt ngay 😳,,,
@Tủn 3K đẹp đẽ quá mà chuyện cá nhân của nó vs thk nào đó mà đi xiên xỏ đá xéo minh hiếu . trong khi minh hiếu chả có khái niệm gì nghĩ đến tên con trần đoàn nữa . chả biết gì tự nhiên bị chửi già đầu ko biết dạy Fan.  chấm hỏi luôn . bị chửi đáng,,,
Có thật koo hay là kích động vậy,,,
kiểm tra: ê.! mày có tham nhũng không?,,,
Thật tàn độc!!!!,,,
Đặc biệt là y 1 ng tính trẻ con thì cần phải cố gắng👍,,,
Dân InDo theo ý kiến của mình jack làm cho nhạc cho ngta nghe k thấy hay thì đừng xem,,,
Sao idol toi lại lạc vô đây nhỉ ???,,,
"Trốn hoài tar , thất học luôn tar",,,
Luân TRrần chớ k phải là bắn pub hả yêu chi khổ.. a lo ổm định đi r cưới luôn khỏi yêu cho tk e này chiếc ex 😂😂,,,
Anh mà xấu như em xem để tóc nào cũng thế à :(,,,
Kiều Khanh Corona mà xông pha hiến máu chứ,,,
"Đẹp trai,tài năng,tư duy đỉnh cao,call team tốt,tố chất lãnh đạo và nhiều phẩm chất quý khác là những gì mà Ba rọi béo k có",,,
"Thúy Ngọc nghe lạ nhỉ , khi hiến máu . Họ đã phải xét nghiệm có làm sao hay ko mới cho hiến chứ nhỉ",,,
Cái mặt con này đi lượm bao cao su của cháu nó uống nè,,,
Dã man luông,,,
cô này chỉ có chết mới hết gào thét,,,
về sớm stream tấu hài đi abe,,,
Phạm Minh Tuấn ảnh của ông à,,,
Cần hiểu ý🥳,,,
:v ra là vậy !,,,
@QUYÊN PHAN Tui đồng ý với cách nói chuyện của bạn 👋😊,,,
"Ko còn lâu nữa đâu, sắp rồi =]]",,,
tay trắng :((,,,
Đầy ông kinh doanh bây h thờ Quan Công chứ đéo ai xăm và thờ Thánh Gióng =))))),,,
Sống chậm lại thôi các bạn và hãy yêu thương và bên bố mẹ mình nhiều hơn,,,
cực kỳ lên án hành vi bạo dâm và xâm phạm tình dục đối vs thầy giáo,,,
rồi bị Pet nước đấm chưa abe =)),,,
son đoàng mtp,,,
Lúc đó chưa có mà,,,
"đúng rồi, ngu đeo vàng nó chặt tay thì chết chứ còn gì nữa. dạo này thời tiết xấu, trúng gió độc chết là bình thường mà. cs nghèo chỉ có tiền ăn bánh mì, ko có tiền làm tường chắn gió, dễ trúng phong lắm. mà quan có bao h tham nhũng, toàn bị dân ép phải nhận tiền chứ quan thanh liêm lắm. - 1 thanh niên yêu nước yêu đảng cho hay-",,,
Em ơi! Biểu tượng và cũng là thương hiệu của /// đó. Vô hại mà.,,,
Pooor anh tôi :(,,,
Cảnh này giống chạy giặc ngày xưa ghê =)₫,,,
may nguoi ngheo kho co giup do dc k co,,,
Tưởng hắn fan Real,,,
trời ạ,,,
Muốn sống xứ thiên đường đâu có dễ,,,
K-ATM Cao Lãnh :))),,,
Best cà khịa tụi Chinazi hehe,,,
Cực kì thuyết phục :),,,
Nghe rất vô sinh nhưng lại sinh đôi :)),,,
"Địt mẹ suốt ngày mị dân ,nâng bi tự sướng",,,
Mẹ này nam hay nữ,,,
"Cái này đúng mà, Việt Nam! M có câu 1 ng làm quan cả họ được nhờ mà! Nhưng cái com mẹ quan bjo muốn nó khôn phải lấy bác hồ ra vả vào mặt nó mới khôn lên dc ko cả bố lẫn con đều ngu như nhau cả thôi",,,
Linh cá loc kog có một tí nào là phụ nữ vn,,,
Tài năng hay kinh nghiệm anh đã có thừa =))),,,
Cảm ơn anh từ h em đã biết đeo khẩu trang đúng cách,,,
Nội cái mông là thấy trời sinh một cặp rồi :)),,,
"thằng cha ăn xong rồi đến thằng con ăn , thằng con ăn xong đến con thằng con ăn , thằng con của con thằng con ăn xong đến con của thằng con của thằng con của thằng con nó ăn ... còn nhiều mà mỏi tay quá",,,
Đt xịn chụp đẹp quá thầy,,,
Đuoc anh ơi,,,
Việt Nam! Vô địch,,,
Giang hồ hải phòng sau khi xem giang hồ bắc ninh dạy dỗ đàn em và cái kết...,,,
Mai Bui mua cho t =))),,,
Anh em nhớ sub kênh mới của thầy để có những giáo án susan mới nha,,,
Chào buổi sáng anh Độ :)),,,
Idol từ thời mầm non lun,,,
Con trai a đáng yêu vlon 😍,,,
Trung nami với tú khazix càn quét vcsa hồi nào :)),,,
K-icm là ca sĩ? Diễn viên hay ca sĩ?,,,
Tối nay còn chuyên mục xem phim nha :)))),,,
Trư Bát Giới trông chán đời vl :)),,,
Hỏng biết Cây cà - lem thấy hit quá có xin vocal như HN hk teee 🙄 xin t tán bể mỏ hen hen 😤Xê xê ra xa à,,,
Hiền Thu Kiều :)),,,
Trung vội vàng,,,
Mai là thứ 🇻🇳 phải 🇹🇭 cả Lớp 🤣🤣🤣,,,
Chuyển giới mà,,,
Hiếu XO,,,
Rất buồn.....ngủ,,,
Võ Vân con mắt để nhìn về tương lai ok,,,
Phan Nhuệ Anh giá bạn êi,,,
Chẳng hiểu mày ăn mặc kiểu lồn gi,,,
"@Vbii mình bt có nc hoa chiết mini ra típ nhỏ, nhưng đang nói với tâm thế là 1 người đồ fake 🤣. Chứ mình sài lăng romano thôi🤣🤣",,,
Danh hài Trần Dần đang nằm mơ dựng lại cái nùi dẻ trên đất Việt kìa đúng là khôi hài,,,
Đoàn Thị Thảo vâng,,,
Ok abe ơi :)),,,
Cái con này nó chết cũng không sửa đổi,,,
Lam Pham Ai Chau add với,,,
Linh Phan nô nố tối này tớ ấp với huyền,,,
Đi nước ngoài vài năm. Có xiềng rồi về theo đam mê,,,
anh làm nhà em lo lắm rồi đấy ngày mai coi sao đièu chỉnh cho rf bắn ổn định lại đi a ơi,,,
Mãi chả thấy cty cho nghỉ tránh dịch gì cả,,,
Dùng kĩ năng nha Abe đừng tấu hài nữa là sẽ lên VCSA comback thôi.e tin Abe,,,
"Thấy cái ngón tay Sói không? Đang cáu đấy. ""Fuc@ you men""",,,
"Đúng vậy, với người thích chê thì kiểu gì họ cũng chê được.",,,
Cực kì thuyết phục! :vv,,,
Khi sống ở vn thì bn sẽ có một cái nhìn khác :),,,
Có event mới đi học nha thầy =)),,,
Thanh Thảo giống con poodle hay đi du lịch cùng chúng mình nèeeee,,,
Linh Trúc Dung Phương ôiii cánh hoa thiệt đẹp làm saoo 😂😂😂,,,
"DLV : Các bạn phải ủng hộ hàng Việt, ruồi uống có sao đâu?",,,
100 like rồi đập đi,,,
bạn đã làm được,,,
Nghe cô MH nt hát mắc cười quá.có duyên j đâu.nt thật thà .,,,
"Anh vứt cho nó đi em chỉ thích làm ca sĩ thôi, cười từ hôm qua đến giờ =))))))))",,,
Mình thấy là trong page toàn nữ . Đã thế fan cứng toàn nữ ! Lại đặc biệt hơn là gái Hải dương 😍😍 quê tôi đấy 😂😂,,,
"chụp hình con gái người ta thì chụp cho đẹp tí chứ, người ta xinh chứ có phải ko đâu 🤔",,,
Mình rất thích tết bởi nó là dịp nghỉ ngơi sau 1 năm dài phấn đấu. Đôi khi chỉ đơn giản là ôm ck con ngủ nướng mấy ngày tết rồi cùng nhau xem vài bộ phim hay lượn lờ ngắm phố. Nhất là đi chợ những ngày giáp tết thật đậm chất tết.,,,
ơ kìa liên quân,,,
ngoan đi em thương,,,
KHÔNG ĐƯỢC NHẦM LẪN GIỮA VÙNG THÔNG BÁO BAY (FIR) VỚI LÃNH THỔ VÙNG TRỜI,,,
Hy sinh cao cả!,,,
Phạm Việt xin ảnh nha :))),,,
Chúng e rất cần sự nghỉ học =))),,,
Sbtc come back cực mạnh ô giáo ạ Cừu Đen,,,
Uyen Le haha chưa ăn luôn ah,,,
Huhu. Làm fan mềm mãi chán r. Muốn làm fan cứng cơ ạ,,,
Khanh Pham tại vì nhạc của ST là nhạc trẻ phù hợp vs giới trẻ,,,
Võ Hoài Phong xin videoo :)),,,
Nguyễn Huyền My ok bae,,,
Trương Yến 😂😂🤣🤣🤣🤣🤣thật á,,,
Bữa này thì hết chỉ thiên luôn!,,,
"Khánh Chi rất đẹp và duyên dáng, dễ thương. Nhưng hôm nay bị vẻ hào quang quý phái của Cô Minh Hiếu lấn lướt. Ghê thật.",,,
"Sống như chó, nhà nhưng thích tuyên truyền.",,,
"Nguyễn Trọng Thái đợi cái lồn thêm 3 chữ ""địt chị mày"" nữa nhé 😂",,,
Đzai có gì sai 😂,,,
Ý kiến cá nhân là e thấy nghe rất cuốn và bắt tai,,,
Trung Gà may là hoãn chứ k lại thêm 1 lần đau.😁,,,
Để bạn em đánh hộ thầy,,,
Dcmm cmt bài viết của bố ăn lozz ak cut,,,
Tất nhiên câu nói quá nổi tiếng,,,
rất chi là đẹp trai,,,
Thanh xuân như 1 cái ôm,,,
"bắc kim thang, còn lâu mới sợ",,,
"Sân bay long thành thiết kế có 2 đường băng, nhưng nhiều đường tham nhũng nên mới 16 tỷ usd.Vậy mà cũng thắc mắc.",,,
Bin Bin Sếp nhà người ta ko làm mình thất vọng 😷😷😷,,,
Khi nào bác về bác nhận con làm đệ tử nha😁😁😁,,,
Võ Hoài Phong xin videoo :)),,,
Mấy loại này bỏ tù chục năm vì gieo rắc mầm bệnh cho nó chừa .,,,
Cang ngay cang ghet tui thp,,,
Đem lại tiếng cười... ???? Toàn post bài hãm lồn mới đáng cười :))))))))),,,
Huy Đill chuẩn :>,,,
"Thời nhỏ tuy có thiếu thốn mọi thứ thật, nhưng đc cái ăn gì cũng sạch! Con người thật thà chứ không gian manh xảo trá như bây giờ! 😬😬😬",,,
@HYNDRA CHOICE =)),,,
Hoang Yen đi học cũng vậy luôn thì ok,,,
Em theo anh :>>,,,
Thằng zô zăn hoá,,,
Long Nguyen :))) câm,,,
Vâng.thằng cc nào cũng ngồi ngoài phán như thánh chờ xong rồi ms vào.chả biết cái đéo j.ng ta làm gì chúng mày biết chắc.biết bao nhiêu vụ ngăn chặn được không đưa ra ng ta báo cáo cho chúng mày à,,,
Khách mời này Duyên qua 🥰,,,
Cố lên ❤❤❤,,,
Tóc này đẹp hơn chứ :((,,,
"Bữa trước ký dự luật HongKong thì cấm tàu chiến Mỹ ghé qua HongKong, nay cấm j nữa giờ. Hay khỏi đánh thuế nữa, cấm hết tàu thương mại của Mỹ vào tàu khựa đi :)) ~,~",,,
:))) giờ thì bên nào cũng đẹp trai vl anh ơi,,,
Bé cũng chả bé hẳn. Lớn cũng chưa lớn hẳn. Tính cách vẫn ẩm ương :))) chán.,,,
Bạch Mi Đạo Trưởng viết rồi =))) chạy sang mà xem,,,
Nhìn mà muốn vuốt chim vc ((((:,,,
"Buồn ghê, toang liên tục :(",,,
ATM cao lãnh là nguồn thu nhập chính của độ,,,
Clm...:))),,,
Uyển Nhi sao ưng k bữa nào cắt quả tóc đó chụp vài bô ảnh nà,,,
Nguoi đẹp Thanh Quôc chua đon  tiêng tri Trầng Dầng zề  Viêt Nam tránh dịch à ?,,,
Dô văn quá😂😂😂,,,
Vẫn còn 1 đoá hoa vàng trên đống cứt đen,,,
Phát Võ hút cho lắm vào,,,
Câu hỏi của chương trình ( Ai Là Triệu Phú ),,,
Khùng thiệt khùng tới mức bực bội luôn mấy đứa...😄😄😄,,,
Chúng tôi đang xem xét coi có phải sinh đôi kh,,,
ĐM TOÀN KHOE NG NÀY CÓ CỦA NG KIA CÓ NHÀ MÀ MÌNH ĐÉO CÓ CON MẸ J,,,
Đồ Uyển Đình Ngọc chị có chồng ch :v,,,
Sống nhanh lên các bạn 🤣🤣,,,
"Với những người bị viêm cấp tính thì thời gian bị dị ứng đến khi khỏi tùy thuộc thương tổn, có thể điều trị trong nhiều ngày hoặc lên tới vài tuần lễ. Để tránh “rước họa vào thân” người tiêu dùng cần biết cách phân biệt nước hoa thật và nhái",,,
Bị lừa còn gì. Rõ ràng cái th lamg bằng bảo làm bằng phôi thật k ai phát hiện đc,,,
Thái Vũ như thần,,,
Thần đồng toán học lỗi lạc nhất lịch sử loài người,,,
Sống chậm lại nhé mấy ông,,,
Trung sát thủ .... cắt cổ mọi đối thủ,,,
chuẩn =))),,,
Cách ly clg nữa 🙂 loại này mang thẳng vào nhà hoả táng mà cách biệt!,,,
củng giống như kô có thể nào thay đổi được loài cộng sản ...,,,
bản thân mong chờ và kì vọng rất nhiều nên tối qua nghe ko thấy hay như mấy bài trc xong sáng ra nghe l2 thấy hay vl ..... sáng giờ mở nghe suốt . Nói chung ủng hộ jack . Mong chờ sản phẩm tiếp theo ❤️,,,
Ông nào ghép quả ảnh hợp lí vcl,,,
Sống chậm lại :)),,,
mày nhiều huyện coi tự té vô dùi cui chết đó add :v,,,
Chống tham nhũng ở ViêtNam như kiểu con Mèo ăn miếng mỡ thì bắt được còn Còn cọp ăn con hươu thì đeoa bắt đc,,,
"Phương Minn không mợ chợ vẫn đông , không thích thì không nghe :)) đừng toả vẻ ghê gớm",,,
"hơi quá lời, thật ra thiên hạ đã chửi còn hơn chó",,,
Link hot nè bao phê nh nước cho ae,,,
- Được sói oiiiii,,,
Ủa còn này là con cua hoàng đế rõ ràng mà,,,
Tóc này đc nhất a ơi,,,
Bảoo Duy thích em nào liên mạc nói mẹ đi :)),,,
"Cô Hieu de thương quá.chuc cô nhiều sức khỏe...,💗💗🥰",,,
nhìn phát biết anh nào là DJ Chip lun =))),,,
Trần Xuka Tránh được tình trạng móc cứt mũi chum tùm lay nữa... Vì một môi trường thật trong lành... 👍,,,
That su met moi,,,
thì thầm em nói nhỏ Việt Nam never die💪❤️,,,
Sao mày lấy ảnh tao,,,
Chiều nay có mang vali tiền đi mua giải không anh ?,,,
Bác tài kia kìa toàn da với xương,,,
Mll Merry Mai Kim Trí nha,,,
Tóc đẹp anh,,,
Dũng thằng xàm lol,,,
🤣🤣🤣 trong mùn hong dám cười  sợ mẹ la,,,
Kiên Hoàng mình bán cho ai có nhu cầu thôii bạn ơii!,,,
Lona Trần má đừng có nhớ tới kao trong những khoảnh khắc nhạy cảm nha mạiiii. Má hơi gê ák...,,,
.....)),,,
Đức Huy vô nghe thầy giảg bài nha,,,
😇😇😇😇😇,,,
bên Mina Macro chuẩn quá top đầu luôn nè,,,
Chúc Mừng Tiên Tri Vũ Trụ Trần Dần. Xin ông được mạnh khỏe để cho Trấn Thành và Hoài Linh Ế show. 🙏,,,
Xin chia buồn cùng GĐ ! ADIDAPHAT !!,,,
Đầy tự hào. Ăn ít mới mạnh vậy đó. Ad hiểu hôn😂🤣🤣,,,
Ảm ánh emm rồi,,,
Đình Quang ụa đâu có giải gì bên vn đau ta,,,
"Dung nen tao khau nghiep cho mih nua,, hay lai cho con chau mih no co dc tieg noi,,,",,,
Thành Huy Hoàng Tiến,,,
"Thôi xong tóc a chí tôi, nay làm vlog đưa djchip đi cạo đầu đi anh 😂😂😂🤣🤣🤣",,,
T nhìn k nhầm thì a ấy dg sấy 6X,,,
"Mặt xinh thì tóc xấu cũng xinh, còn mặt xấu tóc đẹp thì cũng k xinh lên đc :))",,,
Nghe vẻ yếu sinh lý nhưng thực ra yếu cả toán lý hóa :))),,,
Nha tien tri Cop đen,,,
Lỡ tay thầy ơi :)),,,
"Công nghệ của cs đã đạt mức thượng thừa rồi, chỉ cần ấn nút là trắng biến thành xanh và biến hóa cả số nữa cơ. Tư Bản làm được không?",,,
Corona ăn mất cái ý thức của chị rồi hả chị ơi :),,,
Mãnh thú này giống vs nhà em nhưng nhà em sợ mỗi xả với rau má,,,
Phong Chau cười ỉa 😂,,,
Tấn Thời nếu như mấy bài trước quài thì nó nhàm,,,
Da la tien tri thi noi chuyen hay tren the gioi ban chi chuyen chuoi nhau ? Do tuc cuoi !,,,
Tôi đã không còn uống sản sản phẩm tân hiệp phát từ lâu,,,
Vừa làm chiều nay xong đây . Cứ chỗ uy tín mà làm nhé cá bạn 🥶🥶,,,
lại xui chị trang cho ăn đòn trận bh 🤣,,,
ok plant iuuuu,,,
Thả tim cho sự cống hiến của ngài,,,
"1:22 ai lớp du chu cờ moo, Duyên dáng quá cô ơi",,,
