Comment,Sentiment,Toxicity,ambiguity_flag
"mỹ đã tuột dốc quá nhiều rồi, giờ muốn vực dậy cũng rất khó",,,
"Thương các bé quá! Các con còn quá nhỏ mà đã phải sớm rời xa cha mẹ! Xin chia buồn cùng các gia đình các con, cầu mong các con thật vui ở thế giới mới!",,,
"""Tôi không biết bà ấy làm thế nào để xử lý gã ấy, chỉ thấy đánh bùm bùm"".",,,
"Dí súng vào người khác bóp cò, đạn ko nổ, ko thuộc trường hợp có tính côn đồ !? Bó tay luônĐề nghị giảm án cho anh Đi",,,
Tui cực sợ rắn nhưng khi xem clip này tui lại cực mắc cười xD,,,
Ở đâu cũng có những kẻ dở hơi!,,,
May là rắn không có độc không thì cá gặp diêm vương rồi,,,
"Có lẽ đây là lý do nhiều người miền nam có màu da sạm hơn đồng bào miền bắc,vì mọi món đều cho chút đường.",,,
Mong chính quyền thành phố dẹp hết giang hồ cho mọi người được nhờ.,,,
"Xinh đẹp,tài giỏi,có trình độ,hiểu biết rộng nên đi làm diễn viên.",,,
Cái đầm cửa Hà kiều anh trông nhạt nhẽo quá !,,,
"Hở ra 1 cái là kêu gọi hi sinh kinh tế, làm gì thì cũng phải hợp lí , chống dịch là để sống nhưng ko có kinh tế thì sống kiểu gì",,,
"Đúng là để Messi tự do sẽ rất nguy hiểm. Đối thủ cứ lo kèm Messi. Mà quên rằng trái bóng không nhất thiết phải qua chân Messi nữa, mà nó sẽ đến vị trí của cầu thủ nào đang chiếm được khoảng trống. Bóng đá hiện đại là thế. Chúc Mừng Barca đã đi đúng hướng. Chúc Mừng Messi đã trút bỏ áp lực.",,,
Tôi không thể để cậu ấy rời CLB. Messi là cầu thủ hay nhất mọi thời đại và đội bóng cần cậu ấy. Sở hữu Messi là một sự đảm bảo thành công.,,,
"1. Tham gia bảo hiểm lúc chưa cần, vì lúc cần rồi thì ko tham gia đc nữa, nếu đc thì phí cũng rất cao.2. Tham gia càng sớm phí đóng càng thấp3. Lúc nằm 1 chỗ, đóng bỉm mới thấy có bảo hiểm nó lợi hơn ở chỗ nào",,,
"Thắng là vui rồi! Đội bóng lớn phải là đội không những phải biết vùi dập đối thủ trong một ngày đẹp trời mà còn phải biết kiếm được 3 điểm trong một ngày mình chơi không tốt! Chúc mừng gooner, tôi tin là năm nay với những con người này, Arsenal sẽ tạo ra một điều đặc biệt!",,,
Các thanh thiếu niên ngày càng dễ dãi nhưng thiếu kiến thức phòng tránh hoặc quá chủ quan dẫn đến những hệ lụy không tốt.,,,
"Có xem một tập trong thời gian đó, hình như đang học lớp 5,6 gì thì phải , tui sinh 1984 cảm giác truyện rất ok nhưng thời đó do còn nhỏ nên ít đọc truyện chữ",,,
Khả năng 99% Trump vẫn sẽ được tín nhiệm và tái đắc cử.,,,
"Tốt nhất hãy gửi bé vào 1 cơ sở thiện nguyện nào đó ít nhất bé sẽ có đc 1 cuộc sống như 1 con người, được ăn được học",,,
Phải làm gắt gao ngay từ sân bay kẻo ra cộng đồng thật nguy hiểm :(,,,
"Nếu không tìm hiểu về trang bị hay so sánh thì seltos luxury ngay và luôn: Thiết kế đẹp, rộng hơn, hàng ghế sau rộng hơn có điều hòa phía sau). Nếu đã tìm hiểu và so sánh thì sẽ rất là khó chọn, theo mình thì 50/50. nhưng mình sẽ chọn Kona (hơn về an toàn)Phát biểu của người chưa có xe xD",,,
"Nhà em đang chạy cả Kia và Hyundai nên đánh giá là chất lượng lắp ráp của Kia vẫn dưới Hyundai, nhựa của Kia lắp lởm rất hay bị cọt kẹt, đi Hyundai vẫn thấy chắc xe hơn",,,
Nhật hàn thì cũng vn lắp ráp thôi. Thế giới phẳng rồi. Khoảng cách không còn xa nhau đâu.,,,
nên cho phép chọn đóng 1 lần hoặc nhiều lần để người dân lựa chọn,,,
"Tôi ủng hộ ông Trump, mong ông được thêm một nhiệm kỳ nữa",,,
Cầu mong mọi người bình an! Việt Nam cố lên! Đất nước chiến thắng!,,,
Lúc đầu xe bồn chạy khá chậm nhưng không hiểu vì sao lại không dừng khi đèn đỏ mà chạy luôn vậy,,,
"Những ai cho rằng người điều khiển cuộc tranh luận đã thiên vị ông Joe thì rõ ràng chẳng biết luật chơi của cuộc tranh luận mà hai bên đã đồng ý đó là mỗi bên có 2 phút để trình bày trước quốc dân những chính sách cụ thể sẽ mang lại lợi ích cho đất nước nếu được bầu. Nếu bạn biết tiếng Anh thì ai cũng thấy Trump chơi trò cả vú lấp miệng em để không cho Joe trình bày. Mặc dầu Joe có bị tật nói cà lăm từ lúc bé nhưng Joe đã vượt qua và Joe có một quá trình và khả năng trình bày ràng rành mạch có sức thuyết phuc cao. Mặc dầu Joe đã lớn tuổi và không con sắc bén như trước nhưng tôi tin Joe la người lương thiện có đầy đủ khả năng cùng ban tham mưu của ông sẽ lèo lai con thuyền quốc gia Hoa Kỳ qua các cơn giông tố, không thùng rỗng thùng kêu to như Trump. Là một cử tri ở Hoa Kỳ 36 năm, tôi tin phiếu bầu của tôi và những cử tri trí thức khác sẽ loại bỏ Donald Trump vào ngày 3/11 nầy.",,,
Thuỳ Dung đẹp sx,,,
Mấy ae cứ chê bai hoài Basa cũng khớ khớ hơn schalke rồi đó. :'),,,
Accent bạn ạ. Hạng b chất lượng hàn nhật thời điểm này là như nhau. Cố thêm vài chục. Vios cũng ngon nhưng khổ nỗi vỏ tole mỏng như lá lúa hơi tiếc,,,
Nhiều khi mình vô tpHCM đến mấy ngā tư muốn quẹo mà nhiều chỗ rất khó thấy tên đường góp phần nguy hiểm cho lái xe nhất là xe hơi vì lượng xe máy tp rất đông nên xe hơi muốn quẹo phải quan sát nhiều thứ như vậy rất nguy hiểm .,,,
Mình ăn duy nhất đồ có màu đen là bánh gai.,,,
trong khi mình thì kiếm 1 bé không ra. thật là đau lòng.,,,
Bầu trời đỏ do tán xạ ánh sáng này rất giống với bầu trời đỏ của sao Hỏa!,,,
"Cảnh báo ầm ầm thế mà vẫn có người ăn, sợ thật",,,
Đồng ý với phương án 10 ngày điều chỉnh 1 lần.,,,
"Haizzz... Lái xe kiểu gì vậy trời??? :@ Nhìn cái đầu xe 4W mà nát bét như thế, dù chỉ đụng xe 2 bánh, là hiểu rồi đó! :o Đề nghị thâu bằng lái của tài xế vĩnh viễn luôn đi. :|",,,
"Ồ, vậy mai đây ai mà sớ rớ tới gần học trò, các Cô cứ đấm thẳng mặt cho vừa lòng mấy người.Chứ bất ngờ kiểu này, mà đi kỷ luật Cô thì bó tay. ",,,
Tôi luôn theo dõi các em thi đấu nhưng thua bạc nhược như trận vừa rồi thì chắc chuyển kênh khác.,,,
"thế nên nếu không phải môi trường y tế thì không nên dùng khẩu trang y tế tràn lan trong đời sống dân sinh, môi trường y tế họ có quy trình xử lý vật tư y tế (khẩu trang y tế, găng tay, bảo hộ, ...), còn đời sống dân sinh thì nên sử dụng khẩu trang vải để không xả thải bừa bãi hoặc có chăng thì còn dễ phân hủy",,,
Hic...tu vi của con Trê này chéc cũng được 50 năm...chưa kịp thành tinh đã bị thịt...,,,
Thu hồi gấp và cấm bán các sản phẩm này ngay chứ ?,,,
Đáng khen thưởng các đồng chí CA hình sự điều tra về mảng tội phạm ma túy! Bởi chỉ cần lọt 1 hai đối tượng xã hội sẽ nhiều người khổ. Cảm ơn Bộ Công An!,,,
"300tr bác mua Elantra 2016, Cerato 2016, Túc sơn 2014, Sorento 2014... việc gì phải mua City 2013, Vios 2013 hả bạn. Mua mấy em Hàn tôn kia vẫn còn thừa tiền đổ xăng",,,
tại sao nó cứ cháy mãi thế nhỉ,,,
Phương Oanh trông gần giống Phạm Băng Băng rồi!,,,
"như trường hợp mẹ chồng tôi mất cũng không để lại di chúc nhưng vợ chồng tôi lại sống với bà, 4 chị gái của chồng đều lấy chồng tỉnh xa, giờ đòi quyền chia đất... lúc mẹ chồng tôi còn sống con gái thứ 4 có vay bà 50.000.000, chị gái thứ 2 vay bà 12trieu đến khi bà mất chưa trả giờ đòi chia đất. còn chị cả lấy đi 1/3 số tiền phúng viếng. liệu 3 chị này còn đáng đòi đất ko?",,,
"Không biết tốt xấu thế nào nhưng sự thật là từ hồi có xe Hàn thì xe Nhật mới chịu thay đổi mẫu mã, tăng options cho người tiêu dùng.",,,
Chuyến bay cuối cùng,,,
Qua đây mới thấy cái hệ thống luật pháp ở việt nam và những người thực thi pháp luật còn bất cập. Một e bé bị bạo hành tới 3 năm sau bao lần báo cáo mà vẫn ko giải quyết dứt khoát để e bé phải rơi vào cảnh đó.,,,
Điểm sàn tăng 2 điểm thì tình hình năm nay phải 24 điểm trở lên mới hy vọng trúng tuyển đại học Ngân hàng.,,,
"Covid nó chỉ ""né"" những ai có trách nhiệm, thận trọng, thấy được hậu quả nghiêm trọng.Nó sẽ không chừa một ai kể cả nguyên thủ của cường quốc số 1 TG, có nhiều ngàn tỷ đô. Thái độ khinh suất, xem thường, COVID đều cho nếm trải hậu quả nhãn tiền.",,,
"Hi vọng cậu thành công cùng pháo thủ nhé , arteta",,,
Việc trồng cây bảo vệ rừng nên đặt lên hàng ưu tiên,,,
Nhìn cái mặt đã đủ hiểu rồi,,,
Hy vọng ông mau bình phuc,,,
"Cứ xe Nhật mà đi cho nó lành. Còn muốn mẫu mã optin này nọ thì nên mua xe Trung Quốc, về khoản này thì xe Hàn cũng không so được",,,
"Mẹc đi bộ vuốt râu là có thật, ăn hôi pen là có thật luôn.",,,
Quá tuyệt vờiChúc mừng 6 em,,,
"thật vui khi thấy bạn vẫn khỏe mạnh! nhiều năm trước mình đã có cơ hội bơi gần bạn, lúc đó thực sự rất sợ bạn xơi tái mình...",,,
Sáng giờ 2 vụ dừng đền đỏ bị tông phía sau mà lại ở Vũng Tàu !Xe con tông cũng đã khó sống rồi đằng này toàn xe công với xe ben mất thắng thì mạng người sao giữ đc!,,,
Nhan sắc đời thường (ảnh cuối) bình thường quá. Tóc khô xấu. Hy vọng em sẽ hoàn thiện bản thân.,,,
"i10 đi cho nó máu bác ạ, nhỏ gọn đi trong nội thành hoặc đi công tác gần xa đều đầm chắc,suýt soát đầu phân khúc cứ chọn i10 là đạt điểm 10",,,
"""Em tôi mắc bệnh tim nặng"" >>> nhưng nó có thể chơi thuốc/ bán thuốc. Chắc chơi thuốc cho bệnh đỡ nặng hoặc bán thuốc lấy tiền chữa bệnh tim. Nghe hoàn cảnh thương ghê :))",,,
"cá nhân mình thích chị Irina người Nga hơn. trc đây mình ko bỏ sót 1 tin nào về cập đôi đó, tiếc quá.",,,
"Tâm hồn người nghệ sĩ nhạy cảm, mong manh tựa dây đàn. Để người khác hiểu được họ cũng là một thách thức.",,,
Khả năng chấn thương tái phát thường xuyên khi về đá ở Anh.,,,
"dài 6m cao 2m,nó sẽ là chiếc suv to lớn nhất thế giới",,,
Bột Than tre thì tốt nhưng sợ khi đại trà thì ko biết than gì thôi,,,
"Ở bên Mỹ còn có câu chuyện về chiếc cầu thang xoắn ốc bằng gỗ không dùng đinh nữa cơ ạ. Địa chỉ là : bang New Mexico của Mỹ, hãy ghé thăm Nhà thờ Loretto. Thế thì kết hợp hai công trình bằng gỗ này của Trung Quốc và Mỹ vào nhau thì chúng ta có thể xây lên được một tòa nhà cao tầng cao đến đâu theo ý muốn mà bằng gỗ được đấy ạ. Dùng cầu vòm gỗ xây tầng 1 đầu tiên của tòa nhà này, sau đó dùng cầu thang gỗ xoắn ốc trên để đỡ cầu vòm bằng gỗ thứ 2 đóng vai trò là tầng thứ 2 của tòa nhà này. Cứ tương tự cao đến vô số tầng thì thôi do cầu thang gỗ chịu lực phi thường kia mà. Đúng không bạn nhỉ ?",,,
Mới đi học học được mấy hôm mà lại phải vào bệnh viện rồi. Khổ thân mấy bé...,,,
"Thực ra là 1 sự thất bại lớn giữa các bên.Nhất - Bán 0đ thì ko bao giờ BC nó bánThứ 2 - M10 chả còn coi trọng BC nữa, muốn lắm nhưng ko đượcThứ 3 - Clb bắt buộc chịu lỗ vì tiền trả lương phần hđ còn lại của M10 ( bao năm thành tích ko tương xứng vs tiền lương => hy vọng kéo giữ thêm 1 năm để thay đổi cục diện.)Thứ 4 - Viễn cảnh 0đ sẽ đến khi M10 quyết ra đi => BC sẽ chả còn gì. Mùa sau mà xem, chớ vội tưởng bở.",,,
"Nghe mà đau lòng, mong con sẽ bình an sống với bà!!",,,
"Bài toán trên là giả thuyết nên lời giải cũng là giả thuyết!- Xét trong phạm vi trái đất, thì không thể nào có một tam giác nào đáp ứng được yêu cầu đề bài.- Xét theo hình vẽ của đề bài thì cũng không thể có một tam giác nào đáp ứng được điều kiện đề bài (tổng 3 đường cao <1mm mà diện tích lớn hơn diện tích trái đất), vì nếu có một không gian vô tận để vẽ ra tam giác trên thì chỉ vẽ được một đường cao nằm trong tam giác đáp ứng yêu cầu đề bài (nhỏ hơn 1mm), 2 đường cao còn lại là ảo (ngoài tam giác).Kết luận: Với đề bài như trên, không thể có một tam giác với tổng 3 đường cao nhỏ hơn 1 mm, nhưng diện tích tam giác lại lớn hơn diện tích Trái Đất (510.100.000 km2) !",,,
Già mà không làm gương cho trẻ!,,,
trailer cảnh đầu nhiều chị em thích xem ^_^,,,
"Xe nhỏ nên chỉ cần cam lùi, nếu có cam tiến khi đỗ xe thì càng tốt, ngoài ra thêm dán kính, bọc sàn, cam hành trình v là ok @@. Màn hình theo xe thì cần nghe nhạc và cam là đủ, ko cần xem video dễ gây mất tập trung",,,
chó nghiệp vụ thông minh tinh ranh là nhờ cảnh sát huấn luyện tốt. còn không biết huấn luyện thì đừng mua về lấy le làm gì khổ người xung quanh,,,
"Nhìn ảnh trông bé quá, m tưởng 5 tuổi ấy . .",,,
Hải cẩu biển nặng 60-80kg mà hất phát bay cao 15m . Thảo nào mấy anh MẬP ngửi thấy mùi chú này trong bán kính vài km là đã bán sới mấy tháng luôn. Trùm cuối là đây,,,
"cháu tôi mới học lớp 1 được 3 tuần. Không ngày nào cô không nhắn tin kêu than cháu viết chậm, đọc chậm. Mới học có 3 tuần mà đòi phải đọc trơn trơn tru cả câu luôn chứ ko được đánh vần. Viết phải thẳng, đẹp, không nghiêng vẹo, lại còn là viết chữ hoa uốn éo cơ. Cả nhà ngây thơ tin vào các chuyên gia giáo dục, nên ko cho cháu đi học sớm trước, để đến lúc cháu vào lớp một học cho đúng ""tinh thần"" lớp 1. Kết quả giờ hối ko kịp, cháu ngày ngày đánh vật sách vở cùng mẹ, thật khổ. Kêu với cô, cô bảo năm nay chương trình cải cách nó thế, cô cũng khổ. Thôi đành ngửa mặt lên kêu giời thôi chứ biết làm sao bây giờ.",,,
Mặc dù là fan xe Nhật nhưng phải công nhận Seltos quá đẹp. Dự là em nó sẽ làm mưa làm gió ở thị trường VN.,,,
Juve nhóm 1Bà xã nhóm haiQuá khác biệt,,,
"Thật xót xa. Là phụ huynh cũng có con như các bé , tôi không cầm được nước mắt khi đọc tin này. Xin chia buồn.",,,
Cảm ơn các anh đã vì cuộc sống bình yên của nhân dân.,,,
Theo tôi nên đặt tên đường bằng số chẳn lẻ thứ tự sẽ dễ tìm đường hơn.Ví dụ: đường nhánh của đường CMT8 sẽ là từ 1 đến 1000. Đang ở đường nhánh số 1 muốn đến đường nhánh 998 thì nhìn số là biết còn bao xa sẽ tới.,,,
Bài này chắc ko thành hit được.,,,
Ko nhờ đường chuyền của Messi cho alba rồi alba chuyền cho g7 còn lâu barca mới thắng nha công đầu thuộc về anh si :') :'),,,
than tre ăn vào có lợi ích gì không ? có gây hại gì không ? cơ quan chức năng có ý kiến gì về an toàn thực phẩm không?,,,
Đẹp trai quá- giống CEO FACEBOOK,,,
"Vợ đẹp, con ngoan, xinh đẹp, tài giỏi. Gia đình đồng lòng hỗ trợ trong cuộc vận động tranh cử, vậy thì việc ông Trump tái đắc cử là điều hiển nhiên.",,,
"Con mình thời mới hai tuổi đi học có lần bị bạn cắn oét bụng gần chỗ rốn tới chảy máu, thâm tím hơn hai tháng trời mới lành sẹo, có lần thì bị bạn lấy tay chọc vào gần mắt may ko bị mù luôn. Thế nhưng m chưa bao giờ dạy con phải đánh bạn, cắn bạn, chỉ bảo con là nếu bạn đánh thì con mới được đánh lại, đánh ko được thì mới mách cô giáo chứ con ko bao giờ đc chủ động đánh hay cắn các bạn. Ko biết có phải do bé nhà mình hiền nhút nhát quá hay ko mà đi học chuyên gia bị bắt nạt, toàn bị bạn đánh, năm ngoái học trg kia còn bị cô bảo mẫu cắn tay thâm tím bầm máu tới mấy lần mà lúc đầu về bé kể m còn ko tin con. May mà sau lên nói chuyện rồi chuyển trường rồi",,,
"Đúng là vật giá tăng thật, tiện nghi cũng tăng lên nhiều, đường xá cũng thuận tiện di chuyển nhưng phải nói chi phí hoa hồng phân phối là tăng cao nhất, một thứ mà người mua sản phẩm rất kỵ!",,,
Họ giỏi thật đấy nhưng sao tự nhiên xem xong tôi lại nghĩ ngay tới Elon Musk nhỉ.,,,
"Làm gì cũng có rủi ro. Cá nhân mình đánh giá cao cách Minh Chay xử lý khủng hoảng - văn minh và có trách nhiệm. Trước chưa biết đến thương hiệu này. Nhưng sau này nếu có nhu cầu với sản phẩm của các bạn, mình nhất định sẽ ủng hộ.",,,
"Khu vực Xung quanh biển Caspian có bề dày lịch sử, nhiều kiến trúc cổ, nhiều di sản văn hóa quý giá của Nhân loại,... Nhưng cũng lắm phức tạp trong vấn đề sắc tộc, lãnh thổ thời cận và hiện đại. Đáng quan tâm nhất, vẫn là dân thường.",,,
Thống kế nốt 7 năm kiếm bao tiền....,,,
Cầu mong mọi người bình an!,,,
công ty phải chịu trách nhiệm vì sản phẩm của mình lại gây ảnh hưởng xấu đến sức khỏe người tiêu dùng. quá nguy hiểm!,,,
"A sẽ vĩ đại hơn nếu thống kê cả số lần lật ghế, giận hờn, đi bộ vuốt râu....",,,
Các bảo bảo không nên mua Fadil đã ngồi thử chưa ạ? Không lý gì mà mấy tháng gần đây đều lọt top xe bán chạy nhất. Em ủng hộ hàng Việt nhưng cũng không đến mức mù quáng và em chọn Fadil :D,,,
Ông già lẩm cẩm này mà đắc cử thì nước Mỹ sẽ tiếp tục suy tàn. Các fan Trung Quốc đang mừng lắm,,,
"Rap Việt chẳng qua đang mới lạ sau khi khán giả đã quá nhàm chán với các chương trình cũ nên bỗng trở nên thu hút, đã vậy mùa đầu tiên lúc nào cũng là mùa thu hút nhiều nhân tài nhất, hầu như tất cả các rapper trẻ tuổi có tiếng tăm và nổi tiếng trên youtube đều hội tụ ở mùa một của cả hai chương trình hot nhất hiện nay của nhạc rap. Dự đoán qua mùa hai sẽ có số phận như những Sing my song trước đây và biến mất vào mùa thứ ba cho xem.",,,
"Môn thể thao nào Anh Quốc chẳng thê thảm, rất hiếm có môn nào Anh Quốc được coi là sở trường hay thế mạnh. Toàn tham dự cho có!",,,
Một bầu trời ký ức,,,
"Hay quá Minh Cường và Hoài Lâm ơi ! Cô nghe 101 nghìn lần rồi mà vẫn chưa thấy chán ! Mong Hoài Lâm sớm trở lại đẹp trai , dễ thương ,phong độ và luôn hát hay như vậy !!!",,,
Hâm mộ tài năng lẫn đạo đức nghề nghiệp của anh!,,,
chắc là bạn rất thân rồi.,,,
Khi sống ở nc ngoài tôi có thể ăn một bữa KFC cho bữa trưa hay bữa tối vì nó rẻ hợp túi tiền đủ no bụng . Về VN tui ko bước vào mấy quán này một lần. Đồ ăn VN quá ngon.=)),,,
Nó trả thù cho đồng loại đây mà,,,
"Khi mở cửa hàng không (quốc tế) chúng ta sẽ tìm ẩn nguy cơ tái phát rất cao. Nhưng sống chung với dịch là giải pháp khó tránh khỏi khi thế giới chưa dịu im. Chúng ta cứ quán triệt: đeo khẩu trang, rửa tay bằng dung dịch sát khuẩn, tự hạn chế tụ tập thì Việt Nam sẽ an toàn mà thôi.",,,
"Khám phá không gian Mỹ vẫn luôn là số 1, họ bỏ xa cường quốc vũ trụ thứ 2 Trung Quốc hàng trăm năm.",,,
"Bản phối nhạc hay quá, nghe ấm áp - chứa chan tình cảm. Cảm ơn nghệ sĩ Hoài Linh và Nhạc sĩ Hà Chương đã cho ra 1 tác phẩm đầy tình người.",,,
Vậy kẹt xe ai chịu trách nhiệm?!,,,
Người có trí tuệ người ta không chấm điểm cầu thủ chỉ dựa vào bàn thắng.,,,
Nếu mua bảo hiểm mà nói đến chuyện lãi thì không nên mua bạn nhé!,,,
"Có quá nhiều tình tiết tăng nặng: Tính chất côn đồ, thực hiện hành vi tới cùng, phạm tội có tổ chức, có hình thức băng nhóm, giết nhiều người, (1 người chết, 2 người còn lại chưa chết là ngoài dự tính).Đề nghị kịch khung cả băng này!",,,
Mất chất BMW rồi.,,,
cảm ơn các chiến sỹ công an. xin hãy trấn áp bọn tội phạm ma túy mạnh hơn nữa,,,
hay nhỉ,,,
"Hãy dừng lại đi! Sẽ có một ngày, con cháu chúng ta sau này phải chịu sự tổn thương to lớn do những hành động mang tính diệt chủng các sinh vật, hệ sinh thái mà con người thế hệ này đang làm.",,,
Chiều Xuân (Hoàng hôn mùa Xuân) chụp hình Bình minh mùa xuân. Ý nghĩa quá!,,,
Nói gì thì nhiệm kỳ tới Trump vẫn hoàn hảo nhất để làm tổng thống Mỹ!,,,
"Tội nghiệp những nạn nhân không liên quan khi không vướng vào vụ truy sát. Đúng là ""tai bay vạ gió"", mừng vì bọn côn đồ giết người cùng tận đã bị bắt.",,,
Như đọc truyện kinh dị rẻ tiền vậy.,,,
Cảm ơn thầy.,,,
"Tình cờ đọc bài này, mới càng biết ơn ông Dunlop đã cho cái xe đạp của tôi hai bánh êm ả như ri.",,,
"Trẻ em học hết cấp 1 thành thạo đọc,viết,cộng trừ nhân chia là thành công rồi. những cao siêu có dùng gì vào cuộc sống đâu,lớp 1 thì dạy từ từ làm trẻ yêu chữ là đc,học ít chơi nhiều.sao cứ nặng về kiến thức mà xem nhẹ kỹ năng sống,kỹ năng sinh tồn còn quan trọng hơn nhiều.rồi ra trường đời kiến thức có giúp gì hay chủ yếu dùng kỹ năng,ý chí để dựng nghiệp",,,
Vũ trụ bí ẩn quá. Mỗi lần đọc về thiên văn mà đầu óc quay cuồng. Nghĩ càng xa thì càng mù mịt,,,
"Vâng, thật sáng suốt, nhiều người vẫn mong muốn ngài thắng cử có thể họ theo dõi ngài chưa đủ.",,,
Năm nay là năm bệnh hay sao vậy?,,,
Việt Nam cũng nên có luật cấm độ xe . Thấy mấy chú choai con cũng đi độ rồi kéo nhau đua thật quá nguy hiểm .,,,
"Y như phim hành động, hay thật!",,,
"Phải phân biệt rõ ràng khách hàng bị lừa hay ngân hàng bị lừa. Trong trường hợp dùng CMND giả hay CMND thật nhưng không chính chủ đi làm hồ sơ thì cái này là ngân hàng bị lừa chứ không phải khách hàng bị lừa. Trong trường hợp khách hàng để lộ thông tin, mã OTP ...để bị rút tiền thì khách hàng bị lừa.",,,
Ít tiền mua xe Hàn mà xài ôm xe đức bán nhà nuôi xe.- Mua xe Hàn tập đi 1-2 năm bán đổi xe Nhật.- Người mới chơi tập chơi xe Hàn quen tay lái đã.- Đổi qua xe Nhật sau khi rành xe.,,,
Đề nghị chính quyền hãy cách li người cha vô dụng và vô tâm này để cháu không bị bạo hành nữa. Các Mạnh Thường Quân ơi hãy thương và giúp cháu đi! Cho cháu một tương lai tốt đẹp hơn chứ không như bố mẹ cháu.,,,
"Mình kg thích bánh trung thu từ nhỏ đến lớn. Năm nào cũng được biếu vài hộp mà chồng con chả người nào ăn, để mốc meo cả ra. Bỏ tiền triệu để mua hình thức thì càng kg.Mỗi người mỗi ý. Chúc mọi người Trung Thu vui vẻ.",,,
Bá đạo quá,,,
"""Nếu tái ngộ Bayern, Lionel Messi và đồng đội có cơ hội đòi lại món nợ thua 2-8 ở tứ kết mùa trước""Tôi nghi ngờ điều đó! Có khi thêm nợ cũng nên!",,,
"Do văn hóa thời trang của Mỹ, họ mặc đồ theo mùa và mode cũng theo mùa, năm nay mà mặc đồ năm trước là bị phát hiện ngay nên không có chuyện thấy rẻ mua để giành, năm nay có được ra ngoài diện thời trang đâu mà mua.",,,
"Tiêu hao nhiên liệu tiết kiệm,bất chấp cả đường rừng ko ai khác Mr.Hyundai !",,,
"Gởi ngân hàng dài hạn lấy lãi suất, 5 năm sau hãy mua đất lúc giá chạm đáy. Chu kỳ BĐS khoảng 10 năm qua các giai đoạn đỉnh - ngang - đáy - ngang. Hiện tại BĐS giá đang ở đỉnh, đang đi ngang và bắt đầu giảm. Good luck!",,,
"Bác sĩ VN giỏi quá, chúc mừng 2 cháu luôn khỏe và ngoan. Chúc mừng đến gia đình của 2 cháu.",,,
Đọc mà không cầm được nước mắt . Cầu cho linh hồn các sinh linh bé bỏng dược siêu toát về cõi an lành vĩnh hằng.Nam mô A Di Đà Phật ...,,,
Vì sao nhiều người trẻ HQ lại ra đi khi còn trẻ vậy nhỉ?,,,
Lại thêm một lời hứa không thể làm được hahaha,,,
"Có. Tam giác cân có chiều cao 0.2mm, cạnh đáy dài 510.000.000.000.000km",,,
"các công trình đều đẹp, duy có 1 điểm buồn là nhà dân quá sát các đường lộ này, làm sao di dời và giải tỏa nhà dân thụt vào ít nhất 50m-100m so với lề đường của các đường lộ này thì rất đẹp và thông thoáng tầm nhìn cho các phương tiện di chuyển cũng như dễ giải quyết mỗi khi có tai nạn giao thông trên các tuyến lộ này.",,,
"Ở nhà có 2 đứa mà còn không quản lý được thì sao thầy cô giáo quản lý được mà cái gì cũng đỗ lên đầu họ, rồi hậu quả xảy ra thì thầy cô lại phải đưa đầu chịu. ",,,
Việt Nam cố lên! Đất nước chiến thắng!,,,
"Trong các nhóm phụ kiện tôi chỉ mong muốn camera 360o, nhưng khổ nỗi ở Việt Nam! Nạn trộm cấp bẻ gương nại logo và tháo camera hành trình như ăn cơm bữa. Khi mua giá đắt khi mất tìm lại thì giá cao. Tóm lại xe sang phải có tài xế còn xe tầm chung thì chịu cực khi trang bị camera 360o này!",,,
"Rất cảm động! Cảm ơn các chiến sĩ không ngại gian nan cực khổ, thậm chí bản thân mình để mang lại sự bình yên cho nhân dân trước ma tuý.",,,
Tôi vẫn thích bay Boeing hơn vì đi nó bay rất êm,,,
"Cá voi xanh (còn gọi là cá ông) được mệnh danh là những ca sĩ lãng du khắp các đại dương. Vì cá voi xanh có thể phát ra âm thanh siêu trầm ở tần số 14 Hz. Và đó cũng là thứ âm thanh lớn nhất trên thế giới, lớn hơn cả tiếng rít của máy bay phản lực, với cường độ 200 decibel. Nếu so sánh với tiếng hét của loài người ở 70 decibel, âm thanh cao hơn 120 decibel gây nguy hiểm cho tai người.",,,
Cảm ơn tất cả,,,
"Hang b có toyota vios mt, mitsu attrage at. Hạng a có honda brio, hyundai i10",,,
"Giờ ms biết con này là cua ẩn sĩ, trước kia toàn gọi là ốc mượn hồn/mượn xác",,,
Phi công tất nhiên đắt giá hơn 115 triệu đô nhiều.,,,
Bộ sưu tập lần này khá đẹp,,,
"Ờ, nghe Arteta nói và xem Ars đá thì còn thấy Ars chưa mạnh nhưng con đường họ đi là rõ ràng, có chiến lược sách lược bài bản chứ nhìn sang những việc MU làm bấy lâu nay như 1 đống hỗn loạn còn Solsa thì chém gió lung tung, chả biết đưa MU đi lối nào.",,,
"Tranh luận thì phải theo quy tắc lần lượt nói để mọi người còn nghe chứ kiểu như ông Trump toàn ngắt lời người ta mà được nhiều người khen là nhanh nhẹn,hoạt ngôn,mạnh mẽ,ứng phó nhanh lẹ.",,,
anh chỉ hợp với bài ''kiếp vè sầu và đi về nơi xa '' thôi .thể loại nhạc này nghe không hay,,,
Tốt quá mọi người ơi.Phải làm kỹ thế này thì mới tạo ra nhân lực phù hợp với bằng cấp mới phát triển xã hội được.Cảm ơn.,,,
Khốn nạn thật. Nhìn hai cái mặt là biết ko phải con người.,,,
xây thêm một tầng cầu vượt trên ba nút giao ở trên đường láng nữa đoạn từ cầu giấy về ngã tư sở nếu làm được thì sẽ hết tắc,,,
Dịch bệnh chưa đi thì mùa bão lại ùa về rồi.ôi thiên tai.rồi sẽ ra sao cho những ngày tháng tới đây.,,,
Kona đi đầm thích. Đi xe gầm cao cho thoáng mát. tầm nhìn cũng tốt hơn. đi không sợ cạ gầm các bác ạ,,,
Cái này thì xin hoàn toàn ủng hộ,,,
Chuẩn bị đi xem phim thôi.,,,
Hóa ra bên Mỹ dễ trốn thuế vậy à? 10 năm mà không điều tra mà lựa còn vào ngày sát bầu cử để thông báo à?,,,
"Hahahahha, hề hề hề, chiếc cup vĩ đại",,,
Thật tốt khi người nhà nhận diện ra. Hi vọng mọi việc được tốt đẹp,,,
Cá mà lớn quá chẳng bao giờ Mình ăn !! Thấy sợ sợ và nghĩ chắc nó cũng k ngon gì !!,,,
"Cảm ơn tác giả, tôi cũng đang trên con đường chinh phục E đây",,,
Ôi trời ơi cá voi đớp 1 phát hết nửa đàn cá mòi,,,
"Dốt như mình mà 8/10, vì đọc riết quen thôi chứ không phải giỏi ngữ pháp.",,,
Nhẫn tâm hết chỗ nói.,,,
"Đường nào cũng không vừa lòng anh chị, dễ quá thì bảo lừa đảo khó quá thì bảo khó khăn phức tạp",,,
Chó là bạn không phải thức ăn ..,,,
"Quy định cho phép chuyên gia nước ngoài lưu trú dưới 14 ngày được tự cách li không tập trung nhưng lại không nêu rõ thời đi gian cách li bao nhiêu ngày. Điều này ẩn chứa cực kỳ nhiều rủi ro, vì không ai kiểm soát được ý thức tự cách li của những người này. Trên thực tế có nhiều trường hợp chuyên gia vào VN ngắn ngày và thường sốt sắng muốn lập tức đi làm việc với đối tác. Nhân viên bản địa và đối tác sẽ chịu rủi ro đầu tiên, rồi F2, F3...Quá nguy hiểm!",,,
"Nhìn tướng bà con còn khiếp nữa là ô ấy, chúc bà sức khỏe.",,,
Lần được bay cao đầu tiên và cuối cùng của em,,,
Nên mua i10 HB chạy dịch vụ sẽ ok hơn,,,
Tôi phản đối cho học sinh đem theo điện thoại vào trương học,,,
"Không quá chật thì chọn i10 nhé. Bác cứ lái để cảm nhận, cá nhân tôi thấy rộng hơn fadil",,,
"Chúc mừng Em, anh luôn ngưỡng mộ những chàng trai học toán giỏi, hy vọng em có thể trở thành Ngô Bảo Châu thứ 2 của Việt Nam.",,,
Cám ơn thầy Quang Nguyen rất là nhiều.SLIP là động từ TRƯỢT. Ví dụ: Trượt tuyết hay trượt nước. A slip of the tongue idiom rất thường dùng và rất hữu dùng. Đây là một thành ngữ cần nên biết và nên học. A slip of the tongue là một câu nói rất là lịch sự khi mình lỡ lời. Định nói một đường thì ra một nẻo.,,,
Không nên nuôi chó dữ.,,,
có 1 đồng chí cách nhà tôi 2p đi bộ.,,,
"Vài ngày nữa mở đường bay các nước, sẽ có nhiều ca nhiễm, hy vọng không lây ra cộng đồng thôi.",,,
Gia đình Tôi củng ủng hộ ông Trump 5 vé...,,,
"xin chào anh chị giá vàng hiện có chiều hướng giảm nhẹ và gần ổn định, gia đình em đang mở 1 căn nhà trọ và đang muốn chuẩn bị cất thêm 1 căn nhà trọ tương tự, đúng lúc giá vàng 62tr gia đình em đã có ý định bán và bây giờ em thấy lựa chọn lúc đó là kịp thời nhất, vì khi vàng giữ giá cao tiền công thợ k tăng và vật tư cũng rẻ nên cất nhà là họp lý nhất",,,
"Theo e thì 1.6l thì lành hơn,e cũng là fan của seltos, e theo dõi e nó từ đầu khi ra mắt ở thị trường nước ngoài , đến khi về VN thì mừng lắm,định cọc ngay nhưng khi biết e nó dùng hộp số ly hợp kép e lại sợ,sợ nó giống focus ngày nào của em,Mà nhìn qua nội thất bản Lux thì chán luôn..",,,
Pháp luật không nghiêm nên mới xảy ra những vụ việc bạo hành đầy rẫy.,,,
Nên có kế hoạch bảo vệ những di tích có tính lịch sử và thiết kế đẹp như thế này. Mong mau sửa chữa để Mn được tiếp tục tham quan,,,
Đẳng cấp cao quá cơ: 3-1,,,
kỷ luật cũng đúng vì ko có hành động bằng tay chân cũng phải có lời nói ngăn cản và ôm bé khi bé bị người lớn tấn công,,,
"Cái gì cũng hơn xe Hàn từ nội ngoại thất, option đủ kiểu, đến giá. Sao lại phải bỏ nhiều tiền ra mua xe Hàn?",,,
Hóa chất nào làm bom hay gần giống bom làm ơn mang đi xa khu dân cư dùm cái.Bài học cho các nước khác kể cả Vn mình.,,,
"Quê tôi cũng có 1 nhà vô địch Olympia nhưng cậu ấy đi du học rồi cũng ko trở về Việt Nam cũng giống hầu hết các nhà vô địch khác.Nên ai vô địch không quan trọng vì vô tới đây ai cũng xứng đáng cả ,chỉ mong sau này du học xong về góp phần xây dựng quê hương",,,
"Một chia sẻ bổ ích. Cảm ơn bạn Đoàn Dũng - Huy Mạnh , mình đã dạy trẻ từ lâu, giống như dạy bơi, dạy leo trèo phòng cháy ấy, tuy chưa xảy ra kẹt, quên trẻ bao giờ, nhưng cẩn thận vẫn hơn.",,,
"Chúc mừng chiến công của Công an! Tội phạm này rất nguy hiểm, đề nghị cần trang bị bảo vệ tốt nhất cho chiến sĩ.",,,
"Giả sử:CK = BN = 0.25mm, CK + BN = 0.5mm = 5*10^(-7)KmAM = 0.5mm = 5.10^(-7)KmS(trái đất) = 510100000 Km2Diện tích tam giác: S = 1/2*BC*AM = 1/2*BA*CK=1/2*AC*BNTừ dữ kiện trên ta có:-> BC = 2*510100000/(5*10^(-7)) = 2.040.400.000.000.000 (Km)-> BA = CA = 2*510100000/(2,5*10^(-7)) = 4.080.800.000.000.000 (Km)",,,
"Mình chưa đi Santafe nhưng có Lux SA Plus, chạy thấy rất ổn, bảo dưỡng cũng không đắt quan trọng nhất là xe Vin đang giảm giá rất nhiều so với giá chào nên bạn tham khảo xem sao (đọc báo thấy nói nhà sản xuất đang chấp nhận lỗ mỗi xe này khoảng gần 500tr/c) bạn mình định mua Ford Everest nhưng nhau khi mượn xe mình đi chơi một chuyến, về cũng đã lấy Lux SA Plus ",,,
"Mấy bạn bảo trộm chó do có người ăn thịt chó nhưng đó chỉ là một phần. Ví dụ tôi nuôi con chim mà có ai ăn đâu mà họ vẫn trộm, đơn giản là chim cảnh và nếu ko ăn thịt thì họ sẽ trộm chó cảnh thế thôi",,,
Thương cho cháu bé con của người em chồng.,,,
Xin chúc mừng các anh CA. Đây là cái rọ chuyên án của công an mai phục để bắt rồi. Nhìn lực lượng mạnh như vậy là có chuẩn bị rất kỹ.,,,
Nên có những hình phạt ngoài giam giữ mang tính răn đe với những loại tội này để bảo vệ những em nhỏ . . .,,,
Thôi xong! Mùa này cá Ba Sa lại toang sớm! :|Không có cơ hội đòi lại món nợ thua 2-8 tứ kết rồi. :-/,,,
Sao không hỏi đứa con muốn được ở với ai.,,,
"Tội cho các con quá, cũng chỉ vì thiếu chỗ vui chơi, thiếu những hồ bơi dành cho thiếu nhi ở nông thôn mà các con phải tắm ở ao hồ quá nguy hiểm.",,,
Ác nhân ắt sẽ có ác báo!,,,
Phân bón nổ như bom,,,
"trừ khi làm ở TP lương cao hoặc có công việc ở đây thì mới phải ở lại , còn không cầm bằng đó tiền về quê mua đất sống cho khoẻ !!! ở tp giờ chật chội , khói bụi , kẹt xe có gì đâu mà ham",,,
"Chúc mừng việt nam .chúng ta cùng nhau chiến thắng dịch bệnh ,Các bệnh viện cần nâng cao cảnh giác , tôi đề nghị khi có bệnh nhân nhập viện cần cho xét nghiệm luôn kể cả những người chung quanh .",,,
Chúc nghệ sỹ khỏe và có tấm lòng với quê hương đất nước.,,,
Hi vọng Trump làm thêm 1 nhiệm kì Tổng thống Mĩ nữa.,,,
Cà cưỡng nuôi con tu hú :'),,,
"Bào ngư Hàn Quốc tươi bán trong các chợ Hàn tại Mỹ với giá $5 USD/con khoảng 100g. Như vậy, 1kg/10 con khoảng 230K VND/con.",,,
"Có ai để ý vị trí của Thụy Điển trên bảng xếp hạng ngày càng tụt dần. Có thể miễn dịch cộng đồng của họ sẽ đạt được trước mùa đông năm nay, các nước khác vẫn cứ loay hoay phong tỏa rồi mở cửa.",,,
"Quả máy đó Toy còn chạy theo tuột dép không kịp, máy TQ 1.5 bằng 3.0 của Nhật nói chung và 4.6 của Toy nói riêng",,,
Cho chúng đi 20 năm nhé chứ dạng này thả ra nguy hiểm lắm.,,,
Lux SA công nghệ đức phải hơn Hàn. 2 xe đứng cạnh nhau Lux SA nó nhìn vững chải chắc chắn.,,,
"Giọng anh chỉ hát tốt nhạc Hoa thôi, kỹ thuật dù tốt cách mấy nhueng chất giọng không hợp thì hát không ra được cái hồn của bài hát... phong cách giống kiểu Hà Anh Tuấn nhưng hoàn toàn chỉ gây ức chế... không hợp xíu nào.... mình là fan anh Bo cả 1 thập kỹ.... thế hệ 8x... nhưng với mình anh Bo hát dòng nhạc Bolero và dân ca thật sự rất rất không ổn",,,
Có ai biết giải nam phụ xuất sắc phim gì không vậy?,,,
Họ cũng chích điện giống mình hình như sao chép không có bản quyền,,,
có vẻ như xe bồn bị mất thắng,,,
Tôi sẽ chạy bộ cùng em. Kéo em chạy fullmaraton luôn,,,
Cầu mong cho đứa trẻ bạc phước này được xã hội giúp đỡ nên người. Cháu ở tận cùng nỗi khổ rồi.,,,
Công cuộc nuôi dạy trẻ của Bà Xã hơi vất vả.,,,
Tận đáy lòng xin cảm ơn đội ngũ điều dưỡng và y bác sĩ chữa bệnh cứu người.,,,
"Anh cứ lái thử rồi chọn chứ lên đây hỏi xong có khi lại khó chọn hơn, 9 người 10 ý mà. về cơ bản thì ngang nhau chủ yếu khác biệt ở option",,,
"Cơn Bão nầy l hoàn lưu kéo mây đi trước mưa trước , tâm Bão đi sau nhé các bạn",,,
Công sinh không bằng công dưỡng là đây,,,
Ông này buồn cười làm như lịch sử Real chỉ có Bale giỏi. Từ xưa giờ các siêu sao hay công thần ở Real không ít nhưng khi hết giá trị thì đều lẳng lặng ra đi. Bộ ông sợ không ai nhớ tới ông hay sao.,,,
"Do chưa đủ 18 tuổi nên án nhẹ. Theo tôi thời đại ngày nay giới trẻ tiếp xúc thông tin nhiều và nhanh nhạy, khả năng tư duy đã trưởng thành nhanh hơn lớp trước, vì vậy cần tăng mức án với tuổi vị thành niên để có sức răn đe hơn.",,,
Cắt cái tóc đi thì đẹp hơn.,,,
"Tất cả đơn giản chỉ là tiền mà thôi , miễn là ở trung quốc các tập đoàn còn kiếm được tiền , rất nhiều tiền thì họ sẽ chẳng đi đâu cả , nếu như ông trump có thể đền bù thiệt hại khi họ rời khỏi trung quốc = tiền mặt thì có lẽ họ sẽ nghe ông đấyVà cái vụ ông Trump muốn mang hết sản xuất về Mỹ hay áp thuế ép về nước đơn giản chỉ là để dành phiếu bầu mà thôi , ông ta sẽ chẳng bao giờ làm đc điều đó , và tôi tin rằng ông ta cũng ko muốn làm điều đó nếu lỡ đắc cử tiếp tục làm tổng thống",,,
"Bản tiếng Đức tới nay có 214 tập. NXB nên tiếp tục mua bản quyền và việt hóa bộ truyện nầy để các em có điều kiện đọc sách vừa hay, vừa bổ ích chứ nhiều truyện tranh nhật bây giờ bát nháo quá.",,,
Đừng để con trẻ phải chịu hậu quả do người lớn làm sai.,,,
"Ai làm Tổng thống cũng được, miễn làm cho nước Mỹ giữ vững vị trí siêu cường số một thế giới là được rồi",,,
"Nếu ai bị đau nhức xương khớp hoặc người lớn tuổi thì Bơi Lội chính là 1 môn thể thao thay thế chạy bộ, rất có lợi cho sức khỏe khi hòa mình vào dòng nước nhẹ nhàng êm ái và uyển chuyển.",,,
Cầu mong ông sớm khỏe mạnh,,,
"Mâu thuẫn nhỏ mà gặp ai cũng đánh, nên phạt thật nặng bọn côn đồ này",,,
"Đàn cá mòi quá ngon, trở thành bữa tiệc của biển cả.:VN:",,,
Nhìn các con luôn ở bên joly là biết ai có nhiều tg ở bên chúng hơn rồi,,,
"Nhà em nghèo lắm. Hồi nhỏ ko có cơm ăn nên thường phải ăn bào ngư thay cơm, ko có tiền mua trái cây nên mua nho Nhật Bản ăn qua bữa, ko có nước gì uống nên uống tạm rựu vang, ko có xe đạp đi học nên em phải lái Land Rover đến trường. Tóm lại nhà nghèo khổ lắm xD",,,
Nên cho vào những tiết học ngoại khoá cho các con học sinh!,,,
"cái này hay à, ngoài công dụng như trên còn có thể dùng tìm kiếm người mất tích khi leo núi hoặc truy lùng tội phạm ẩn nấp nhìn từ trên cao.",,,
Eo ôi ghê quá. :-/ nhưng mà nhìn đĩa tiết canh ngon thế,,,
ông này chắc phải phạt cho người khác đè lên người ms hiểu cảm giác lúc ấy sẽ ra sao :|,,,
"Ko nhất bảng nữa thì giải thoát auba đi, để ngta tìm kiếm phương trời mới, ví dụ sang barca để tập tạ chẳng hạn",,,
"Mình không so sánh bảo là khập khiễng, nhưng con mình trước học tại Pháp: Lớp 1 và lớp 2 mới tập vẽ chữ, tập đọc nhưng cấp 1 đã biết làm bánh,ươm cây, mắc điện đơn giản mang về khoe bố mẹ; còn tại Việt Nam thì lớp 1 đã đọc thông viết thạo (thậm chí còn thi vào lớp 1 vì các cháu biết đọc, viết trước khi vào lớp 1). Họ cứ học 8 tuần thì nghỉ 2 tuần và tháng nào cũng đi thực tế trang trại, nhà máy, công viên ...1 năm nghỉ rất nhiều; đúng là vừa học vừa chơi. Chỉ từ cấp 3 bắt đầu với học nặng, vậy mà khi học xong ra trường họ làm công nhân hay quản lý rất tốt vì họ học rất thực tế.Còn Việt Nam thì mình thấy học, học và học thêm; nếu đi thi thì đạt kết quả rất cao nhưng không biết nấu cơm, luộc rau, lắp ghép những đồ dùng hàng ngày vì còn đâu thời gian để thực tế; thử hỏi mang bao nhiêu kiến thức thực tế vào cuộc sống?.",,,
"cứ li hôn là xấu, làm nghệ sĩ thì phải giữ hôn nhân cả đời à, sao lại khắt khe, cổ hủ như vậy, đôi bên cùng đồng ý, chia tay hợp lý, văn minh, êm đẹp, thì vẫn hơn là giả dối gượng gạo với nhau, rồi đến lúc bức xúc lại bôi nhọ nhau thì mới là xấu đó",,,
"Không hiểu sao vẫn không khắc phục được tình trạng đuối nước ở trẻ em. Dậy bơi cho trẻ chỉ một phần cái chính là sự vô trách nhiệm của người lớn. 5 đứa trẻ từ 2-13 tuổi bơi nghịch dưới ao mà không có người lớn nhắc nhở ,canh chừng thật hết muốn nói",,,
Chết tôi rồi... Huhu chắc là có uống nhầm nhiều lần rồi vì cứ thấy bia Saigon sao dạo này lạ lạ...,,,
Qúa thương tâm! Xin chia buồn cùng 2 gia đình các cháu.,,,
"khâu kiểm tra vệ sinh an toàn thực phẩm có vấn đề lớn quá rồi, mong sao những nạn nhân sớm bình phục !",,,
"Nguy hiểm thật, canh đêm canh ngày, vậy mà con sinh ra vẫn ... giống hàng xóm.",,,
Nếu tôi có tiền như bạn. Lux sa là kí hợp đồng thôi. Thứ nhất hợp tác vs ông vượng bạn sẽ an tâm hơn về hậu mãi . Thứ 2 phụ tùng rẻ bèo có sẵng. Chứ nhớ con ertiga nằm chờ 9 tháng k có phụ tùng k ?. Thứ 3 lux sa k phải xe mới mà là bmw x5 thay form thì tội gì k xuống tiền thử. Nếu chạy thời gian k thích thì đổi thôi,,,
Nhà mình ai cũng biết bơi nhưng hiểu được sự nguy hiểm và mặt áo phao khi xa bờ và không bao giờ bơi một mình. Người lớn cần giải thích trẻ con sự nguy hiểm.,,,
"Mừng quá, miền Trung chờ mưa bữa giờ.",,,
"Tăng quá nhanh, con số 9 triệu người nhiễm chỉ trong 4-5 ngày nữa và sẽ tiến tới con số 10 triệu người vào đầu tháng 7, kèm theo số người chết sẽ vượt 500.000 người. COVID-19 bé nhỏ đã và đang làm thế giới điên đảo, chưa biết bao giờ dừng.",,,
Ôi toàn những người giỏi toán comment. Mình đọc lướt qua mà chóng cả mặt.,,,
"Phương án hai là tối ưu nhất,đấu nối với các thành phố tương đối gần",,,
muốn mua bảo hiểm 1 tỷ chưa đủ tự tin để mua,,,
"Trường có quản lý được không? Nên cấm học sinh, trừ sinh viên lớp lớn nhé.",,,
Đúng là 2 con quỷ đội lốt người.. Kinh tởm,,,
"Chúc mừng Barca và các cầu thủ, các bạn làm tốt lắm, khởi đầu như vậy thật mỹ mãn. Hãy đập tan những tin đồn thất thiệt và chứng minh trên sân cỏ để thấy rằng quá trình tái thiết Barca đã đi đúng hướng với những con người hiện tại",,,
"Bale những năm trước chơi ở Laliga, chê Ngoại hạng Anh, công kích bóng đá Anh; nay phong độ xuống dốc, không được ra sân thi đấu với Real Madrid thì quay lại mong cầu Ngoại hạng Anh; Thật ra Premier League là giải đấu hấp dẫn hay nhất hành tinh, và chẳng có đội bóng nào giữ mãi đỉnh bàng, không như Laliga, Bundesliga. Type người kiêu căng, ngạo mạn, khi qua 1 đoạn đường rồi quay lại, liệu có cảm thấy xấu hổ chăng!?",,,
Một đề cử đúng đắn!,,,
Tui sớn sác đọc sao mà ra 2-8 thấy kỳ kỳ coi lại ủa Sevilla chứ có phải Barca đâu mà 2-8 ha !,,,
"Cô bé xinh đẹp quá, thật thương tiếc thương cho hành tinh mất đi một người xinh đẹp.Xin chia buồn cùng gia đình và đất nước Hàn...",,,
Năm 2020~2021 hy vọng NHA sẽ có nhà tân vô địch!!!,,,
"Đến xe mới mà còn có khi hỏng vặt thì bạn mua xe cũ mà đòi không hỏng vặt thì khó quá. Mua xe cũ là 1 lần thử vận may bạn nhé, đừng mong đợi quá nhiều.",,,
Ông Real mua bán khôn quá.,,,
Idol của tôi! Ngày xưa fan của a đông số 1 luôn.,,,
"Tai nạn là chuyện bình thường. Các bạn nào có ý cà khịa gì đó thì xin hay suy nghĩ tí. Tiếp dầu trên không là 1 điều cực kỳ khó, đòi hỏi tay kỹ thuật cao và còn phụ thuộc vào nhiều yếu tố khác như gió, hoặc vùng nhiễu. Mà trong lúc huấn luyện thì xảy ra sự cố để biết mà khắc phục lúc chiến tranh là 1 điều bình thường.",,,
Fan M10 im lặng trước King Cr7,,,
Chuẩn bị lấy đà tăng giá. Tháng tăng 3 lần thì chua quá,,,
Câu 4 theo tôi có thêm đáp án nữa là -2: bình phương số bên phải số ở trên + bình phương số ở dưới bên trái trừ đi số ở dưới bên phải.,,,
"không nhé, đắt mà chi phí bảo dưỡng cao, xe chật tốn xăng, tuy an toàn nhưng nếu so với các xe đời mới thì cũng ngang ngửa thôi, ngoài toy ra với 800tr mua đc rất nhiều xe đẹp tốt và an toàn",,,
Hết hy vọng vào ông Trump rồi,,,
Cá nhân tôi không cảm được nhạc của cậu này. Nó thô tục và phản cảm vô cùng.,,,
"Sáng ngủ dậy, mở tin tức ra xem. Thấy kết quả pháo thủ dành chiến thắng thứ 2 liên tiếp, cái cảm xúc như hồi giáo sư còn dẫn dắt lại le lói trong mình. Tuy rằng, lối chơi đã có những thay đổi, nhưng chúng ta hãy nhìn vào những người đội trưởng. Kể từ sau sự ra đi của Thierry Henry, chúng ta không còn một thủ quân mẫu mực về tình yêu, lòng trung thành, sự nhiệt huyết và phẩm chất chuyên môn. Nhưng hiện nay, ở Aubameyang - mình lại thấy được những phẩm chất từng có ở Henry. Mục tiêu vô địch là ngoài tầm với nếu như so sánh chất lượng đội hình với những Mancity, Liverpool. Vậy còn top 3 thì sao nhỉ! Hoàn toàn có thể nếu biết chắt chiu những cơ hội như ngày hôm nay. Chúc cả nhà cuối tuần vui vẻ.",,,
"Hy vọng công trình khởi công đúng dự kiến. TPHCM là đô thị lớn nhất nước mà các đường vành đai vẫn ì ạch, trong khi vành đai 3 Hà Nội đã được xây dựng từ lâu, nếu cứ như thế này thì kinh tế xã hội TPHCM nói riêng và cả nước nói chung bao giờ tạo được đột biến??",,,
1 bao thuốc lá phạt 3 triệu vậy 1 tấn thuốc lá thì sao?????,,,
"Chỉ thắc mắc, chó mẹ được gửi đi vậy thì những con cún con sẽ ra sao? Báo con may mắn, cố gắng sinh tồn nhé!",,,
Dự phòng cho trường hợp VN thành công xưởng chế tạo sẽ cần rất nhiều điện mới thu hút được.,,,
"Thương các cháu, vô nằm viện không cha không mẹ lo.cầu trời phật cho các cháu nhanh khỏi bệnh",,,
"Cái thời mình đi học (mình 8x đời đầu), bữa nào không học là nhớ bạn nhớ trường, bữa nào lỡ bị ốm hay nhà có việc phải nghỉ là khóc lên khóc xuống đòi đi học. Còn con tôi giờ đến trường là trách nhiệm, là công việc chứ không còn là sự hứng thú với chuyện học hành nữa (mới lớp lá mà vậy đó)",,,
Cảm ơn nhóm. Xúc động quá. Mong con được bình an như tên của con nhé,,,
"Cảm ơn các chiến sỹ công an,người dân đã tham gia phá án.",,,
Ở rể không phụng dưỡng giờ đòi chia công bằng.,,,
các trận đánh Mỹ Nhật tại Thái Bình Dương mình rất khoái (đọc trên wiki),,,
"Cám ơn các bác sỹ, cảm ơn nhưng nhà hảo tâm đã cứu sống một cuộc đời bất hạnh.",,,
chả hiểu đã báo có bão rồi cứ ra đường làm cái gì??,,,
Cứ mặc kệ nó là nó ổn.,,,
"An ninh năng lượng là sống còn của nước đang trên Đà phát triển. Càng nhiều nguồn sẽ càng nhiều phương án dự phòng, hơn nữa tính cạnh tranh tăng cao. Đất nước có nhiều lợi thế tại sao ta không tạo điều kiện để nâng cao tính cạnh tranh và phát triển! Trong tương lai không xa thủy điện, nhiệt điện sẽ giảm do nguồn cung thiếu ổn định, giải pháp mang tính ổn định và bền vững sẽ chuyển sang dạng năng lượng khác. Tôi nghĩ hiện đại hoá hệ thống điện Quốc gia mang tính cạnh tranh có kiểm soát là hết sức cần thiết ngay từ bây giờ. Nhiều nước trên thế giới họ đã thử nghiệm và gặt hái thành công. Năng lượng gió, mặt trời và nước biển.",,,
Tiểu Vy đẹp nhất.,,,
"Theo mình thấy thi hành luật kiểu dùng roi thế này quá là ""trung cổ"". Như vậy là cổ vũ cho bạo lực, dù là để trừng phạt người khác đi chăng nữa thì cũng không hay. Những người phải trực tiếp cầm roi sẽ như thế nào? Ngày ngày phải đi cầm roi nghiến răng nghiến lợi quất, hành hạ người khác, họ liệu có sống thoải mái được không?",,,
"Không có khách du lịch nào chịu bỏ tiền vé, sau đó bị cách ly 15 ngày ở khách sạn , và sau đó trở về nước đâu, do đó vấn đề kinh tế, du lịch, đẩy mạnh thương mại về hàng không là tạm thời khó thực hiện thời điểm nầy",,,
"Haiz...Trong đội hình barca đã có những tài năng như dembele,Griezman,somedo thì năm nay khả năng barca sẽ trụ hạng thành công.",,,
Xin Cảm Ơn Tinh Thần Quyết Tâm Vì Việt Nam .Việt Nam kiên cường đồng lòng chống dịch của nhân dân và các ban ngành Việt Nam .,,,
"Thật đau lòng, biển khơi sóng nước mênh mông, các em thỏa chí bơi lội thì chẳng sao. Vùng khô cạn, thì các em bị đuối nước thảm thương, xin chia buồn, và mong linh hồn các bé siêu thoát.",,,
"Biết là sản phẩm có vấn đề,nhưng tôi cũng nói và mọi người nên lưu ý,thức ăn đóng hộp khi đã bóc ra chỉ nên sử dụng tối đa 3 ngày(bảo quản tủ lạnh) quá ngày dùng không hết vẫn nên bỏ.Nhiều người vì tiếc cứ để đó có khi cả tháng rồi vẫn dùng,lúc đó là ta đang tự dùng độc do chính ta tạo ra.",,,
"Người dân đã khám bệnh đông trở lại , nhân lực y tế thì không tăng thêm (thậm trí ít đi), nhưng vừa phải lo đảm bảo công tác khám chữa bệnh, vừa phải lo đảm bảo chống dịch hiệu quả. HAizzz!!!",,,
Tưởng dễ ăn với bà hả cháu ơi. Giờ lòi thêm tội nữa!,,,
"DÙNG Ở NGOÀI DÙNG Ở NHÀ...CÁI ĐÓ BỐ MẸ QUẢN LÝ. CHỨ TRÊN LỚP THÌ TÔI NGHĨ KHÔNG NÊN. NẾU CẦN THIẾT BỊ CÔNG NGHỆ ĐỂ HỌC THÌ CÓ THỂ ĐẦU TƯ 1 MÁY TÍNH BÀN CHO CÁC CHÁU, VÌ MÁY TÍNH THÌ VIỆC KIỂM SOÁT, CÀI ĐẶT CÁC PHẦN MỀM HẠN CHẾ SẼ DỄ HƠN, THẦY CÔ CŨNG DỄ KIỂM SOÁT HƠN.",,,
Thêm tý nữa mua AT1.8 ấy bản này 1.6 MT đi không thích lắm ( Người đã dùng 3 năm cho biết và giờ đi Ford WT 2.2 6AT ),,,
"Đẳng cấp, giống hệt các nàng công chúa đài các trong cổ tích.",,,
"Mọi tinh tuý của cậu đã giành hết cho real rồi, hãy khiêm tốn kẻo giữa mùa bị fan real gán cho tội lật ghế Sir mou",,,
"Arsenal luôn là đội bóng có lối chơi thu hút, khi có nhiều cầu thủ đẳng cấp hơn thì Pháo thủ chắc chắn là đội bóng vô cùng khó bị đánh bại.",,,
Trải nghiệm thú vị nhất vẫn là hạng nhất trên 747-400,,,
"Người mỹ dùng bandwagon nha cô, ở mỹ ít sông nên không dùng Đò",,,
"Sửa tên đường là phải sửa vô điều kiện các giấy tờ, hộ khẩu, CMND, giấy tờ nhà... Chứ sau khi đổi tên đường thì hành người đi làm giấy tờ thì ôi thôi, để nguyên cho khỏi phiền.",,,
Bảo tồn rất hay. Mong Việt Nam cũng học hỏi,,,
" Không phải đương dưng mà Bill Gate không cho các con sử dụng đt, máy tính, ipad đến 14 tuổi",,,
"Một con số khổng lồ. Chưa kể những trường hợp phá thai chui, hay em bé sinh ra bị bỏ rơi này nọ.",,,
"Các giải thưởng cá nhân luôn dùng để công nhận tài năng và đóng góp của cầu thủ đó trong một năm thi đấu. Và đó là sự đồng thuận của những người có chuyên môn. Các giải thưởng này ra đời để giải quyết tranh cãi ""Ai là người giỏi nhất trong năm"", tránh những trường hợp không đóng góp gì nhiều nhưng lại được bê lên nhận Cup, rồi sau đó tự PR mình là giỏi nhất, là điều kì diệu.",,,
Xe có cam cũng đi sai lane đường rồi,,,
"Faldil nhé bạn ! Mang nhiều giá trị cốt lỏi mà khi bạn sử dụng mới thấy tốt hơn so với xe cùng phân khúc ( bảo dưỡng thay thế siêu tiết kiệm . Máy mạnh đầm bạn có thể test thử xe trên cao tốc (morning , i10 ko có cửa) an toàn với nhìu túi khí , chế độ ưu đãi khá vui vẻ",,,
cặp rìu của Olaf đánh rơi chứ đâu ,,,
Quá đĩnh,,,
Không biết còn nhớ gì về đá banh không nữa,,,
tôi đã gặp những người này thời xuân sắc.vẽ rất đẹp nhưng chỉ giống 70%.,,,
"Chắc ông cụ thân sinh ra anh chỉ mong anh học ""Trung Cấp"". Dù còn sống hay đã mất chắc hẳn ông cụ cũng tự hào về anh lắm . Chúc bác sĩ sức khỏe và nhiều niềm vui .",,,
Ly dị chỉ có người vợ là thiệt thòi nhất.,,,
"Rồi lại thêm một đống bao bì, chỉ cần vứt vào thùng rác là xong nhỉ, người ta có vẻ chẳng quan tâm gì mấy đến vấn đề này.",,,
"Trung Quốc đã ra ngoài top 5 rồi. Mỗi sáng đọc kỹ bản tin này để kết hợp tập thể dục (lắc đầu, ngoái cổ)!",,,
Có lẻ tôi không có con mắt thẩm mỹ nên chỉ nhìn thấy. . . gớm .,,,
"Vấn đề là RM sẽ vô địch 2 năm liên tiếp hay không, điều mà hơn 10 năm rồi chưa làm được, cơ hội là rất lớn vì Đại Kình Địch đang sa sút và sa vào một mớ hỗn độn",,,
"Tui hiểu rõ tình trạng, vì tui cũng đã từng bị 1 người đồng tính xàm sỡ và đòi quan hệ tình dục. Không chịu cái nó như muốn giết mình vậy. Ghê lắm",,,
Họ đã ứng dụng AI vào cuộc sống và mới đây nhất là giao thông .Trong khi chúng ta còn đang bận...gõ phím chê họ .,,,
"Má ơi có hai tỷ mà mấy cụ tư vấn mua hai bđs có thổ cư, hẻm xe hơi, ko biết mấy cụ định chỉ họ mua ở đâu ?",,,
Anh và Bôm bây giờ lạc quan và vui vẻ rất nhiều thế này mọi người cũng vui. Chúc anh và Bôm luôn mạnh khoẻ và Bôm phát huy được khả năng âm nhạc của mình.,,,
Sự hiểu biết của con người về vũ trụ còn quá ít vì chỉ mới có 5 giác quan. Vậy cần thêm nhiều máy móc để có thể phát hiện thêm điều mà con người chưa cảm nhận được. Đó là vật chất tối và năng lượng tối.,,,
Cầu mong mọi điều tốt đẹp nhất đến với các con!,,,
Sao lại không điều tra các mỗi quan hệ tình cảm của nạn nhân ngay từ đầu nhỉ?,,,
"Rời Trung có mà phá sản. Nhân công rẻ, thị trường rộng lớn. ",,,
Cái này hồi còn bé lúc chưa đến tuổi mặc sịp nhưng lại nở rộ mốt quần soóc các bạn dính nhiều này đặc biệt là khoá đồng của những chiếc soóc bò thì thôi rồi,,,
Chúc bác Trump khoẻ mạnh và chiến thắng!,,,
"Sao triệu tập đến 2 lần mà vẫn ko thèm đến và vẫn chưa có biện pháp mạnh tay gì sao? phải làm thật nghiêm, tăng nặng hình phạt để làm gương, để lần sau ko còn chuyện này xảy ra, chứ ko phải xảy ra rồi tìm cách xử lý. Tôi chờ cách xử lý của CA tỉnh LC.",,,
"Trong thời điểm hiện tại những gói kích cầu sản xuất là rất cần thiết. Vì nếu không làm được, kinh tế trong nước sẽ dễ rơi vào hoàn cảnh phục hồi chậm trong thời gian dài. Hi vọng Nhật có thể làm được để có nhiều nguồn cung cho xuất khẩu lao động.",,,
"Đức/Âu/Hàn là thị trường bảo hộ xe nội địa, nếu cho Toy/Nhật vào thì các hãng xe Đức/Âu/Hàn phá sản hết, thị trường cạnh tranh thì MerS/Grandeur/Sonata thua xa Vios Thật vậy Vios đầy giá trị cốt lõi. Than",,,
"Có bằng gió mưa ở đảo phú quốc đâu , phú quốc gió mưa ngập nhiều nơi nhưng chắc nhanh rút",,,
"Năm nào vào ngày này cũng như ngày 1/4, Đường ca đều đăng bài về Ca Ca. Mỗi lần đọc lại mỗi lần buồn.",,,
Bão lại về miền Trung thêm vất vảKhắp làng quê mái lá lại xác xơMẹ thắp hương cầu bão tránh xa bờCha mong mỏi chỉ cần mưa và nướcBão số 5 xin hãy mau lùi bướcĐừng tiến vào đất nước của chúng tôiĐể miền Trung không chịu cảnh tơi bờiNgười xa xứ vơi đi niềm lo lắngTan đi bão cho đất trời bình lặngCho trời xanh mây trắng nhẹ nhàng bayĐem chút mưa để tưới mát đất nàyTrút phong ba ngoài biển khơi xa thẳm.,,,
Càng nói xấu tổng thống Trump thì càng chứng tỏ sự yếu thế của phe dân chủ,,,
"Người tình ghen với chồng chính thức, bây giờ nhiều chuyện ngược đời như vậy lắm.",,,
Thành quả chống dịch của Việt Nam được củng cố vững chắc !,,,
Ngày mai tôi bắt đầu tập.,,,
"bài viết quá hay. Nói về chiến lược thì người Mỹ luôn là số 1. Vd 1 câu chuyện khác bên ngành điện thoại là Apple, từ nền tảng của Steve Job thì qua từng năm ta lại được thấy các quái chiêu biến hóa của Tim Cook. Và ai học từ các trường kinh tế ra sẽ thấy các sách trong đó đa số do người Mỹ viết.",,,
"""Gió tiếp tục thúc đẩy cháy rừng, gây thiệt hại nghiêm trọng ở Oregon. Sinh mạng, nhà cửa và đất đai của người dân đều bị đe dọa. Nếu bạn ở khu vực sơ tán, hãy chú ý lắng nghe lệnh kêu gọi sơ tán bởi điều đó có thể cứu mạng bạn và nhân viên cứu hỏa""",,,
Những hành động này gọi là phi thể thao nè! Ít nhất phải tuân thủ luật giao thông rồi hãy thể dục thể thao chứ! Lớn hết mà như con nít lên 5 lên 7 vậy đó!,,,
Giải thích không hợp lí không thể cùng 1 lúc 13 hs và cả giáo viên đều bị bệnh cùng lúc,,,
"Đây có thể sẽ là ""bất ngờ tháng 10 "" xoay chuyển cục diện bầu cử Mỹ lắm chứ !",,,
"Tâm an thì mọi việc đều an, tâm động thì mọi việc đều động. Chuyện tro cốt thì dần dần được giải quyết rồi, cứ thế mà làm thì ổn thỏa thôi.",,,
"sao các cơ quan chức năng xử lí chậm vậy, khi con đã bị đánh như vậy còn lâp biẻn bản gì nữa, bắt luôn chứ, lại còn phải đến nhà trương can thiệp xử lí, nghĩ mà thương",,,
"Té ra trong ngành sản xuất bia cũng có doanh nghiệp ảo, thương hiệu nhái, còn sản phẩm thì được công ty khác gia công.",,,
Bác sĩ thật tâm tận tình cứu chữa!,,,
"Tội nghiệp mới tí tuổi đầu, cơ địa chưa phát triển hết mà đã bị ép gánh tạ rồi. Không khéo sự nghiệp đi tong với cục tạ ý chứ chẳng chơi. Đến những cao thủ cơ địa lực lưỡng như Cout, Dem, Griez, Su..Còn phải ra đi trong nước mắt tủi nhục kia kìa.",,,
Đến lúc vỡ trận rồi hối ko kịp,,,
"Những cái nhỏ nhỏ thế này, làm miễn phí thì chắc sẽ bán được nhiều xe nữa, khách mua lại vui :))).",,,
"Con tôi mới học lớp một, mới đi học được 3 tuần mà cô yêu cầu phải đọc trơn.Tôi không hiểu, học 3 tuần mà đọc trơn thì chương trình học kiểu gì vậy các bác?",,,
Khó mà tưởng tượng được ở quốc gia giàu có như thế mà chi phí ăn uống lại tốn kém đến thế.,,,
Đập tràn thật nguy hiểm.Có còn cách xây đập an toàn hơn không?,,,
phiếu phổ thông hàng triệu phiếu cũng không có tác dụng gì chủ yếu là 3 trăm mấy phiếu đại cử tri mà trúng thì mới đắc cử tổng thống,,,
Con này có giá trị dinh dưỡng cao. Ở cầu đá cảng tàu khách Vũng Tàu. Có những người đi gõ hàu 1 ngày kiếm 500-700 giá 1kg hình như 230k/kg,,,
Tại sao không lấy hạt quả táo của chính cây táo đó gieo trồng,,,
Thương con quá! Cầu mong con bình phục!,,,
"Đến những con non 0.5 - 1 Kg cũng bắt nốt, một khi không có quy định rõ ràng về số lượng, trọng lượng, kích thước, tuổi con non thì chẳng bao lâu nữa mấy chú bọ biển này lại kéo nhau vào sách đỏ. Nhiều khi mấy con non tý xíu dưới nữa ký, nữa bàn tay... không mắc vào lưới thì thôi, đã vào rồi chắc cũng khó mà thoát ra được. Cần có quy định rõ ràng để bảo vệ nguồn hải sản cho các thế hệ sau.",,,
"Làm ăn kinh thật, cứ mỗi năm xuất khẩu vài chú dư sức nuôi CLB",,,
"Mỗi cây mỗi hoa, mỗi nhà mỗi cảnh. Mình không ở địa vị người ta, hiểu không thấu đáo được. Muốn cải thiện, do cả hệ thống xã hội chứ k riêng gì một vài người. Vất vả còn dài, nhưng đúng là người cha có trách nhiệm.",,,
"Học võ bấy lâu nay mới có dịp thực hành, không uổng công rèn luyện!",,,
Bộ truyện hay cho thế hệ 8x như mình. Mình sẽ đặt mua bộ tái bản này,,,
Cầu mong bão tan trước khi vào bờ,,,
"Ngày nhỏ tôi cũng đi bắt cá thế này, nhưng phải hì hục đắp bờ và mấy anh em tát cả buổi mới cạn vì lúc đó chả ở đâu có máy bơm cả. Mệt những cũng vui khi nhìn thấy thành quả là những cú cá tràu, cá rô, riếc tươi ngon. Cá tự nhiên thế này rất ngon ngọt. Tuy nhiên ngày xưa thì khác, bây giờ nên khác đi chứ cá to nhỏ chí mén gì bắt tuốt cạo vảy kho nấu ăn thế này là ko được. Như một số bạn đã có ý kiến là: Cá nhỏ phải thả trở lại ùng sau khi đã xả lại nước vào (dũng cảm đi-đừng tiếc) để mùa sau nó lớn rồi bắt tiếp chứ ăn hết thế này mua sau vừa ít và cá lại nhỏ chưa ngon.",,,
"Đến cua còn biết xếp hàng theo trật tự nữa là. Ngẫm về con người mới thấy, lấy ví dụ nhỏ trong các bệnh viện thì sao: tình cảnh chen lấn, xô đẩy, nhiều khi tự ý chen ngang hàng hoặc từ đâu tới chen lên đầu hàng như giả vờ không biết... trong việc đăng ký khám bệnh, chờ lấy thuốc... mới thấy thật là ngán ngẩm!",,,
Về nhà đi anh. Ai khi mệt mỏi cũng muốn trở về nhà. Riêng Messi của Cules khi thất vọng là 1 bài vùng vằng đòi dọa bỏ nhà đi! Messi luôn nghĩ mình vẫn còn bé bỏng lắm! Há há :P :P :P,,,
"Có một người đang nắm trong tay cả mảng vũ trụ lẫn mảng xe, có khi nào...",,,
"Cảm ơn các bạn, các bạn đã lan tỏa việc bảo vệ môi trường tới nhiều người.",,,
"Yêu tấm lòng nhân hậu của các conCảm ơn bố mẹ đã gieo tính thiện lành cho các conCảm ơn Angelina, chị vẫn luôn là người phụ nữ nhân hậu",,,
"Đó là một tam giác cân vớiĐường cao kẻ từ đỉnh là H= 0.2mm,Cạnh đáy B= 510x10^19mm.Tam giác này có 2 đường cao kẻ từ 2 góc cân có chiều dài L<0,4mm (0,39999999...mm)",,,
Vì những động thái chậm trễ và coi thường virus của Trump mà bao nhiêu người đã nhiễm bệnh và lìa đời.Tôi thật sự lo lắng cho người thân ở đó.,,,
"khách hàng cũng tuyệt đối không cho ai ký thay hồ sơ, giấy tờ trong bất kỳ trường hợp nào, câu này tôi nghĩ ngân hàng cũng phải có trách nhiệm nữa chứ, sao chỉ đổ thừa cho khách hàng nhỉ? .",,,
"Lúc nào làm mới quan trọng. Bao nhiêu cầu hô gần 10 năm, có động tĩnh gì đâu, mà điệp khúc kẹt vẫn kéo từ năm này qua năm khác.",,,
Cái đuôi như copy honda city.,,,
Nhân quả sát sanh,,,
Ma túy làm cho con người mất lý trí đến con ruột mà lm vậy,,,
Giờ khu vui chơi disney land đa vui hơn xưa! Dự 0-10 haha! Tập đoàn sản xuất micro,,,
"Vào tiết, cô nói HÔM NAY CHÚNG TA HỌC TIẾT HOẠT ĐỘNG TRẢI NGHIỆM, CÁC EM LẤY SÁCH RA. Và cô đến từng bàn để lấy sách giúp các em. Sỉ số lớp dưới 30 bé còn đỡ, lớp ở quận Tân Phú 50 em, lấy sách thôi cũng mất 10-15 phút.OK, cô cầm quyển mẫu, các em nhìn và tìm theo thì mất tầm bao nhiêu phút nhỉ?Nỗi niềm ai biết được.",,,
Bài nhạc tên Quảng Nam nghe ấm lòng ghê..,,,
"Đường tắc, mình muốn mở rộng đường ở các thành phố lớn. Quá nhiều đèn đỏ, có khi chỉ cách 30m là có 1 cái đèn đỏ rồi",,,
"Cu tí khởi sắc, fati nhạy bén, trincao và pedri có sức sống, dembele quyết tâm, tuyến giữa hỗ trợ tốt 2 tuyến trên dưới, messi giảm tầm ảnh hưởng, griezmann hơi đói bóng vì hướng tấn công chủ đạo là cánh trái. Cần mua thêm hậu vệ là đủ. Đội hình này ko cần mua hàng công nữa, đủ chinh chiến rồi. Cuộc cách mạng về chiến thuật đã phát huy rõ nét, mua người mà chiến thuận vẫn cùn thì vẫn nát thôi.",,,
Nhìn bọn chuột này đáng yêu quá,,,
Quá manh động và côn đồ chém chết người chỉ vì mâu thuẫn trong quán nhậu mà thôi. quá nhanh quá nguy hiểm.,,,
I10 chắc chắn hơn. Fadil đẹp hơn. Tùy vào nhu cầu của bác,,,
"Mừng, nhưng nghẹn ko nói nên lời.",,,
Tuổi thơ tôi !,,,
"Tôi ở Mỹ, con tôi học online vì Covid-19, phải dùng laptop của trường đưa. Khi học và làm bài tập thì sẽ có hệ thống IT của trường thu âm thanh và hình ảnh để đảm bảo là hs học và làm chứ không phải là người lớn.Hs ở Mỹ còn không được mang bánh kẹo ăn trong lớp huống chi mang đt sử đụng trong giờ học.",,,
"cũng mong chung bảng để barca hạ bayern trả nợ, cho anti bớt kêu gào",,,
"4 cái C1 gần nhất là công của Perez pháy động bóng từ giữa sân, trọng tài kiến tạo cho Bale và PR7 ghi bàn.Mặc dù toàn chân gỗ với nhau, nhưng PR7 đc chọn để PR còn Bale thì chả có gì cả.Ko biết các bạn có để ý ko. Từ khi Perez hết tiền và Var xuất hiện thì tuyệt nhiên ko thấy PR7 lẫn real ở bán kết, họa hoằn lắm mới có tứ kết đã bị mấy đội tí hon loại rồi. Thử gặp liver hoặc Bayer chắc thua đến 0-10.",,,
"Cũng như nhiều ng khác, tôi chỉ đạt 8.0 rồi tự mãn. Như bạn này thì thực sự có đam mê luyện Tiếng Anh và ham muốn đi sâu vào nghề dạy học dù cho ngành này cạnh tranh cũng rất khốc liệt.",,,
"Yêu cầu anh Giang cứ tố giác hành vi của người này, ko rút đơn mà cần phải xử lý nghiêm hành vi này. Chỉ có phạt thì những người này mới có bài học nhớ đời chứ xin lỗi bằng tin nhắn hay bằng miệng mà tha thứ thì dễ dãi quá.",,,
Giờ chỉ hi vọng Vacxin và thuốc điều trị sớm được bào chế thành công và đưa vào sử dụng.,,,
"Chuyện hài quá,hoàng đế La mã có kiểu tóc của thanh niên thế kỉ 21.",,,
May cho Đi súng không nổ . Chứ súng nổ vẫn kịp chạy trốn .,,,
50 tuổi có tập môn này được không vậy ? Dạo này bụng to quá ! ,,,
"i10 rộng đẹp hơn, con vin đó vừa chật vừa xấu, không vay ngân hàng thêm 150 củ nữa mà mua sedan hoặc Ertiga, XL7, Xpander",,,
Biết bão sẽ đi qua mà nhân viên cây xanh địa phương không tỉa cành mé nhánh để tránh thiệt hại là sao nhỉ?!,,,
"Chuyện này diễn ra lâu rồi, báo chí nói nhiều lần rồi mà không thay đổi. Chắc các Bác đạp xe xong về ngủ bù sáng sớm mai lại lôi xe ra đạp.",,,
Cô ấy thật tuyệt vời.,,,
VN các chuyến bay về liệu có xét nghiệm hay không vậy và trong vòng bao lâu phải xét nghiệm?,,,
"mong cách ly tốt,xét nghiệm kỹ,quản lý chặt.",,,
"nói như vậy thì mệt nha . thay cái vỏ xe hoặc cái buri mà ko chính hãng giống như nguyên mẫu cũng bị phạt à ? Nếu muốn thì phải ghi rõ vô luật những thứ gì đc thay và buộc phải thay chính hãng giống nguyên mẫu của nhà SX.Nhưng có làm như thế thì cũng khó lắm nha , sẽ liên quan đến việc độc quyền và lệ thuộc 100% vào nhà SX , khi đó nhà SX có ""thét giá linh kiện tăng 1000%"" thì cũng phải cắn răng mua hahahahahhahaha . Suy nghĩ đi máy bác .....",,,
Ly dị rồi mà nó còn vậy,,,
"Kiểu dáng tùy từng người nhưng Q5 có kiểu dáng không lạc hậu theo thời gian. NX200 nhìn nó xù xì. Hãng Toyota/Lexus toàn cắt các tính năng để giảm chi phí tăng lợi nhuận: cắt được 1$ họ lãi 10 triệu $, cắt 10$ lãi 100 triệu $, căt 100$ lãi 1 tỷ $, cắt 1.000$ lãi 10 tỷ$. Vì vậy xe của họ ít tính năng máy hầu hết là hút khí tự nhiên để giảm chi phí (do vật liệu của máy tăng áp cao cấp hơn đắt tiền hơn). Rồi túi khí Takata, bơm nhiên liệu vật liệu kém (Denso)...",,,
Fadil nhé. Bền bỉ ít hỏng vặt số tự động. Ngon nhất trong phân khúc A.,,,
Bàn giao tất cả mặt bằng càng sớm càng tốt. Đề nghị các cấp chính quyền ko để người dân xây nhà quanh sân bay và nhà phải cách xa 5 cây số. Đảm bảo tương lai sân bay sẽ ko bị tắc nghẽn quá tải đem lại tầm nhìn môi trường phát triển cho TP.,,,
"Còn một kịch bản đang được bàn luận trên thế giới mạng là Trump chỉ giả bệnh, vừa tránh được hai cuộc tranh luận vừa lấy được sự thương hại của người dân, sau hai tuần sẽ tuyên bố khỏi bệnh và tuyên bố mình đã có kháng thể, sức khỏe lại tốt hơn Biden. Đối với trump không có điều gì là không dám làm.",,,
Cú tiếp đất trăm triệu đô theo làn khói ...,,,
Bimmer quả này xuống dốc không phanh.,,,
"Cho đàn ông thanh niên trở lên, nên dùng INTERLUDE BLACK IRIS MAN cho các bữa tiệc tùng sang trọng sành điệu. Nó làm mình gợi nhớ thương hiệu BLUE CAVIAR AXIS của Pháp một chút. Bây giở cũng là một loại nước hoa có tiền cũng không mua được. Nó không mắc nhưng khó kiếm. Mình nghĩ INTERLUDE BLACK IRIS MAN giá khoảng $350 còn BLUE CAVIAR AXIS chỉ khoảng $100. Tặng cho những người yêu nước hoa nhé!",,,
"Kế hoạch thế này thôi , còn hiệu quả hay không thì phải để thời gian chứng minh. Hy vọng là sẽ tốt hơn",,,
"Chỉ cần thêm kỹ lưỡng 1 chút, chịu khó đeo khẩu trang, sát khuẩn 1 chút nữa rồi mọi người sẽ an toàn. Cố lên Việt Nam ơi!",,,
"Nhắc đến nhà văn Tô Hoài là nghĩ ngay đến DẾ MÈN PHIÊU LƯU KÝ .Tôi đã đọc nó vào giữa những năm 1980 . Một tác phẩm KINH ĐIỂN viết cho thiếu nhi qua chuyện kể về cuộc đời của chú Dế mèn .Đến giờ đã gần 50 tuổi ,càng nghĩ lại , càng thấy thích truyện Dế mèn - nó là cả một bầu trời tuổi thơ tôi .Cảm ơn nhà văn TÔ HOÀI đã đem chú Dế mèn đến với các em thiếu nhi Việt nam và thế giới !",,,
"Các nước còn nghèo ít xuất ngoại, ko có tiền đi du lịch thì tránh đc sự lây lan của đại dịch này . Nên các bác , ở đâu thì ở nguyên đó, giữ tính mạng mình trước đã , hưởng thụ sau",,,
Không đùa với NCovi được đâu nó có thể lấy tính mạng bất cứ ai ! Không loại trừ ai !,,,
rồi người đo cũng phải trat giá cho hành động ác độc là vứt bỏ thai nhi,,,
Con này ăn xong là bị viêm túi,,,
"Muốn nói gì thì nói cao tốc phải đạt 4 làn xe , chiều ngang phải 22 mét ",,,
"Quê tôi đó, ở miền Trung nước ViệtDãy trường sơn ấp ủ xóm thôn nghèoNúi chập chùng đồi dốc thác cheo leoĐất cằn cỗi ruộng cày lên sỏi đá!Dân quê tôi sống cần lao vất vảMà đói nghèo đeo bám mãi không thôiBao thiên tai,giông tố đến liên hồiKhiến quê mẹ thêm tả tơi xơ xác!Bão đi qua bao làng quê đổ nátXóm thôn xưa in rõ dấu điêu tànLũ lụt về gieo cảnh sống lầm thanVốn cơ cực nay càng thêm khổ nãoRời quê hương mong đi tìm cơm áoXa kiếp nghèo và xa hẳn bão giôngNhưng giờ đây đã nghe dậy bão lòngXót xa lắm,ôi Miền Trung yêu dấu!",,,
Nhìn giống mấy con quái vật trong phim kinh dị Mỹ,,,
"Đây chính là họ giàu, di chuyển và xài đồ thật (chẳng những thế phiên bản giới hạn)! trong khi đó showbiz đâu đấy, toàn nổ, nhưng e rằng chẳng thật! Buồn thay, vài ý.",,,
"One tứ kết, double tứ kết, hattrick tứ kết, poker tứ kết vậy tiếp theo gọi là gì?......tứ kết nhỉ.",,,
Bảng đấu Bayern-Barca-Inter -Marseille là sự lựa chọn cuối cùng của tôi ^_^,,,
Phía sau một người đàn ông thất bại là một người phụ nữ xúi dại :)Chúc mừng Harry,,,
Đọc tin này buổi sáng thấy vui và yêu đời hơn,,,
Vc chồng tôi chưa sinh đc con đã 3 năm. Chúng tôi sống lành mạnh và tôi chưa bao giờ mang bầu cả. Vậy mà bà con ở quê chồng và cả quê tôi đều nói bóng gió tôi phá thai nên mới vô sinh. Cuộc đời lắm bất công. Người có con lại bỏ đi một cách vô trách nhiệm.,,,
Vậy đơn vị nào chịu trách nhiệm cấp phép an toàn vệ sinh thực phẩm???,,,
Sinh nghề tử nghiệp là có thật,,,
Thế hệ 6 đâu rồi?,,,
Nam Mô A Di Đà Phật. Cầu cho các em sớm được siêu thoát,,,
"Mất nhân tính, táng tận lương tâm. Những con quỷ đội lốt người đáng bị trừng phạt nghiêm khắc.",,,
"Do quá trẻ nên bồng bột và cạn nghĩ, mong rằng cả hai bên nội ngoại hãy đón nhận cháu bé như một trong những thành viên thân yêu nhất trong gia đình mình, và cha mẹ bé có một cái kết có hậu.",,,
Cuộc đời này coi như bỏ,,,
"Em ơi, phụ nữ Việt nam chuộng bờ môi kiểu của em lắm! Sao em lại che đi thế kia.",,,
"Nhớ những ngày giãn cách xã hội đi lại cực kỳ khó khăn, có kèm theo nỗi buồn khó kiếm việc làm nữa. Nhưng giờ tôi đã đi làm bảo vệ được 3 tháng đủ nuôi mồm mình rồi.",,,
"32 tuổi đầu vẫn nghêu ngao hát ""how you like that"", ngồi mở mv tròn xoe mắt coi Rosé hát, bị vợ chê trẻ trâu :')",,,
Đối thủ cũng nên đi khám.,,,
Bản chất tên Krist xấu sẵn nên cuối cùng vẫn là tội phạm.,,,
"Một con xe đã được mấy năm, dân đi nhiều thấy cũng bắt đầu chán. Một con vừa mới xuất hiện chưa ai đủ tự tin để đánh giá tốt xấu. Vậy bác hỏi làm cái gì. Thích con nào múc con đó thôi.",,,
"Đu bằng sợi dây rất khó, đang học phòng cháy chữa cháy xong xung phong lên làm demo liền vẫn khó, không đơn giản, trẻ khỏe còn ok. lớn tuổi thì thua, cần phải có thang dây, không có đu dây mà tuột tay cũng toang nhất là chung cư, toàn nhà cao tầng hơn sẽ rất khớp càng khó xuống.",,,
Giải Nobel hòa bình là của Trump rồi,,,
"Đã vào tới vòng chung kết năm thì không thể không công nhận tài năng của các em, ai cũng có cơ hội giành vòng nguyệt quế cả. Đó là niềm tự hào không chỉ riêng bản thân, gia đình, ngôi trường các em học mà còn cho cả người dân địa phương.",,,
Đừg có đến mu vago thời điểm này. Họ có 1 HLV tồi.,,,
DIỆU KỲ. TUYỆT VỜI!,,,
"Nhìn khá giống Santa FE. Nếu BYD tiếp tục đi theo con đường xe điện thì mới có thể ""đi tắt đón đầu"" được.",,,
1 sự mất mát lớn . Cần tìm ra nguyên nhân để không còn bé nào phải rơi vào tình trạng tương tự .,,,
Đây không phải là người.,,,
"Một vấn đề thứ nhất là túi tiền của Perze có còn nhiều để mua giải như năm trước hay không thôi?, vấn đề thứ 2 là làm sao lừa bán cho Juve được cục tạ thứ 2 là Hazard thành công giống như Real đã từng lừa bán cho Juve 7 tạ trước đây vậy?.",,,
Các cụ bảo hổ giữ ko ăn thịt con nhưng hai đứa này không còn việc gì là nó không làm với con cháu mình. Đề nghị điều tra xử lý thật nghiêm minh nhất là hành vi mất hết nhân tính của đối tượng bé,,,
"OMG, tôi đang xem cái gì thế này :o",,,
"Phải xử lý nghiêm cơ sở sản xuất sản phẩm này, đồng thời xem xét trách nhiệm của cơ quan chịu trách nhiệm về vệ sinh an toàn thực phẩm. Một sự việc quá nguy hiểm trong mùa đại dịch",,,
"Sao trên trời này lại còn tồn tại những loại cầm thú như hai chị em nhà này nhở. đời thuở nhà ai cậu ruột em trai của mẹ lại đi giao cấu quan hệ với cháu ruột của mình. thật ko bằng loài cầm thú .mà hai cháu gái kia cũng đủ lớn rồi sao lại để chuyện đó sẩy ra vậy? mà con mẹ này cũng thuộc loại mẹ má mìn? chắc ko có tiền hút chích chơi bời nên là bắt con ruột đi ăn xin để kiếm tiền tiêu. tiêu tiền trên mồ hôi công sức của ai ko tiêu lại chính là con ruột của mình. mà thằng em đồi bại khốn nạn, quan hệ với con ruột của mình từ lâu rồi mà nó cũng để yên đc. bọn này ko còn bản chất của một con người nữa, mà là ác thú phải nên cho nó cách ly xã hội một thời gian dài mới đc",,,
Huế của tôi thật tội nghiệp!!(^_^),,,
Một phát minh vĩ đại và thay đổi thế giới.Đến bây giờ người ta sử dụng điện thoại nhiều hơn máy tính.,,,
Cứ xử mức khung cao nhất của tội nặng nhất,,,
I10 sedan xấu sau toyota wigo. Dáng lục cục dỡ dỡ ương ương,,,
Cứ thịt tươi mà ăn,,,
Ngày đầu tiên đi học quả thật là rất đau lòng.,,,
Điều tôi quan tâm là mức xử phạt những đối tượng này là bao nhiêu năm tù? Buôn bán 10 g cũng bị tử hình. Ở đây tàng trữ hàng 100g thì xử lý ra sao?,,,
"LIONEL MESSI: 6 QBV, 6 GIÀY VÀNG, 34 DANH HIỆUCRISTIANO RONALDO : 5 QBV, 4 GIÀY VÀNG, 30 DANH HIỆUKL. LIONEL MESSI > CRISTIANO RONALDO",,,
"Nên kéo dài phố đi bộ Hai Bà Trưng đến đường Điện Biên Phủ,tiếp giáp công viên Lê Văn Tám,để người dân gởi xe ở đây và sử dụng xe đạp/xe đạp điện công cộng hay bus điện để vào trung tâm.",,,
"Clb nào cũng có thịnh có suy thôi, tôi nghĩ lại hơn 15 năm trước ở NHA Liv, MC có ai muốn đến không, giờ như nào thì cũng đã rõ, để xây dựng 1 đế chế kiểu Sir Alex ở cái thời buổi kim tiền này, e là khó. Giờ xem MU đá vì thói quen chứ cái chất ""Quỷ"" thời hoàng kim đâu còn",,,
"Mình đang chạy i10 sedan phục vụ gia đình là chủ yếu nhà 5 người, thi thoảng chạy chuyến dịch vụ, cảm nhận khá là OK trong phân khúc A, cốp rộng, xăng ăn ít. Kiểm tra bảo dưỡng theo định kỳ, các cụ có câu của bền tại người.",,,
"Cầm thú là có thật, mẹ ruột, cậu ruột mà có thể làm được điều đó. Thú dữ không ăn thịt con, vậy dạng này là gì???",,,
đầy đúng đắn và ý nghĩa,,,
Câu trả lời cho bạn trong bài viết này https://vnexpress.net/dau-la-bi-quyet-sieu-dinh-cua-trai-hau-1995946.html,,,
Thpt và thcs thì ý thức cũng như hoạch định kế hoạch vẫn chưa hoàn thiện được. Nếu không có bài kiểm tra hoặc thay đổi phương thức của bài kiểm tra theo kiểu làm chuyên đề thì các cháu sẽ không học. Vì giờ có quá nhiều trò tiêu khiển công nghệ. Như vậy theo tôi cần có sự nghiên cứu kỹ hơn.,,,
"Bạn còn không mau làm nữa, giá đất làm gì có đáy, chỉ có chũng lại rồi tăng thôi.",,,
"Việc sử dụng điện thoại thông minh, máy tính, .. công cụ khoa học, hiện đại phục vụ vào việc vui chơi, giải trí, học hành thì không có gì bàn cải và luôn khuyến khích ở đây, là xu hướng tất yếu của thời đại. Ở đây Tôi đưa ra ý kiến: muốn sử dụng điện thoại trong giờ học thì hãy suy nghĩ những vấn đề xung quanh nó có hoàn thiện chưa mới áp dụng như: chúng ta có App giáo dục nào hoàn chỉnh để tích hợp vào chưa? có giới hạn thời gian, thông tin để các em không truy cập lan man, sai mục đích. ...Việc sử dụng điện thoại thông minh cũng là điều xa xỉ đối với học sinh nghèo, miền núi, vậy làm sao chúng tiếp cận, có được phương pháp học tập tốt như ở đô thị? Giáo viên có được đào tạo, .... ứng dụng này chưa, ....? Rất nhiều câu hỏi mà bộ giáo dục phải xây dựng và trả lời. Ok thì áp dụng. Còn bây giờ thì chưa có gì hết. Áp dụng bây giờ thì ảnh hưởng xấu nhiều hơn tốt.Hãy nhìn các nước phát triển vẫn cấm sử dụng ở rất nhiều nước, các bác làm bên giáo dục tham khảo thêm. Bây giờ theo tôi thì chưa áp dụng được.",,,
Mắc cười nhất là câu: các công nhân tay nghề mà chúng tôi muốn tìm cũng đã 60 70t,,,
Khốn nạn quá ,,,
"Ông lái xe bồn thật là vô ý thức, lái xe bố láo thật, đèn đỏ mà cố vượt lấn sang làn xe máy để gây tai nạn cho người đi xe máy, xuýt là chết oan với hung thần này rồi, nên tước bằng vĩnh viễn và phạt nặng, để tên này ra đường lại gây tai họa cho người khác.",,,
Nói chung ca này khó.,,,
Vất vả với cuộc sống mưu sinh.,,,
"Hợp tác mở lớp, thu tiền, đào tạo, cấp bằng rồi lại thu bằng...là cũng do Trường CĐ Y tế Hà Tĩnh sai chứ đâu phải học viên?  ",,,
Nhìn như tài tử điện ảnh vậy,,,
"Cụ 100 tuổi mà năm ngoái còn giúp bạn tình đẻ một lô hơn năm chục trứng thì đúng là khiếp rồi, thôi tuổi này về với trời đất cũng mãn nguyện rồi xD",,,
Venezuela - Miền đất sinh ra những hoa hậu tuyệt vời.,,,
Chả có gì phải quan tâm quá e có tài đấy nhưng cuộc sống e chắc gì đã được viên mãn .....,,,
"Để di chuyển từ trung tâm thành phố về Q9 rất lâu, bất tiện nhất là khi phương tiện công cộng như tàu điện ngầm chưa phát triển.",,,
Bảng xếp hạng hay thế? Có cả xe tải (Hyundai Porter) mà lại còn đứng thứ 3 nữa...,,,
"Chính quyền nên cấm trẻ em đi ăn xin hoặc bán vé số, v.v... phát hiện được là đưa vô làng trẻ SOS để những kẻ mất nhân tính không lợi dụng trẻ em làm công cụ kiếm tiền. Hình ảnh những đứa trẻ đi ăn xin thật đáng thương, chính quyền nên cứu giúp trẻ đó cũng là cách tạo hình ảnh tốt đẹp cho Viet Nam trong mắt người nước ngoài và đó cũng là cách bảo vệ trẻ em thiết thực nhất .",,,
"xe gia đình mà hay đi xa du lịch thì chevrolet cruze cũng là 1 lựa chọn tốt, xe đi đầm, chắc nếu đi phố sẽ hơi hao xăng hơn các con cùng phân khúc nhưng so với độ an toàn thì đáng là bao, bác cứ lên lái thử các xe và cảm nhận đánh giá rồi quyết chứ hỏi trên này thì giờ là cuộc đầu của 2 phe hàn - nhật rồi không tư vấn được gì đâu",,,
"đi học chứ đâu đi làm showbiz ,hay cầu thủ đá banh ...Tui không ủng hộ hớt tóc kiểu bờm ngựa ,hay như các cầu thủ nước ngoài ,dạy con nghiêm chỉnh chỉnh chu sống có kỷ luật từ bé khi lớn ít gặp điều may rủi...Những đứa tự do cá tính xăm trổ đầy người ,sống buông thả thành ngổ ngáo hay bị vướng vòng pháp luật",,,
Tội nghiệp quá! a di đà phật! Nên đưa môn bơi lội vào dạy cho học sinh mẫu giáo hay lớp 1! Ít nhất cũng phải biết cách giữ nổi cơ thể!,,,
"Mẹ đẹp quá bảo sao con trai đẹp, nhưng nhìn mẹ trẻ đẹp như chị gái",,,
Toàn những gương mặt trẻ chúc các bạn luôn mạnh khỏe và luôn thành công trong mọi lĩnh vực,,,
"Đồng HLV trưởng :)) như một trò đùa . Thế mới thấy những quyết định lạ lùng ở Vleague không thiếu. Mình từ chối hiểu quyết định lần này của Bầu Đức, 1 vòng lẩn quẩn thật sự.Vị trí GĐKT  HLV cứ thay đổi theo kiểu xoay tròn thế này thì đội bóng bao giờ thôi lo trụ hạng?",,,
"""Tiếng Việt mới có phần tinh giản hơn nhưng thời lượng được kéo dài hơn, tăng từ 350 lên 420 tiết. Như vậy, về mặt khoa học, học sinh không hề phải học nặng hơn."" (!) ""Tinh giản hơn"" là ""tinh giản"" cái gì mà thời lượng lại tăng thêm 70 tiết? Không ""nặng"" về nội dung nhưng ""nặng"" thêm thời gian thi cũng như....không!",,,
"Hổ dữ còn không ăn thịt con, Nỡ lòng nào ?",,,
Những người bị ngộ độc đã ăn và nhập viện ngày 27/8.ngay 29/8 Bộ y tế khuyến cáo.mấy thánh đọc cho kỹ ,,,
"Nếu tôi là sancho tôi sẽ tự hỏi , clb có thể mất 2,3 năm xây dựng rồi vô địch ko ? Tôi nghĩ là ko , tại sao ư ? Từ khi sir alex nghỉ clb đã đổ tiền xây dựng từ cầu thủ cho đến hlv và bây giờ ? Nó như đắp cái chăn vậy , che đầu hở chân , che chân hở đầu , ko tiến bộ , cho đến giờ vẫn luẩn quẩn như lối chơi vậy , lúc hàng công vấn đề , lúc hàng thủ vấn đề , cứ dắp chỗ này hổng chỗ kia . Đó là còn chưa kể NHA còn đó pep và klopp , 2 hlv tài ba nhất thế giới , họ có bộ óc sáng tạo ra chiến thuật , xây dựng lên lối chơi đã từng đứng lên đỉnh châu âu . Như klopp khi ông đến liv là ở vị thế sau các clb khác rất nhiều , tài chính , đội hình . Sau đó thế nào , thu hẹp khoảng cách , rồi vượt qua và giờ ngự trị ở top 1 , chưa thấy có dấu hiệu đi xuống . Khi klop ở sau còn bị vượt mà bây giờ ở sau đến cả dặm (chừng 30 điểm ở NHA) thì lý do nào để tin rằng sol có thể vượt qua những hlv như vậy , kinh nghiệm ? Tài năng ? Những nhân tố con người sẵn có ? Tôi ko tin hoặc ít ra chưa thấy 1 dấu ấn nào để tin .",,,
"Công chúa nhạc POP có khác, đúng là đỉnh cao.",,,
"Hoan hô các anh! chúc các anh sức khỏe, nhiết huyết, tận tâm. Tiêu diệt hết lũ ma quỷ cho xã hội bình yên, nhà nhà yên ấm, người người tươi vui!..",,,
Thật tuyệt,,,
giảm án cho Đi là hợp tình hợp lí,,,
"rất hiểu ích ,cám ơn bạn ./",,,
Thật đáng tự hào. Chúc mừng em,,,
"Ai cũng hô hào đóng cửa phòng dịch thì những người đi học đi làm xa xứ mắc kẹt xứ người phải làm sao nhỉ. Mở cửa 1 phần chứ ko mở toang, tức là chỉ những chuyên gia, lao động nước ngoài hoặc công dân VN tại nước ngoài đã đến hạn về nước là điều hoàn toàn cần thiết. Có ai bảo mở toang cho khách du lịch quốc tế thích đến thì đến đâu mà các bác phản đối ầm ầm thế.",,,
"Cuối cùng, thì cả ba đều phải buông thả nhau ra, để cùng được sống.",,,
Biden phúc hậu nhưng người phù hợp là Trump,,,
Đeo khẩu trang mà để hở mũi ...,,,
Nói ghê vậy. Đã có ai ăn chưa vào cmt cái,,,
"ĐƯỢC XEM M10 THI ĐẤU ĐÃ LÀ 1 NIỀM VUI CHO NGƯỜI XEM BÓNG ĐÁ NGHỆ THUẬT, TINH TẾ, ĐẲNG CẤP. MỌI THỐNG KÊ KHÁC DANH HIỆU KO QUAN TRỌNG",,,
"Xăng lên giá hàng hóa lên, khi xăng xuống thì giá cả đứng yên, khi xăng tăng thì giá cả lại tăng!Tốt nhất hạn chế điều chỉnh giá xăng! ",,,
"Không nên cho nghỉ học đình chỉ vì mấy học sinh này được nghỉ có khi lại thích, phải có biện pháp lao động công ích ở trường như dọn nhà vệ sinh, dọn vệ sinh ở trường có nhân viên vệ sinh giám sát hướng dẫn làm luôn",,,
làm xấu hình ảnh những người đạp xe tuân thủ luật giao thông,,,
"Xe Mỹ hồn Hàn, đừng nên mua. Tôi chả hiểu những người nhận xét xe này ngon đã dùng hay chưa. Nhưng hãy nghĩ tại sao nó lại là cái xe mất giá nhanh nhất trên thị trường.",,,
"Ca khúc này từng là bài tủ của mình ngày học trung học, trước đó là Dòng Sông Băng, và sau này là Mãi Mãi Một Tình Yêu...Đó là 3 ca khúc mình thích nhất của anh Đan Trường. Ngoài ra có các bài Đôi Mắt Em, Đi về nơi xa, Bông hồng tặng mẹ, Trăng vỡ...Ôi một thời thanh xuân chỉ nghe nhạc anh Bo và thần tượng anh.",,,
"Đọc tựa đề cứ tưởng cá mập trắng xử đẹp được cá voi nên vào coi hóng clip, ai dè...Mà cũng công nhận 2 nhân viên cứu hộ trong bài viết vững tim thật.",,,
Hổng quan tâm thị trường chuộng công nông.,,,
"Thực ra mỗi giai đoạn đời người thì gu âm nhạc cũng khác nhau. Hồi tuổi teen mình thích nghe nhạc trẻ sôi động, giờ già thì thích bolero =]] hoặc êm ả một chút. Đối với bài hát, thực ra tùy tâm trạng, người nghe và bài nhạc cùng hoàn cảnh thì tự nhiên thấy nó hay thôi, kiểu như người buồn cảnh có vui đâu bao giờ, người đang suy tư tình yêu tan vỡ không lẽ nghe nhạc đám cưới. Không có bài hát nào thực sự hay hoặc dở, do tự tâm trạng người nghe tùy thời điểm thôi.",,,
HLW mà làm thành phim thì tuyệt cú mèo,,,
"Ăn tiền bảo hiểm đâu có dễ vậy, nếu dễ ăn thế thì các cty bảo hiểm đóng cửa phá sản hết rồi :')",,,
"Không biết như thế nào mà vốn 20 tỷ đồng mà doanh thu có 29 triệu VND??? Vậy lãi ròng bao nhiêu? Làm vậy làm chi nữa, bán trà sữa khỏe hơn không ? ",,,
"Quê m có trường hợp gần như này. Ra tòa ngta chia như sau. Ng có công chăm lo cho ông bà lúc già đc hưởng 50%, 50% còn lại chia đều cho các con.",,,
Chào cả nhà. Tôi có hai con gái Học lớp 8 và lớp 11 Ở tiểu bang GA Hiện vẫn không được sử dụng điện thoại trong giờ học,,,
"Để bọn trẻ ăn hatrick thì tuyệt, ai lại ăn hoii lấy thống kê bàn thắng vậy.",,,
Từng làm Trưởng phòng Pháp chế mà hiểu biết Pháp luật kém vậy. Đã rắp tâm làm nhái thì thay đổi nhận diện làm sao cho không vi phạm chứ làm mà để người ta bắt thì...,,,
Một gương mặt sáng và thông minh mà ai cũng cảm nhận khi lần đầu tiên nhìn thấy Đằng. Chúc em thành công hơn nữa trong con đường học tập và mai sau trở thành người tài giỏi nhất giúp ích cho gia đình và xã hội! Mong em mạnh khỏe để hiện thực hóa giấc mơ của mình!,,,
Lỗi là do không quản lý chất lượng sản phẩm bán online nên không trách người dân được. Có trách thì trách các cơ quan chức năng có liên quan trong vụ này chưa thể kiểm tra được chất lượng các sản phẩm bán online nên mới ra cớ sự này.,,,
"Mẹ chỉ mong con được yên ổn, ấm áp nhất.",,,
Nhìn đẹp & ngon quá,,,
Ở đâu cũng vậy thôi khi giá nhân công lên cao thì họ tự di dời đi nơi khác thôi kể cả trung quốc đó là quy luật giá trị của thị trường không thể áp đặt bằng chính trị,,,
Tự ý thức của mỗi một người hơn là lệnh cấm.,,,
Hi vọng ông dành chiến thắng trong cuộc bầu cử sắp tới.,,,
Thấy á hậu Thuỳ Dung xinh nhất. Váy của Tiểu Vy và Lương Thuỳ Linh đẹp.,,,
"BMW ngày càng cải tiến và nâng cấp, tạo cảm giác thoải mái và an toàn cho khách hàng của mình.Không như Toy, luôn xem thường khách hàng (dù trung thành và cuồng hết cỡ), mặc dù chỉ là cái thùng tôn ọp ẹp.",,,
"Arteta trả lời nhanh, gọn, rõ ràng, khá thông minh. Arsenal có tương lai đấy. Thập kỷ này sẽ chứng kiến cuộc so tài của lớp HLV mới bao gồm Lampart, Arteta, Pirlo, ....nhưng sẽ không có cửa cho Solsa bên phía MU. Tôi nghĩ Solsa cỡ tầm thành công như David Moy là cùng.",,,
Đi trong đô thị là quá phù hợp.. Nhỏ gọn đỡ tiêu hao nhiên liệu..,,,
Người ai cập ướp xác họ nhiều ngàn năm sau để khoa học hồi sinh họ nhưng hiện tại vẫn chưa làm dc,,,
"Mỗi người có suy nghĩ riêng, theo tôi đây thực sự là thiên đường.",,,
Chúc mừng M10!,,,
"Chúng ta đã đang có 1 lớp trẻ coi chiếc thoại là tất cả, ăn cũng xem điện thoại, đi ngủ cũng vẫn chiếc điện thoại trong tay, nội dung thì không giúp ích được nhiều cho trẻ. Không nên cho trẻ động tới điện thoại, lợi ít hại nhiều, thiếu kỹ năng sống, kỹ năng giao tiếp trầm trọng.",,,
"Và khi chúng quy đổi tình thương của cha mẹ bằng tiền, thì sẽ thấy được hậu quả của sự sòng phẳng bằng tiền.",,,
"Cuộc đời là những cuộc thi và điểm số. Thành công hay không, còn có những điều kiện khác nữa.",,,
Nhìn hình trên cao mới thấy GTĐB phát triển quá nhanh và kèm theo đô thị xanh đẹp . Mọi người cho mình thắc mắc sao các hầm chui đều làm cong quẹo một chút vậy mọi người ?,,,
Nên nhốt chó trong nhà để phòng trộm chó. ,,,
"Con đã được 31 tuần rồi mà người mẹ nào lại lỡ bỏ con vậy chứ ??? Phòng khám nạo phá thì chỉ hđ vì tiền, không biết lương tâm để đâu. Đọc bài mà đau lòng, thương bé con. Mong con mạnh khoẻ, sống một đời bình an.",,,
Khâm phục sự học của em,,,
"Chương trình này hay, sau có con mình sẽ chăm cho con xem thế giới động vật",,,
Cả 2 sử dụng ma túy thì mức án chung thân là hợp lý. Nếu nghiêm minh hơn sẻ kịch khung. Hãy tưởng tượng đâm nạn nhân 20 nhát thì kiểu này không phải tự vệ chính đáng mà phạm tội tới cùng nhằm tước đoạt mạng sống người khác. Vẫn khó hiểu khi cửa bị khóa.Kích động thì không thể vì như lời khai thì bị can vẫn bình tỉnh gọi cấp cứu và gọi điện thoại thì không thể nói bị kích động được. Nếu bị can trốn đi không đâu vết thì truy bắt hung thủ có thể khó khăn. Một bản án hợp lý. ,,,
"ĐAU LÒNG THẬT CHỨ ,LỖI AI BÂY GIỜ ?MỚI VỪA KHAI GIẢNG ĐÃ PHẢI XA TRƯỜNG MÃI MÃI !",,,
"Sevilla ko đi bộ, vuốt râu, cắn móng tay chỉ thua có 21 tiếc quá, cứ nghĩ chuyến này phải thua 70 ,82",,,
Thiên tài mà hôi pen là không tính đâu nhé cules,,,
VUI THẬT KỶ NIỆM,,,
Đau xót quá. Đúng ngày đi học đầu tiên thì các con gặp nạn. Xin chia buồn với GĐ các cháu.,,,
Đà Nẵng mới thêm 1 ca dương tính rồi,,,
Mình nghĩ cái này liên quan đến kim tự tháp ai cập-> hình học không gian thì có thể sẽ có đáp án,,,
Cần xem lại bản vẽ thi công cổng xem có sai phạm ko,,,
"Mình xem ảnh xong rồi đọc cmt của các bạn, thấy các bạn đều chê ng ta không đẹp, thế các bạn có con gái kg? Nếu ai đó chê con gái các bạn xấu thì sao?",,,
Chúc bác sĩ mạnh khỏe.,,,
Uav tự sát mà nó lại ko phải là nhiệm vụ của s300 mà nó là nhiệm vụ của hệ thống phòng không tầm gần,,,
"kỉ luật như vậy có đúng chưa, đây là tình huống tự phát của 1 tên côn đồ, thử hỏi trong tình huống đó ai có thể can ngăn dc",,,
"Cầu Cát lái nói hoài mà chưa thấy đâu, giờ thêm cầu Nhơn Trạch. Không biết đến bao giờ mới có cây cầu thật sự qua Nhơn Trạch, BĐS sắp sửa dậy sóng mà hạ tầng còn ở trên giấy",,,
That ra con nguoi kiêm dc miếng ăn de hơn con vật. Vì có thể bắt con vật đe ăn mot cach de dang,,,
"Sau li hôn phụ nữ mới là người chịu thiệt thòi,có vẻ Hoài Lâm thì như ngược lại nhỉ ?",,,
Huyền Thoại của những Huyền Thoại ...,,,
"Đa số là giá trị ảo, do tăng giá trị cổ phiếu, còn giá trị sản phẩm gia tăng trong nền kinh tế không có.",,,
"Phát triển là điều ai cũng muồn. Nhưng cần có một quy hoạch tổng thể lâu dài, và sâu rộng về mọi mặt. Đặc biệt là sức khỏe, và môi trường, văn hóa và đạo đức tốt đẹp của người Việt từ ngàn năm",,,
Hậu quả là vô cùng to lớn suốt cuộc đời cháu bé. Yêu cầu chủ chó phải bồi thường thỏa đáng.,,,
Xem thế giới động vật hay hơn xem thi hoa hậu. Chỉ hơi tò mò là sau khi cá sấu ăn cá trê thì tay quay phim ăn gì?,,,
kiểu này phải cấm lái xe vĩnh viễn chứ coi thường tính mạng người khác thế chỉ có chờ hắn gieo hoạ,,,
"Tranh luận mà chẳng khác nào cãi lộn tay đôi trên sân khấu, chẳng có nội dung nào đi vào chiều sâu.",,,
Không đọc báo xem TV sao trời?,,,
"Nếu là tôi thì sẽ bán đi 45 cây, sau đó 40 cây gửi ngân hàng lấy lãi năm 1. Đất Giai đoạn covid này sẽ làm giá đất đi ngang muốn mua cứ đợi 1,2 năm nữa xem tình hình thế nào đã. Giá vàng 1,2 năm tới thì biên độ tăng giảm cũng k nhiều nữa giữ chỉ để phòng thân thôi. 5 cây còn lại tôi đầu tư chứng khoán.",,,
Ngã tư công nghệ cao quận 9 kẹt xe quên lối về,,,
"Kẻ bất bại sau đêm nay chỉ còn lại một mà thôi, dự là 3-1 nghiêng về Bayen, dù họ mạnh nhưng chỉ thắng được vs tỉ số như vậy, nếu muốn tái hiện kì tích 8-2 thì đối phương phải có thiên tài 500kg mới được !!!",,,
"Giờ anh ấy ở trên sân chỉ để cho đủ người thôi, đâu còn được quyền ""tự tạo sự khác biệt"" như ở Arg nữa.",,,
"Là tiền đạo, 6 năm ghi 104 bàn, trung bình mỗi năm dưới 20 bàn, phần lớn thời gian chấn thương, đóng góp to lớn gì ta?",,,
Nhìn bà không thể không nhớ đến các phim phù thủy.,,,
Chia buồn !!!,,,
"He he, họ không sung sướng lắm đâu. Vì nhiều tiền quá, giá trị hàng hiệu cũng trở thành hàng bình dân với họ mà thôi.",,,
"Úc chấp nhận đóng của biên giới, chấp nhận chịu thiệt hại để bảo vệ an toàn tính mạng cho dân Úc, điều này không phải nước nào cũng làm được.",,,
Khi chưa tận diệt được tệ nạn ma túy thì khó lòng hết được những trường hợp trên.,,,
"Bò bison này phải cho gặp trâu Việt Nam, có mà khóc thét.",,,
"Tại sao chúng ta cứ làm khác người như vậy, phố đi bộ phải làm ở tất cả các quận huyện chứ để các địa phương tự thiết kế nó mới đa dạng và phong phú, mới hấp dẫn chứ và để cho tư nhân đầu tư.",,,
Sinh nghề tử nghiệpNam mô a di đà phật,,,
Tưởng chỉ con người mới lừa lọc nhau ai mà ngờ .. Rất tinh quái và kiên chì,,,
"Con cá trê này mà dài 1,2m thì hơi lạ nhỉ? Vì nếu nâng nó lên cho thẳng đuôi thì chắc nó cao bằng người đàn ông.",,,
"Hy vọng tp Thủ đức ra đời sẽ có quyết sách dài hơi có tầm nhìn xa hơn. Phải làm ngay nếu ko sẽ đền bù giải phóng mặt bàng vừa tốn kém vừa lâu dẫn đến thảm hoạ như các quận khác.Hãy lên google maps sẽ thấy quận 1 từ 100 năm rồi mà vẫn nhiều đường nhiều cây xanh. Sau này có khu Phú mỹ hưng, xa trung tâm nhưng đường hẻm đủ rộng. Hy vọng Thủ Thiêm sẽ ổn, quận 2 tàm tạm nếu mở rộng ngay mấy tuyến quy hoạch rồi,. Thảo điền đẹp thế mà chết tắc rồi nên mong TP Thủ đức làm mạnh tay quy hoạch mở đường, mở hẻm sớm. Quận Thủ đức đang dần giống Tân Bình Gò Váp rồi, chán lắm. HÃY LÀM NGAY",,,
"Ai giải thích hộ là nếu từ lane 3 , tôi muốn rẽ phải thì tôi xi nhan phải vào lane 2, tôi rồi vào lane 1 rồi rẽ phải, thì luật có quy định là ""khoảng cách an toàn"" để chuyển lane khác không?",,,
"Mong các nạn nhân sớm hồi phục,cty phải hỗ trợ hoàn toàn cho họ.",,,
Phương pháp để chứng minh năng lực nhìn người giỏi của ông ct là thay người liên tục. Nên chọn được ông P chỉ là một tai nạn thôi.hi,,,
"Tôi không có nhiều hiểu biết về các dòng nhạc và chất giọng của các ca sĩ song cũng thích lời ca, giai điệu của bài hát. Và tôi thấy cách Hoài Lâm thể hiện ca khúc này rất tốt.",,,
Việt Nam ngày càng tụt sâu trên bảng xếp hạng.,,,
"Nhiều bạn nhầm !chính xác là họ đã chọn ai có điều là họ không bộc lộ quan điểm,đơn giản vì họ quá quan trọng,quá quyền lực và họ là giấc mơ của quá nhiều người .thưa bạn Trần văn phung !bạn hãy nêu dẫn chứng nước mỹ suy thoái ! Và nếu mỹ không xứng đáng làm anh cả vậy thì quốc gia nào hơn mỹ ?bạn chỉ biết nói suông thôi ,vậy mà cũng có người tin mới lạ",,,
"Nhìn bức ảnh thứ 5 .Thực sự đáng suy ngẫm . Đối diện phía bên kia là 1 cuộc sống Hoa Lệ , bên bờ sông bên này vị trí của người đánh bắt cá mưu sinh .2 thế giới sống khác nhau .!",,,
"Mầu Mắt, da,tóc không thể chuẩn xác.",,,
"Tôi mong ông sớm bình phục, trở lại và lợi hại hơn xưa.",,,
"Tại sao chất lượng sản phẩm, chất lượng con người, chất lượng công trình lại kém ?. Vì kiểm tra an toàn vệ sinh thực phẩm, dự giờ, nghiệm thu,.v.v.v nhiều khi BÁO TRƯỚC thì ai mà không chuẩn bị cho sạch đẹp, ngon lành cành xuyên, quy trình tuyệt vời. Hãy thử kiểm tra đột xuất, dự giờ đột xuất, cũng như huỷ đột xuất, kèm theo  phải đảm bảo có tốt hơn không. Một ý kiến không làm nên tất cả nhưng cần nhìu góp ý nhỏ để hoàn thiện một quy trình lớn.",,,
Ở ta nhiều trường cũng quy định màĐuổi học đình chỉ ầm ầm với học sinh không tuân thủ nội quy.Tôi rất phản đối việc đẩy học sinh còn thiếu giáo dục ra xã hội,,,
Rùng mình vì tình tiết hung thủ tự nộp mình cho cảnh sát. Có gì đó khiến hắn ta quay lại quán ăn sớm hơn dự định.,,,
Tinh thần nghĩa hiệp của người dân cuba. tôi hoàn toàn ủng hộ cuba xưng đáng đoạt giải thưởng này.,,,
Bale đá 251 trận (203 đá chính) ghi 105 bàn + 57 kiến tạo => trung bình khoảng 2 trận có 1 bàn thắng (ghi bàn hoặc kiến tạo) hiệu suất như vậy mà còn chê được?,,,
Chị nào cũng trẻ đẹp nhưng vẫn thua bx em ở nhà.,,,
Fan rùa lại nhảy vào tự hào là thắng Bayer ở ck C1 cách đây 20 năm . Họ là clb sống hoài niệm . Vì hiện tại họ chẳng có gì để nói cả .,,,
Ờ. Nhưng 100 người đó khiến 100trieu người nghe theo,,,
"Cảm ơn các chiến sỹ. Cảm ơn các bác tài. Cảm ơn những người dân đã phối hợp cùng công an. Quân dân đồng lòng, đất nước chắc chắn bình yên.",,,
Tội nghiệp chú linh dương :'(,,,
"Gửi tiết kiệm là cất tiền tạm thời vào ngân hàng, khi có cơ hội sinh lời hơn sẽ rút ra dùng. Bảo hiểm nhân thọ chính là mua bảo hiểm cộng với gửi tiết kiệm dài hạn. Lúc ký hợp đồng thì tưởng rằng sau xx năm sẽ nhận được 1 số tiền lớn vì quên mất đó là giá trị ở thời điểm xx năm sau.",,,
"Tôi thấy người Việt bây h rất lười, không chịu tự nấu nhiêu như trước kia, toàn là ăn hàng ship và đồ đóng hộp.",,,
"sách ghi chữ in (hoa có, thường có), dạy như thế, đọc như thế nhưng đến khi viết là viêt chữ khác, viết chữ thuần Việt vậy làm sao tụi nhỏ hiểuCô giáo nói Chương trình mới nặng lắm nên lúc đầu cô cho học thêm 2 buổi tối, nay cô nói phải thêm 2 buổi nữa. Thế là chiều tan học 4.30, rước về tới nhà ăn cơm chưa kịp nuốt là 5.30 phải đến nhà cô từ thứ 2 đến thứ 5. Thấy con học tội quá vì xu thế nơi đây là vậy đó, ko cho con học thì thua thiệt người ta. cả lớp học thêm hết, còn vài đứa ko học thì kiểu gì cũng bị cô máng vốn suốt thôi.",,,
"nga về nhiễm nhiều quá, tôi không tin số liệu ko tăng ko giảm cả 5 tháng của nga lắm",,,
Vẫn phải cách ly bắt buộc 30 ngày thì mới ổn cho cộng đồng,,,
"Lạ mắt thôi chứ mùi vị có khác gì so với màu bình thường đâu. Chưa biết than tre ăn nhiều quá có sao không nữa, theo tôi nhớ là uống than hoạt tính để cầm tiêu chảy, còn than tre không biết có giống vậy không.",,,
Khổ thân các em nhỏ quá,,,
Trừng phạt những kẻ bất nhân này phải chịu án khổ sai không ân xá mới đáng.,,,
Ôi con bọ đáng yêu quá.,,,
Mình uống mỗi ngày 1 chai nước ngọt liệu có làm sao không nhĩ?,,,
Phạt nhẹ hều ai sợ,,,
Còn Trum thì chỉ muốn một nước Mỹ vĩ đại...,,,
"Ansu Fati ghi 2 bàn tạo 1 fen vậy mà bị cướp mất hattrick, buồn.",,,
"Beo ko hợp với lối đá kichi kichi của bà xã, mà lẽ ra ổng phải đi sớm tu sau khi đạt 4 c1, đi trước cả rô chứ, giờ ổng mới thoát ra được, lại còn đi theo dạng cho mượn...",,,
"Bạn nên mua xe mới, tiết kiệm nhiên liệu mà đi lại 5 năm không lo hỏng gì.Có chể chọn mua Mitsubitshi Atraege được đánh giá tốt.Hoặc lựa chon đối thủ của nó là KIA Soluto, Mazda 2, Hyundai AccentChúc bạn vui với lựa chọn của mình!",,,
"Và tất nhiên, 1 lúc nào đó, bạn sẽ nhận ra mặt trái của sự sòng phẳng.",,,
"Họa sỹ vẽ tài hoa, tác phẩm tuyệt vời phải có hoa tay và trí tưởng tượng, ghi nhớ cao siêu mới hình tượng và vẽ chuẩn đẹp như vậy. Ham học vẽ lắm nhưng bị giới hạn nhiều mặt nê chỉ biết nghiên mình thán phục tài hoa.",,,
Rồi giấy tờ cũng sẽ phải chỉnh lại (nếu cũng sai theo) ???,,,
"Rất nhiều người động viên HL, nhưng quên rằng vợ cậu ấy mới là người đáng được chia sẻ hơn",,,
"Rất nhiều người còn ăn mặc đen thui, lù lù lúc 4h sáng... Họ băng qua đường một cách ngạo mạn, xem thường bản thân... giữa mấy làn xe oto đamg phóng 70, 80km/h.Tôi thường xuyên chở khách lên sân bay tuyến này nên rõ mấy thành phần đạp xe vô ý thức này!",,,
Cần xử lý hình sự những trường hợp ntn,,,
Chúc Bôm mạnh khoẻ và thành công nhé!,,,
Sao lại có những người nhẫn tâm vậy. Chín tháng mười ngày là quãng thời gian có phải ai cũng vượt qua đơn giản đâu. Nâng lưu bào thai từng tý một để sinh mẹ tròn con vuông. Vậy mà có những kẻ lỡ tám bỏ đi đứa con đỏ hon hỏn không biết người hay con vật.,,,
A di đà Phật!,,,
"Cỡ Anh Bale bây giờ là ""bất cần đời"" luôn rồi chứ mấy tiếng la ó có là gì?",,,
Bài viết quá hay! Chân thành cảm ơn tác giả,,,
"chi tiêu thì kích thích nền kinh tế thôi, tiền tài trợ mà.",,,
"Chung quy lại chẳng phải mỗi con hà hoặc hầu mà thiên nhiên là vậy ! Ko có gì là Vĩnh cửu cả , vỏ quýt dầy sẽ có móng tay nhọn !",,,
Vận đen vẫn chưa từ bỏ Huawei,,,
"Giặt gấp quần áo thì 7-8t đã biết làm rồi, vì lúc đó phải tự giặt gấu bông, quần áo búp bê, rửa đồ chơi =]]] Mình thấy chẳng cần dạy gì nếu phụ huynh là tấm gương tốt hoặc trẻ được nuôi dạy trong môi trường gọn gàng chúng cũng sẽ gọn gàng theo. Mình hồi xưa cũng khá bừa bộn, xong được gởi qua nhà bác một thời gian, để đi học cùng chị họ, bác dâu mình sắp xếp phòng rất gọn gàng, tự dưng khiến mình thích thú và về tự thay đổi, chả cần ai dạy.",,,
Mấy hôm nay đọc lại Dế mèn phiêu lưu ký vẫn thấy mới và đầy thú vị...! Tưởng nhớ ông!,,,
"Nói gì thì nói, riêng kỷ lục thắng 8-2 của Bayern Munchen tại vòng tứ kết Champion League, trong đó riêng 2 bàn lại do chính đội trưởng đội thua gián tiếp đóng góp thì có đến hàng trăm năm sau người ta vẫn còn nhớ và nhắc lại mãi! xD xD xD",,,
Cuối tuần các bác chạy xe đạp trên quốc lộ 51 toàn vượt đèn đỏ,,,
Nằm giữa 2 ca khúc đình đám Đi về nơi xa & TìnhTrước bài SIÊU HIT ĐI VỀ NƠI XA thì có các hit đình đám ko kém1.Kiếp ve sầu2.Mưa trên cuộc tình3.Bước chân lẻ loi4.Còn lại một mình5.Tâm hồn xao động6.Hôn môi xa7.Bóng dáng thiên thần8.Email tình yêu9.phong ba tình đời10.phiêu du11.chờ trên tháng năm12.lời ru tình13.cuộc tình trong cơn mưa.14.dòng sông băngTiếp tới giai đoạn 2003 ra đời SIÊU HIT TÌNH KHÚC VÀNG và sau đó còn siêu phẩm MÃI MÃI MỘT TÌNH YÊU.Với cá nhân mình anh Bo có 4 bài HIT đình đám nhất mà ai cũng biết1.KIẾP VE SẦU - lúc đó a là hiện tượng2.ĐI VỀ NƠI XA - giúp anh là Ngôi sao3. TÌNH KHÚC VÀNG - đưa anh lên đỉnh cao số 14.MÃI MÃI MỘT TÌNH YÊU - giúp anh duy trì đỉnh caoSau đó a vẫn còn nhiều bài hát rất hay nữa nhưng mình ko liệt kê.MÌNH PHAN A BO 21 NĂM.THEO DÕI ANH TỪ NĂM 1999 ĐẾN GIỜ,,,
"Không phải bản án nhẹ, mà là vì bị cáo chưa đủ 18 tuổi để chịu hoàn toàn trách nhiệm trước pháp luật. Tuy tội lớn, nhưng luật là luật. Ngay cả Tòa án cũng phải dựa theo luật để xét xử thì chúng ta buộc phải tuân theo.",,,
Nên thi chứng chỉ để chọn người giỏi thực sự để chữa chuyên sâu về bệnh đó,,,
"mấy người này còn trẻ chứ nhà có người lớn tuổi và trẻ em thì mệt ,nên lắp thiết bị thoát hiểm báo cháy đầy đủ",,,
"Thêu tay kì công quá, chắc giá cũng không hề rẻ, nhưng mặc lên người chắc sang và xứng đáng đồng tiền lắm đây. Thương hiệu này không biết ở VN đã có chưa nhỉ",,,
"Với mình nó không những ""HIT"" mà còn là tuổi thơ, kỉ niệm, tình đầu và nụ hôn đầu.",,,
"Tạm thời có thể sử nó như một camera di động để thu thập dữ liệu hay truyền trực tiếp thông tin ở những nơi nguy hiểm (cướp, bắt cóc con tin, cháy, động đất, v.v..).",,,
"Lại nhớ đến Lâu Đài Tình Ái do Mr Đàm hát rồi, cái gì mà "" em ơi lâu đài tình ái ái ái đó, chắc không... trần gian đâu""",,,
KHÔNG ĐỌC BÁO SAO TRỜI,,,
"Vạy mà giờ cao điểm xe chạy loạn xà ngầu, xe máy cắt đầu xe hơi, xe hơi lấn làn đường quẹo",,,
Chó không chỉ là vật nuôi mà còn là người bạn thân thiết của gia đình. Tôi đang nuôi 1 bé và không nghĩ đến chuyện ăn thịt chó vậy mà những người nầy nỡ cướp mất người bạn trung thành này của người khác. Pháp luật cần trừng trị thích đáng bọn này.,,,
Tôi cứ nghĩ cá voi thân thiện với con người. Biển học thật mênh mông.,,,
Minh chay tên cty hay là pate để dùng ăn chay,,,
"Rõ ràng là phi truyền thống, thay đổi cách nhìn nhận cho đa dạng vui cả nhà từ già đến trẻ",,,
Đá cho vui thì cần quái gì phải thay 1 HLV bằng 2 HLV vậy ?,,,
"Thật đê hèn. những tưởng lấy dc 1 tấm chồng để nương tựa, sẻ chia. ai dè lấy nhầm quỷ dữ hại đời 2 đứa con thơ dại. giờ thêm đứa nữa và đứa cháu (con). ko biết rồi sẽ ra sao.",,,
"Đúng là CẦM THÚ đội lớp người , thương các em quá",,,
đúng là có công mài sắt có ngày nên kim .,,,
Vệ sinh toà nhà sạch sẽ vừa phòng chống covid vừa thấy an toàn cho sức khoẻ rất nhiều.,,,
"mua máy bơm và xây liền con lươn cao 30 cm chổ thấp nhất , bảo vệ thấy mưa lớn thì bơm liền .",,,
"Tôi thì chọn Hyun nhé. Xe bền, rẻ và rộng rãi, đi ở những nhu cầu của bác là hoàn toàn hợp lý. Về cơ bản thì chẳng có gì chê. So với con xe bé tí Fadil kêu mang linh hồn Việt nhưng chắp vá từ khung xe đến động cơ thì khuyên thật là ko nên. Nếu bác có tiền mua vui thì tùy bác thôi nhưng kinh tế có hạn thì nên tính toán kĩ.",,,
Chúc mừng Fati và các đồng đội!,,,
Không thể chấp nhận được học sinh sắp vào cấp 1 phải đi học thêm để bằng bạn bè khi vào học tiểu học. Có quá nhiều áp lực cho các cháu khi tuổi còn quá nhỏ. Tuổi các cháu còn phải khám phá thế giới học kĩ năng tồn tại trước.,,,
"Con tôi không học trước nên giờ quá đuối.Thời gian ngủ cũng không đủ,tối nào bố con cũng phải đánh vật với Toán và Tiếng Việt,các môn khác không có thời gian sờ đến.Nhiều câu toán đến người lớn còn phải đọc kỹ mới làm được huống chi 1 đứa con nit 6 tuổi còn chưa có ý thức học hành.Quá khổ vì cải cách...",,,
"sợ nhất các ""ông bà bác sĩ ""quyền lực tại gia.",,,
"Thôi anh ơi, tha cho bolero và những người yêu nhạc anh ạ, anh chỉ hát được những bài nhạc hoa lời việt của ngày xưa thôi, từ sau khi anh làm lại răng thì hát không còn hay nữa, giọng quá trau chuốt nên không có tí cảm xúc nào.",,,
"Không thể hiểu được?!!! Hành vi như vậy, làm chết 2 mạng người mà chỉ 30 tháng tù :@ :@",,,
Tôi nghĩ nên có những pháp chế để quản lý tình trạng này. Tại sao sự việc diễn ra hàng ngày như vậy mà ko có một cơ quan pháp luật can thiệp ?,,,
Xếp hàng trật tự như trong phim vậy. Còn theo thứ tự từ to đến bé và chờ đến lúc đổi nhà chỉ cần di chuyển ngay lên vị trí con cua phía trước là xong.,,,
Nói là không nộp thuế nhưng lại không nêu việc kinh doanh lỗ???,,,
"Hẻm tôi cư trú cũng thế, ôi thôi người ta tổ chức đá gà la lối ỏm tỏi. Họ say máu nhìn con gà cũng không thèm nhường cho người khác đi qua. Đánh bài thâu đêm, nhậu nhẹt suốt sáng, chửi bới nhau cả ngày. Lậy trời cho con có tiền chuyển đi nơi khác sống.",,,
"Tam công chúa Disney ngày ấy: Demi Lovato, Miley Cyrus, Selena chắc có lẽ giờ Selena Gomez sự nghiệp vững vàng nhất và cũng trưởng thành nhất. Mặc dù ngay từ đầu Selena bị đánh giá là khả năng ca hát là thấp nhất trong nhóm. Ai coi Disney ngày đó chắc giờ cũng già lắm rồi (mình u4x rồi)",,,
"Không áp lực sao được khi bé vào học mới một tháng mà buộc phải đọc trôi chảy câu "" Nghỉ hè, ba mẹ cho bé Mi và chị Kha đi Ba Vì. Ở đó có bờ đê, nghé, dê. Chị và bé đi ca nô khi về"". Làm sao mới 1 tháng mà bắt các bé đọc theo kiểu phản xạ của người lớn được",,,
Bài hát rất hay. Nghe mà nghiện luon,,,
Chào mừng anh trở lại!!,,,
"Rốt cuộc ông ấy sẽ tái đắc cử thôi. Và chẳng ai có thể được toàn dân yêu mến, ủng hộ nhưng tôi tin nước Mỹ và Thế giới thêm một lần nữa cần ông Trump trên vai trò Tổng thống Hiệp chúng quốc Hoa Kỳ!",,,
"Giảm số đầu điểm sẽ có bất lợi cho HS là muốn gỡ điểm không được. Nhiều HS cứ kiểm tra xong hay bảo bài sau em cố cô cho em gỡ điểm nhé (khá nhiều đấy), giờ không thực hiện được nữa. Thông tư có điểm chưa rõ, không biết đây chỉ là số đầu điểm tối thiểu thôi hay là bắt buộc chỉ được phép có tối đa 6 đầu điểm. Vì bình thường, quy định cũ thì tối thiểu 1 điểm miệng, nhưng thực tế có HS có đến 2-3 đầu điểm miệng do em đó xung phong lên bảng làm bài nhiều lần, thực ra như thế rất có lợi cho HS. Còn việc đưa thêm môn Ngoại ngữ vào tiêu chuẩn HS giỏi thì có lợi cho HS nào giỏi Anh. Trước quy định HSG bắt buộc 1 trong 2 môn Toán hoặc Văn phải được 8,0 trở lên, nay quy định mới là ít nhất 1 trong 3 môn Toán, Văn, Anh phải được 8,0.",,,
"Thực sự lần này rất sợ làn sóng covid lần thứ 3.Chờ có vắc xin dập được dịch covid đã rồi hãy bay quốc tế để cho các cháu nhỏ yên tâm đến trường các bác ơi, thank",,,
"300 triệu là mua Honda City thì đời khá sâu rNếu k quá quan tâm đến ngoại hình thì nissan là 1 sự lựa chọn ổn, rộng và lành.",,,
30 ngày cách ly bắt đầu,,,
"Tôi không để Messi ra đi free được vì lợi ích của Barca vì tôi nghĩ rằng sẽ có clb nào đó sẽ trả chúng tôi ít nhất 100 củ? Nhưng không, họ lại toàn muốn đón Messi với giá 0 đồng? Họ khôn hơn tôi tưởng? haha",,,
hay quá!,,,
Biden rất quân tử và rộng lượng... ông 100% thắng lớn rồi.... thiên thời địa lợi nghiêng hẳn về ông.,,,
Con bọ này sau đó sẽ chết vì nhục,,,
"Như vậy mới thấy vấn đề trong bảo vệ trẻ em ở ta còn nhiều hạn chế, việc đánh con lặp đi lặp lại nhiều lần, cả trường và làng, xã cũng như chính quyền đều biết, nhưng đến khi cháu bị đánh đến tổn thương 15% cơ thể thì công an mới chính thức bắt giam? tại sao không làm điều đó sớm hơn hoặc có một cách nào đó để sự việc có thể ngăn chặn sớm hơn....",,,
"Hay hơn phim hành động, bọn này nhìn trẻ măng mà đã lao vào nghề này rồi, chắc cũng đi được vài vụ nhỏ rồi định làm vụ này...dính bẫy.",,,
"Xe đạp nha bạn , bao bền bao tiết kiệm xăng",,,
Khổ thân ông đợt vừa rồi PR các kiểu mà không CLB nào muốn đưa tạ về dù có thể là giá 0đồng nên đành giữ lại đánh bóng tiếp,,,
"Trong cuộc tranh luận ông Trump giơ khẩu trang và nói ""Tôi có nó và sẽ đeo khi cần"". Giờ chắc có lẽ không cần nữa rồi.",,,
"Câu chốt cuối bài, là lời của tất cả chúng tôi ở bên ngoài. Nhìn hình ảnh anh cuốn tai nghe trên vai ở cuối bài thấy giản dị mà rất mạnh mẽ, khiến chúng tôi yên tâm..Thật sự đợt dịch thứ 2 tôi nghĩ sẽ bùng phát mạnh trên cả nước, không ngờ, các anh chiến đấu còn giỏi hơn lần trước...Xin cảm ơn những anh chị trên tuyến đầu gian khổ suốt ngày, đã chiến đấu vì câu kết cuối bài, vì ly cafe giản dị ngày thường của chúng tôi được thơm hơn và ngon hơn...",,,
"80km thì thấp quá làm 6 làn 4 làn chính và 2 làn dừng khẩn cấp đối với địa hình tốt còn nơi địa hình không thuân lợi có thể giảm 4 làn làm luôn 1 lần , tránh cái tình trạng vừa dùng 4 năm đã tắc",,,
"Chúc mừng ngài, chúc mừng nước mỹ",,,
chỉ một người lọt sổ thôi là toi,,,
ăn xong nhớ đi sơ chế túi nilon đấy,,,
Sinh nghề tử nghiệp nhể. Rip,,,
"Cá nhân tôi càng thấy các cô muôn phần đẹp hơn trên ảnh, bởi cái đẹp tự nhiên, nếu có cũng rất ít can thiệp. Không như các chị em bây giờ ra đường cứ đơ đớ, na ná y hệt nhau phát ngán.",,,
Với những người chuyên trộm chó này phải sử thật nặng.,,,
Vậy Dân tộc Hoa sống KV 3 có cộng điểm tiên xét Đại Học không mọi người ?,,,
Phạt nguội đê bác ơi,,,
Nút thoát hướng hcm trạm thu phí cao tốc long thành - dầu giây. Tôi đang ngồi trên xe mà phát sốt. Ban ngành sở thử đi vào chiều chủ nhật sẽ rõ được dự án nào cần ưu tiên.,,,
"Đồng ý với cách xử lý của chủ cơ sở. Trước mắt phải cố gắng tối đa khắc phục hậu quả . Mọi việc sau đó sẽ được mổ xẻ, phân tích và suy xét sau.",,,
Đã gọi là bất động thì chả ai biết trước được nhưng hầu như ai tham gia thị trường này đều có lãi nếu bạn biết nguồn gốc đất sạch sẽ thì nên đầu tư,,,
<3 <3 <3 :^* :^* :^* mê truyện của pác này lắm cơ,,,
"Nếu tái ngộ Bayern, Lionel Messi và đồng đội có cơ hội đòi lại món nợ thua 2-8 ở tứ kết mùa trướcĐừng có suốt ngày nhắc đến món nợ này được không. Đau xót lắm, nhục nhã lắm.",,,
"Phải luôn khuyến cáo người dân phòng dịch, chứ thấy nhiều người chủ quan lắm.",,,
Cầu mong chú và em luôn tích cực và niềm cảm hứng cho các bạn bị như vậy,,,
Bộ phận chống bão rất có hiệu quả. Xin cám ơn,,,
"Nhạc của Binz vừa có những con beat chất lừ cho giới trẻ quẩy trong bar trong club nhưng cũng không thiếu những bản ""tình ca"" nhẹ nhàng say đắm như Ok, Sao cũng được,...",,,
vừa nghị định 100 vừa nhái kiểu này thì thật tội cho cty Thái.,,,
"Cứ theo như thông tin của bệnh nhân số 32 về từ UK thì bên đó con số không phải là hơn 300 như thống kê, vì bệnh nhân có yếu tố dịch tễ có triệu chứng điển hình như thế mà không xét nghiệm vẫn cho cách ly tại nhà. Chỉ xét bệnh nhân này thôi đã có thể lây lan ra rất nhiều người khác rồi.",,,
"Có lẽ mình không có cảm nhận tốt về điển ảnh, nhưng thật sự mình thấy phim không nhiều nội dung, không nhiều tình tiết ngoài 1 nội dung bế tắc mà cuối cùng dường như không có 1 kết. Phim có vẻ hơi cường điệu hóa, tôi lớn lên từ khu nhà nghèo nhưng chưa từng thấy 1 khu nào mà cả khu đều mê đề như vậy, những đứa trẻ có làm cò đề nhưng ko đến nổi khóc liệt như kiểu như vậy. Có lẻ phim ảnh phải là như thế nhưng có vẻ hơi quá so với thưc tế ... lúc rạp bật đèn cả rạp vẫn ngồi đó có lẻ cũng giống như mình vì không hiểu là phim đã hết chưa. Chúc mừng ekip đoàn phim một thành công rực rỡ",,,
may mắn cho chú tê tê này chứ ko thì đã toi từ đời nào rồi.,,,
"Trận này Messi "" Hờn dỗi"" không ghi bàn nhé ! vì theo Fan cuồng thì PEN không được tính, Si cũng không phải là người kiếm Pen về cho BC mà là Fati. BC đã có người thay thế, hãy làm với Messi như đã từng làm với Ronaldinho.",,,
Đừng dại mà bán vàng đi trong tình hình kinh tế suy thoái như hiện nay thì vàng sẽ là kênh trú ẩn an toàn và sinh lời tốt nhất. Trong cuối năm 2020 đến đầu 2021 vàng sẽ đạt 2500 usd/ ouce. Chúc bạn may mắn!,,,
"Chuẩn rồi anh. Cái gì cũng phải đều đặn hàng ngày mới tốt được. Giống như tôi, sáng nào mà không được vợ cằn nhằn mấy câu là cả ngày cứ ngơ ngơ như người mất hồn ấy.",,,
"Chưa dính scandal; chia tay vợ trong yên lặng, chưa bị bóc phốt gì nên vẫn tin tưởng chàng trai này sống tốt. Còn duyên vợ chồng, nếu không thể cứu vãn được nữa thì cũng nên chia tay 1 cách văn minh. Có lẽ cô vợ cũ cũng là người tử tế, đàng hoàng. Tóm lại là có cảm tình tốt với anh chàng này qua những vai diễn trong phim.",,,
"Hãy làm bến xe như nhà ga hàng không ấy, tránh được mọi lộn xộn!",,,
KINH KHỦNG,,,
Loài này là chuyên ăn xác động vật chết ở biển đây mà,,,
rắc rối quá tại sao không đánh số tên đường khi việc tìm tên người đã hạn hẹp....???? nó như biển số ô tô thôi mà,,,
Mih nhiều năm rồi ko ăn gà rán nhưng trc đây mih ăn thì thấy Jollibee khá ngon và hợp khẩu vị nên ban đầu ăn kfc hay lotte nhưng sau này mih chọn Jolli nhiều hơn.,,,
Tôi đang băn khoăn là khi cô giảng bài rồi bảo các em xem thêm trong sách tham khảo thì nếu học sinh không mua sách tham khảo thì lấy đâu mà đọc? Vậy có phải cấm cũng như không?,,,
Cháu chào ông Sấu,,,
Mấy em này có kĩ năng,,,
"Ủng hộ chủ trương của bác Long, không những thi chứng chỉ mà cần có định kì kiểm tra năng lực của bs nữa vì kiến thức y khoa được cập nhật. Quan trọng hơn nữa cần tạo hành lang pháp lí cho các hội nghề nghiệp thể hiện vai trò của mình trong việc chuẩn hóa và nâng cao trình độ của bác sĩ ở các chuyên ngành khác nhau nhằm bắt kịp với xu hướng phát triển của nền y khoa thế giới. Song song với cơ chế chuẩn hóa và nâng cao trình độ cũng cần đảm bảo mức lương phù hợp để đảm bảo được sự tận tâm với nghề.",,,
Thương cho một tương lai.Trẻ em cực kỳ ghi nhớ những hành động thế này.Nhìn biểu hiện và động tác là bé đã hình thành thói quen rồi.Rất mong cha mẹ của bé từ vụ này dùng tình thương để giáo dục lại cho bé.,,,
Con thật may mắn khi gặp được các cô chú trong nhóm thiện nguyện. Chúc con sẽ sống bình an như mong muốn của các cô chú đã tìm thấy và đưa con trở lại với cuộc sống này. Chúc các bạn trong nhóm thiện nguyện nhiều sức khỏe!,,,
Mình đứng thứ nhất trong danh sách mà người ta lại quên tên thế chứ lị,,,
3 thiên thần CHARLIE .THẬT TUYỆT VỜI,,,
Bồ Đào Nha giờ nhiều cầu thủ hay quá.,,,
Các bạn cứ chê giáo viên.lỡ ông này rút dao ra đâm ai lo gia đình các cô? Ngoài đường đầy người như thế sao không nói nhỉ!? Không lẽ giáo viên là phải hi sinh tất cả,,,
"lay dai tam giac deu co chieu cao h= 0,3 mm chieu dai cac canh a = 2*(S trai dat tinh theo mm2 +1)/h",,,
"Bong bóng thôi, giá nhà giờ cao gấp mấy lần giá thực (mà hỏi giá thực là gì thì tịt), ai mà mua, sắp xuống giá rồi, toàn đâu cơ thôi... Thánh Ghen ăn tức ở cho biết.Tôi có nhà rồi, giờ phấn đấu mua căn thứ 2 và 3 thôi!",,,
Bạn này chọn nghiệp làm giáo viên tiếng Anh nên luôn cố gắng để đạt điểm số cao trong các kỳ thi. Còn đối với những ai tiếng Anh chỉ đơn thuần là phương tiện giao tiếp thì không cần mất quá nhiều thời gian và sức lực để giành lấy những điểm số cao như vậy.,,,
Quan trọng là bạn muốn gì:1. Giá thành rẻ2. Ít ăn xăng3. Thương hiệu4. Nhập khẩuThe End,,,
"Như vậy là Barca rút kinh nghiệm từ vụ Alphonso Davies khi tuyển một một cầu thủ... Bắc Mỹ. Vì quốc tịch Canada của Davies mà Barca chảnh chọe bỏ qua và tiếc hùi hụi.Chào mừng Dest, hy vọng cậu sẽ thành công tại Barca. Mỹ đang có một thế hệ cầu thủ tuyệt vời chưa từng có trong lịch sử, rất rất nhiều cầu thủ còn rất trẻ thi đấu ở những đội bóng hàng đầu Châu Âu với vai trò trụ cột. Pulisic (Chelsea), Tyler Adam (Leipzig), Reyna Jr. (Dortmund) và giờ là Dest, một tương lai hứa hẹn!",,,
nếu xe mới thì có lựa chọn nào hợp lí ạ,,,
"Thần tượng, idol năm xưa",,,
D. Prestwood đúng là rất say nên không nhìn rõ mặt bà bác.,,,
thật muốn biết bên trong lâu đài như thế nào quá,,,
"nói chung thì mọi thứ để dự trữ tài sản đều tăng lên về số lượng theo từng ngày dẫn đến giá trị của nó giảm, nhưng đất thì không tăng lên cũng chẳng giảm đi. nếu mua đất thì khuyến cáo là mua đất nông nghiệp vì kể cả trong trường hợp bần cùng vẫn có thể chuyển sang làm kinh tế trang trại, chờ ngày ""đông sơn tái khởi"" chứ còn mua đất ở thì không khuyến cáo, bởi giá trị của nó thường bị thổi phồng không đúng theo giá trị thực tế của nó.",,,
"Cầu Ngọc Hồi, Mễ Sở ở Hà Nội chuẩn bị thì công có 4,800 tỷ mà tận 13,8km. Trong khi ở đây 2,200 tỷ được có 2km.",,,
Cầu mong sớm suy yếu. Dịch bệnh đã khiến nền kinh tế chúng tôi suy yếu lắm rồi. Giờ bão lớn vào nữa chắc chịu không nổi :((,,,
Chia 3 chia 2 để mua là tuỳ bác. Nhưng đừng bao giờ dồn hết trứng vào giỏ. Chu kỳ chỉ mới bắt đầu. Vì bác máu quá nên bảo đừng mua cũng khó. Lỡ giá tăng thì sao ? Dù khả năng thấp cũng không ai là thánh đoán chính xác được.,,,
"Bị kiện tụng mấy bữa mà nhìn ông già đi thấy rõ, ngoài cules ra thì thật tâm chắc toàn thể fan các đội còn lại của La Liga và các đội C1 không muốn ông từ chức bao giờ, luôn ủng hộ ông ở lại càng lâu càng tốt.",,,
Tập thể dục để có sức khỏe tốt chứ đừng để mất mạng!,,,
"Cameron Diaz quyến rũ nhất là trong phim The mask, hút hồn thật sự",,,
Tôi chưa bao giờ có khai niệm thích hàng trung quốc,,,
Kết quả không thể ai đoán được,,,
15 năm tuổi của mèo thì giống như gần 100 tuổi ở người rồi. Nếu không có gắn chip thì tôi nghi là hậu duệ của chú mèo bị mất năm xưa.,,,
"Nhà tôi có cháu nhỏ hơn một tuổi. Vợ tôi tranh thủ tắm cho con trong lúc đang nấu ăn nên cho cả nhà ăn thịt kho đen , cá kho đen mấy lần rồi ! Haizzz... chả ngon lành gì nhưng cũng không dám chê. Thậm chí còn phải ...dối lòng tấm tắc ngon !",,,
"Altis 2011,2012 giá 370 đến 400tr, đi ổn, không có gì để hỏng.",,,
Chúc con mãi mãi bình an. Mau ăn chóng lớn nha con trai.,,,
"Ấn Độ,Peru vượt Trung Quốc",,,
Tội con quá. Cảm ơn các bạn nhiều.,,,
"Cái quan trọng bây giờ là cứu chữa những người bị bệnh, tịch thu tất cả sản phẩm lại, dù nguyên nhân ra sao nhưng xét nghiệm có độc tố trong sản phẩm của mình là lỗi của mình.Khắc phục sự cố là điều quan trọng, cái tâm sẽ thắng. Cố lên.",,,
Tổ quốc tôi chưa đẹp thế bao giờ !!!,,,
Cứ người đẹp đi lấy chồng là mình thấy tiếc,,,
Cạn lời những người làm cha làm mẹ như thế này loại gì chứ phải con người,,,
Do bản chất con người thôi chứ đừng đổ lỗi cho bia rượu đã côn đồ thì không nhậu cũng hung hăng thôi,,,
Ảnh bìa đưa mình vào đây xem :D,,,
Sân chơi này là quá lớn với Minamino. Đáng tiếc cho pha bỏ lỡ.,,,
"Không bất ngờ, Biden có ý thức phòng bệnh cho mình và người khác.",,,
Combo 5D IV xịn quá,,,
"Trước trận cứ nghĩ S phải thua 9 10 quả cơ vì đội á quân còn thua 8 quả, nhưng nghĩ lại thấy đấm thẳng mặt mà như đấm vào không khí là đủ hiểu vị trí á quân đó là do ưu ái mà có, đá thẳng cơ có khi còn không được top 6",,,
"Không biết giờ này mẹ và các em ra răng, thương về quê mẹ miền Trung quá!",,,
tuy tàn khốc nhưng rõ ràng như vậy mới có tính răn đe mạnh,,,
"Máy 1.4 đã vứt đi rồi. Seltos này được mỗi cái mã, lắp máy như Kona có phải ngon không",,,
"vậy mới thấy vấn đề là ở HLV. các vị trước bố trí toàn để giẫm chân nhau. H M10 vs Coutinho ăn ý đó chứ. Hi vọng Griezmann vào guống hơn thì đúng là năm nay Baxa công ổn, chờ thủ nữa là ok",,,
Tin vui nhất trong ngày!!!,,,
Mua San cho hợp trend. Còn nói về độ sướng thì đi SA sướng hơn nhiều. SA là SUV thực thụ còn San thực tế là 5+2,,,
"Một quyết định rất đúng, cây to vậy trồng rất lâu mới có được ",,,
"Tại sao bộ Giáo dục ko đưa môn bơi lội vào bắt buộc trong trường học.với 800k một khóa bơi cơ bản học tại các trung tâm thì trường tiểu học kêu gọi đóng góp khoảng 500k mỗi học sinh để mua hay xây bể bơi thì tốt biết mấy. Vài ba cái chương trình ""kĩ năng sống ""học suông ko để làm gì khi mà hầu hết học sinh đều phải nhắc chào người khác khi gặp chứ chưa thấy hiệu quả đâu. Năm nào cũng có các e nhỏ chết đuối thật thương tâm. Chỉ mong bộ môn bơi lội được đưa vào giảng dạy.",,,
Oh ra đây là thầy của Khánh Vy!,,,
Mong 1 cuộc sống thật tốt đẹp sẽ đến với con.,,,
Đúng là nổi tiếng đẹp trai có tiền thì gái nào cũng có!,,,
"Tôi lại thích nhất bài Kiếp rong buồn và Mùa đông tàn phai. Hồi còn đi du học, cả đám tụ tập uống bia, chỉ cần có ai đệm đàn là ae hát Kiếp rong buồn với nhau. Nhớ mãi...",,,
"Huyền thoại thể dục dụng cụ tương lai của TQ, quốc gia vốn đã mạnh hàng đầu thế giới về môn này.",,,
Nếu tôi là công dân Mỹ tôi sẻ bầu Ông Trump.Dù sao ông ấy trẻ hơn và đã kinh qua một nhiệm kì rồi.,,,
"Trước cũng mê bim mà từ ngày làm 2 quả thận to tổ chảng là hết thích hẳn luôn,thấy mất cân đối và ko đẹp",,,
Hẹn gặp nhau ở VMM năm nay nhé Ái Phương :D,,,
Phạt thật nặng và tước bằng lái đối với trường hợp này .,,,
Ôi 20 năm đông đầy bao nhiêu thành tích và kỷ niệm.,,,
"Kiếp ve sầu, đi về nơi xa, tình quay gót, nắng sân trường, cuộc tình trong cơn mưa, mãi mãi một tình yêu, mưa buồn, ảo mộng tình yêu, chờ trên tháng năm, hôn môi xa, mưa trên cuộc tình...",,,
"Bơi ở ao mãi thì thế thôi, ra biển sóng đánh cho vỡ mặt, achen và 2.8 là minh chứng",,,
"Sợ thật, khuôn mặt anh bây giờ và 20 năm trước ko khác j nhau, đúng là người ko tuổi.",,,
Sevilla thắng loạt đá luân lưu 5-4,,,
Đứa trẻ bất hạnh.,,,
"Mình k cuồng xe HQ, nhưng mình công tâm mà nói rằng xe HQ rất thời trang, đi theo xu hướng của thời đại, nhìn sản phẩm của họ rất nhẹ nhàng thanh thoát, mượt mà & chất lượng đã đạt tới tầm cao k thua kém xe Nhật. Nhật là một cường quốc ở mọi lĩnh vực điều đó ai trên thế giới này cũng đều biết, nhưng ở thị trường Vn & ĐNA thì lĩnh vực oto, và đặc biết là Toy đã phân biệt đối xử rất nặng nề so với phần còn lại của TG. Toy đã sx ra những chiếc thùng tôn di động kém chất lượng, dấu cục máy cn thập niên 80 bên trong, tinh chỉnh một chút về thiết kế của thập niên 90...sx và lắp ráp hàng loạt bán giá cao cho các thánh cuồng của chúng ta, với khẩu hiệu tiết kiệm nhiên liệu - bền, bây giờ người tiêu dùng phát hiện ra là cn có gì đâu, mà k bền.Vậy nhưng vẫn còn sót lại dăm ba thánh cuồng, ngồi trong chiếc thùng tôn nhưng tưởng đó là đỉnh cao của cn xe hơi, k chịu nhìn nhận khách quan và mở mang tầm hiểu biết để hiểu rằng xe Hàn Âu Mỹ Việt đã hơn hẳn về cn, thiết kế và độ an toàn gấp 2 hay thậm chí 10 lần mớ thùng tôn hỗn độn xấu xí kia. Mình k chê đc Toy Âu Mỹ, nhưng mình chê thùng tôn tại Vn.",,,
"Cầu trời cho ngài và gia đình vượt qua khó khăn bệnh dịch, sớm được bình phục!!! Tuy rằng tôi không thích phong cách, suy nghĩ, hành động của ngài!!!",,,
"tốt nhất là không cho cháu về ở cùng bố mẹ nữa vì lý lịch của cả Bố lẫn Mẹ đều phức tạp. mong rằng hai bên Nội Ngoại cố gắng nuôi cháu cho cháu trưởng thành đã, đến lúc đó cháu sẽ nhận thức được cái tốt , xấu và biết cách tự bảo vệ chín bản thân mình. thương con lắm mong con nhiều sức khỏe.",,,
Xin đừng đánh giá kiến thức của trẻ 6 tuổi bằng cái đầu của người lớn. Tại sao cứ phải phức tạp việc đọc chữ thế ạ?,,,
Khí chất là chấn thương và chơi golf chăng?,,,
"Mình rất vui khi trong bạn đã nhen nhóm ý định mua BHNT.Và mình khuyên bạn mua càng sớm càng tốt bạn nhé. Với cùng một số tiền, cùng thời gian tham gia bảo hiểm thì giá trị tài khoản của người trẻ sẽ cao hơn giá trị tài khoản của người lớn tuổi. Bên cạnh đó bệnh tật, tai nạn luôn bất ngờ, nên để phòng tránh bạn nên tìm hiểu và mua ngay. ",,,
Nam mô a di đà phật...Mọi sinh vật đều có tánh linh.,,,
chúc nhóm luôn mạnh khỏe để giúp đỡ các bé.thương các con quá. :'(,,,
"Nó đi tìm bạn đời đấy, cứ cấm đoán khổ cho nó và nguy hiểm cho người. Tây cũng lắm chuyện quá. Tưởng là biết tuốt rồi chứ lại cứ bảo thủ.",,,
Căn bệnh này gọi là bệnh gì vậy?.,,,
"nói cho công bằng thì khi nhìn kỷ thì khác nhau hoàn toàn mà, chỉ giống chữ sài gòn còn lô gô hay phông chữ, kiểu in trên lon đều khác.",,,
Nhìn giống...con bào ngư thật! <3,,,
Con người đang tự hủy hoại trái đất. Buồn.,,,
Nước cờ khi tranh cử mà thôi.,,,
"haiz do nhà toàn giáo viên nên có dạy cho cháu tôi trước phần đọc viết nên cũng đỡ, nhưng ở trường cháu lại cho học hai buổi rất mệt, chả biết cháu học thế nào mà ngày nào cũng hỏi sắp chủ nhật chưa để được nghỉ.",,,
"ngược với trường cấp 3 của mình, cấm để tóc dài :))mấy năm c3 toàn để đầu cua",,,
Cầu mong thế giới bình an!,,,
"Mình rất thích nam nữ nghệ sĩ Tone cao như Bằng Kiều, BAT, Hương Tràm, Dương Hoàng Yến,... và trong đó có Hoài Lâm. Khi hát Live tất cả đều thể hiện tốt giọng hát để toát lên hết nội dung của bài hát. Hi vọng, HL sẽ vượt qua sóng gió để trở lại với người hâm mộ. Hiện tại, Tôi vẫn luôn chọn Như Những Phút Ban Đầu là ca khúc số 1 khi đi hát karaoke. Chúc HL sức khoẻ, giữ vững tâm thế, chọn bài và thả hồn vào đó.",,,
"Đường cong đẹp quá, mỗi tội mặt không sang!",,,
" Nếu tài giỏi, hãy xây dựng một thương hiệu mới và đi lên từ đó.",,,
Tôi xin dự đón Sevilla vô địch,,,
"Nhiều học sinh đứng xem nhưng không ai can ngăn.. đúng là vô tâm, vô cảm và cũng là đồng loã.",,,
Lại là vấn đề con người và ý thức của mình,,,
Mang 1 hình thật rồi làm ra như cổ xưa rồi mang cho AI phục chế xem kết quả sao,,,
"Vinfast fadil chất lượng tốt nhất phân khúc a, cứ hàng Việt mà quất bác à",,,
"Có Sorento mới rồi, bỏ qua hai cái xe kia đi. Còn không thì chờ Santafe mới về.",,,
Thích đáng!,,,
"Có thể mình là người châu á , nên cái nhìn vẽ đẹp phụ nữ á đông quen mắt hơn chút !",,,
"Theo lý lẽ của anti : Thắng do đồng đội quá mạnh, thua tất cả do Messi",,,
"Con sốt, cha mẹ cũng sốt theo. Đằng này có thành phần làm trái ngược lại. Tội bé vô phước. Chúc con khỏe mạnh, bình an.",,,
"Mình đang chạy dịch vụ vios 2019 MT, cảm thấy hài lòng. Chi phí bảo dưỡng rẻ.",,,
Em sẽ được cứu.,,,
Miền Trung yêu dấu vẫn phải gồng mình chống đỡ thiên thai,,,
"bằng thừa, cuối cùng thì cũng không về mỹ nổi, đi nước khác để trốn đánh thuế trung quốc, việc làm cũng chẳng về mỹ, đơn giản chi phí sản xuất ở mỹ quá cao, kiểu này mà made in america cái gì :))",,,
công nghệ trên đà tối ưu .Có lẽ thập kỉ tới nó sẽ rất phổ biến .,,,
"trả tự do cho chị tui đi, chị tui cần gì người giám hộ nữa.... please",,,
Công sanh chín tháng mười ngày.... rồi bỏ rơi.Công dưỡng dục thì dài cả một đời người. Ngưỡng mộ và yêu mến những người cha có trái tim từ bi và hạnh Bồ tát như vầy. Người cha của 6 đứa bé xinh đẹp và dáng yêu! Chúc gia đình luôn hạnh phúc và tràn ngập tiếng cười của trẻ thơ!,,,
"Sứ mạnh của đồng tiền thật ghê gớm, biết bao nhiêu người chết mà vẫn ko sợ.",,,
"Ngày con mình bệnh mình cũng đã rất tuyệt vọng, lúc đó lang thang trên mạng vô tình đọc được bài viết về cha con Quốc Tuấn. Mình nhìn anh ấy, rồi nhìn lại mình và tự nhủ ""anh ấy còn khó khăn hơn mình, nhưng anh ấy vẫn đang cố gắng. Mình cũng không thể bỏ cuộc được"" vậy là mình tiếp tục bước tiếp. Ngoảnh mặt đã 5 năm trôi qua. mình vẫn theo dõi hành trình cha con anh ấy...Con mình giờ cũng đã có nhiều tiến triển. Cảm ơn anh đã truyền cảm hứng và nghị lực cho những ông bố như mình. Chúc 2 cha con luôn khoẻ và bình an.",,,
Không nên cho học sinh dùng điện thoại trong lớp học.,,,
"Tôi thấy mua rất dễ, khi rút ra thì thủ tục khó hơn",,,
"Ủng hộ quan điểm ông Biden, điều Trump đang làm không phải tranh luận mà là ngụy luận. Cố tình ngắt quãng các phát biểu của người khác để đổi hướng chủ đề mình bị công kích. Cả buổi tranh luận, Trump không có nhiều phát biểu về tình hình quốc gia mà chỉ chăm chăm vào công kích đối thủ. ",,,
"Bài báo rất chuẩn, chỉ có thể xuất sắc nhất CLB chứ với thế giới Messi chỉ là cậu nhóc tội nghiệp với những thất bại tủi nhục. Sự thực Si quá may mắn khi đc Xavi, Iniesta và truyền thông nâng đỡ. Tóm lại có Xavi, Iniesta sẽ có vinh quang, có Messi sẽ có có thấy bại",,,
Thật đáng ghét,,,
Santa Fe ở hàn vẫn không bán chạy bằng Sorento,,,
Chung thân thì quá nặng. Theo mình bản án này từ 18-25 năm là hợp lý nhất. Vì nạn nhân cũng có lỗi.,,,
"Thực sự đáng tiếc, anh có tài năng nhưng không hiểu sao không bật lên dc như dani alves đã từng",,,
Mọi chuyện còn chưa chắc chắn khi Biden trong diện F1,,,
với sức gió hơn 100km/h. tôi nghĩ bão sẽ vào đất liền nhanh hơn dự báo !,,,
Nay mới được nhìn mặt bác. Chúc bác sĩ luôn khoẻ mạnh!!!,,,
"Mình ở Đức, con mình đi học được mang theo điện thoại, để chế độ im lặng và không được sử dụng trong khuôn viên trường.",,,
Dịch vụ thì i10 vô địch rồi,,,
Hy vọng rằng bé trai đó biết việc của mình làm là sai.,,,
không ai phủ nhận những tiện ích to lớn mà công nghệ đem lại qua chiếc điện thoại thông minh nhưng phải sử dụng đúng nơi đúng lúc chứ trong giờ học thầy cô giảng bài mà học sinh cứ chăm đầu vào đt thì làm sao hiểu bài được .,,,
"Đọc xong bài này, tôi mới nhận ra các con tê giác từng thấy trong hình ảnh ko có lông xD",,,
"Tội cho cháu bé. sinh phải cha mẹ, chín phần con, một phần người.",,,
"Mình nghĩ khi làm thủ tục vay món gì đó, ngoài giấy CMND ra thì phải kèm theo một số giấy tờ tùy thân như: sổ hộ khẩu, bằng lái xe, bảo hiểm y tế... nói chung là phải thêm thông tin chứng minh nhân thân. Chứ không phải khơi khơi cầm giấy CMND là cho vay được.",,,
Mắc tiền vì độc lạ. Mong rằng khi ăn được cái lạ nhưng không độc.,,,
Dã man quá,,,
"Cup cũng tùy loại cup để cố thi đấu chứ, cái gì cũng muốn rồi cuối năm tạch hết à. Ltd năm nay là vô cùng khắc nghiệt đó mấy bạn ạ ,liver có loại ở cup này cũng ko vấn đề gì .Mãi yêu liver",,,
"Nói thiệt chứ bài này của Hoài Lâm chất nhạc quá cũ kỹ, nhàm chán, nghe 1/2 bài tôi đã tắt.",,,
"Bảo rồi, cái cúp này quá tầm Liv nên bỏ đi :-D",,,
Trump sẻ chửa bệnh và chiến thắng.!,,,
"Vấn đề ở đây là chúng ta không biết được ở độ tuổi 12 13, bọn trẻ đã được học được những kiến thức nào về toán. Nên để một người trưởng thành có thể giải quyết vấn đề này cũng hơi khó.",,,
"Cái giá của việc trở mặt với Vua Ronaldo là sự nghiệp đi xuống và bật bãi khỏi Real, đáng lắm Bale! Tấm gương cho những ai khác vọng tưởng muốn tranh giành vị trí với Ngài.",,,
Chắc chắn sau khi chữa khỏi bệnh ông sẽ có kháng thể virus tự nhiên trong người và sẽ miễn nhiễm với bệnh này.,,,
Chưa bao giờ nghe bỏ trẻ sơ sinh nhiều như năm nay,,,
Yêu mến c,,,
Có thể rất nhiều bạn chưa hướng dẫn cho các bé.Đây là clip rất hữu ích xin cảm ơn bài viết .,,,
Que diêm mà nhà t bán mấy chục năm rồi lâu lâu mới có ng mua chỉ 500d một hộp mà bao nhiêu gỗ giấy. Năm nay ko bán nữa vì diêm thiếu tiện dụng và hay bị ẩm ướt nhưng mà cty vì thế mà đi xuống thì buồn lắm. Mong cho cty phát triển trở lại. Liệu sau này còn ai nhìn thấy que diêm hay biết que diêm hình dạng thế nào,,,
Đã xe cũ thì cứ Nhật mà chơi . Đừng nhìn vẻ ngoài mà hối hận về chạy không được đâu .,,,
Kết quả là tôi bị vợ chửi vì mãi cắm đầu vào điện thoại.,,,
"Cứ lấy lý do DN bị ảnh hưởng và DN k bị ảnh hưởng, Covid ảnh hưởng đến cả Thế Giới, DN ảnh hưởng ít hoặc nhiều thôi. Mong giảm thuế thu nhập và nhiều thứ khác để cho đến 2021 để các DN đc phục hồi trở lại",,,
"Bất cứ thời đại nào , xã hội nào thì bất hiếu luôn là trọng tội",,,
Nhìn là biết ngon rồi! Chẹp chẹp!,,,
"Cần phạt nặng luôn những quán ăn,nhà hàng... thu mua Chó của bọn trộm Chó này bán luôn! Phạt tù bọn trộm Chó này nếu ko mạnh tay thì về sau này sẽ có nhiều chuyện đáng tiếc xảy ra...",,,
"Đi 2 xe, có vũ khí... là có sự chuẩn bị, tính toán. Chắc là cũng tính luôn được mức án phải chịu rồi. Chúc vui vẻ với kết quả đạt được nhé.",,,
Một năm đầy trọn vẹn với Bayern!,,,
"Chỉ hổng có nhìu Xiền mới hổng mua xe Đức thui. Xe Đức đi quá là sướng, nếu đã đi xe Đức rùi thì hổng ai còn mún ngồi lên bất cứ một chiếc xe Hàn nào. Xe Nhật thì vẫn đi được.",,,
"Cầu cho các bé được cứu sống thật Hạnh Phúc, các bé không may được lên Thiên Đường",,,
Thêm:Phía Ngân hàng phải thêm thủ tục chụp ảnh người làm hồ sơ tại quầy và lưu trong hồ sơ như bên viễn thông khi đăng ký sim điện thoại nữa thì sẽ hạn chế rất nhiều việc gian lận.,,,
"À, lại theo giới truyền thông MU mua. 175 triệu hỏi mua chú nhóc 17 tuổi chưa khẳng định được gì thì đúng chỉ có truyền thông nhà barca tự biên tự diễn nâng nhau.",,,
"Chúc mừng bệnh nhân, chúc mừng y bác sĩ BV Chợ Rẫy",,,
đầu tuần thật tuyệt vời ... những ngôi sao lớn đồng loạt lập cú đúp . chúc mừng cr7 . chúc mừng m10 . chúc mừng su9.,,,
Tôi cũng thích nuôi ong nhưng cơ thể phản ứng thái quá với bọn này khi bị chích.Dễ nổi ngứa và sốc thậm chí gây khó cho tim mạch.Loài này không có ngòi chích nhưng đọc tới cái đoạn nó cắn được thì vỡ mộng luôn rồi.,,,
dù không ưa tính cách của ông ta nhưng tôi nghĩ hiện chưa có sự thay thế nào tốt hơn!,,,
"Nên chỉnh sửa pháp luật để bảo vệ trẻ em, tịch thu quyền giám hộ của những kẻ làm cha mẹ như thế này ngay khi có dấu hiệu bạo hành con cái. Ở nước ngoài thì không đợi đến lúc này pháp luật mới can thiệp, có dấu hiệu của bạo hành là cha mẹ đó đã bị cấm tiếp xúc, mất quyền chăm con và cơ quan xã hội sẽ nuôi bé rồi.",,,
"M10: 4C1,10Laliga,3 về nhì QG, 70 bàn QG 707 bàn.CR7: 5C1,2Laliga,3NHA,2Seria,2 vô địch QG. 101 bàn QG,741 bàn.Số bàn thắng cho ĐTQG:- Rô: 101 bàn 40 kiến tạo (17 giao hữu, tỉ lệ 16,8%)- Si: 70 bàn (34 giao hữu, tỉ lệ 48,6%)",,,
lấy mỗi thịt và ướp lá chanh xong quay,,,
tôi bị tông 1 lần đang đậu làn xe máy khi dừng đèn đỏ. quá nguy hiểm,,,
Mua căn hộ thì tôi thấy được ưu điểm: trả theo đợt...trả ghóp. Nhưng nhược điểm thì nhiều vô kể...kể cả căn hộ cao cấp...Trước mắt là chờ sổ dài cả mắt...,,,
"Vẽ một hình chữ nhật chiều dài a đủ lớn, chiều rộng bằng 1/3mm. Lấy tam giác đỉnh là tâm, hai đỉnh kia là đầu mút chiều dài. Các chiều cao đều nhỏ hơn chiều rộng của hcn, một chiều cao bằng 1/6, (hai chiều cao kia nằm ngoài tam giác, nhỏ hưn chiều rộng hcn). Gọi S là diện tích quả đất tính bằng mm2, chiều dài S = 1/6x a/2,.chiều dài a=12S",,,
Tôi nghỉ là vài lít.,,,
"Si đã có Fati kế thừa, mùa sau nên qua China hoặc Mỹ dưỡng già là vừa rồi.",,,
Nhìn ấn độ mà lại thấy sợ nếu như Việt Nam mở cửa,,,
"Về nhà đi, nơi đây đã cho anh cả tương lai nhưng anh tự đạp đổ nó",,,
sao không rào lại,,,
Bạn còn phải hỏi nữa! bạn cứ chờ 5 năm nữa vàng xuống 35 triệu/cây rồi hãy bán.,,,
"Có ai nghĩ loài người tới từ ngoài trái đất không? chúng ta có thể là di cư lánh nạn! Nhưng chúng ta đang hủy hoại nơi chúng ta tới, nơi mà thuộc về những động vật địa cầu, chúng ta chỉ sống nhờ thôi! Hãy bảo vệ môi trường, bởi khi môi trường ngày một ô nhiễm "" những vị khách "" như chúng ta quả thật xấu xí! :o",,,
Mua đất khi và chỉ khi bạn biết chắc nó sẽ tăng giá ít nhất 20%/ năm. Mua đất x tỷ khi và chỉ khi bạn đang có ít nhất 2x tỷ. Muốn mua được đất tăng giá ít nhất 20%/ năm bạn phải biết thẩm định tiềm năng miếng đất bạn muốn mua : ngắn gọn thì cần thẩm định ít nhất 5 tiêu chí ĐƯỜNG ĐI - DIỆN TÍCH - PHÁP LÝ - PHONG THỦY VÀ TIỆN ÍCH .,,,
"Đang là cử tri dao động, xem xong buổi tranh luận đầu tiên của hai ông thậm chí còn dao động hơn :)",,,
Các Ngã Tư gần đấy có chịu nổi áp lực khi đèn đỏ không,,,
Việc được thi muộn hơn cả tháng đã là một lợi thế rất lớn đối với các em. Đề có mức độ tương đương thì với việc ôn thi thêm một tháng của các em có thể giúp các em vượt trội hơn về điểm số,,,
Nên mua Vinfast Fadil sẽ tốt hơn,,,
"Khoan bàn về chất lượng có đt, xe máy ôtô TQ giá rẻ..cạnh tranh các hãng khác sẽ xem lại giá có lợi cho khách hàng.",,,
"sự việc đau lòng quá. năm nào cũng có nhiều vụ tai nạn đuối nước thương tâm. có nhiều vụ cướp đi sinh mạng dăm bảy cháu 1 lúc. ở các vùng quê thường có rất nhiều ao, hồ, sông suối... các bậc phụ huynh ngoài việc nên tập dạy bơi cho các cháu thì nên thường xuyên nhắc nhở chúng.",,,
Hạng mục cầu thủ hay nhất sao lại thiếu m82? Trận nào fan cũng dẫn chứng là được whoscored gì đó bôi son môi cơ mà? Thật là quá bất công.,,,
"Một bác là mẹ của cậu bạn thân với tôi cách đây 2 năm đã đập hạt na để đun nước gội đầu, kết quả là suýt hỏng mắt nếu cậu bạn kia không liên hệ sớm với tôi để đưa bác đến bệnh viện nơi tôi đang công tác điều trị.Khi khám, soi mắt dưới kính sinh hiển vi, đồng tử 2 mắt phản chiếu thành màu xanh nước biển thay vì màu đen.",,,
Thương lắm Miền trung ơi,,,
ATT thật sự đáng đồng tiền ở tầm giá này.,,,
"Lẽ ra khu vực sản xuất, làm nghề thì nên ở ngoại thành chứ nhỉ, đây họ làm luôn ở khu trung tâm.",,,
Cũng đáng thương . Nếu phát súng đó mà nổ thì sao ?Tội cho người phụ nữ khổ mãi rồi đến giờ vẫn khổ .,,,
"Thay đổi này cần thời gian để kiểm nghiệm xem tính hiệu quả đến đâu. Tuy nhiên, thay đổi lớn nhất cần được thực hiện là chương trình giáo dục nên được giảm tải và chú trọng tới những kiến thức thực tế nhiều hơn. Đồng thời là tư tưởng của những bậc phụ huynh về việc học tập của con mình, khi mà phụ huynh nào cũng muốn con điểm cao, thành tích này nọ mà quên mất rằng con mình có thực sự vui vẻ, hạnh phúc và học được nhiều điều có ích hay đi học không.Còn việc đưa môn Anh ngang hàng với Toán, Văn nhằm thúc đẩy khả năng ngoại ngữ mình thấy không khả thi lắm. Chương trình tiếng Anh hiện nay về cơ bản là quá nhiều lý thuyết, học sinh bị ép học ngữ pháp liên tục và làm bài tập như một cái máy, các kĩ năng khác như nghe, nói, và kể cả viết (học ngữ pháp giỏi không đồng nghĩa với việc luận giỏi) gần như bị bỏ qua. Muốn học tiếng Anh tốt thì điều cốt lõi là môi trường phải tốt, mà đội ngũ giáo viên hiện tại mình dám chắc rằng nhiều giáo viên trình độ còn chưa cao. Mẹ mình là giáo viên tiếng Anh, mở lớp dạy thêm cho học sinh THCS và THPT tại Hà Nội, thỉnh thoảng mẹ lại than phiền với mình rằng vừa nhận vào một lớp mà phải dành ra một buổi để sửa hết phát âm cho các bạn học sinh vì cô giáo ở lớp phát âm sai, học sinh học theo nên cũng sai theo luôn.",,,
"Thật kinh khủng, nhiều người sẽ không thể tìm được xác. Tòa nhà lớn kế bên bị sụp một nửa xây cũng tốt thật.",,,
Khi vay tiền ngân hàng là ngân hàng bắt khách hàng gánh luôn hợp đồng bảo hiểm nhân thọ. Tỷ lệ khách hàng hủy hợp đồng năm thứ 2 qua kênh ngân hàng cao.,,,
kí ức tuổi thơ tôi cũng hay đi bắt cá như thế. giờ vẫn thích,,,
"Ngoài ra mình cũng muốn chia sẽ cho các bạn một số idoms hơi giống như PULL AN ALL-NIGHTER nhưng cách dùng này để nói khéo, hay cách nói lịch sự của người Mỹ, hay tỏ ra từ chối một điều gì đó.For example: No, thank you, my friend. I must get up with the chickens.Đây là những idioms có ý nghĩa giống như nhau- be up with the chickens- get up with the chickens- be up with the crows- be up with the roostersEnjoy everyone. And thank you so much Ms. Moon Nguyen.",,,
"Ôi trời, 1.7 - 2 tỷ là rẻ rồi đấy. Toàn mấy ông đầu cơ mua đi bán lại, qua 1 2 người có khi giá lên gấp đôi. Dân văn phòng như tôi muốn mua 1 căn ở lâu dài thì đành chịu. Về quê mua nhà may ra còn được chứ nhà thành phố giờ giá cứ lên vèo vèo.",,,
"Xuất sắc, chúc mừng con",,,
Đến khi ăn bánh này trẻ em chẳng biết có phải là đang mùa Trung Thu hay không thì cần coi lại. Mong rằng làm mới nhưng đừng thay đổi là được.,,,
Rất may là cá voi sát thủ (chính xác là sát thủ cá voi) không tấn công con người.,,,
Thời kỳ Messi là thời kì rực rỡ nhất của Barca.,,,
"Covid làm mọi người ở nhà và dùng dịch vụ kỷ thuật nhiều hơn. Từ mua sắm, giải trí, khám bịnh đến làm việc và học tập online. Nên các đại gia hưởng lợi lớn. Trong khi các đối thủ offline thi nhau nộp đơn phá sản",,,
Công an Hà Tĩnh giỏi!,,,
"Mình xem trên các group về thời tiết, có nhiều nhận định rằng cơn bão này sẽ lên mức CAT 1, đổ vào Bắc Trung Bộ, mọi người nên theo dõi chặt chẽ thêm",,,
"chương trình nặng, bài tập nhiều. Tối nào ba mẹ và con cũng đánh vật. Các bạn học trước còn theo được, con không học trước thì thậm chí không được ra chơi luôn để dành thời gian tập việt. Các môn học khoa học tự nhiên vốn dĩ trẻ thích để giảm căng thẳng thì trường lại cắt hết để luyện chữ. Cháu tôi học lớp 1 bảo con sợ đi học lắm....haiz",,,
Lúc này Đà Nẵng gió lặng và không có mưa !,,,
đã gọi là ăn chay thì cứ mua rau cũ quả đủ loại về ăn tại sao phải mua đồ hộp nhỉ,,,
Thật đau lòng! Tội các em quá! Xem lại cách xây cổng trường! Cổng rất khó sập!,,,
Hầu như các bố mẹ phải cho con đi học trước mới theo kịp,,,
"Bánh trung thu mục đích chính bây giờ có phải bán cho trẻ em ăn đâu, cho người lớn ""làm đẹp"" nên nó mới càng ngày càng cao cấp như thế.",,,
"Không nghe nói có liên quan gì với việc hạn chế nhập thịt bò Úc? Ăn thịt heo, thịt gà để thay thế nguồn đạm động vật từ bò?",,,
"Các cơ quan chức năng nên quản lý chặt hơn việc cho vay của các công ty tài chính kiểu này, thủ tục vay đơn giản không xác nhận, đến lúc thành nợ xấu ảnh hưởng đến người khác dù không vay, không biết gì về khoản vay đó, chưa kể đòi nợ kiểu gây ức chế tinh thần.",,,
"Vỡ kế hoạch rồi sấu bố ạ. Đẻ cho nhiều vào mà nuôi. Thời buổi kinh tế lạm phát,thịt thỏ,thịt heo,nai cừu tăng giá lắm.",,,
"Bao nhiêu ký ức lại tràn về, lâu lắm rồi mới được nghe tâm sự của người đất Quảng",,,
"Năm ngoái nói Mu là ucv số 1 , năm nay thôi à. ?",,,
chúng tôi ủng hộ và yêu thương Cu Ba anh em,,,
Tranh cử và bầu cử TT Mỹ thú vị đấy chứ?,,,
"Ý thức người dân như vậy là rất tốt, đáng để hoang nghênh.",,,
tìm kiếm người tài cho nước Úc.,,,
Mưa ngập không sợ kẹt xe,,,
Tui uống ngày phải 3 lon coca.,,,
"đến chịu các bệnh nhân này, thông tin vậy mà ko nắm",,,
"Mãi yêu ""anh chú"" hihi",,,
"LuxSA đi bác , e vừa quất xong , phải công nhận là lái sướng cách âm cực tốt , tuy nhiên nội thất chưa dc hoàn hảo",,,
Quá manh động . Đủ 18 ký yêu cầu pháp luật xét xử áp dụng khung hình phạt cao nhất đối với con cá thu này mãi mãi ... thiên thu !,,,
Thật sự phẫn nộ những quái xế như thế này. Ám ảnh kinh hoàng phiên bản xa lộ.,,,
khổ cho mấy ông bị Si Rô đày quá,,,
Quan điểm cá nhân thì e thích kia morning nhưng e lại thích xe Việt Nam.Quyết định cuối cùng của e là chọn i10,,,
tôi ủng hộ ông Trump thắng cử và chúc ông thắng cử trong cuộc bầu cử tới !,,,
Cây này hay gọi là hơi thở của quỷ mà. Gây loạn thần ngộ độc...,,,
"78 tuổi rồi, nhầm lẫn là bình thường. Nếu là TT Mỹ mà nhầm như vậy thì thật gay go",,,
"Halep sẽ VĐ RG nội dung đơn nữ, còn đơn nam thì mình nghĩ Thiem sẽ VĐ thuyết phục như cậu vừa làm tại US Open 2020, còn nole có thể sẽ bị loại sớm tiếp trước CK,nadal thì sẽ vào nổi BK hoặc CK rồi...... nhường ngôi cho Thiem , hi vọng RG 2021 nadal sẽ lấy lại dc ngai vàng RG",,,
"Mới có thông báo thu hồi sản phẩm ngày hôm qua 29/08, một tháng nay chắc cũng rất nhiều người ăn sản phẩm này. Hại toàn tập !",,,
"When started getting itchy feet, i could leave my seat then walk around the mall, just window shopping but my feet felt relaxed much.Câu này em đặt vậy có đúng k ạ cô ?",,,
Cruze bản LT (số sàn) và LTZ (số tự động) khác nhau 1 trời 1 vực.,,,
"Arsenal thua về mọi chỉ số trên sân nhưng tôi phải công nhận Arteta là HLV giỏi và có tinh thần cầu tiến. Tiếp quản một Arsenal đang mất phương hướng trong lần đầu làm tướng nhưng Arteta đã cho thấy mình như một HLV đã làm việc từ lâu, không cần mua về những cầu thủ đắt giá, Ateta biết tận dụng những cầu thủ mình có và góp nhặt một số cầu thủ tự do hoặc giá rẻ nhưng chất lượng và từng bước định hình lối chơi. Xem Arsnal bây giờ rất thực dụng và đánh trực diện chứ không chuyền nhiều bóng như truyền thống mà Wenger đã xây dựng, nhưng chính sự thực dụng đó sẽ giúp Arsenal mạnh mẽ hơn và vững vàng trên mặt trận đấu cup. Chúc cậu thành công.",,,
Bài Viết hay lắm. Cảm ơn tác giả nhé,,,
Gia đình bé đến thấy tím tái..vậy trong lúc con gửi ở lớp cô giáo không thấy hiện tượng gì sao,,,
Không có đọc báo gì sao trời!,,,
Làm thức ăn cho gia súc gia cầm,,,
Các nước phát triển đã loại bỏ hoàn toàn điện than.,,,
"Vi phạm luật giao thông cần được xử thật nghiêm. Lỗi queo sai làn đường có thể gây tai nạn chết người. Tôi ủng hộ việc phạt nặng và nặng hơn nữa, nếu tái phạm.",,,
"Thể thao phong trào phát triển mạnh là điều đáng mừng, tuy nhiên với hành động và thái độ như thế này thì thật đáng xấu hổ cho cộng đồng mê xe đạp thể thao.",,,
Hi vọng năm nay Arsenal sẽ vô địch được Europa Leguage,,,
Bệnh hoạn quá,,,
"i10 đi cho nó máu bác ạ, nhỏ gọn đi trong nội thành hoặc đi công tác gần xa đều đầm chắc,suýt soát đầu phân khúc cứ chọn i10 là đạt điểm 10",,,
"MÌnh dạy con tuyệt đối không được cắn, hồi nhỏ mọc răng ngứa bú mẹ hay cắn là mẹ vả mồm liền. Em cắn anh là mẹ quất tới lun, 2 đứa ở nhà chưa cắn ai bao giờ, giả vờ chơi đứa ngón tay cho cắn là chúng nó cắn nhẹ và nói sợ mẹ đau.",,,
Mazda2 ngon hơn,,,
Chỉ một vấn đề nhỏ cũng đủ thấy ai sẽ giải quyết vấn đề dịch bệnh tốt hơn.,,,
Lỡ chọn sai sau này ăn hành thì sao. Chưa kể chọn trước thì trước tiên mất lòng 1 bộ phận không nhỏ người có ý kiến khác với họ rồi.,,,
tự hào quá đà nẵng ta ơi . cảm ơn con,,,
"Khổ thân chim cổ đỏ, vẫn đinh ninh là con nó ăn uống đủ chất hơn mình ngày xưa nên to cao vậy.",,,
"Thời của mình (năm 1979) đề của Bách khoa khó hơn bây giờ, các bài thi luôn dài và khó. Lấy được 24 điểm vào Bách khoa là rất khó, còn học có cố gắng thì cũng bình thường vì đã học giỏi ở phổ thông, do đó kỹ sư Bách Khoa thời 80 trở về trước rất chất lượng vì lấy số lượng ít, thầy giỏi và tâm huyết.",,,
Thích cách ông này cứng rắn với TQ.,,,
Quá thương tâm! Thương các con quá.,,,
Tại sao lại có người mẹ và người cậu khốn nạn thế này. Không còn gì để tả nổi với loại người này. Thương các con quá. May mà các cháu đã thoát được loại khốn đó,,,
 không phải người,,,
"Giáo dục bậc sơ cấp nên ưu tiên phát triển về mặt thể chất qua môn thể dục thể thao, cảm xúc qua các môn âm nhạc, mỹ thuật, kỹ thuật gấp hình, nghe kể truyện,...và cuối cùng là đạo đức qua truyện ngụ ngôn, qua việc giữ gìn môi trường, tác phong nói chuyện với người lớn xung quanh...Còn những môn học còn lại chỉ nên xem là phụ trước khi bước vào các bậc cao hơn. Cải cách giáo dục hiện nay quá chú trọng hình thức mà không nghĩ đến cảm xúc của trẻ nhỏ. Đưa những cái gọi là ""kiến thức tiên tiến"" vào chương trình học để hy vọng biến tất cả những đứa trẻ sau này thành ""nhân tài đất nước"" mà quên đi rằng, một đứa trẻ chỉ cần được ""giáo dục hạnh phúc"".",,,
Rất thích Ái Như qua vai mẹ của Hạnh ( Hồng Ánh đóng - vở Nửa đời ngơ ngác) Hơi chạnh lòng khi sân khấu HTT hơi... ít khán giả nhưng tâm huyết và dàn diễn viên yêu nghề. Chúc Ái Như có nhiều sáng tác hay cho khán giả.,,,
Mình thấy cách này rất hay. Vừa cho trẻ biết giá trị của lao động. Vừa cho bé không bị lậm vào thiết bị công nghệ.,,,
"Tôi 1 mua căn tại Thủ Đức ở được 1 năm rồi, lo quá không biết bao giờ mới có sổ đây, mong các cấp chính quyền nhanh chóng giải quyết để mọi người được an tâm.",,,
Đúng là đang bị quá tải ở hs lớp 1 . Học gấp quá . Cần giảm tải cho hs bắt kịp,,,
"tiểu học chơi để phát triển trí tuệ là chính, học thường thôi",,,
Tranh luận '' hỗn loạn'' kẻ yếu đuối không tài năng ứng biến sẽ lộ ngay .,,,
Phải bồi thường thôi ! Nói gì nữa !,,,
Cần xem xét các bar,,,
"Người ăn không hết, kẻ lần chẳng ra.",,,
"Yêu hai con quá đi thôi. chúc 'papa , meo meo' luôn khỏe mạnh để vững bước đồng hành cùng hai con.",,,
Mỗi khi M10 có bóng hút 2-3 cầu thủ đối phương vây quanh đủ tạo khoảng trống cho đồng đội.vai trò của M10 là rất lớn,,,
"và câu trả lời của mình là: vâng, có thể nhưng mà đừng hỏi tôi giải thích ra sao nhé.",,,
Đã lâu lắm rồi miền Tây mới có dự án quan trọng như vậy được triển khai. Có đi miền Tây mới thấy hết cái khổ của người dân vựa lúa của cả nước còn quá nhiều đò ngang bến dọc đường xá đi lại khó khăn,,,
"Biên soạn ra thế nào thì chương trình dạy theo thế đó chứ, sao lại  do giáo viên và nhà trường.",,,
"Hơn 10 năm rồi tôi chưa hề đụng tới miếng bánh trung thu, nhìn thì ko hấp dẫn mà giá thì mắc, còn loại rẻ thì thôi nuốt ko vô.",,,
Bạn đang kể chuyện viễn tưởng à :)),,,
tóm lại barca cần tiền chứ ko phải cần m10.,,,
Rất vui khi nước ta không thêm ca nhiễm mới. Nhưng chúng ta không được chủ quan nhất là những người nhập cảnh...,,,
"Theo luật chia đôi, nhưng anh trai có công phụng dưỡng cha mẹ, thì người em chỉ nhận100m2 thì hợp lý hơn. Ông anh không cho thì tham quá.",,,
"Sau 1 tuần đã gấp đôi số nước có trên 10.000 người nhiễm. Với đà tăng này, đến cuối tháng 4 số người nhiễm sẽ vượt 3 triệu, người chết sẽ vượt 200.000 người. Và Mỹ sẽ vượt 1 triệu người nhiễm, 50 ngàn người chết. Đại dịch that khủng khiếp.",,,
Nhiều khi do lâu lâu lên tỉnh không quen đường nên vi phạm là điều dễ hiểu,,,
Góp được 3 tỷ trong chừng đó thời gian mà không mua đất từ lúc góp đc vài tỷ thì thật khó hiểu... Tài sản trú ẩn ở dạng đầu tư tiết kiệm là dạng đầu tư hạ sách nhất...,,,
Hay hay hay cảm động quá.,,,
"Ba cô giáo mầm non mới chỉ làm được điều hiền, để hướng các bé ngoan hiền, khi gặp kẻ ác không biết sử lý để bảo vệ bé, đó là khiếm khuyết cần rút kinh nghiệm. Cần sử lý hình sự với kẻ hành hung cháu bé, với nhiều tình tiết tăng nặng, sử phạt kịch khung.",,,
"Sau những vụn vỡ, Lâm như đã trải đời hơn.Cách Lâm thể hiện bài hát từ Hoa nở không màu đến Buồn làm chi em ơi, đến bây giờ là Cô đơn trong nhà mình đầy chất tự sự.Nghe Lâm hát như là đang thấy Lâm đang kể lại câu chuyện của chính mình và cuốn người nghe vào những câu hát của em ngân lên.Giọng hát của em thật sự khác biệt trong lớp ca sĩ trẻ hiện tại.Chúc em tìm lại chính mình! Âm nhạc và những người yêu mến Lâm sẽ luôn ủng hộ em!",,,
Cầu mong mọi người bình an! Việt Nam cố lên! Đất nước chiến thắng!,,,
Cảm ơn các bác sỹ và nhà hảo tâm,,,
"Tranh của anh rất tuyệt, cảm ơn anh.",,,
"do ban tổ chức làm không tốt, cần quy định luật chơi rõ ràng, ông nào không tuân thủ trừ điểm",,,
"Lần này đúng là không ủng hộ quyết định của bầu Đức.Nếu muốn thay thì thay ngay vòng 12 . Hoặc giữ đến cuối mùa.Nên thay ông Đàn làm hlv,ông Ninh làm trợ lý thì phù hợp hơn.Phải có mục tiêu rõ ràng hơn. Nếu muốn tranh vô địch thì tìm 1 hlv mới và xịn hơn.Nếu không thì cứ dùng cây nhà lá vườn.",,,
"tam giác cân có đường cao 0,2mm và cạnh đáy lớn hơn 5.010.100.000.000.000.000.000 mm là ok",,,
Có khi còn nhiều hơn số bài hát mà cô ấy đã hát!,,,
"phân cá rất tốt, sao không tận dụng ủ phân cho cây nhỉ? mình vừa mua 1 lọ 250ml 50k xong",,,
"Nên tạo một hệ thống dữ liệu AND (như CMTND), từ đó truy tìm người thân của những trường hợp này để có biện pháp xử lý.",,,
đề xuất đưa môn bơi lội vào làm môn thể dục học bắt buộc từ cấp tiểu học,,,
Nhái mẫu mã rồi có nhái được chất lượng,,,
Nó đã di cư và đến nơi con người ko thể thấy đc nó sau 120 năm nó lại quay về. Giới nghiên cứu còn nhiều hạn chế.,,,
"Chiều nay mới xem phim về trận Midway xong, giờ vô tình thấy bài này, ghê thiệt.",,,
"""Bất ngờ tháng 10"" chẳng khác nào quả phạt đền ở những phút bù giờ. Không có cơ hội thứ 2 cho bất kỳ ai.",,,
Jakma ko có trong Top này sao?,,,
"Cũng biết là tổ quốc khó khăn, dịch bệnh nguy hiểm, không thể lơ là mở cửa dồn dập, nhưng cũng hi vọng nhà nuớc làm đuợc điều mà đã nói ""không bỏ rơi một ai"" trong thời gian sớm nhất, ưu tiên cho công dân mắc kẹt về nhà truớc chứ không bỏ rơi thật nhưng mà để kẹt lại ở nuớc ngoài cả nửa năm khổ lắm, mn cũng đừng nghĩ là về nuớc tránh dịch, đến thời điểm này thì chỉ thật sự cần thiết phải về mới muốn về thôi. Chứ sống chúng với dịch cũng thấy bt rồi.",,,
"Qúa ẩu ,may 3 người đi xe máy không sao , chắc tài xế xe bồn có vấn đề ..... ? chờ kết luận của cơ quan điều tra ..",,,
Tôi ghét thú tiêu khiển câu cá và săn bắn. Câu cá kiếm cơm thì tôi không ý kiến nhưng câu để tiêu khiển thì thật độc ác. Họ câu con cá xong lại thả nó về tự nhiên. Thử để lưỡi câu móc vào mồm biết đau đớn cỡ nào. Có thể con cá được thả lại cũng không thể sống nổi vì bị thương ở miệng.,,,
"Ông bị bắn mất gần nửa khuôn mặt lúc còn trẻ mà sống được tới 96 tuổi, đúng là ông này có một sức mạnh phi thường.",,,
"Rất ghét những người chiếu đèn pha, bấm còi khi đang dừng đèn đỏ, nẹt pô. Nhưng hành vi côn đồ giết người thì ko thể dung thứ đc",,,
"Tưởng cuối cùng đã hoàn lương được, ai dè...ngựa theo đường cũ. Phụ tấm lòng của ông Tommy Morris - chủ tịch Ủy ban Ân xá bang Georgia.",,,
"Cứ làm 1 cái sổ tiết kiệm còn đâu đóng bh y tế !Khi cần dùng làm vốn kinh doanh sẽ chủ động hơn.Bảo hiểm nhân thọ rất tốt,nhưng chưa phải lúc !",,,
"Cái kết cho những kẻ thích thể hiện. Nhịn được cái tức một lúc, tránh được mối lo trăm ngày, bài học không bao giờ thừa.",,,
Các chiến sỹ CA Hà Tĩnh quá dũng cảm!,,,
"quan trọng là túi tiền có bao nhiêu, rồi có thích xe đó hay ko, mình ưng nữa bác ạ",,,
Em Linh vẫn đẹp nhất.,,,
"Ui, dễ xương quá ! Thiên nhiên ăn đứt trí tưởng của con người, chỉ có ai yêu thiên nhiên mới biết giá trị của một phát hiện như thế này !",,,
Chẳng phải làm Doanh nghiệp thì ai cũng muốn đóng ít thuế nhất hay sao?,,,
"Thương cho các loài vật, con người ỷ vào trí tuệ tự coi có quyền giết các loài khác đến tuyệt chủng, đói cần thức ăn đã đành, còn đàng này cố giết thật nhiều để bán làm giàu ... khó mà nói hết, không lẻ nói rằng con người nên ăn chay, cũng không đúng, nhưng chắc chắn rằng lợi dụng trí tuệ để sát sinh quá nhiều sẽ có hậu quả. Cuối cùng sẽ dẫn tới trái đất không thể sống vì lòng tham của con người",,,
"Nên cầu mong cho an toàn, quan trọng nhất là tinh mạng con người",,,
không có kinh tế còn chết hơn nên mở tẹt ga đi ai ở nước ngoài về khai báo dưới sự quản lý chặt chẽ của địa phương. tự ý thức cách ly 20 ngày tại gia đình thế là ổn còn người nước ngoài vào Việt Nam thì cách ly tập chung chi phí thì họ tự chịu rồi,,,
Vì nó mới 16t thôi tòa muốn xử nặng cũng không được luật vẫn là luật không phải theo cảm tính của mọi người được . Có điều phải làm rõ nó tự ý lấy chìa khóa hay người mẹ nuôi giao xe cho nó chạy ?,,,
Cũng tội cho nhà sản xuất . Điều này không ai muốn cả,,,
"Với mình ĐT có rất nhiều bài hit, chứ không chỉ hai bài đó như: phiêu du, bước chân lẻ loi, không còn ai, trăng vỡ, chim sáo mồ côi, nếu phôi pha ngày mai, mưa cuối tuần, không trời ngày xưa, kiếp rong buồn, đợi chờ mình en, email tình yêu, hôn môi xa, tình bạn, dòng máu lạc hồng, mưa buồn. Đó là chưa kể nhưng bài hát nhạc hoa lời việt như: mưa trên cuộc tình, tình mơ,....",,,
"Một cô sinh viên có nghị lực kiên cường, mới 20 tuổi, đang bị ốm, nằm dưới lòng đất 83 tiếng đồng hồ.Thật khâm phục!",,,
Thu hồi bằng do lỗi nhà trường thì có trả lại tiền học phí cho người ta không,,,
"Virus bùng phát đợt 2 gần đây thống kê số lượng bị nhiễm nhiều nhưng phần lớn ko có triệu chứng rõ ràng. Nhiều ng vẫn khoẻ mạnh bình thường và Ít người tử vong hơn. Rõ ràng virus đã bị suy yếu, cách tiếp cận kiểu người Anh lây nhiễm cộng đồng có lẽ chính xác và hợp lý trong khi chưa có vắc xin.",,,
"Tốt rồi, ông bà nội ngoại đã đón nhận cháu. Mong cháu được chăm sóc, nuôi dưỡng, dạy bảo tốt.",,,
"Không có ai hoàn hảo cả, chính quyền Obama và ông Biden trong 1 thập kỷ nước US như thế nào? Vấn đề là giai đoạn này người US và thế giới cần gì thôi?",,,
"Doanh nghiệp thì còn chứng minh được lỗ chứ kinh doanh nhỏ lẻ hộ cá thể thì có than cũng chẳng ai xem xét. Nghĩ sao thời buổi dịch bệnh, đủ thử tiền phải chi, tháng nào cũng phải đè đầu đắp lỗ mà tiền thuế mỗi tháng 4-5tr cho hộ cá thể, lại không phải cty hay nhập hàng lớn để có hóa đơn đỏ nhập hàng, càng không có khả năng xuất HĐ đầu ra thì khóc ròng cũng chẳng ai đoái hoài ... quá chán không buồn nói.",,,
"Quy định từ 3 đến 10 năm tù; làm chết 02 người, không có giấy phép lái xe, không thành khẩn khai báo... ít nhất cũng bằng 50% khung mới đủ sức răn đe,",,,
Đối với hiện trạng VN việc phân và bố trí cửa hàng như vậy là hiệu quả hơn vì chi phí thấp và dễ xâm nhập các khu dân cư. Cái khó là bố trí đa dạng sản phẩm và giữ uy tín với các chương trình dịch vụ hậu mãi -nếu làm tốt khâu này xem như đã thành công trong việc giữ và mở rộng đối tượng khách hàng.,,,
"Đọc là rèn kĩ năng, kĩ năng thì phải có thời gian hấp thụ, tùy thuộc vào trẻ, sự luyện tập này phải kết hợp ở nhà nữa, mỗi trên lớp sao ăn thua, kĩ năng cũng cần thời gian để có được, dục tốc bất đạt. Các vị tăng tiết học lên và nghĩ rằng trẻ sẽ phải nhanh chóng đọc giỏi lên nhờ số tiết tăng... thực ra về mặt ngôn ngữ học cái này chưa chắc đã đúng.Trước 1 tuần trẻ chỉ cần nhớ 1 số chữ nhất định, giờ các vị tăng gấp rưới, trẻ chưa kịp nhớ vần này âm kia thì đã phải làm quen cái mới rồi... thành ra trẻ có thể quá tải, ngôn ngữ mà quá tải sẽ quên sạch.Phụ huynh nhận xét là nặng là có lý do. Sao lại có thể nói phiến diện là ""chưa xác đáng""",,,
"Cầu chúc ngài và gia đình vượt qua khó khăn bệnh dịch, phục hồi sức khoẻ, chuyện ngài tái cử chắc không thể, joe làm tốt hơn!!!",,,
Đặt tam giác đó trên mặt trăng rồi xuyên qua sẽ thấy trái đất nằm gọn bên trong,,,
"HLV Koeman ui, Ông đổi xử công bằng với Luis Suarez đi ông.",,,
"đánh nhiều lần công an chỉ nhắc nhỡ, trời sao không cách ly cháu bé liền và ngay còn nhắc nhỡ",,,
Máu Côn đồ có từ bé hay do môi trường. Nhưng hành vi này không thể nương tay được. Luật phải nghiêm thì mới răn đe được.,,,
Nên tử hình và tăng tội tử hình cho bất cứ ai dù buôn ma tuý ít hay nhiều,,,
"Tội nghiệp em, một diễn viên xinh đẹp, không thoát khỏi những áp lực và trầm cảm trong cuộc sống. Hàn Quốc là đất nước luôn có những áp lực cho những bạn trẻ, đặc biệt là những người làm trong giới Nghệ thuật, diễn viên, ca sĩ. Cộng thêm những sự đay nghiến và chửi bới thậm tệ của cộng đồng khi mình chỉ mắc một lỗi rất nhỏ, haizz xin chia buồn cùng gia đình em.",,,
"ko hiểu nỗi Busquets vẫn được cho đá , nếu phải loại 1 cái tên thì Busquets chứ ko phải Suarez",,,
Nam mô A Di Đà Phật. Mong các con được siêu thoát. Xin chia buồn cùng các gia đình.,,,
Vậy nhờ các anh có kinh nghiệm chia sẻ giúp lắp những gì cần thiết nhất khi mới mua xe?,,,
Tưởng tượng con này thêm 4 chân nữa thôi là đã thấy hãi rồi.,,,
"Có thể, nếu đó là một khối tam giác 3D, đáy có tổng 3 chiều cao ~1mm, chiều cao thứ 4 không ai bắt buộc thì dài vô hạn cũng được. Còn diện tích thì cạnh bên không bị giới hạn nên có thể lớn hơn cả Trái Đất. Bạn nào nói tam giác góc tiến tới gần 180 độ hay đáy tới vô hạn thì mình không đồng ý, nếu tam giác đó vẫn trên mặt phẳng giấy thì khi vẽ cả 3 chiều cao các bạn vẫn sẽ vượt quá 1mm.",,,
Đã làm dứt khoát. Đừng làm theo kiểu khai báo thủ tục online nhưng vẫn nộp bản cứng ko khác gì không làm online. Thêm việc. Làm thuế cá nhân là một ví dụ. Mà bản nộp cũng là bản trên hệ thống thuế tải về. Vòng vo,,,
Có lẽ tay này thích bắt nạt người khác nên lấy cá mặt trăng làm đối tượng thoả mãn tính xấu của mình.,,,
Đừng giảm nhé,,,
Xin bình tĩnh và lắng nghe nhau thì mọi việc sẽ được giải quyết,,,
không nên cho hs dùng điện thoại trong trường học vì nó k phục vụ việc học,,,
"Quê vợ mình ở Cà Mau, hiện tại đi về mất 10 tiếng đồng hồ, hi vọng khi các cao tốc được kết nối hoàn chỉnh rẽ rút lại còn 3-4 tiếng thì quá hay!",,,
"Do lạm phát, trượt giá. Tất cả sản phẩm, từ củ hành, bó rau tăng giá thì nhà đất tăng giá là bt. Ko ai được lợi cả. Chỉ người đi vay nợ là khó khăn thua thiệt hơn",,,
"Sóng gió đã qua đi, cố giữ nhé VN.",,,
Chương trình tuyển chọn nhân tài để ra nước ngoài làm việc cho nước bạn. nghĩ mà buồn.,,,
Sao lại có loại người này tồn tại ở trong cái xã hội này nhỉ .,,,
Zòm đã thiệt.,,,
Em không chỉ là niềm tự hào của gia đình của em mà còn là niềm tự hào cho đất nước Việt Nam. Chúc mừng em nhé Tùng!,,,
Khó hiểu!!!??? Tại sao lại giao bé cho người mẹ đã từ chối con mình,,,
Lái xe khi có ma tuý và đâm chết 2 mạng người hẳn 30 tháng tù. Chuyện gì vậy mn. Em ko rành về luật nhưng xem ra bản án có nhẹ quá ko có răn đe đc người khác ko,,,
"Rất cần quan tâm dạy cho trẻ em kỹ năng giao thông trên cạn, và kỹ năng khi tiếp xúc với nước, để ngừa tai nạn đáng tiếc.Thương các cháu quá. Xin chia buồn với các gia đình các cháu !",,,
"Và TQ không còn một mình nuốt cái bánh , mà phải chia qua Asean, Ấn Độ , ChÂu Âu và cả châu Phi ...,",,,
Thôi! cứ từ từ. Các bác cứ la toáng lên. Quan trọng hóa vấn đề.,,,
"Cứ đúng đủ nguyên tắc mà làm, không thừa không thiếu.",,,
"Có Bám Juventus out ngay từ vòng 1/8 C1 và fan Múi hân hoan. Có bám Juventus mất ngay Cup Ý, có Bám Juventus vô địch Serie A đầy kịch tính.",,,
Ateta đã cho tôi thấy được ars có hy vọng!,,,
Đức vua Wankada băng hà. khán giả sẽ nhớ đến anh như một người can đảm chiến đấu với bệnh trong suốt quá trình đóng phim trước đó,,,
"Tốc độ càng nhanh thì càng qua mau, cầu mong dân quê mình bình an",,,
Xin chia buồn cùng mất mát đau xót của gia đình. Đây là tai nạn đáng tiếc. Cũng có thể bé bị dị ứng với liều vắc xin này.,,,
"Trước có xem chương trình talkshow gì đó buổi đêm có chị Thảo Vân dẫn chương trình, thanh niên này kể chuyện gia đình tình cảm, hạnh phúc lắm nhưng chẳng hiểu sao lúc đó mình nghĩ ông này sớm muộn cũng bỏ vợ, hôm nay đọc tin này cũng không thấy lạ (môi trường làm việc có quá nhiều cám dỗ mà bản thân chưa đủ bản lĩnh để thích nghi thật đáng tiếc).",,,
Loại bất nhân . Nhìn 2 cái mặt là đã thấy con người rồi . Thật tội cho lũ trẻ khi có 1 người mẹ như vậy . Đề nghị mức án cao nhất cách li 2 con người này khỏi xã hội,,,
Hy vọng sản phẩm này sản xuất chủ yếu để dự trữ và xuất khẩu không có cơ hội xử dụng thực tế tại Việt Nam.,,,
Một bài toán hay về các đặt vấn đề cũng như lời giải của thầy Trần Phương.,,,
bao nhiêu ký ức tuổi thơ ....,,,
Cô ng mẫu này luộm thuộm nhỉ. Móng tay sơn ngón có ngón không. Không chỉn chu!Mẫu áo chả có gì đặc sắc cả!,,,
THật khủng khiếp. Mong rằng trong lai sẽ không còn những tai nạn như vậy !,,,
Ôi tuyệt vời quê hương tôi!,,,
Sao lại quay clip được hay quá vậy bà con?,,,
"Không lây nhiễm cộng đồng 15 ngày, tuyệt vời Tổ quốc ta.Chúng ta đã hoàn toàn kiểm soát được dịch bệnh.",,,
"Lẽ ra cần thay đổi càng sớm càng tốt để ghi nhận, tri ân những người được đặt tên.Cần phải chuẩn xác, nên thay đổi đúng tên là nên làm ngay",,,
Không phải côn đồ mà trong nhà lại có sẵn kiếm,,,
"Thuê tư vấn Nhật tư vấn khối lượng và giám sát thi công,",,,
"Tiêu chí đẹp của thế giới khác vn và tq. Ở tg vòng 1,3 to vòng 2 nhỏ, chiều cao, nước da rám nắng sau cùng mới đến khuôn mặt mà khuôn mặt thì mỗi người thích 1 kiểu. Vk các bạn thử tính lại xem đẹp hơn ở chỗ nào?",,,
"Mình có xem qua 1 đoạn ngắn phim này, thực sự mình không ấn tượng lắm. Xem qua chút rồi quên luôn, có lẽ cách cảm nhận phim mỗi người mỗi khác, chỉ là không có cảm giác muốn xem lại nữa.",,,
Danh sách xe bán chạy ở Mã Lai và Mỹ cũng chủ yếu là xe nội địa. Hy vọng VN cũng vậy,,,
Phố đi bộ thì chi cân đi bộ và có tuyến xe buyt ra vào là ok rồi k cần xe đạp nhin vướng mắt thêm và kẹt xe. Nếu làm dc giông như khu phố namba o osaka japan thi quá tốt.,,,
Pháo thủ dưới thời Arteta đá rất hiệu quả!,,,
"Việt Nam cố lên, đất nước chiến thắng *(^o^)*",,,
Năm 2007 mình thi TN cũng có phân tích đoạn thơ này. Vẫn nhớ như in các câu hỏi môn Văn năm đó. Nhanh thật mới ngày nào mà giờ đã 13 năm sau ngày ra trường. 16 năm sau ngày bắt đầu bước chân vào cấp 3.,,,
Lập các phòng cách ly tại chỗ ngay ! Hạn chế tập trung!,,,
Cảm ơn sự cống hiến và hy sinh của các thế hệ đi trước.,,,
Rất cảm ơn nhóm thiện nguyện & đội ngũ y bác sĩ đã cho con cơ hội sống . Chúc con mau lớn,,,
Lại nhớ tuổi thơ,,,
Coi như rửa nhục trận thua mất mặt 0-4 trước sevila ! Chúc mừng bayern!,,,
Yêu các kỹ sư Hust,,,
Chờ đến cuối năm nay,,,
"Hành động này khiến người đầu tư có thể phán đoán sai lầm nên phạt là đúng. Dù là tôi thích BMW, đã và vẫn đang chạy BMW. Ủng hộ Mỹ có chế độ kiểm toán nghiêm ngặt. ",,,
"Các bạn để ý tam giác vuông dưới cùng bên phải. Gọi cạnh dưới là a, cạnh biên là b và cạnh huyền là c. Bạn chiếu các cạnh hình vuông nhỏ về hai phía hình vuông to và chứng minh cạnh to bằng tổ hợp của các cạnh nhỏ a,b. Ta có 2 phương trình: 2a+5b = 26; 2b+3a = 17. giải ra ta được a = 3, b = 4. từ đó suy ra c = 5.",,,
Vừa đi qua đây thấy mấy em công nhân ngồi lề đường với khuôn mặt hoảng hốt,,,
"Điều này chỉ chứng tỏ thiệt thòi người tiêu dùng hàn, khi không được sở hữu xe nhật đẳng cấp thế giới, mà phải sử dụng xe hàn kém mọi mặt, từ thương hiệu đến đẳng cấp, hạ tầm đẳng cấp con người.",,,
Qua Việt nam là thành món nhậu thôi...,,,
"Chuyện gì sẽ xãy ra khi những con cá voi này cùng hợp lực để lật úp du thuyền? Với sự to lớn của mỗi cá thể chúng hoàn toàn có thể làm chuyện này, vì theo giới nghiên cứu khoa học thì cá voi sát thủ làm việc nhóm rất tốt.",,,
Tận cùng tội ác - Chính là đây !Phải Cách ly ngay - Lũ mặt dầyĐang tâm đối xử Con và CháuCho tù rũ xác hai đứa bây !,,,
Và khi được gắn trên một vệ tinh thì...,,,
Sao ngân hàng không bị phạt nhỉ,,,
"Đầu Gấu đuôi Chồn, quá quý hiếm.",,,
"Khoa học chỉ mới khám phá đc 5% đại dương thôi. Biết đâu sau này lại có tin: cá mập Megalodon được tìm thấy sống sót sau 2,6 triệu năm...",,,
Tâm lý của người có con năm sau vào lớp một cảm thấy bất ổn.,,,
"Khổ mấy nước châu Phi rồi, nước nào mà lên hơn 500 là bắt đầu tăng không kiểm soát được",,,
Đọc tới đâu nổi da gà đến đó. Hoan hô các chú cảnh sát hình sự.,,,
"học sinh THCS còn quá nhỏ chưa ý thức đc,giờ nhà trường cho sử dụng đt,thật là tai họa.",,,
"Trộm vía các con đáng yêu quá, luôn khỏe mạnh và vui tươi thế này nhé",,,
"Theo tôi, Ban Quản lý đập này cần có quy định kích thước - trọng lượng của từng loại cá được câu bắt để ăn nhằm bảo đảm nguồn lợi thủy sản, tránh bị tuyệt chủng.Trân trọng,",,,
Thích ngài tổng thống Donald Trump làm việc này.,,,
Như phim nhỉ,,,
Hy vọng là áp thấp đừng thành bão. Mới dịch xong chưa gì đón bão nữa chắc kiệt quệ.,,,
Cảm ơn em nhé!,,,
"Dùng idiom lắm thành ra cuộc nói chuyên trở nên ""sáo""! Không phải cứ dùng nhiều idiom mới là bản ngữ, là hay, nhất là bây giờ giới trẻ còn thích dùng từ lóng hơn!",,,
Chúc anh và cháu luôn bình an và gặp nhiều may mắn,,,
Nước Pháp nổi tiếng là văn minh và lịch lãm lại xuất hiện thành phần côn đồ từ bao giờ?,,,
Ông ấy xứng đáng với Nobel Hoà Bình vì những thành tích trong những năm qua.,,,
Cá câu người.,,,
hẹn hò ít ghê...,,,
"Thiết nghĩ nên cho Loa Phường thông báo cho dân biết về pate Minh Chay có chứa độc tố hoặc những trường hợp, tình huống tương tự. Đăng lên báo đài người dân vùng sâu vùng xa có thể chưa nắm bắt thông tin kịp thời .P/s: ý kiến cá nhân",,,
"""Nếu trẻ muốn ngắm chúng, hộp thủy tinh là lựa chọn phù hợp"" theo mình nên bổ sung thêm hộp nhựa trong. Với trẻ lớn có thể chín chắn, chững chạc thì hộp thủy tinh ít khả năng bị trẻ sơ ý,... làm vỡ, còn trẻ nhỏ tốt hơn là hộp nhựa. Nhưng nhìn chung hộp nhựa vẫn là sự lựa chọn tốt hơn vì hộp rẻ, nhẹ, an toàn,... hơn với trẻ.",,,
"Trong cuộc sống cũng thế thôi, những người thiếu tự tin thường hay ngắt lời , dùng vũ lực , không để cho người khác cơ hội nói. Đôi khi điều này cũng có thể làm cho họ thắng hoặc ít nhất không cho đối thủ thể hiện mình, nhưng thực tế là họ không dám để cho người khác nói , còn kết quả ra sao thì bầu xong mới biết được.",,,
Hàn quốc luôn ủng hộ sản phẩm của những tập đoàn cty của hàn quốc. Trong khi đẩy mạnh xuất khẩu sang các nước. Rõ ràng họ chơi không đẹp chút nào.,,,
"Đã từng có người đạp xe bị ô tô tông chết trên con đường này rồi, chưa rút kinh nghiệm?",,,
Mỹ với TQ thiệt nhiều thiên tai...,,,
"Hừm anh Hai tui mà thấy mấy con chuột này chắc mừng húm, xách cái ná chạy theo liền. Ông già gần 40 tuổi mà giờ còn đi bắt chim chóc, chuột đồng bằng ná tui cừ gần chết :))",,,
"Thiết bị nào rồi cũng có lúc trục trặc, Khi nó trục trặc thì mạng người coi như rồi. Tôi không dám sử dụng dịch vụ này, mua xe lái tự động lại càng không",,,
Giá cho thuê 10tr/năm. Rẻ giật mình,,,
Tôi thì là fan của Toy nhưng trên quan điểm cá nhân tôi đánh giá xe i10(huyndai) hơn xe Vin,,,
vui chút: Nhìn tóc cô ấy giống sợi mỳ tôm quá ^_^,,,
Những diễn viên mình hâm mộ,,,
Đan Trường ngoài vẻ ngoài điển trai thì hát chẳng có bài nào hay.,,,
Đừng lo Covid 19 sẻ biển mát sau 14 ngày cách ly TT Trump được miễn nhiệm không cần vaccin.,,,
Lào vs Myanmar vẫn bình yên,,,
Sao trên trời thì nhiều và đều sáng đẹp lấp lánh.nhưng để đc như a ĐT thì rất rất khó.chúc anh cùng gđ sức khỏe.hp....,,,
Chỉ mong sao cẩn trọng kẻo được vài chuyến thì lại bùng phát . Lúc ấy tiền bỏ ra lập lại tình trạng cũ lại cao hơn .. nôm na là một tiền gà mà mất 3 tiền thóc .,,,
"sao bác ko ra showroom đk lái thử xem thế nào, thích chiếc nào chọn chiếc đó",,,
Pháo thủ năm nay xuống hạng nha bà con,,,
Cuộc sống bình dị,,,
"Giống mèo nhà mình quá, cũng cái mặt nửa đen nửa vàng, mình đặt tên nó là Cướp biển :)",,,
"Sao lại có những người mẹ nhẫn tâm như vậy, con đã thành hình có sự sống rồi mà phá thai vứt nó ngay bên đương. Bản thân Vừa sinh e bé nghĩ thương con mình còn k hết sao nỡ đối xử với nó như thế. ",,,
Dĩ nhiên là ông Trump bị nhiễm nCoV vì anh ta gặp nhiều người mà không đeo khẩu trang.Tôi hy vọng ông Biden không bị nhiễm nCoV từ ông Trump.,,,
Rõ là nguy hiểm mà lại đánh cược với nó làm gì,,,
"i10 vẫn là con xe ổn áp trong phân khúc A bác nhé. Xe rộng rãi, thoải mái, đi êm, phù hợp vưới nhu cầu của chủ tus. Nên thông thái chọn xe đừng vì mấy cái quảng cáo của Vins mà bị thuyết phục. Trải nghiệm không như bác tưởng đâu.",,,
"Nếu Bale không bận đánh golf thì sẽ là cầu thủ thuận chân trái chạy cánh phải xuất sắc nhất thế giới, rộng hơn nữa thì sẽ là cầu thủ xuất xắc nhì thế giới trong 7 năm đổ lại đây, sau mỗi Ronaldo.",,,
Thử xem khu vực quanh bến xe cũ có còn phức tạp như hiện nay sau khi di dời hay vẫn vậy.,,,
"Tiền gửi ngân hàng sinh lời thấp nhất, chỉ dành cho người ít tiền cần dành dụm ngắn hạn. Đầu tư vào đất các khu vùng ven có vị trí giao thông tốt thì khả năng sinh lời gấp vài lần gửi ngân hàng. Đất đang giảm và lãi suất tiền gửi đang giảm, rút về mua đất là hợp lý.",,,
"Bác theo dõi các con từng ngày, hai con là thiên thần nhỏ của bác.Trúc Nhi, Diệu Nhi xứng đáng lắm cho thế giới này xích lại bên nhau.",,,
Công ty này sản xuất thực phẩm không an toàn gây ảnh hưởng sức khỏe người tiêu dùng sao chưa thấy chế tài xử phạt gì hết vây?,,,
"Con tu hú hay gọi là chim lười, loài này hay đẻ vào tổ chim sâu, tôi thấy nó còn đê cả vào tổ chích choè",,,
"Nói đến BMW là nói đến sự sang trọng, sành điệu và đẳng cấp. Những ngôn từ hoa mỹ dành cho nó thì giới chuyên gia hay người mộ điệu đã mô tả rất nhiều rồi, không cần phải nói thêm gì nữa.Mong các bạn nhất là fan Toy được một lần trãi nghiệm sau vô lăng để có được cái cảm giác khác biệt với cái thùng tôn các bạn đang ngồi.",,,
"trên tiktok đã có những clip tri ân anh , cảm ơn anh đã mang đến khán giả những cảnh hành động đẹp và diễn xuất quá hay của anh ? R.I.P báo đen trong Avenger ,đế chế wankanda từng nói chết ko phải là chấm hết !",,,
"Thích thì mua thôi bác ơi. Vì nếu là đất ở khu dân cư thì không giảm sâu đâu mà đợi bắt đáy. Chỉ khi nào là đất dự án, đất ngộp thì mới tạo đáy trong thời gian tới!",,,
"Công dụng của chạy bộ thật tuyệt vời , mỗi ngày mình cũng chạy khoảng 30 phút . Từ lúc chạy bộ mình không còn bị avidan hành ho , đau họng 1 năm từ 3-4 lần nữa .",,,
Sunny mới căng đét. Ghế sau rộng ngang cở C.,,,
Theo Tôi mua đất là ok.,,,
Để phát triển bền vững thì Côn đảo nên hạn chế nhập cư,,,
180 năm.....không biết ở đâu,,,
Tự nhiên quyên góp tiền để xem 2 ứng cử viên đấu võ mồm.,,,
"Không nên mua Fadil. Lý do thì tôi không tiện nói ra ở đây, bạn tự tìm hiểu.",,,
hóng cái án ra làm sao,,,
Đẹp lạ,,,
Hầu hết người tây phương họ xử sự như vậy. tôi vẫn thấy ông biden được hơn bà clinton rất nhiều.,,,
Tôi thế hệ 8x rất thần tượng Đan Trường. Bây giờ nhìn anh gầy và già đi hơn rất nhiều. Xin chúc anh sức khỏe.,,,
Sáng ra xem cái này thấy vui ghê,,,
"Thương quá, từ khi chào đời ko Cha Mẹ, phải nương nhờ cửa Phật, nhìn các em nằm co ro trong bệnh viện thật đau lòng",,,
"Bao nhiêu năm Bale chinh chiến gánh Tạ vong ơn, giờ thì kẻ kia lựa đội đầu tóp đáp xuống hô vang câu đi tìm THỬ THÁCH, còn anh vẫn thầm lặng trở lại ""quê nhà"" để gánh vác đội bóng ở giai đoạn khó khăn này, trong khi đã sức cùng lực kiệt đây mới thật là thử thách cực đại.",,,
Đọc xong thấy bức xúc!,,,
Bão gì mà trong miền tây nắng quá vậy?,,,
Tôi không biết gì về hội họa nhưng thấy tranh vẽ rất có hồn.Xin cám ơn,,,
"Bảo hiểm mua lúc trẻ thì chi phí sẽ thấp hơn. Rủi ro thì lúc nào cũng có, nếu bạn có điều kiện thì nên mua sớm, sau khi bạn có gia đình rồi có thể thay đổi người thụ hưởng trong hợp đồng bảo hiểm",,,
Dạo này hs bị tai bay vạ gió nhiều quá!,,,
"American number one ! Siêu cường số một thế giới ,",,,
Seltos mà phang. Tầm giá quá ổn so với options.,,,
3 tỷ 1 năm lời 180 triêu tk. 5 năm dk 900 triệu. 5 năm sau đất như thế nào chắc bác hình dung ra. đồng tiền thì mất giá. cái bán mỳ cay năm 2019 có 7k mà năm nay em mua nó 9k rồi. nhưng quan trọng bác phải chọn mảnh đất có tầm nhìn,,,
1 đêm mà 500kg tương đương 40-50 con chó trưởng thành. Bọn này định tận diệt chó hay sao,,,
"Dùng thanh long ruột đỏ làm màu là thực phẩm tự nhiên. Còn ""tinh bột than tre"" là cái gì?",,,
Nghe hay quá Hà Chương ơi ! Cám ơn em !,,,
Anh thật là một người cha mẫu mực điển hình trong thời đại mới và cho xu hướng mới.,,,
"Cái này gọi là lâu đài,phong cách tân cổ điển chứ đâu là biệt thự.Cuộc đời là một sự đánh đổi, họ đã đánh đổi lương tri, bất chấp pháp luật để giàu lên nhanh chóng và khi đã giàu có lại trích một phần làm việc thiện để lấp đi sự sai trái,tìm sự an yên trong tâm hồn.Nhưng đời mà ai biết trước được điều gì.Nhân quả thôi",,,
"Beyer mà mua Messi vừa rồi thì đã ăn 9 rồi, tiếc cho messi quá. Phút cuối hợp đồng bị bỏ dở vì trình độ 8-2 k cùng đẳng cấp :)))",,,
"Con tôi vừa vào lớp 1. Tôi nói thẳng là không đi học thêm trước là đuối và sẽ rơi tọt lại phía sau. Mới lớp 1 mà học bộ SGK 20 quyển, thay vì chỉ nên tập trung vào viết và đọc tiếng việt, thể dục, vui chơi. Có bé mới vào cầm viết còn chưa vững mà mới 3 tuần đã viết đến chữ ghép như gi, gh, mẹ .... Chương trình mặc định bé đã biết đọc viết trước khi vào lớp 1 thì phải. Giáo dục kiểu gì mà càng ngày bọn trẻ càng học thì càng đuối, không như ngày xưa học ít mà nhớ dai",,,
"Không có phụ nữ xấu chỉ có phụ nữ không biết làm đẹp. Hoa Hậu Jen Atkin là tấm gương, truyền cảm hứng cho phụ nữ chúng ta học tập.",,,
"Quan trọng cốt lõi nhất đảm bảo an toàn vệ sinh thực phẩm, sau đó ngon - bổ, tiếp theo là hình thức, tiếp nữa là giá hợp lý. chấm hết",,,
"Đến chịu với mọi người đọc báo mà không chịu tìm hiểu kỹ ngày tháng, 27/8 đã ăn rồi, đến ngày 29/8 bộ y tế mới ra thông báo đề nghị ngưng sử dụng, mà loại ngộ độc này 12 tới 36 tiếng mới phát tác. Cứ trách họ chủ quan mà không chịu trách mình đọc báo một cách hấp tấp.",,,
Hết hồn tưởng lượt về giữa BM vs Bacelona.....dạo này không biết sao bi ám con số 8....:),,,
"Liệu e này sau có đi theo con đường toán học, để có một giải field tương lai?",,,
Nhìn nhiều thịt hơn con tôm tích,,,
"Binz rap gieo vần rất hay,hiện đại,rất điêu luyện,nghe thấm.",,,
"Tuyệt quá, chúc mừng 2 bé và các bác sĩ",,,
Cảm ơn anh và gia đình. Hành trình phi thường của cha con anh đã truyền cảm hứng sống tới nhiều người.,,,
"Theo tôi vấn đề lây nhiễm cộng đồng có thể là do các đối tượng nhập cảnh bất hợp pháp qua đường biển, đất liền, nạn đưa người nhập cư trái phé0 vào Việt Nam mới là vấn nạn lớn. Hãy cứ mở cửa cho các chuyến bay Quốc Tế về Việt Nam nhưng hãy cách ly lên tới 28 ngày như 1 số nước vẫn làm để hạn chế tối đa nhất các mầm bệnh không có triệu chứng.",,,
"Lương mầm non thấp gần nhất XH, trách nhiệm công việc lại quá lớn, còn ai dám làm nghề này",,,
Nếu con này ngon hơn tôm hùm Mỹ thì người ta đã nuôi và bán rầm rộ rồi. Bán đắt như vậy ai ko muốn làm có tiền.,,,
Hãy học theo Việt Nam đi các bác Châu Âu.,,,
Messi gọi Ronaldo trả lời bằng cú đúp vào lưới Roma .,,,
"Tôi chắc Nga sẽ và nhất định thành công với vacine v, kỹ thuật của Nga vẫn luôn làm phương Tây giật mình và ghen tỵ !",,,
"Úi, hậu quả lớn lắm, những ai phải chịu trách nhiệm nhỉ??? 125 người xa gia đình hàng năm trời, tốn bao tiền bạc, công sức, chất xám. Mất bao niềm tin và hy vọng, nhiều người có thể còn phải nghỉ việc để đi học nếu không thuộc diện được cq cử đi nữa chứ. Ôi! sao nghiệt ngã quá, chờ pháp luật phân xử thôi",,,
"tình khúc vàng mình thấy cũng bình thường, nhưng tất cả những bài có giọng hát của a Bo mình nghe đều thích",,,
Gặp Leipzig ở nhóm 3 cũng ngán lắm đấy.,,,
Món này ngon lắm,,,
Nhìn con nằm nghiêng mình ngủ với vết thương trên mặt mà mình khóc luôn. Chúc con mau khỏe!,,,
Vậy là chỉ còn 13 người dương tính thôi. Covid sắp được đẩy lùi. Mọi người nâng cao tinh thần phòng tránh lây nhiễm để con Covid không có cơ hội quay trở lại VN lần nữa.,,,
"VF nên định vị lại. Chưa có tiếng tăm mà giá khó tiếp cận. Những người mua xe lần đầu ko dám mạo hiểm. Do đó, khó tạo độ phủ cũng như giúp khách trải nghiệm xe, đánh giá và tin tưởng.",,,
thằng cậu khốn nạn đến thế là cùng,,,
Biết đâu đây lại là một lý do tuyệt vời của sự thất bại?,,,
"Chào bạn,Bạn nên tìm hiểu kĩ về bảo hiểm nhân thọ và phi nhân thọ, tuỳ vào nhu cầu mỗi người khác nhau, làm bảng so sánh rồi xem cái nào phù hợp với bạn, cá nhân mình thì mình mua bảo hiểm phi nhân thọ, cụ thể là bảo hiểm sức khoẻ cho cả gia đình. BH nhân thọ thì mình không mua.",,,
Sinh nghề tử nghiệp.,,,
"Mỗi ngày đều chờ đợi để xem video hướng dẫn của thầy cô. Cảm ơn vnexpress.What I just said was not a slip of the tounge, I meant it :)",,,
Loài người hơn tất cả những loài khác ở cái chỗ là sự sáng tạo không ngừng của họ.,,,
"Giờ học sinh lớp một là thấy cận nhiều quá, buồn.",,,
"Chú gửi đến cháu lời cầu chúc sức khỏe, bình an và nghị lực. Chú tin rằng tương lai cháu sẽ là 1ng mạnh mẽ, có trách nhiệm và sẽ thành công.Cám ơn các y bác sĩ, các nhân viên cứu hộ, nhân dân xung quanh đã giúp cháu có cuộc sống.",,,
"Năm nay quá đen cho Trump. Mong ông sớm khỏi bệnh, Chúa phù hộ ông..",,,
Tôi sẽ phải đợi bao lâu nữa để chứng kiến 1 cầu thủ tiếp theo sẽ làm được cho barca như leo?,,,
"Con tôi học pt trường tư Mỹ,bang oregon , Porland, Trường ko cho sd fone trong giờ học nhé. Trường này ngay cả ko cho lái xe hơi khi đang học lớp 12, áp dụng tất cả hs bao gồm trong nước và qte.Nếu phát hiện lái vào trường hay bên ngoài thì sẽ bị đuổi.",,,
"Đề nghị xử lý các nhà hàng tội tiêu thụ tài sản trộm cắp.Và tăng hình phạt với tội trộm chó, do tính manh động, liều lĩnh, nên xem là cướp thì đúng hơn!",,,
Chúc BS Cấp nhiều sức khỏe. Luôn thành công !,,,
"Chúc mừng các bạn cãnh sát, các bạn rất giỏi..",,,
Giờ mà vẫn còn người nghĩ chạy trốn là thoát được à.,,,
tiết kiệm xăng thì cứ dream & wave hoặc các loại xe máy 50cc là tiết kiệm nhất nhé =)),,,
Cứ altis 2011 mà quất thôi,,,
"Tôi ko biết nói gì hơn ngoài lời cảm ơn, lời chúc các anh nhiều sức khỏe, và truyền đạt kiến thức kinh nghiệm và lòng nhiệt huyết cho thế hệ sau.",,,
Tuyệt đỉnh thật...,,,
Cái quan trọng là ông chắc không phải trả tiền thuê mặt bằng. Nếu phải trả tiền thuê mặt bằng thì...,,,
Như này thì nặng quá. Theo tình tiết ntn thì 15 đến 20 năm sẽ hợp lý hơn. Bởi phạm tội trong hoàn cảnh bị hoảng loạn do bị hại gây ra..!,,,
Bong da rat kho doan phut 90 con co ty so du sao van mong si va ro chung bang gap nhau lai vui hon,,,
Quả đỉnh về kỹ thuật lẫn thẩm mỹ. Mong sẽ có nhà đầu tư chung tay để sản xuất đại trà.,,,
"Trung thu là truyền thống, và bánh trung thu cũng vậy. Những loại trên là bánh ngọt đc sx và bán vào dịp trung thu, có thể ngon hơn và đẹp hơn nhưng xin đừng gọi những thứ đó là bánh trung thu.",,,
"Sai lầm trong kinh doanh, Ý nghỉ táo bạo trong thương hiệu đi quá đà. Rồi đây gặp phải bao khó khăn, hậu quả, có thể khởi kiện, sử lý hình sự v v. Bài học cho những ai có ý nghỉ dựa dẫm, lạm dụng uy tín thương hiệu và sai lầm trong kinh doanh.",,,
Cái này đâu phải bánh trung thu,,,
Xài thẻ tín dụng mỗi 100 đô họ cho lại 1 đô. Phải trả đúng hạn trong vòng 30 ngày chứ không trả lời còn hơn 1 đô la họ cho lại. Mình xài thẻ tín dụng cứ vài tháng là cộng điểm lại được vài trăm đô free.,,,
"Vô cùng thương tiếc môt nhà thơ, nhà văn, nhà dã sử, các tác phẩm của ông sẽ được lưu truyền mãi.",,,
"Có vẻ mình thường uống loại bên trái rồi, híc.",,,
Tên côn đồ chứ không phải tên hùng đâu nhé. ,,,
"2 con đáng yêu quá, cầu chúc 2 con luôn bình an.",,,
"I10 gần như ko có đối thủ trong cùng phân khúc, đẹp phết",,,
khi trời mưa có bay được không,,,
"Tệ nạn ma tuý làm cho con người mất lý trí, lúc này tình yêu ma tuý hơn tình phụ tử, tội nghiệp đứa nhỏ",,,
"xem cuộc tranh luận của 2 ông này tôi chỉ có thể nói là : thật không thể tin nổicuộc tranh luận này ngang cuộc tranh luận cãi vã nhauchả có trọng tâm gì trong đó mà chỉ là chèn họng , công kích nhau",,,
"Bỏ qua tư vấn của anh em anti mà giờ chiếm kha khá com bên dưới thì WIGO là con xe bạn cần. Bản mới đẹp hơn, rất đủ, rộng rãi. Bền bỉ. Chúc bạn sáng suốt đọc comment để phân biệt thật giả.",,,
"bọn côn đồ coi thường pháp luật, coi thường mạng người quá.",,,
Toán học đã biến cái vô hình thành hữu hình.,,,
Đấy. Arteta là thần may mắn của Asenal. Năm nay cuộc đua top 4 quả là khắc nghiệt.,,,
Với giọng hát của hưng mà trụ tới ngày hôm nay là không còn gì để may mắn hơn,,,
Chúc anh chị mãi hạnh phúc,,,
Tàn nhẫn quá.,,,
"Các con thật đáng thương, thiếu tình thương của Ba,Mẹ.Các con cố gắng lên nhé .",,,
"Ma túy đã biến con người thành ma,thành quỷ dữ.",,,
"Mong em sẽ lại hát, sẽ lại sống cùng âm nhạc như em đã từng. Đó là cách mà cuộc đời em có ý nghĩa và tạo cảm xúc đẹp cho bao người yêu mến em. Thương em rất nhiều.",,,
Ác quá. Căm phẫn người mẹ bỏ con.,,,
"Nhìn cái mặt ông thấy ghen tỵ quá, bực bội không nghe được gì cả. Ông làm ơn già đi chút cho a e chúng tôi đỡ tủi cái coi ông Bo....",,,
"Cô nên đổi qua dòng máy mirrorless vừa nhỏ, vừa gọn cũng ko kém phần mạnh mẽ.",,,
Khi con người huỷ diệt môi trường sống và nơi mà chúng coi như nhà ở thì đây là những phản ứng có phần vô vọng với các loài động vật hoang dã.,,,
"Mỹ có trách nhiệm phải lo cho toàn thế giới sao!Việc nhà mình yên ấm,no đủ rồi mới có thể lo cho người khác chứ",,,
"thế thì lại thua sấp mặt, a cu lùn lại giận dỗi và phải đòi ra đi tiếp thôi :)) haha",,,
Đồ bất nhân ,,,
Người gốc Hoa nhiều thế,,,
lux SA2.0 bạn nhé,,,
Tội cho 3 cô giáo,,,
Thay vì đi kiện thì tại sao không nghiên cứu sản phẩm mà không phải từ TQ?,,,
"Nên mua ngay anh nhé. Giớ là cơ hội tốt cho nhà đầu tư sẵn tiến mặt, có nhiều nền đất chủ cần tiền bán nên giờ giá tốt, chờ nữa có thể mất cơ hội. Anh xác định đầu tư lâu dài thì mua càng sớm càng tốt.",,,
"Đô mạh mẽ, ốm lạh lùg nhưg nhìn có chiều sâu diễn xuất tâm lý nhân vật.",,,
Những tay đại diện hay môi giới đều có kiểu nói trơ trẽn đến kỳ quặc.,,,
"1 cô gái xinh đẹp biết chế biến 9 món ăn và 1 cô gái xấu xí nhưng biết nấu 10 món ăn, bạn chọn cái nào. Cô gái xinh đẹp là Hyundai, Kia, Vinfast....v.v... và cô gái xấu xí mình đang muốn nói là Wigoxấu đau đớn.Thân!",,,
Nam Mô A Mi Đà Phật,,,
Chắn chắn 1 điều là sẽ còn những tuyến cao tốc khác để kết nối vào trục xương sống này nên hi vọng các địa phương giảm bớt lợi ích trước mắt mà đưa ra phương án tiết kiệm và nhanh nhất.,,,
Câu 4: kết quả 8; 4+6+8=18 (8)7+5+12=24 (4) ; 3+4+5=12 (2),,,
"nhìn cưng nhỉ, giống mấy con quái thú trong Pokemon",,,
"Rất dễ hiêu, Cảm ơn vnexpress. Có rất nhiều trường hợp các phương tiện đi đúng làn của mình nhưng đến ngã rẽ không tuân thủ chiều mũi tên chỉ đường, CSGT lại báo lỗi đi sai làn, hai lỗi này tiền phạt chênh nhau quá lớn.",,,
"Nước ta có hàng trăm khu công nghiệp dùng mái tôn với hàng triệu m2 với lợi thế sẵn có hạ tầng và làm mát nhà xưởng khi lắp thêm tấm NLMT trên mái, giảm giá thành . Như vậy nếu có một cơ chế khuyến khích khi các công ty năng lượng kết hợp với các KCN thì tiềm năng rất lớn.",,,
"Gió đang rất mạnh, tiếng gió rít và giật từng cơn.",,,
"Nó muốn bảo vệ đàn con nên bỏ chạy, tất nhiên nếu chiến đấu, đàn Linh Cẩu sẽ kéo tới và không an toàn cho chính nó! :'(",,,
"Rồi xe TQ với các tên tuổi như BYD, SAIC sớm muộn gì cũng sẽ phổ biến như smartphone Huawei, Oppo thôi, dự là khoảng 10 năm nữa.",,,
Và tất cả được bán với giá chợ đen.,,,
Mặc dù đây là những tin đáng mừng nhưng thực sự tôi cũng kiệt quệ vì covid quá.,,,
Xài cái này cần độ chính xác tuyệt đối do chỉ công phá bằng động năng.,,,
"nói đi thì nói lại, muốn thuốc lá nhập lậu không còn tồn tại chỉ có hai cách:1. Nếu không cấm thì Chất lượng thuốc lá Việt Nam tương đương với thuốc nhập lậu và giá cũng phải ngang như vậy.2. Cấm sản xuất, buôn bán thuốc lá luôn (cái này chắc khó bởi ngành thuốc lá nộp ngân sách không phải ít)",,,
"Mình chỉ tưởng tượng dùng kéo, giấy cắt một cái tam giác to đùng, sau đó dùng cái tam giác đó gói trái đất lại, nếu gói đẹp thì nó sẽ thành một hình tứ diện có đỉnh là gộp 3 đỉnh của tam giác mới cắt ra. Lúc này tam giác ban đầu có 3 đỉnh sát nhau đến độ xấp xỉ = 0, vậy là dẫn đến diện tích rất nhỏ theo như hình học phẳng. Nghe hại não quá.",,,
Không nặng mà là rất nặng nhé ông.,,,
Quá kinh khủng ! 2km mà ko cần dùng kính ngắm. Khẩu súng thật là ghê gớm.,,,
Ôi thời gian! Tài tử và minh tinh cũng không tránh khỏi sự tàn phá của thời gian,,,
Lại nhớ ông kia đi máy bay bị bà kia gọi cảnh sát bắt vì... bà tưởng mấy kí tự toán học trong tập của ổng là ngôn ngữ của tụi khủng bố.,,,
"phải chuẩn bị từ đội ngũ giáo viên đủ thiết bị và đủ trình độ để dạy theo công nghệ. còn mặt bằng học sinh hiện nay thi chỉ 1 phần rất nhỏ các gia đình có điều kiện trang bị cho các em có điện thoại. xã hội phát triển là điều ai cũng mong muốn nhưng phải đi đúng cách và đúng lúc phát triển từng bước cho chắc đừng kiểu "" chưa biết đi đã đòi chạy""",,,
Sao mà có 30 tháng???? Quá nhẹ cho tội giết 2 mạng người,,,
Mấy năm gần đây Si đã thể hiện mọi danh hiệu có đk chỉ là ké bám Iniesta. Si là cầu thủ may mắn nhất lịch sử bóng đá chứ trình độ so với Quang hải cũng chỉ 1 9 1 10. Barca mà mua Công Vinh thời còn In và Xa thỳ Si ở ghế dự bị chứ làm gì được xuất đá chính.,,,
"Tuyệt vời quá, chúc mừng Bs Nguyễn Trung Cấp",,,
"Khu dự án nhà tôi đã qua hơn 20 năm, là một trong những dự án đầu tiên của Sài Gòn ngay quận 2, đến nay vẫn chưa được cấp sổ đỏ. Lý do chủ đầu tư nợ thuế. Chúng tôi viết đơn thư tới mọi cấp mọi ngành từ thành phố, tới bộ ngành... đều không ai xử lý được. Quả bóng vẫn cứ đá qua lại.",,,
"Dân Quảng Trị học ghê thật, công nhận",,,
"Khả năng vẫn phải mặc chống nắng thần thánh rồi, nắng lắm",,,
"Thời đó phải nói là: Dũng sỹ Hesman, 7 viên ngọc rồng, dấu ấn rồng thiêng, doreamon, tứ quái, siêu quậy Teppi, đường tới khung thành,...Hối í không có tiền mua chỉ đi thuê 500đ/1 cuốn về đọc. Đọc thật nhanh để mang đi đổi kẹo hoặc cho bạn thuê lại nửa ngày lấy tiền thuê cuốn mới,... Haizzz lại nhớ lại bao kỷ niệm giờ người đã quên hết, cất bước quay lưng ra đi không nói câu tạ từ (Ưng Hoàng Phúc).",,,
Xem clip chỉ sợ bên trong bọn chúng có súng xả đạn ra ngoài. Đường nào cũng tử mà.,,,
Đối thủ này vẫn yếu hơn bà xã nhiềuBà xã vẫn gỡ đc 2 quả mà,,,
"Mình thật sự ghét thịt chó, nên mong mọi người cũng không ăn thịt chó như mình, vừa hôi vừa nóng, chả thấy có gì ngon.",,,
"Tất cả những người không ủng hộ tổng thống Trump cả trong và ngoài nước tìm mọi cách nói xấu và chống đối ông, họ thừa biết Trump đang sắp xếp lại nước Mỹ theo hướng ""vĩ đại trở lại"" do chưa ổn đinh và trật tự là một tất yếu.",,,
"Như vẽ rồng vậy, đâu ai nói được là không giống",,,
Làm giá không à,,,
Cố gắng kiếm con BMW đi cho sướng.,,,
"Sau tất cả những hào quang, những hy sinh ,vất vả thi người phu nữ khi ly hôn xong vẫn là người thiệt thòi nhất..",,,
"Trường hợp bị bắt cóc nhốt vào cốp, đây là một kiến thức hữu ích !",,,
mũi 1 ngày 7 .9...mũi 2 ngày 15 tháng 7 là sao,,,
Bài báo có nói đã được bại đế ủng hộ nên fans cuồng nên nhớ đừng hát điệp khúc cũ đổ thừa cho chủ tịch đem về bắt xài như ở Mu nha.,,,
Nhìn là chẳng muốn ăn rồi. Ai biết được người ta có bỏ than tre hay bỏ cái khác ăn cho mang bệnh.,,,
"Các em mang vinh quang về cho tổ quốc, cho thế giới biết và hiểu hơn còn người Việt Nam...đó là điều rất tự hào rồi.",,,
Tôi rất ngưỡng mộ ông! Chúc ông sức khỏe và dành chiến thắng!,,,
Thế mới thấy công tác khoanh vùng chúng ta đang làm vô cùng hiệu quả,,,
Hay quá!,,,
Nghe Lâm hát mà nỗi da gàHay quá,,,
"Nằm xa Trung tâm quá, tiền Ôtô và tiền taxi về nội thành đắt hơn vé máy bay thì ai thèm đi.",,,
"Tôi mua nhà đất chưa biết lúc nào nó là đỉnh hay là đáy cả. Từ ngày mua cho đến bây giờ là 20 năm rồi giá nó có tăng × 80 lần cũng để đó không bán. 3 tỷ của tác giả nếu quy ra vàng bay giờ chắc cũng được gần 60 cây vàng. Cũng số lượng vàng đó năm 2000 khoảng 240 triệu đang gửi tiết kiệm thì có người bán lô đất 94m2 mặt tiền. Tôi rút trước hạn kỳ nên mất khá nhiều tiền lãi quyết mua lô đất này. Nếu để 240 triệu gửi tiết kiệm cho đến bây giờ thì được bao nhiêu? Nếu 60 cây vàng để trong tủ bây giờ vẫn là 60 cây, còn nếu bán thì được khoản 3 tỷ. Trong khi lô đất đó trị giá bây giờ khoản 20 tỷ. Ngoài ra tiền cho thuê mặt bằng và lợi nhuận kinh doanh từ miếng đất đó suốt 20 năm qua chưa tính đến.",,,
"Tôi ở Sài Gòn, Thương nhớ miền trung quê mẹ. Mong cho thiên tai qua đi, người thân được an lành.",,,
Nhớ nhà quá,,,
"Ôi miền trung quê tui, bão cô vy chưa dứt lại đến bão Nuol!",,,
"Gà Trống có thêm Bale, cộng với ông Son Heung-min thì khác gì 2 cái máy chạy, Tottenham thời gian tới sẽ đáng xem hơn.",,,
Ngoài ra cũng nên trang bị thêm 1 búa gõ phá kiếng cứu hộ nhỏ,,,
"""Mức kháng thể ở nhiều tình nguyện viên được báo cáo giống hệt nhau"" là do tác dụng của thuốc tốt ổn định. Nghi ngờ là sao?",,,
Giàu có như thế còn tham.,,,
17 tuổi ! Thanh xuân của các đại ca sẽ bắt đầu trong trại rồi,,,
Baic q7 bạn à! Vừa ngon vừa rẻ. Xe trung quốc giờ hơn hẳn xe hàn!,,,
Đau lòng..thương bé quá,,,
Sẽ là một tài năng trong tương lai!,,,
"Quả thận nay đã phình to .Nhìn không thấy sport sang như các đối thủ nữa rồi: Porche, Maserai, Mer AMG..",,,
Fan cuồng thì không bao giờ chịu chấp nhận vị thế của Mỹ đang giảm sút. Mà toàn bám vào khẩu hiệu nước Mỹ đang vĩ đại là do công trump mà không bao giờ đưa ra được dẫn chứng.,,,
Tuyệt vời. Ảnh đẹp về mùa thu trên suối của quê tôi.,,,
Pha xử lý thật là cồng kềnh và mất sức để được miếng ăn... đểu.,,,
ông nói như đùa.. thích thì cũng phải được câu lạc bộ chủ quản cho phép.. có phải là thích thì đi đâu =)),,,
"Không dám sang MU, đội vĩ đại nhất NHA vì sợ không cạnh tranh nổi suất đá chính, chọn đội tầm trung như Tot để thi đấu.",,,
mk vẫn ko hiểu sao con cá lại ngoặm đc đầu con rắn nhỉ,,,
"Người ta chán học thì phải phạt đi học nhiều hơn mới có tác dụng, phạt nghỉ học vậy, chắc họ đi liên hoan cả tuần quá",,,
Muốn thoát khỏi đại công xưởng của thế giới không phải chuyển đơn giản khi phải tái cấu trúc lại toàn bộ chuỗi cung ứng.,,,
Rồi ô nhiễm môi trường ai lo?,,,
"Về body cá nhân mình thích i10, về tinh thần mình luôn ủng hộ hàng Việt Nam. Về tài chính thì mình đi i10",,,
"Nhìn anh ấy cố gượng cười mà nghe chua sót, rơi nước mắt. thật quá đau lòng, biết bao của cải bỏ ra, giờ tay trắng.",,,
Sáng đọc tin mà xót xa. Một người con của Huế..,,,
kịch bản này giống như một bộ phim hoặc một bộ truyện nào đó tôi từng xem...,,,
"""Nước Mỹ trên hết"" và... ""Gậy ông đập lưng ông""?.",,,
"Cứ nghĩ con cá sẽ chết vì ở trên cạn lâu, ko ngờ chính con rắn bên dưới lại là kẻ thua cuộc trước, đúng là ý chí sinh tồn mãnh liệt thật...",,,
"Khổ thân con, sau lần này thì gia đình chắc sẽ không bao giờ nói được câu ""Con chó này nó hiền lắm, no chỉ sủa người lạ thôi"".",,,
"Và tôi cũng cho rằng, nên để lúc thi TN-ĐH được sử dụng điện thoại. Nên có những giải pháp công nghệ 4.0 mọi nơi mọi lúc, ngay cả ăn uống cũng vậy- Phải nói RẤT CẦN TẬN DỤNG THÊM VAI TRÒ MỚI ĐỘT PHÁ ĐIỆN THOẠI.",,,
"Hay nhưng chưa thể áp dụng ngay bây giờ, vì con đang học dưới quê, mình đi làm xa chưa về.Cảm ơn bài viết hay và ý nghĩa này.",,,
"Chúc ông vượt qua đc COVID và chiến thắng luôn trong tranh cử, cầu chúc cho ông mạnh khỏe",,,
Hãy dồn phiếu cho TT Trump . Xin cám ơn,,,
Thiên địch của cá mập là đây,,,
Cùng Chống Dịch !Hà nội Đà Nẵng Sài GònBa miền đất nước chống đòn dịch lâyNgoại quốc vẫn ở nơi đâyViệt Nam tiếp đón dựng xây hoà bìnhViệt Nam tổ quốc đẹp xinhCác bạn hãy nhớ nghiêng mình hướng theoChúng tôi dù nước vẫn nghèoNhưng mà phép nước phải theo tuỳ tùngNghiêm chỉnh ở khắp mọi vùngCác bạn hợp tác để cùng phòng lâyChịu khó tuân thủ như vầyChống qua đại dịch tất thẩy đều vuiĐừng có miễn cưỡng thoái luiĐại dịch bùng phát chôn vùi tuổi Xuân !,,,
2 loài đứng đầu chuỗi thức ăn đụng độ nhau. Xin lỗi các bạn chưa đủ tuổi.,,,
"Với thực tế như nhận định này ""Đó không phải con đường dễ dàng và thách thức lớn nhất là chuỗi cung ứng. Tất cả linh kiện, pin, chip, điện trở, dây cáp đều được sản xuất ở Trung Quốc. Giá thành đã cao hơn ở Thái Lan và giờ chúng tôi còn phải vận chuyển các kiện hàng tới Mỹ"" thì 1 thời gian tới tất cả các nhà sản xuất đều hoàn toàn phụ thuộc vào nền sản xuất của Trung Quốc. Khi ấy ai là người điều khiển kinh tế toàn thế giới chắc tất cả chúng ta đều có thể nhận thấy là Trung Quốc, Tổng thống Trump quá tỉnh táo khi gây sức ép để kéo các công ty ra khỏi Trung Quốc. Nhưng bây giờ mới kéo phần ngọn là các nhà máy lắp ráp ra khỏi đấy, còn các nhà máy sản xuất thực sự, các đầu mối cung ứng vẫn đang ở Trung Quốc.",,,
Khi các nhà đầu tư nhỏ lẻ giải đáp được câu hỏi vì sao thì mọi chuyện đã xong !,,,
Đọc bình luận của mấy bác r7 vs m10 thấy tấu hài :)),,,
"Ra huế,Đà Nẵng mà xem cuối tên đường có chú thích tên người đó luôn.",,,
Nhìn hình họp báo mình lại tưởng Heimdall bữa nay chuyển qua kinh doanh tại Wakanda. :),,,
"Khâm phục nghị lực phi thường của Bố con"" Anh Kiên - Trưởng thôn trong phim Người vác tù và hàng tổng"" . Một người cha tuyệt vời.",,,
Hôm qua tôi chiên thịt cũng đen vậy mà bị vợ chửi. Ngon vậy không biết thưởng thức mà còn chửi,,,
"Bạn đã quá hung dữ, và quên đi nhiệm vụ tối quan trọng.",,,
"Rất ủng hộ việc tập trung xét nghiệm nCoV theo phương pháp PCR để đảm bảo độ chính xác, nhưng nếu xét nghiệm thêm lần thứ 3 ở ngày thứ 15 sau khi nhập cảnh sẽ đảm bảo đc mức cao nhất nguồn lây nhiễm ko bị bỏ sót.",,,
Sanh nghề tử nghiệp đây mà.,,,
Cầu mong mọi người bình an! Cố lên Việt Nam! Đất nước chiến thắng!,,,
"Với chương trình mới, phụ huynh chúng tôi phải đóng vai trò làm cô giáo, dạy con vài tiếng mỗi tối mà bài vở vẫn chưa đáp ứng yêu cầu. Khổ các con, những đứa trẻ mới chập chững bước vào môi trường học",,,
"Tên đường kéo theo bao hệ luỵ. Địa chỉ, sổ đất, hộ khẩu, CMND/CCCD, sổ này sổ kia giấy tờ nọ tùm lum. Thiết nghĩ nên để tên đang có và chú thích tên đúng bên dưới. Một khi đã đổi dân lành sẽ tốn kém thời gian tiền bạc cho việc điều chỉnh giấy tờ rất nhiều.",,,
"Nếu đặt mình vào con cá, bị đè cho đến ngạt thở sẽ hiểu đc ko riêng gì con người, mà bất cứ con vật nào cụng muốn sống, chúng ta thích thú với cảnh tưởng con vật bị giết tới chết, đó thực sự là 1 điều tàn nhẫn, mong mọi người sẽ hiểu và chuyển sang ăn chay để cùng nhau bảo vệ môi trường và sự sống",,,
"Cứ i10 mà chiến cho lành, ngon bổ rẻ :v Chất lượng thì đã được khẳng định, tên tuổi thương hiệu cũng đảm bảo",,,
Thương về miền trung. :(,,,
"Đúng chất ai cập , từ bé đã dc thấy qua phim ",,,
"Biden trong kỳ vọng của châu Âu, còn Trump là kỳ vọng của Thế giới!",,,
"Nhìn kỹ thấy bia nhái lại thiết kế đẹp hơn bia thật, có đầu tư nhưng ko đúng",,,
Cơn ác mộng vẫn đeo bám,,,
Ác ôn. Sao lại nỡ đánh đứa trẻ không có sức phản kháng lại như thế. Khốn nạn quá.,,,
Nói thì dễ lắm,,,
Bạo hành vài ngày. Gãy tay vậy mà con phải chịu đau vài ngày. Trời,,,
Ta lại ngồi đếm số ngày không lây nhiễm cộng đồng!,,,
có ae nào bị ko? đau thôi rồi...kkkk,,,
Rất khoa học và thực dụng.,,,
"đoạn đường này, tất cả các làn xe đều không cấm xe đạp... mà không cấm thì cứ đạp thôi, lúc nào nhường được thì tôi nhường, mấy anh thử đạp xe đạp ra đường thử rồi biết... các phuong tiện khác có coi xe đạp là 1 phương tiện tham gia giao thông hay không cho dù xe đạp họ đi đúng......",,,
"Tôi không nhớ rõ lắm, mang máng nhớ rằng có câu chuyện cưới nói về 1 gia đính có 1 con chó và 1 con heo. Khi tới ngày giỗ, gia chủ chắc chắn phải giết 1 trong 2 con. 2 con chó và heo đã hỏi ý kiến nhau xem ai sẽ bị giết. Tâm đắc",,,
"Trẻ lớp 1 đeo cặp đi học như du kích, cấp 2 cấp 3 thì ít hơn và đến đại học thì chỉ còn 1 quyển vở.",,,
Là đại gia trong hàng xe cao cấp sang chảnh mà gian dối? Các hãng xe Đức hết gian lận khí thải rồi đến thổi phồng doanh số...người Đức nổi tiếng về tính chính xác và kỷ luật vậy mà...khó hiểu thật.,,,
"Trump khôg phải tranh luận, mà muốn đánh lạc hướng vấn đề thôi. Trump khôg có chủ đề cho tương lai, nhưng Biden có.",,,
Vậy mới biết sự khốc liệt của dịch.,,,
"trước tiên phải ngồi rộng rãi thoải mái cái đã , Attrage là nhất trong tầm giá này rồi . Đừng có bác nào đi so sánh với con Vios E dùm tôi nhá :v",,,
Cầu mong ông sớm bình phục.,,,
""" Đôi lúc, Karr còn cảm thấy nước Mỹ dường như đã trở thành quốc gia gồm toàn những người tự nhận là nạn nhân, trong khi thực tế không phải vậy. Cảm giác này đặc biệt mạnh mẽ khi cuộc biểu tình đòi bình đẳng chủng tộc nổ ra gần đây. ""Mấy người đó nói rằng họ không có cơ hội. Nhưng không, họ không biết nắm lấy cơ hội"", ông cho hay."" đừng đổ lỗi cho ông Trump, bạn đang sống 1 đất nước mà bao nhiêu người mơ cũng không được.",,,
Hết thời rồi,,,
"Từ ngày đổi chủ, sai gon có diện mạo mới lon đẹp hơn nhiều dễ uống hơn nhiều và đau đầu hơn nhiều",,,
"Đề nghị xử thật nặng, côn đồ ngày càng lộng hành, thật đáng lo ngại",,,
"Có hôm con tôi tối về viết 2 trang (vì trong lớp bé viết không kịp) làm bài tập trong sách Mỹ Thuật, Đạo Đức, Tự Nhiên xã hội, còn làm bài dự thi của báo Nhi đồng (trường thông báo đóng tiền mua báo và khuyến khích tham gia), 11h đêm con làm còn chưa xong, mẹ xót quá và mai còn phải dậy sớm đi học nên phải giúp con vì con sợ cô la nên chưa xong là con không dám đi ngủ...sao con đã học bán trú cả ngày mà về nhà hôm nào cũng mất cả buổi tối để hoàn thành bài vở vậy, còn giờ nào để con vui chơi nữa???",,,
"Nút giao Thanh Xuân - Vành Đai 3 có hầm chui rồi mà vẫn tắc khủng khiếp. Cần nhìn vào gốc rễ vấn đề ở đây là mật độ dân cư, trường học, nhà máy-xí nghiệp... Phải giãn dân, đưa các trường đại học, nhà máy ra ngoài mới hết tắc được.",,,
Kg thể hình dung được lương tâm họ như thế nào. Cơ quan CA cần giáo dục để họ có lương tâm chính chắn hơn,,,
Đúng là thế giới tự nhiên muôn hình muôn vẻ. Thật kỳ thú.,,,
Cần phải quy trách nhiệm ai đã cấp phép cho sản phẩm này lưu hành trên thị trường?,,,
Đó là một tín hiệu đáng mừng vì đồng ruộng không có thuốc trừ sâu,,,
"Tuyệt, nhưng vẫn thấy rất nhiều người nghĩ đã Sạch Covid, không đeo khẩu trang, nhóm đông người.",,,
Trẻ con thôi mà. Có dạy lại vẫn ngoan như thường.,,,
"Bây giờ chữ kí chỉ là hình thức thôi, công nghệ nhận diện khuôn mặt có rồi sao không ứng dụng?",,,
Chúc hai con khỏe mạnh và hạnh phúc,,,
Tôi không dùng nước ngọt khoảng 3 năm vì nước ngọt không tốt cho sức khỏe.,,,
"Tên đường đã hình thành, nó đã gắn liền sổ hộ khẩu giấy khai, chứng minh nhân dân, ... ôi thôi là bao giấy tờ tùy thân và giấy phép kinh doanh khác. Thiết nghỉ vấn đề này cần phải nghiên cứu có chiều sâu để có lợi cho người dân nhất.",,,
"Hành trình 18 năm bên con của anh thật phi thường. Chúc gia đình luôn mạnh khỏe, hạnh phúc, vững tin trên hành trình dài.",,,
Đơn giản vì cái tôi của mỗi người đều lớn. Quy luật tất yếu của xã hội phát triển.,,,
Giáo viên ở đâu ?,,,
Hàng thủ luôn là vấn đề của Baca khi đã không còn những tiền vệ kỹ thuật và cầm bóng tốt như Xavi và Inesta thì Baca thiếu một tiền vệ DMC đỉnh cao làm cầu nối vì Busquest đã chậm và kém đi rất nhiều.,,,
"Bạo hành trẻ em, mong muốn pháp luật phải xử lý nghiêm minh, để làm gương",,,
Chỉ có Liverpool mới ngăn cản được sức mạnh của Bayern vào lúc này,,,
Không ở với người bố như thế này sẽ tốt hơn cho tương lai của cháu bé,,,
"Không có muộn, chỉ có không làm.",,,
Có hay ko có Méc bám trên sân thì Ba Sa vẫn giành chiến thắng. Giờ mọi đường bóng ko phải qua chân Si tạ nữa nên Ba sa triển bóng sắc nét vs tấn công Đa dạng hơn. Lại có rê rắt bóng wua người để được Bôi Đỏ rồi...,,,
Đúng là chúa tể đại dương,,,
Hồng nhan bạc phận . Tiếc thương cô gái xinh đẹp dù biết rằng a và e ko biết nhau,,,
"Các lĩnh vực liên tục tác động vào nhau, khẩu trang tốt cho lĩnh vực phòng dịch thì lại gây ô nhiễm môi trường. Qúa khó",,,
"tổng 3 chiều cao của hình tam giác 1mm có nghĩa là khác không, diện tích của hình tam giác băng chiều cao nhân đáy chia cho hai, vây kéo dài vô cực cạnh đáy của tam giác nhất định sẽ lớn hơn diện tích của trái đất vì diện tích trái đất là một diện tích có hạn, cái vô hạn phải lớn hơn cái hữu hạn ( 8/9/2020 ) ",,,
"trách nhiệm, kỷ cương, đoàn kết",,,
"Nhà có điều kiện, nuôi chó to. khổ thân bé con!",,,
2 đội đá coi phê quá. Chúc mừng Bayern. Là đội thứ 2 trên thế giới có cơ hội ăn 5. Sau Barca,,,
cầu mong thế giới bình an!,,,
Tuyệt voi,,,
"Nếu Fadil cho không thì e lấy Fadil, còn nếu bắt mua thì e mua i10 ạ.",,,
Noul ơi...xin tha cho dân tôi...giảm sức mạnh đi em Noul ơi!!!,,,
"Đó là điều tất yếu thôi, sau 5 năm nữa cũng ko còn căn hộ 1,5 tỷ",,,
never listens,,,
"Ngân hàng lên ngôi vì vay lãi rất thấp mà cho vay vữa rất cao, trong khi người có tiền, đứng trước tình hình kinh tế hiện nay họ rất khó chọn hướng đầu tư.",,,
"Đã quá, toàn cá tràu với cá rô đồng. cá tràu kho nghệ, nấu canh chua, cá rô rán. đúng ngon",,,
Hùm xám phũ quá. Cứ đá là lại ghi đến 8 bàn. Thấy nhột nhột.,,,
ở bên nhật 3 tuổi mới tiêm viên não Nb sao ở vn 1 tuổi lại tiêm,,,
mấy đồng phục này lúc đi vệ sinh rất tiện :'),,,
Tuyệt vời Barca công thủ toàn diện,,,
"""Sản phẩm Pate Minh Chay của Công ty TNHH Hai Thành viên Lối sống mới. Công ty này trụ sở tại thị trấn Đông Anh, huyện Đông Anh, Hà Nội; sản xuất và kinh doanh qua mạng"" - hẳn phải còn nhiều người khác ăn loại pate này, không rõ giờ sức khỏe họ ra sao?!",,,
Không lâu nữa em sẽ đạt HCV Olympic Thể dục dụng cụ,,,
Nhanh chóng thông báo tới các cửa hàng có bán pate minh chay thu hồi để tiêu hủy.Và điều tra cơ sở đó thật chặt chẽ và phải bồi thường cho nạn nhân.,,,
"Gia đình tôi có 4 người, bản thân tôi vào Sài Gòn cũng ngót nghét 15 năm mà sao vẫn không có trong top 10 Châu Á nhỉ? Chắc có thiếu sót gì quá, chán thật",,,
"Tư tưởng bá chủ, bá quyền thế giới đã lỗi thời, hãy mau tỉnh ngộ.",,,
"Thay tên đường kéo theo bao hệ lụy từ cmt, sổ hộ khẩu, giấy tờ nhà đất và bao giấy tờ khác. kiến nghị nên xem xét kỹ trước khi đổi",,,
nước mỹ cần một tổng thống như trump,,,
Chúng ta đang được hưởng một thành quả xuất phát từ tình yêu của cha giành cho cậu con trai của mình.,,,
Mua xe đạp đi bạn. Ko hề tốn xăng luôn,,,
ký ức tuổi thơ tôi. một thời đã xa.,,,
"quan niệm về cái chết ở Phương Đông khác nên phải mất thời gian mới mong chấp nhận được,.",,,
"Sợ thật. Thôi từ nay chịu khó mua đồ tươi sống về chế biến mà ăn, đồ ăn sẵn quá nguy hiểm nếu nhà sản xuất không có tâm.",,,
Thuê 10 triệu 1 năm mở dịch vụ câu 100 ngàn 1 ngày. Có cơ lắm mới thuê được.,,,
"Người ta thường tính đếm tương lai trên cơ sở các dữ kiện sống hiện tại, ví dụ: Nếu tôi ổn (khỏe và kiếm đều đều..) thì 3 năm nữa, x năm nữa..tôi sẽ thế này, con tôi sẽ thế kia..?! Nhưng, ( đời rất dở vì chữ nhưng hay này đấy ! ) nếu rủi ro (ngã xe, mất việc, ốm đau..) tôi sẽ ""trông"" vào đâu ? Hãy tính toán chu đáo và có tầm nhìn 1 chút, khi mọi thứ còn chưa quá..""tệ"" !",,,
Thương các con. Mong các con chóng khỏe nhé,,,
Tôi thấy trong dịch Covid-19 này có 1 điểm chung !tất cả các nơi bị dịch bệnh tàn phá mạnh nhất đều là các quốc gia đã và đang là các đế quốc hùng mạnh trong lịch sử và hiện tại...,,,
Luyện công mấy hôm rày cứ thấy thiếu thiếu một đoạn công pháp! Giờ thì mới phát hiện bản thiếu sót công pháp đang ở Trung Quốc! Qua lấy về luyện tiếp nào.,,,
"Nếu đúng như trên thì người khổ nhất là vợ a MT. Hơn 20 năm gắn bó, vợ chồng không chung đụng, không có con; mà sao mọi người không thẳng thắn giải thoát cho nhau nhỉ.Thương cho những số phận phụ nữ như chị ấy!",,,
"Hoàn toàn đồng ý. Bản thân tôi cũng nghĩ con lên cấp 2 sẽ mua cho con, mà giới hạn ngày dùng tầm 30p thôi. Đây mang đến lớp thì vừa dễ mất, lại vừa khó kiểm soát.",,,
"Ăn chay nên tự nấu kiểu đơn giản và tươi ngon từ đậu đỗ, rau củ, nấm... để tốt cho sức khoẻ. Đừng ham những thứ chế biến sẵn, nhiều hương liệu, chất bảo quản, tạo hình, đặt tên kiểu giả đồ mặn...mất hết cả ý nghĩa của việc ăn chay.",,,
Tuyệt! Nhìn bánh biết lễ hội truyền thống. Nhiều cơ sở sx của ta cải biên phải tư duy nhức đầu mới biết dành cho Tết trung thu,,,
"50 năm trước Mỹ đáp lên mặt trăng lên xuống như đáp xe buýt. giờ thì đang tiếp tục hoàn thiện công nghệ hạ cánh, còn công nghệ cất cánh từ mặt trăng sẽ hoàn thiện tiếp theo.",,,
"Tạm biệt anh, chiến binh báo đen ...",,,
"Trong bóng đá hiện đại, cậu là 1 trung phong, chỉ ở mức khá nhưng có 3 điều làm giá cậu luôn ổn định: trẻ, đẹp trai và tỏa sáng đúng lúc. Nếu cậu ngoài 30 tuổi với năng lực hiện tại thì chỉ có giá không quá 10 M$. Dù sao, là người yêu bóng đã, chúc cậu luôn khỏe mạnh và thành công.",,,
"Chúc mừng Arsenal, dù thắng không mấy thuyết phục nhưng vẫn hơn MU ,trước mùa giải mới còn chưa biết các đối thủ mua sắm thế nào mà MU có tân bình mới chưa gì fan cuồng đã nổ nào là năm nay vô địch, bộ 3 tiền vệ thần thánh,... Để rồi nhận ngay 3 nho, nhục lắm",,,
nên tăng luật nặng hơn chứ xem video là biết họ chẳng màng gì tới mạng sống của người khác.,,,
Không có gì ngoài đá cho vui thôi nha.,,,
"Thấy các cây bị gãy đổ có nhiều cây bị sâu, mục thân quá nhỉ.",,,
"đánh vào tâm lý ham của rẻ, đứng ở góc độ người bán thì trừ khi làm từ thiện hoặc bán tháo chuyển nghề chứ trên đời bây giờ làm gì có cái gì ngon, bổ mà lại rẻ !",,,
Cứ nghe Cuba là thấy thân thương đến lạ. Có lẽ từ nhỏ được ông bà nói nhiều về tình anh em của hai nước VN - Cuba!,,,
Việt Nam cố lên! Đất nước chiến thắng!,,,
Mà cuối cùng có đem con rắn đi bán ko? ,,,
Thôi cho mấy em vào dạo quanh nhà tù nào đó rồi về. Tôi nghĩ cảnh đó đủ hiểu hành động chống đối xã hội nó kinh khủng như thế nào.,,,
"Con Grandeur 2020 hay còn có tên khác Hyundai Azera trang bị và tính năng, nội thất thì chấp hết mấy dòng ES hay cả LS của Lexus mà nó cũng chả thèm xếp vào thương hiệu hạng sang. Thế mới thấy mấy bác Nhật chỉ giỏi lòe người",,,
Cầu mong con được yêu thương che chở và lớn lên thật khoẻ mạnh con nhé,,,
Kg biết các tội này khung hình phạt cao nhất như thế nào. Nhìn mặt 2 người này thấy ghê gợn,,,
Mình thấy mua con toyota Wigo là ok nè.Tiết kiệm xăng rộng rãi nữa.,,,
"5 năm rồi đấy ông ạ, 5 năm qua ngoài cái cup nhà vua vs laliga thì còn lại gì? Ra khỏi TBN thì toàn hổ hoá mèo. Phải nói Barca quá kiên trì với M10, ngoại trừ tăng lương va hứa xuông thì chả đc cái gì cả. Clb tốn bao nhiêu tiền mua cầu thủ siêu sao, về thì bị đì vì giữ chỗ cho su thỏ. Hài thật",,,
Bạn này dạy ở đâu để mình đăng kí học :),,,
"Hùm xám mà tóm được MU thì thôi rồi, nhai ngấu nghiến",,,
Chúc mừng hai bé! Cảm ơn đội ngũ Thầy Thuốc Việt Nam!,,,
"Thế mới nói, sống đối mặt với những sóng gió, thăng trầm của cuộc sống mới khó, chứ chết thì quá dễ dàng. RIP!",,,
"Có cầu, có đường hoàn chỉnh thì nơi đó sẽ phát triển",,,
Chỉ đá 1 trận mà đã bằng 1/2 thành tích BM đạt được trong 23 trận thì đúng là thần thánh ^_^ BM đá 23 trận lủng lưới 16 bàn,,,
Các nước lớn luôn lập kỉ lục người nhiễm ... quá nguy hiểm .,,,
"Ôi tuyển bồ, mua CR7 nữa thì thật là tuyệt",,,
"3 tỷ, lãi suất kỳ hạn 1 năm rút lãi hàng tháng cũng cỡ hơn chục triệu rồi. Nếu có đi làm thì cũng sống khá khỏe rồi. Còn muốn mạo hiểm đầu tư thì phải chấp nhận rủi ro nếu có. Tùy anh bạn thôi.",,,
"Trời ơi các bức vẽ quá đẹp! Còn giọng ca của Khánh Ly, đúng là huyền thoại, rõ ràng, rền vang, một sự thẳng thắn trong giọng hát!",,,
MONG GIẢM XUỐNG THÊM 4 CẤP NỮA ĐỂ GIẢM THIỆT HẠI CHO NGƯỜI DÂN MIỀN TRUNG QUÊ TÔI.,,,
"Ông bà Obama nên từ bỏ ý nghĩ ông Biden vẫn là phó tướng của ông Obama. Đừng phủ bóng bằng những chương trình nghị sự cũ, đã thất bại từ 4 năm trước. Đặc biệt đừng bảo vệ chương trình ObamaCare nữa, mà phải thay đổi dựa trên những nền tảng của nó.Hãy để ông Biden có đường lối riêng.",,,
Xe Nhật đâu không thấy?,,,
Nhìn vân đẹp thế kia tên mộc là phải rồi.,,,
Lại khổ nữa rồi. Hu hu..,,,
"Theo hướng đi dự kiến, bão sẽ vào đà nẵng. Đà Nẵng vừa qua khỏi cơn dông covid19, nay có thể hứng cơn bão nhiệt đới.Đồng lòng chia sẻ mọi khó khăn với đà nẵng.",,,
"Sinh con ra được nhưng không xứng đáng làm cha , mẹ",,,
"Xin gửi đến các Anh Chị lời cảm ơn sâu sắc nhất! Với tinh thần như chống dịch, Việt nam sẽ làm được nhiều việc to lớn và tốt đẹp hơn!",,,
Đừng ăn bạn mình...biết bao giờ nước ta mới cấm ăn thịt chó đây,,,
Trump tuy thất thế đợt nàyBiden cũng khó đổi thay thế cờCòn bao nhiêu việc Mỹ chờTrump sẽ ở lại bất ngờ xem sao !,,,
Chuyện của con nít mà người lớn (tức là ông Hùng) lại hành xử thua 1 đứa con nít. Ổng bắt con người ta phải khoanh tay xin lỗi con ổng còn ổng hành động sai trái như vậy mà không tới nhà để gặp mặt cha mẹ cháu bé nói 1 tiếng xin lỗi. Tưởng tránh né là thoát à? Sẽ làm phức tạp thêm tình hình đấy.,,,
Mong ngài sớm bình phục. Và kính chúc ngài trump sẽ chiến thắng trong cuộc bầu cử tổng thống sắp tới.,,,
I10 sedan phaỉ nói khâm phục nhà thiết kế của huyndai . hahhaha,,,
Ông xã chị còn vui hơn nữa,,,
Hi vọng anh không về Ngoại Hạng để đánh golf.,,,
Quảng Nam lúc này đang mưa nhẹ và trời mù!Mong mưa thuận gió hoà để nhà nhà no ấm.,,,
Bí quyết gì khiến cá sấu có thể nhịn thở được lâu như vậy nhỉ? Cơ thể chúng cần ít oxy đến vậy sao?,,,
nam mô a Di Đà Phậtnam mô quan thế âm bồ tát cứu khổ cứu nạn,,,
"Uống coca ngon hơn pepsi mà doanh số pepsi cao gần gấp đôi coca, chắc vị giác mình có vấn đề :(",,,
Những đóng góp của Bale cho Real..chúng tôi không bao giờ quên,,,
Kiểu xe cùi mà nhiều người mua thì thành xe sang.,,,
"Mấy người cuồng Mỹ đâu rồi nhỉ, ko thấy vào comment khen Mỹ vĩ đại, cái gì cũng phải là Mỹ phát minh ra sớm nhất",,,
Mong rằng ko có cả nhiễm cộng đồng nữa.,,,
Thật vinh dự,,,
"Không ai lựa chọn được cha mẹ khi sinh ra, các con khổ rồi, cố gắng vương lên mạnh mẽ các con nhé",,,
Nguyên khí Quốc gia! Chúc mừng cháu nha. Hãy thành công nha cháu yêu cháu đã góp phần tô thắm niềm tự hào của đất nước Việt Nam.,,,
Cuối cùng cũng tìm được kẻ lấy túi tiền của bà lão. Thiên bất dung gian.,,,
"1 Cách giải thích chả liên quan gì. Giống như nơi tôi ở, bị nhiễm điện.",,,
"Nghe nhạc của anh Đan Trường từ những năm 2000, hầu như bài nào cũng hay và trở thành bất hủ, đến giờ nghe lại vẫn thấy hay và bao nhiêu kỷ niệm ùa về. Nhớ nhất vẫn là bài Phong ba tình đời với MV quay bên TQ. Dù sao vẫn mãi hâm mộ anh.",,,
Chúc phần còn lại của bộ phim thuận buồm xuôi gió,,,
Không nên! Nhìn mặt trái của nó đi!,,,
"Không phải là không có chỗ bơi mà là không có ai hướng dẫn bơi ngay cả Bố ,Mẹ các cháu .Thật đau buồn và tội nghiệp cho các cháu . nhiều năm nay .Năm nào cũng có các cháu đuối nước .Thế nhưng chưa có biện pháp hữu hiệu nào để giảm những mất mát lớn lao này .Mong chính quyền các cấp nên quan tâm nhiều hơn .Mong vong linh các cháu sớm siêu thoát .",,,
"khổ, rốn lũ miền trung, năm nào cũng có mấy cơn bão, cứ xây xong lại sụp lại xây, thế này thì bao giờ giàu được",,,
"vua vịt đẹp thiệt, con thằn lằn xanh đổi màu cũng đẹp.",,,
"Cái xe khó nhất vẫn là mức độ hoàn thiện nội thất. Vì thế xe có tốt, bền đến đâu thì cũng ko thu hút đc khách hàng. Xe Toy Đông nam Á là mình chứng. Hi vọng xe Vinfat sớm nâng cao đựoc trình độ và có thêm nhiều CN phụ trợ thì mới mong chiếc xe nuột nà hơn đc.",,,
Mong sao cặp BC sẽ gặp Juve. Sẽ rất hấp dẫn,,,
"Lâu lắm mới thấy Messi vui như hôm nay, cười suốt dù chả ghi bàn nào, cũng chả có kiến tạo nào.",,,
Sao mà tội nghiệp quá,,,
"Hiện tại 13h ngày 17/9 trên biểu đồ vệ tinh thấy mây nát ra quá trời rồi, khả năng bão sẽ không mạnh như dự báo! Hi vọng sẽ bão sẽ tan đến khi cập bờ chỉ còn là những trận mưa có vũ lượng tương đối thoii.",,,
"Nhạc nền làm em nhớ nhà quá. Trong đó thật ra không tối lắm đâu các bác. Sao lại bảo quê em là ""quầng vật chất tối"" ? Huhu",,,
Ai cũng khôn như ông này chắc giờ thế giới đang đi cày ruộng để kiếm sống rồi và ông cũng không bao giờ trở thành tỷ phú được.Tôi mà tỷ phú tôi cũng sẽ khuyên các bạn như vậy :'),,,
"Chỉ cho phép học sinh lớp 10 dùng điện thoại trong giờ học khi được giáo viên cho phép. Tuổi nhỏ nữa chưa thể tự giác quản lý bản thân. Bố mẹ quản còn khó, 1 giáo viên ko thể quản vài chục học sinh 1 lúc",,,
"Rất thích Mr Trump - Ủng hộ Mr Trump, chắc chắn ngài sẽ là Tổng thống Mỹ của nhiệm kỳ sắp tới",,,
Chúng ta thấy cây cối lợi ích biết bao nhiêu. Hãy trồng và bảo vệ cây xanh.,,,
"Ôi trời, hãy xem con người đã làm gì.",,,
"Đó là về lý, còn về tình người - Ông đi ở rể nghĩa vụ chăm sóc bố mẹ chắc chẳng thể bằng người anh, nay cha mẹ mất, về quê sống cũng nên biết tự nhận mình được hưởng như thế nào cho đỡ mang tiếng cướp công cả anh trai lẫn cha mẹ già !!!",,,
Cô ấy mỗi đóng phim mà nhiều tiền thế thì chắc phải là phim của Hollywood chứ nhỉ.,,,
1 quyết định mang đến 1 làn sóng đổi mới về tư duy dạy và học cực kỳ quan trọng ở cấp 1. Và để thành công thì cũng cần phụ huynh và nhà trường đừng đặt nặng thành tích học tập chỉ để làm đẹp. Cấp 1 các e ngoài vc học còn cần phải vui chơi thư giãn và phát triển sự sáng tạo là chính. Đừng để vc học trở thành cái sức ép vô hình đè nát sự sáng tạo của con trẻ.,,,
"Ngay cty vải nên ko thiếu vải, mà mọi người cũng nhạy ấy chứ.",,,
"Theo kinh nghiệm và thông lệ thời tiết Việt Nam .Năm nào gió tây nam mạnh thì đến mùa mưa bão ,bão sẽ đi ngoài khơi theo hướng tây bắc .Bão thuòng đổ bộ vào phía Đài Loan và phía nam Trung Quốc . Năm nào muầ gió tây nam YẾU . Bão sẽ dịch chuyển xuống phía nam ,vào lãnh thổ Việt Nam . Như vậy năm nay gió muầ tây nam rất yếu nên bão sẽ tập trung xuống phía nam .Các tỉnh miền trung Việt Nam năm nay sẽ hứng nhiều cơn bão từ biển đông .Nhất là các tỉnh trung trung bộ và bắc trung bộ . Người dân nên có kế hoạch phòng chống sớm để hạn chế thiệt hại .",,,
Tháng năm ...Cứ vội vã trôi đi.Tuổi trẻ...Ai chẳng đôi lần vấp ngã.Có sao đâu mà..Hãy mạnh mẽ đứng lên.Dẫu có người đã quênNhưng nhiều người rất nhớLâu thế mã cứ ngỡNhư mới ngày hôm qua.Rời cuộc sống xa hoaBỏ hào quang lấp lánhChẳng cần lời có cánhSống một đời an nhiên.Lâm ơi đừng muộn phiềnCuộc đời này dài lắmHạnh phúc mình sẽ nắmNơi phía cuối con đường!,,,
có vẻ nhìu ng ko hiểu rõ về 2 từ tranh luận.ai xem thấy rõ ông điều phối viên thiên vị Jo.ông ta luôn xen vô khi tt nói để bẻ cong hướng .và mấy lần gỡ rối cho Jo bị ep bí ko trả lời dc.rất nhiu câu hỏi ông ta ko trả lợi và lòng vòng. họ lại đang muốn đổi luật chơi đề có lợi cho Jo.trong khi kêu Jo thắng.ko ai mà thắng mà đòi đổi luật chơi cả.@@,,,
"CS trông như là nguyên mẫu của búp bê Barbie cổ điển ý, đẹp thật.",,,
Bao nhiêu việc mà chỉ có 24 giờ thôi đó!quá nhanh quá nguy hiểm,,,
"Thương trường quả là chiến trường! Cạnh tranh cực kì khốc liệt với những chiêu bài gọi là thâm độc cũng đúng, gọi là độc đáo cũng đúng. Dù sao thì cạnh tranh mới làm xã hội phát triển và chính người dân là người được lợi. Quá phục đầu óc của những nhà chiến lược Boeing!",,,
"Dạ, nếu đúng hơn là năng lực xét nghiệm, cách ly phải đáp ứng nhu cầu nhập cảnh, giao thương quốc tế. Đấy mới là thực hiện mục tiêu kép thắng lợi, giành lấy cơ hội nâng cao vị thế quốc gia, thúc đẩy giao thương, phát triển kinh tế.",,,
Bayern của mình khởi đầu mùa giải một cách hoành tráng . Mong fan Rosi ko vào đây nói nhảm vi Bayern ko liên quan gì đến họ,,,
Lại cải cách tiếp thôi mà.,,,
"Chúng ta nên tiếp tục ưu đãi và phát triển những loại hình sản xuất điện có tính thân thiện với môi trường như điện gió, điện mặt trời... và hạn chế dần các loại hình sản xuất gây độc hại, nhất là điện than. Đây là khuynh hướng chung của toàn thế giới chưa không riêng gì Việt Nam",,,
"Túm lại là mấy người sưa sườn (nhác đi chợ, lười biếng ...) sẽ lên ngôi",,,
"Cần xử lý nghiêm minh ở khung cao nhất, ko giảm án để răn đe và giao dục một bộ phận lớp trẻ hiện nay.",,,
Tưởng gì chứ 3 cái loại này mình chưa được ăn bao giờ,,,
"Giờ không còn là học, học nữa, học mãi, mà là thi, thi nữa, thi mãi :))",,,
"Anh trưởng thôn đầy trách nhiệm ngày đó, chúc anh luôn khoẻ mạnh và luôn là ông bố vĩ đại",,,
"Nhớ ngày xưa đi học kiểm tra vui lắm vừa lo vừa hồi hộp chờ điểmMấy câu không biết lật ""bùa"" rồi thì thầm ra dấu chỉ nhau vui lắmGiờ không kiểm tra sau vui bằng",,,
Siêu nhỏ hay nhỏ ok cho vùng xã. Sao ko có mắt kính trong DMX vì mặt hàng này đa dạng tiêm năng lớn và cần có thương hiệu để khách tin tưởng,,,
Anh vẽ đẹp lắm,,,
Nếu truyền thông tin bằng ánh sáng laser xanh da trời có bước sóng là khoảng 550 nm vốn nhỏ hơn dải ánh sáng đơn sắc nói trên có bước sóng 1950 nm của các nhà khoa học Trung Quốc thì con chíp sẽ còn có hiệu năng xử lý thông tin cao hơn rất nhiều so với thành tựu nói trên của họ đấy ạ !!!!. Tôi nói thế có đúng không ạ ??. Xin cảm ơn ạ !!!!.,,,
Bài này ko hay.,,,
toàn tài năng cả mà ko dùng đúng chỗ,,,
Lexus hẳn sẽ rất vui vì sẽ ngoi lên thế chổ hạng 3 của BMW trong bảng xe sang.......,,,
"Toàn bọn vô công rồi nghề, nhận thức yếu kém, làm việc bất lương lại nghĩ mình anh hùng, tài giỏi. Nên cho chúng bản án đích đáng, với khung hình cao nhất.",,,
Xưa cũng gom góp tiền mua trọn bộ TKKG. Giờ tái bản chắc cũng lại ủng hộ.,,,
Một cái cmnd là chưa đủ ít nhất cũng phải có thêm hình ảnh hoặc chữ ký nữa chứ,,,
Tôi ủng hộ ông,,,
"Tàng trữ ma túy, vũ khí quân dụng, bạo hành gây thương tích quá 11%...!!! Rất mong pháp luật cho trung kiên ngồi suy nghĩ lâu năm. Và gửi gắm cháu bé vào nơi an toàn ,có tình yêu thương!!",,,
Cảm ơn nhà báo Dương Tâm đã viết bài này nhé! Thực sự rất có ích! :^*,,,
"Đây là 1 trong 3 chương trình mình thích: Olympia, ai là triệu phú (Lại Văn Sâm dẫn), đấu trí (bị đứt gánh giữa đường).",,,
"Giai đoạn này gặp Arsenal vẫn tốt hơn là gặp Everton ,dù sao một chú trâu trưởng thành cũng đỡ nguy hiểm hơn một chú nghé mới lớn .",,,
"các cụ có câu ""tốt gỗ hơn tốt nước sơn"", xem ra không còn chính xác trong thời đại ngày nay.",,,
Chuột gì mà nhìn như con lợn con vậy trời?.,,,
Ajax từ xưa đã nổi tiếng nhờ khâu đào tạo trẻ rồi. Và họ đã từng là một thế lực hùng mạnh trước cả Barca,,,
"chó robot ra đời năm 2019 rồi mà, họ còn cho 10 con kéo chiếc xe tải nửa đó ... B)",,,
"This sentence is only understood by local and not popular, you'd better off saying straight to the point like he was born in a rich / upper-class family or he was born in a family with all bells and whistles. People will definitely get it right away.",,,
"May là nước bọt của ngày Trump bay không đủ xa.Mà cũng chưa nói trước được, vì còn thời gian ủ bệnh nữa.",,,
"Thánh Pep: Mình còn ở Bayern thì ngon rồi. M10 ra giá 0 đồng mà Bayern không vớt, nếu không giờ mình không phải mang tiếng là trắng tay nhỉ.",,,
Cần tập trung vào năng lượng tái tạo. Hạn chế bớt việc xây đập thủy điện.,,,
"Mong chờ phần 4 John Wick. Là diễn viên tôi yêu thích vì ngoài khả năng diễn xuất thì ngoài đời Keanu Reeves là người giản dị, và hay giúp đỡ các bạn diễn mới vào nghề. Anh ấy vừa lãng tử, vừa cô đơn, lại vừa tự do tự tại.",,,
Bạn đã để dành nhiều năm được 3 tỉ. Thời gian đó chắc cũng tương đối dài. Bạn đã nhận được bao nhiêu tiền lãi? Và so sánh lại lịch sử giá đất lúc trước và bây giờ. Chắc chắn bạn sẽ tự có câu trả lời. Chúc bạn thành công với quyết định của mình.,,,
Chúc ngài sớm bình phục để tôi chiến thắng Quang minh chính đại .,,,
"Ai đọc kỹ hơn không, 2km cầu mà 2.200 tỷ",,,
space X ko còn là công nghệ tuyệt mật và ko mua sở hữu bản quyền trí tuệ rồi sao...,,,
"Thiết kế đẹp, mong sao chất lượng như những cây cầu của Pháp, sử dụng hàng trăm năm không hư.",,,
"Khả thi đấy, hạn chế bốc hơi nước.",,,
Bác sỹ Cấp rất xứng đáng với danh hiệu Công dân ưu tứ Thủ đô,,,
Với các điều kiện và tiêu chí của bạn thì nên chọn i10 là phù hợp nhất nhé.,,,
Ngưỡng mộ người bác sỹ tài đức vẹn toàn.,,,
Kế hoạch lãi 10tr đồng nhưng khi thực hiện thành 140 tỷ,,,
Chỉ những người vô trách nhiệm mới đẻ nhiều mà không nuôi được con trẻ. Những người trọng nam khinh nữ là những người vô trách nhiệm nhất.,,,
"Bán và mua đất ngay đi bạn, vaccin cúm sẽ sớm bán thương mại ,giá vàng sẽ giảm và giá đất sẽ tăng ngay",,,
"Bạn thích hạng a chỉ có Fadil đứng đầu phân khúc đừng nghĩ đến xe Hàn ,nếu gắng được thì nhiều lựa chọn như XL7 của su 600 tr xpander hơn 600 tr Rus của to hơn 600 tr tôi khuyên bạn mua ciaz của suzuki 500 bây giờ rất đẹp và đầy đủ ops hiện đại lắm ,ít tiền mà dính vào xe Hàn suốt ngày đi viện chữa mệt lắm",,,
Mua được bản 2019 luôn ấy chứ. Họ mua chạy dịch vụ ế quá bán lại đày kìa.,,,
"Đến nản  . Con tôi chắc tôi tự dạy cho rồi , cháu nó không có nhu cầu học để làm siêu nhân .",,,
Tiếp theo sẽ là dời ga đường sắt khỏi nội đô. Đường sắt làm kẹt xe còn nhức nhối hơn cả bến xe miền đông,,,
"Xong , xem như chờ ngày chết , quá khủng khiếp , bao nhiêu người tan nhà nát cửa vì cái chết trắng này .",,,
"Loài chó này được đặt tên từ tiếng tru của chúng, tiếng tru lên bổng xuống trầm, có nhiều âm vực khác nhau của một tay hoà âm lão luyện. Âm thanh của chúng không giống bất cứ giống chó nào khác, kể cả giọng điệu đẹp của nòi chó săn đuổi như foxhound. Chúng thường tru khi bị quấy rầy hoặc khi bị kích thích.",,,
Khi doanh nghiệp phá sản thì pháp luật có bảo vệ quyền lợi cho người mua bảo hiểm không?,,,
Xe chất như nước cất,,,
Tuyệt vời Arsenal!,,,
Con là số1,,,
"Dạy ít thôi, học những điều cần học thôi, đừng làm các con khổ sớm! VN được cái học chữ quốc ngữ, nhàn và dễ hơn bên Trung Quốc, Nhật, Hàn nhiều, lý ra việc học của trẻ em phải cho nhàn nhã hơn!Nhưng cuối cùng thì ở ta học sinh vẫn khổ chả kém các nước bạn. Mà ở ta có kiểu rất kì lạ, học sinh thì học rõ lắm, mà lên đại học, chuyên nghiệp thì nhàn nhã. ",,,
"Kể cũng khó đoán. Ars cứ đá cúp là thắng các đội bóng mạnh, còn đá đường dài giải thì khó thắng đội mạnh.",,,
Tự hào Việt Nam,,,
Nên cấm phá thai !,,,
Tôi ủng hộ ứng cử viên Biden và mong muốn ông ấy...thua Trump trong cuộc đua vào nhà trắng sắp tới!,,,
Lương CN ở TP không mua nổi mỗi ngày 5kg cá đâu...,,,
Ác gì ác dữ vậy. Sao không kiếm ai to xác như mình mà đánh.,,,
Chất lượng các cột điện kém quá. Bão mạnh có cấp 7-8 khi đổ bộ thay vì cấp 12 như dự báo mà còn thế này thì chịu rồi. Nếu nó mạnh cấp 12 thật thì không biết sẽ như thế nào :(,,,
"Việt Nam ta từ trước tới nay nhân tài như lá mùa thu, chúc mừng Việt Nam, chúc mừng em và gia đình.",,,
"Kinh khủng quá , con mình thương nó còn không hết , sao lại mất nhân tính thế",,,
"Luôn biết ơn tinh thần nghĩa hiệp, dũng cảm sắc thép của y bác sĩ. Rất đáng tuyên dương chiến sĩ anh dũng áo trắng.",,,
Trời ơi đau lòng quá xin chia buồn vs gia đình nạn nhân mong các con siêu thoát !,,,
Gia đình bé không muốn làm lớn chuyện nhưng kẻ hung bạo đâu có muốn như vậy. Theo luật mà xử tới cùng.,,,
"Khi lời nói tỏ ra không còn hiệu lực thì quả đấm ra đời, khi quả đấm tỏ ra không nguy hiểm thì rút dao đâm liền.",,,
Golf thủ được hồi hương chơi bóng rồi!,,,
"Sẽ có một ngày, tinh tinh nhận thấy ... cần có một chiếc thuyền ... Truyền thuyết đảo tinh tinh bắt đầu.",,,
Chúc con bình an giữa tình yêu thương của bao người!,,,
Có lẻ đến thời điểm này công thức phòng và chống covid19 của VIỆT NAM là ưu việc nhất.!,,,
Chúc sức khỏe và bình yên cho họ.,,,
"""Chúng tôi không hiểu tại sao điều này cứ liên tục lặp lại. Động vật biển có quyền bơi tới gần bờ mà không bị quấy rầy, không gây náo loạn và không phải chết trong tay những người như vậy"" nên có hình phạt thoả đáng để những người khác noi theo",,,
Rồi VN sẽ sớm góp mặt thôi.,,,
Nếu súng nổ thì chuyện gì xảy ra,,,
Hình ảnh tượng trưng cho never give up/ Không bao giờ bỏ cuộc !,,,
Muốn đưa nước Mỹ vĩ đại trở lại thì phải xác định một con đường đi lên đúng đắn theo tinh thần của thời đại.,,,
"Ủng hộ hết mình người anh em Cuba, họ rất là xứng đáng với giải thưởng này <3",,,
"Các tên côn đồ này nên xử kịch khung mới có tính răn đe, xã hội mới an lành được.",,,
"Kêu đẻ con gái cho nó hiền thục, dễ bảo dễ dạy, mà thấy thế này ngất ngây con gà tây",,,
"Thật vi diệu, chúc mừng gia đình cám ơn đội ngũ y bác sỹ và mọi người đã mang lại sự hoàn chỉnh cho hai con.",,,
nhái kiểu này thì đúng là không thể chấp nhận.,,,
Quá đau lòng ... mong các cháu đc yên nghỉ,,,
"Nhà thì xây rất nhanh, nhưng rừng thì rất lâu mới có đc.",,,
Năm nay MU của t sẽ vô địch c1. Cứ chờ xem,,,
Barca có tương lai với Fati rồi.,,,
Mẹ cháu đâu mà dể cháu bị bạo hành nhiều ngày đến gãy tay? Tên khốn nạn này sẽ được nhận bản án nghiêm khắc cho tàng trữ ma tuý và bạo hành con để nhiều ngày đến gãy xương!,,,
"Nghe cái giá là muốn cho qua rồi, lừa gì mà giống nai thế lừa được ai lừa ơi...",,,
"KONA thiết kế vẫn độc đáo nổi bật hơn, động cơ mạnh hơn chút, option an toàn nhiều hơn, độ bền bỉ đã được đảm bảo qua 2 năm vừa rồi",,,
"Kinh tế Mỹ chủ yếu tập trung vào ngành dịch vụ, TQ là ngành công nghiệp, thực ra hai nước có thể bổ sung lẫn nhau. Các công ty Mỹ đầu tư TQ không những là vì TQ có khả năng sản xuất hiệu quả nhất, mà còn có thị trường to lớn. Sự thật là trên TG không có nước nào có thể thay thế TQ. Hợp tác mới có thể cùng phát triển, nếu không thì người dân hai nước phải trả giá đắt cho chiến tranh thương mại.",,,
"Điều kiện thổ nhưỡng, khí hậu ở trên đảo luôn khắc nghiệt hơn trên đất liền cho nên để cây phát triển đông đúc tạo thành rừng có khi kéo dài hàng trăm năm.Phá thì dễ hơn trồng và chăm sóc cây. Hoan nghênh chính quyền huyện Côn Đảo lắng nghe ý kiến phản hồi của những người có chuyên môn cũng như yêu thích Côn đảo.",,,
"Sau 4 năm, thê gioi đã co thêm công xương sản xuât mơi la asean+ india; công xương châu phi, công xương china. Thê gioi đã thay đôi rât nhiêu...",,,
"VN ơi, cố lên, chúng ta sắp được 15 ngày để yên tâm trong cộng đồng rồi.!",,,
Messi là cầu thủ bóng đá số 1 hành tinh dù bạn có yêu hay ghét.,,,
"Giọng anh không hợp với dòng nhạc này đâu anh Bo. Đừng cố đấm ăn xôi, thực tế là dòng nhạc nhẹ trẻ kiểu của anh nó đã qua hơn 10 năm rồi. Nên tìm tòi với những sáng tác mới hơn là đào vào những tác phẩm cũ. Là người hâm mộ anh từ xưa em cũng xin góp ý đôi lời mong anh đừng buồn nhé! :^*",,,
"Đi Phú Yên chơi được bạn đãi ăn rồi, nhưng say quắc cần câu nên chả nhớ nó ra cái vị gì, cũng chả biết ngon hay dỡ, còn đỡ hơn 2 ông bạn, nhậu về tới nhà phun ra hết, đúng vô ích.",,,
Muốn thấy những cú sút phạt thần sầu của Bale hiệu quả hơn Ronaldo C nhiều ! Mà ở Real Toàn Ro C đá phạt không thấy hiệu quả như Bale,,,
"đâu nói chất lượng được. ngay luồn gió, lóc xoáy sao biết được nó mạnh cỡ nào mà có thể đánh giá được.",,,
"Thị trường Trung Quốc bây giờ kinh khủng quá. Vừa đông vừa giàu, không hãng nào dám bỏ thị trường này cả. Chỉ 1 mẫu xe của thương hiệu xe sang BMW thôi đã có doanh số bán hơn 50% doanh số oto của cả thị trường oto Việt Nam trong năm 2019 (bao gồm cả xe tải, xe khách...). Chẳng hãng nào còn dám nói ""không"" với nhu cầu của khách hàng TQ cả.",,,
"Còn đâu những cồn cát dài, trắng, hoang sơ khi xưa khi trốn tiết cùng lũ bạn lăn lộn nơi đây.",,,
Jollibee chưa một lần ăn thử,,,
nghe hay không nghe gì cũng 18 năm.,,,
"Chúc mừng ba nạn nhân thoát chết trong ""ly"" tấc! ",,,
"Cách giải: Dựng các đường đi qua đỉnh hình vuông và song song với cạnh hình chữ nhật lớn, ta được các hình tam giác giác vuông nhỏ. Các tam giác vuông này có tính chất bằng nhau theo 2 hướng ngang và dọc. Gọi độ dài cạnh dài là a, cạnh ngắn là b. Theo phương ngang ta có 2a+5b=26, theo phương đứng ta có 2b+3a=17. Giải ra a=4, b=3. Suy ra cạnh huyền của tam giá là cũng chính là cạnh của hình vuông là 5 (pitago 345). Từ đó suy ra diện tích và chu vy.",,,
Cameron Diaz trong the mask đẹp hớp hồn,,,
"Bão mà vào miền trung lúc nào sức tàn phá cũng nặng nề hơn mấy chỗ khác. Hi vọng các tỉnh miền trung sẽ hạn chế thấp nhất thiệt hại, chứ đợt bão này thấy mạnh quá",,,
Có cái vợt bắt cá đẹp quá.,,,
"Phanh kéo tay, nội thất như con cerato. Ít nhất cái phanh nó nhét xuống chân như con sorento còn tạm được. chán không được như quảng cáo ban đầu.Thân.",,,
"Trận chung kết Đường lên đỉnh Olympia năm thứ 20, chỉ có một thí sinh đến từ trường chuyên, ba em còn lại đến từ các trường bình thường. Đây là điều khá thú vị cho một cuộc thi trí tuệ đường trường. Thời nay, trường chuyên và trường bình thường chỉ còn khác nhau về tên gọi và cũng không nói lên được điều gì. Nên chăng đừng gò ép con, em mình phải gồng mình để được vào trường chuyên. Những em có thực lực thì vào trường nào các em cũng phát huy được năng lực vốn có của mình và sẽ có nhiều cơ hội thành công.",,,
"Tình trạng của Đi là xác định nếu không giết người thì cũng sẽ bị người giết chết. Tự hỏi tại sao số điện thoại của Đi khó thế mà Thạnh cũng mò ra, mà số điện thoại 113 dễ thế sao Đi không biết mà gọi xin trợ giúp, hay với ý thức sống của Đi và Thạnh thì cuộc đời này chỉ có Kiếm hoặc Súng..",,,
Làm diễn viên màn ảnh em nào cũng xinh,,,
"Chào bạn,Đem vấn đề này lên đây hỏi thì chẳng khác nào đẽo cày giữa đường. Rất nhiều người sẽ đưa ra quan điểm cá nhân, có thể đúng với họ nhưng không hẵn đúng với bạn. Tôi cũng sẽ góp cho bạn một ý kiến mang tính cá nhân. Nếu là tôi thì tôi sẽ đem bán số vàng đó, lấy 2.8 tỷ (tương đương $120k) và mua chứng khoán chỉ số S&P 500 của Mỹ (rổ cổ phiếu của 500 công ty lớn nhất nước Mỹ gồm Apple, fb, Amazon, Google) để đầu tư dài hạn (10 tới 20 năm). Trung bình chỉ số này tăng 11%/năm (có năm tăng năm giảm nhưng đầu tư dài hạn không quan tâm tới vấn đề đó). Với lãi suất trên cứ 6.4 năm tài sản của bạn sẽ tăng gấp đôi, sau 20 năm bạn sẽ có xấp xỉ 1 triệu đô. Đây là khoảng đầu tư khá an toàn vì: thứ nhất, bạn đầu tư 1 rổ chứ không phải một cổ phiếu riêng lẻ; thứ hai là chứng khoán Mỹ được dẫn dắt bởi các công ty công nghệ, họ kinh doanh bằng ý tưởng chất xám chứ không phải bằng vận may (giống mấy người lướt sóng bất động sản); thứ ba là chừng nào Mỹ là cái rốn thu hút nhân tài trên toàn thế giới thì bạn còn yên tâm về chứng khoán Mỹ. Ngoài ra, hàng năm bạn còn được chia cổ tức (tầm 2-4%/năm) cũng không tệ tí nào.Thân",,,
Tuyệt vời! Bé giỏi quá,,,
"Với sự chuẩn bị chu đáo,đầy phong cách lịch lãm,tự tin của cả gia đình tháp tùng theo ủng hộ,chúc TT Trump sẽ thành công vẻ vang ở cuộc tranh luận đầu tiên này nhé!!!",,,
Ùi ôi! Đẹp trai quá trời!,,,
Nên mua bây giờ đừng hy vọng giá BĐS xuống đáy!,,,
"GS nói tăng từ 8 lên 11 tiếng/từ là không nhằm nhò gì à ? Tăng hơn 35% khối lượng còn gì? Sách cũ than nặng, sách này tăng thêm 35% khối lượng nữa .....haizaaaaa",,,
Nhìn nhang nhác giống con trắm đen ,,,
Pirlo làm chiến lược gia thì quá đỉnh.,,,
"Tôi rất thích ông Trump, tôi tin là sẽ đoán trúng vị tổng thống tiếp theo của Hoa Kỳ vì tôi đã từng đoán trúng 3 vị tổng thống gần nhất, lần này tôi đoán là ông Trump sẽ thua.",,,
Tôi ít để ý đến nội dung phim 3 cô này đóng vì những hình ảnh gợi cảm của họ đã làm choáng hết tâm trí của tôi rồi...! :),,,
Báo con đáng yêu quá giống y như con mèo con :^*,,,
800 triệu sao không mua Xpander Cross đi cho nó ngon ?,,,
"Đúng là tài năng đặc biệt, chúc mừng em, mong sau này em sẽ là nhà khoa học lỗi lạc cống hiến cho sự phát triển của đất nước.",,,
"Giờ sao ai cũng đc đề cử giải này nhỉ, hết Trump rồi đến Putin giờ đến Biden.",,,
"Không nên chọn xe nào cả, hãy chọn hình thức xe điện hoặc thuê tài xế riêng bạn nhé",,,
Vé máy bay đang rẻ ! các bác mua đi cho khỏe.,,,
Còn nỗi đau nào hơn! Xin chia buồn cùng gia đình của các cháu !,,,
Arteta thực sự là khắc tinh của Klopp.,,,
Thế này thì không sợ vợ la nữa rồi,,,
Thực phẩm chế biến sẵn mà ko có chất bảo quản thì chỉ 1 thời gian ngắn rất dễ nhiễm vi sinh có hại. Đặc biệt là botulinum. Vi khuẩn gây bệnh này rất nguy hiểm. Thực phẩm chế biến sẵn phải có chất bảo quản nhưng với 1 liều lượng cho phép ko ảnh hưởng sức khỏe người tiêu dùng.,,,
Tôi bỏ phiếu phản đối cho học sinh dùng điện thoại di động sớm.,,,
Vất vả cho người mẫu đi nhỉ. Mà đẹp quá đi.,,,
Từ nước ngoài nhập cảnh vào VN nên cách ly 21 ngày. Cả nước đã căng mình chống dịch chịu quá nhiều thiệt hại rồi. ,,,
"Tôi lạc quan dự báo bão sẽ suy yếu khi vào đất liền và thành áp thấp, không gây thương vong. Nhưng các biện pháp sơ tán phòng tránh bão vẫn phải thực hiện.",,,
Xem video này tôi rất lo vì sắp tới có thể tôi sẽ bị phạt Vì đi sai làn đường. Tôi sẽ cố gắn tuân thủ hướng dẫn theo trong video này. Nhưng khổ nỗi hiện tại còn nhiều tài xế dừng chờ đèn đỏ ở ngã ba ngã tư là chiếm làn rẽ trái hoặc rẽ phải. Trong khi họ đi thẳng. Tôi rất ghét những tài xế đó.,,,
"Chuẩn đấy, riêng nilon, bình nhựa là phải hạn chế tối đa sử dụng, vì skhoe chính bản thân mình trước, nhất là sử dụng ở nhiệt độ cao, cực kỳ độc hại.",,,
Cam lùi thỉ nên lắp thêm!,,,
"mua đất vùng ven bạn à, nên mua khu vực đồng nai, sẽ tăng giá rất nhanh trong 5 năm nữa",,,
Nghe vẻ nghe ve / Nghe vè con chuột / Cái đuôi thậm đuột / Như thể ống tre / Cái đuôi ngo ngoe / Ai thấy cũng sợ / ... Thế mà bên nớ / Chuột dạo công viên / Tranh ăn với vịt / Cả đàn đông nghịt / ...,,,
"Vậy mình cũng phải""giả vờ chết"" để cô vợ mình khỏi"" hành hạ"" mình mỗi đêm.",,,
Vừa đấm vừa xoa :') :')Cứ đà này giải Nobel không bao lâu nữa thành giải ao làng :') :'),,,
6 > 5 chỉ cần vậy thôi. xD xD xD,,,
Tiểu Vy mặc quần nhăn nhúm. MPT đẹp!,,,
"bao nhiêu gia đình tan nát vì cờ bạc, tác hại không thua gì ma túy đâu.",,,
Đá cup thì klopp học hỏi thêm Artete nhiều!,,,
Vk ck tôi từng 1 lần phá thai...tuy giờ có 2 con khôn lớn nhưng vk ck tôi luôn hối hận và ám ảnh đến bây giờ và mãi về sau. Mỗi khi có chuyện gì liên quan đến trẻ e là lòng đau nhói...thương lắm...Cám ơn nhóm thiện nguyện ..rất cám ơn...,,,
"Cứ như trong phim, thật tuyệt vời!!!",,,
đọc đến đoạn khẩu trang 105 usd ...,,,
"Vin công nghệ của Đức chạy thấy ngon . Nhưng tuổi thọ cần thời gian đánh giá, tuy nhiên sau 2 năm vẫn thấy ổn",,,
Bức xúc nhất là QL51 đoạn từ Long Thành - đến Bà Rịa - Vũng Tàu. Làn ngoài cùng bên trái luôn phải chạy vào lane trong khi gặp ngã tư. Nếu như tạo thêm 1 làn quẹo trái tầm 100m thì đỡ khổ biết mấy.,,,
"Cho hỏi căn cứ theo luật thì vật nuôi vẫn là tài sản, trộm chó tức là trộm cắp tài sản và các hàng quán mua chó trộm tức là tiêu thụ hàng gian tại sao chưa có hàng quán nào bị xử lý?",,,
Tôi cũng đoán được điều này,,,
"Phụ huynh phải tuyệt đối không rời các cháu, nhất là những nơi có ao hồ. Chúng ta sẽ không thể sửa chữa sai lầm này!!",,,
"Thời tiết thì mưa liên tục, khí hậu thì lạnh nhất trong mọi giải đấu từ xưa đến nay(các giải tháng 9 tháng 10 đều dc tổ chức trên sân cứng trong nhà với sân vận động kín hoàn toàn nên dù ngoài trời nhiệt độ âm cũng chả ảnh hưởng gì tới các VĐV bên trong),như vậy Nole đã thuận lợi giờ còn thuận lợi hơn so với nadal(lịch thi đấu nhẹ hơn nadal, đã vậy nadal sống ở đảo địa trung hải rất khô ráo và nắng nóng gần như quanh năm,mùa đông cũng ko quá dài và lạnh, còn nole từ lâu đã chuyển đến sống ở Pháp(monaco) nên khí hậu lạnh mùa đông ở Pháp nole quá quen thuộc rồi,hi vọng những ngày thi đấu BK và CK sẽ có mưa nhỏ trước khi trận đấu bắt đầu 1 tí để BTC đóng mái che lại cả trận cho nadal đỡ lạnh)",,,
Cầu mong các con bình an!,,,
Team học dở Toán giơ tay!,,,
"Đằng sau sự thành công bao giờ cũng có sự lao động cật lực. Thời nay làm bất kỳ việc gì nếu không học, tìm hiểu thì sẽ khó hoàn thành tốt.",,,
Nhìn tài xế rõ ràng đánh lái qua làn xe máy để giảm thiệt hại cho nó! Đúng là khốn nạn!,,,
 Quy định này quả là kì lạ,,,
Ai làm sai thì người đó phải gánh chứ. Sao nhà trường làm sai mà lại bắt học viên phải chịu. Quýt làm cam chịu sao,,,
"theo tôi nên tước bằng lái vĩnh viễn hoặc có thời hạn 5,10 năm. ",,,
Tôi đang có ý định sau này sẽ sang Anh du học nhưng sau khi đọc bài viết này thì có vẻ muốn chuyển hướng sang USA.,,,
Gọi là chuột đầm lầy nhưng thực ra là chuột cống các bác ạ. Gen chuột cống phương tây thương to hơn gen chuột cống châu Á,,,
vote fadil cho bạn trải nghiệm không gian nhỏ + tốn xăng :)).,,,
"Cảm ơn các anh đã kịp thời, mong con mạnh khỏe nhé",,,
"MC, MU, Arsenal, Everton căng sức đá với nhau trong khi đoàn quân của Mou bại đế đá với Stoke của hạng nhất. Sướng rồi nhé. Anh Mou mà than phiền lịch thi đấu tiếp thì tôi cũng chịu anh đấy",,,
"hết xe máy, điện thoại bh đến ôtô, hàng TQ giá rẻ hoàn toàn có thể cạnh tranh về chất lượng và thay thế cho các nhãn hiệu đắt đỏ từ Nhật và phương tây, kiểu dáng cũng ngày càng bắt mắt và đúng giá trị thật của xe, ko giá trên trời phi thực tế như các nc phương tây",,,
Nên mua khi còn trẻ và còn sk. Bạn có thể sửa đổi người thụ hưởng sau này nếu chẳng may rủi ro. Cứ yên tâm đi bạn.,,,
"Tôi nghĩ không nên để học sinh dùng điện thoại trong giờ học cho dù là THCS hay THPT vì ngoài những vấn đề ở trong bài đề cập đến, thì nguồn kiến thức lấy từ đâu là một phần rất quan trọng trong giáo dục.Sách giáo khoa được xuất bản sau những nghiên cứu, xét duyệt rồi mới đến hs/sv. Có nghĩa kiến thức hs/sv tiếp nhận từ sách giáo khoa có tính chính xác và khoa học.Tôi là người Việt Nam, hiện tại sống ở Mỹ, nếu tôi muốn hoàn thành một bài viết hay quyển sách nhỏ về cuộc sống người miền Tây hiện nay thì tôi cần phải về miền Tây sống vài tháng, như thế tôi mới có thể nhìn thực tế hơn. Ý tôi muốn nói rằng nguồn thông tin về cuộc sống miền Tây trên những trang website tôi có thể tiếp nhận nhưng chưa đủ.Tôi làm trong đại học y, hệ thống camera và IT có thể nhận biết tôi nhìn sv nữ quá 3 giây hay không, vì đó là qui luật của trường, nếu vi phạm sẽ mất việc. Sv không được dùng điện thoại trong giờ học. Ý tôi muốn nói rằng cho dù hệ thống camera và IT của trường chính xác từng giây, nhưng sv vẫn không được sử dụng đt trong giờ học.Thiết nghĩ hs sử dụng đt trong giờ học thì nguồn kiến thức lấy từ đâu, thầy cô có thể quản lý thông tin hs tìm kiếm hay không.",,,
"Học lớp 1 thứ 7 khai giảng có học đâu . Hôm nay là thứ 2 chính thức ngày học đầu tiên . Không biết nói gì luôn , quá đau lòng",,,
Mọi người ơi cho hỏi khi Ro ghi bàn bằng pen mọi người bảo là hôi pen vậy khi Si ghi bàn bằng pen do người khác kiếm được thì gọi bằng gì nhỉ?,,,
Cố lên hai đứa,,,
"Thích ý chí đầy nghị lực và mạnh mẽ này.""Đôi khi cần liều và can đảm để quyết định chính xác khi điều trị Covid-19"", bác sĩ Cấp nói.",,,
Tôi đi đường thường gặp nhất là cái biển báo và vạch kẻ đường không ăn khớp. Đi theo cái nào cũng có nguy cơ toi.,,,
Năng lực tới đâu giải quyết tới đó.,,,
ô kính 0.5x0.5m,,,
R.I.P anh bạn!,,,
"Khu đi bộ Đồng Khởi, Thi Sách, Thái Văn Lung gần nhau nên mở thành khu đi bộ không quá khó cái khó là tuyến Metro số 1&2 đã trễ 10 năm dự kiến, 2025 đi vào hoạt động mà chỉ mới hoàn thiện 68% nay gần 2021 liệu 4 năm nữa hoàn thành cùng kết hợp với phố đi bộ",,,
Tưởng giàu chính chính còn nể ai ngờ đi bán hóa đơn giá trị gia tăng khống.,,,
"Leno xuất sắc quá không thì Liverpool cũng bón cho thùng hành rồi, thôi lại phải quay về làm vua NHA vậy. Hơi tiếc 1 sân chơi cho các cầu thủ trẻ của Liv, đá khá hay nhưng đen và thủ môn đội bạn quá xuất sắc.",,,
hồn cá heo da cá sấu..,,,
Mất đi thần tượng,,,
"Chung cư mà dưới 1,5 tỷ thì cũng giống như những khu ổ chuột, nhưng ở trên cao thì đc gọi là ổ chim...",,,
"Kane vs Son đang bá quá rồi, bạn về đây chỉ đi đánh golf là hợp lý",,,
Và chúng ta cùng chờ đợi 1 trận cầu đỉnh cao BAC vs BY 9-2 hay là 10-2 đây ! Phần thắng thì chắc các bác đã đoán ra ngiêng về bên nào rồi đó .,,,
Chim cổ đỏ không chút lăn tăn vì đã làm ... đúng qui trình và chưa từng được học chữ ngờ.,,,
Cố thêm tí làm con Vios G 2020 620 củ,,,
"Tội phạm càng ngày càng trẻ, hành động thì liều lĩnh và ra tay không chút nương tay do dự.",,,
đúng là giải ao làng nên chênh lệch rất rõ giữa đội trong cùng 1 giải đấu. Đá hơn người mà vẫn để thua đến 2 bàn thì chịu. giải đấu 2 đội có khác.,,,
Thế là có tiền rồi. Chúc mừng cậu bé.,,,
Năm nào cũng mua qua cò chứ làm gì mình mua đc. 8h bán vé mà 7h50 vô đã hết vé,,,
chính quyền địa phương là cấp gần với dân nhất mà không sát sao giám sát được sự việc từ đầu. để một đứa trẻ non nớt như vậy phải chịu đòn roi tra tấn bao nhiêu lần trong thời gian dài như vậy mà không biết. đọc mà tôi rơi nước mắt.,,,
"Về lý thuyết là như này, ta có thể vẽ 1 tam giác trên 1 sợi tơ và làm một cuộn dây tơ đủ dài để quấn kín trái đất 1 vòng hay 100 vòng tùy thích",,,
"Chúc Tl'uk sớm trưởng thành, mạnh mẽ, trở thành bạch mã hoàng tử.",,,
John Wick xem rất chất về anh,,,
Vinh danh chàng trai ấy. Tự hào tôi là người Việt,,,
Cầu mong mọi người bình an!,,,
Mức giá 74k USD. Nếu em ấy mà di chuyển 1 mình trên đường phố ở Sài Gòn thì hay nhỉ?,,,
"Hit nhiều lắm, kiếp ve sầu, còn lại 1 mình, bóng dáng thiên thần, đi về nơi xa, mưa trên cuộc tình, trở lại phố cũ, hôn môi xa, kiếp rong buồn, cuộc tình cay đắng, phiêu du, bước chân lẻ loi ...vv...vv thôi không kể nữa mỏi...tay lắm",,,
Loài Kiến có sẵn gen di truyền dự báo thời tiết,,,
"Lại là con số 8 ám ảnh, lại là Bayern, Schalke mặc áo xanh mà chứ đâu phải áo xanh đỏ đâu.",,,
"""Khoảng 25 con được cho là đã chết. Nguyên nhân các con vật bơi lạc vào vùng nước nông thường là do mất phương hướng, gây ra bởi biển động mạnh hoặc ô nhiễm tiếng ồn."" - Hic, tội nghiệp các bé cá voi quá.",,,
"Lời nhạc mà như đối thoại, chả có gì đặc sắc",,,
"Đừng cố gắng sinh con khi không thể yêu thương , nuôi dạy và bao bọc những đứa trẻ đáng được hưởng đầy đủ những yếu tố cơ bản nhất",,,
"Anh Bảy bây giờ vẫn bay cao , bay xa , còn M10 thì tịt ngòi , chuẩn bị đẩy lên băng ghế dự bị",,,
Một trong các hoa hậu xinh đẹp nhất,,,
Nền y tế Đức vẫn tốt nhất,,,
Rất thích con người và tính cách của Messi.,,,
làm ăn cẩu thả xem thường tính mạng người tiêu dùng hãy phạt thật nặng,,,
mình cần bán i10 2017 số sàn bản full 300tr đây,,,
Mong thế giới hoà bình!,,,
"Họ hiểu rõ ngắt lời, thoá mạ đối thủ là điều Trump làm tốt duy nhất thay vì tranh biện.",,,
Lạc đường mà vào sân japan thì toi em nhẩy,,,
"350.000 Kể từ cuối tháng 7 đến nay, giới chức chưa ghi nhận tác dụng phụ đáng kể nào.Qủa là một con số tuyệt vời. Nơi bắt đầu sớm là Trung Quốc thì nơi kết thúc sớm cũng rất có thể là Trung Quốc.",,,
"Ko can thì ôm bé vào lòng cũng dc mà, chuyện con nít nó mới 2 tuổi hiểu cái j mà đánh nó. Đàn ông j chỉ biết bắt nạt con nít!",,,
"Cali năm nào mà không cháy. Mình có để ý hai bên đường có rất rất nhiều cây khô, khô đến độ vàng ươm hai bên đường. Mỗi lần như vậy thì mình nghĩ trong đầu là đảm bảo thế nào cũng sẽ có cháy và thế là vài ngày sau cháy thật :))))",,,
"Binz và Đen Vâu viết ca từ rất đẹp, rap dễ nghe, gần gũi bình dị, cá nhân mình nghĩ, vậy mới là đặc trưng của Rap. ",,,
"Trong video trên, có thể thấy Biden thể hiện sự bất lực mà ông ấy cứ cho mình là lịch lãm lắm.",,,
Cầu mong mọi người bình an! Việt Nam cố lên! Đất nước chiến thắng!,,,
"Bạn Đăng này giỏi quá, chúc mừng bạn và gia đình.",,,
Cậu Sane sang Bayern vô tình đc cúp rơi trúng đầu . Ở Man city đc á quân ngoại hạng. Hên quá,,,
"Từ nay đi câu cá phải ghi cảnh báo ""CẤM CÁ THU BAY KHỎI MẶT NƯỚC"".",,,
"Hàng xóm mình trước có 1 con như này. Khi nó sủa, khi nó tự dưng tru lên.",,,
Quản lý chặt không cho nhập cảnh trái phép là sẽ không có bệnh à,,,
"Jack Ma: "" nếu 35 tuổi mà chưa giàu thì bạn xứng đáng nghèo "".",,,
Họa vô đơn chí.,,,
"Nếu súng nổ a Đi chết rồi ah, tôi nghĩ nên giảm án cho a Đi",,,
Chưa thấy công ty TQ nào kiện mà toàn thấy người Mỹ nhảy dựng hết lên thế nhỉ,,,
Anh em Lào ko bị gì chúc mừng,,,
"Làm gì thì làm,cứ tránh bão rồi hả tính,còn người còn của.",,,
"Chúc mừng chiến công của C04, Công an tỉnh Hà Tĩnh và các lực lượng phối hợp.",,,
Con xe mà bạn nói đến là wigo. Trọng lượng xe nhẹ. Rộng rãi. Bền thì ko bàn rồi. Ở đây chê wigo là sale hãng khác thôi. Ở đông nam á doanh số tầm 200k xe 1 năm đấy.,,,
"Mấy bác đừng Anti Si nữa, Si xứng đáng được dựng tượng và đặt ngay SVD quốc gia...Chile đó, ngày vui của Fan Barca và ngày buồn của Fan Leo28 sắp tới !!!",,,
"Yếu tố cơ bản nhất để làm lãnh đạo là nhìn xa và lo xa. Cái này Trump không có, cho nên khi Trump vua làm tt tôi biết liền nước Mỹ sẽ có vấn đề",,,
Nhìn cảnh cá sấu chạy xăm xăm lúc ở trên cạn thấy ghê quá. Nếu lỡ giáp mặt với nó không biết có chạy thoát nổi không.,,,
"Phương án 2 ok nhất , ngoài các dự án trên nên có tuyến cao tốc Trà Vinh, Bến tre, Mỹ tho kết nối với cao tốc TP HCM đi cần thơ thì tỉnh nào ở nam bộ cũng có cao tốc kết nối với TPHCM.",,,
"Phải truy tố hình sự để răn đe,thật hèn hạ.",,,
Không đẹp nhưng nhiu options,,,
Đã đến lớp là phải tập trung nghe sự chuyền đạt kiến thức của thầy cô . Không phải là đến lớp ngồi mà bấm hợp pháp được . Bọn trẻ sử dụng điện thoại thời gian ở nhà đã đủ lu mê rồi bây giờ lại ở lớp học nữa .. Thôi thôi dẹp vụ này đi .,,,
Ông ta thích sống ở những nơi mà mình có nhiều kỉ niệm,,,
"Chúc bé luôn bình an trong tương lai, và chúc các bạn tình nguyện vui luôn an lạc hạnh phúc trong cuộc sông, các bạn đã làm tôi cay khoé mắt, cám on cac ban",,,
Sau gần 4 năm của Tổng thống D.Trump thì không phải nước Mỹ đứng số 1 mà là nước Mỹ đứng một mình.,,,
"Việc đã qua nhưng những gia đình tương tự chịu khó làm hàng rào ,chi phí cũng không cao nhiều lắm. Lỗi này là do người lớn.",,,
Tình quay gót không nổi bằng ha ...,,,
tôi ko tin MU muốn mua Fati 170tr,,,
"Mình nghĩ nên đầu tư đất cứ để thế khoảng 5, 10 năm nữa giá trị miếng đất có thể là 5 , 6 tỷ ấy",,,
Tôi vẫn thích tổng thống Donald Trump.,,,
"Cải Lương Chi Bảo mà cất giọng lên thì tui luôn Lạnh sống lưng, một giọng hát Liêu trai đến lạ, cải luong thì tui thích nhất Cô Bạch Tuyết và chú Minh Phụng",,,
đẹp thua vợ tôi nhưng tiêu tiền nhiều hơn vợ tôi. Ngấm lại thì tôi thật hạnh phúc với vợ tôi hiện tại,,,
Vì có người ăn thịt chó nên mới có người đi ăn trộm chó. Mọi người ngưng không ăn thịt chó thì lũ đó đi trộm làm gì!,,,
gây ảnh hưởng cho sức khỏe cộng đông mà sao kg cấm luôn đi,,,
"Tội chồng tội, đang mang vết tì, giờ khuấy động lên cho người ta biết..",,,
Chúc anh chóng bình phục để đưa nước Mỹ vĩ đại trở lại,,,
"""Kẻ 'quấy rồi' gặp bà già"" là đây ;-))",,,
"MÌnh không đồng ý với ý kiến của tác giả. Bây giờ nói đơn giản, trong 1 lớp học có bao nhiêu học sinh mà cô giáo có thể giám sát được xem chúng làm gì với điện thoại? tìm hiểu gì? vậy 45p học cô chỉ đi ktra điện thoại của từng người một ak? nhà tác giả có 2 đến 3 con mà có khi chả biết được con nó xem cái gì ( ngoài giám sát thời gian sử dụng-đấy là khi có tác giả ở nhà) thì cớ gì lại bắt các giáo viên phải theo dõi?? đến khi có vấn đề gì thì lại đổ lỗi cho giáo viên???? nghịch lý!",,,
"Rất rất ngưỡng mộ ái nữ Ivanka của Trump '' tài, đức , trí , mĩ , dũng .công , dung , ngôn, hạnh.''",,,
"Này mới thật sự gọi là cá, giờ thấy toàn cá nuôi không. Nhìn rổ cá rô kia mà kho với ba chỉ ăn thì cơm nào cho đủ",,,
Tôi tin Joe Biden will win eclection nov 3 2020,,,
"Nếu có khu vườn hoa với nhiều loại hoa: mùi hương, màu sắc... sẽ cho ta một cảm giác hương phấn, thoải mái, yêu đời..v.v Thì theo tôi tất cả loài hoa đều có thể cho ta một làn da đẹp <3",,,
Ôi đúng là liều thì ăn nhiều. Tôi không liều thì ăn ít ^_^,,,
"đây thật sự là hành vi rất độc ác, cần đưa vào tội cố ý giết trẻ em. Thời buổi mà bao cao su đầy rẫy, không khó tìm, vậy mà vẫn để xảy ra nhiều ca phá thai đau lòng!",,,
"Hiện nay đã thấy nhiều Fadil và các dòng của Vinfast chạy khá nhiều trên đường, điều này chứng tỏ nó đang được mọi người tiếp nhận, thêm cạnh tranh là thêm sức mạnh, chứ cứ quẩn quanh với mấy bác toy, huyn, kia,.., quen thuộc, cũng vẫn là cái ôtô.",,,
Tìm mãi không thấy gia đình nhà mình.,,,
Cách đây 5 năm bản giá đất tăng đến nay 30-160% ở mức này doanh nghiệp bđs buộc phải tăng theo+ với đồng tiền vnđ trược giá + 1 dự án khi xin phép đến hoạt động mất ít nhất 3 năm lãi suất ngân hàng nữa như vậy giá nhà tăng là điều tất nhiên. Vấn đề là người thu nhập thấp nhưng lại muốn sống ở cát quận trung tâm nếu họ dịch chuyển ra vùng ven như củ chi hay đức hòa... Mua lô đất nền tầm 700-1 tỷ rồi vài năm sau xây nhà ở thì thiếu gì?,,,
"Hong Kong 4, Ấn Độ 2.",,,
"Trump làm kinh tế giỏi nhưng chức vụ tổng thống không thích hợp với ông,",,,
"Giá nhà trong SG đặt ít nhất gấp rưỡi ở HN. Ở SG cách trung tâm 25km chào bán giá 2.5 tỷ cho căn 50m2. Ở HN cách trung tâm 5km, chào giá 1.6 tỷ cho căn 55m2 cùng một chủ đầu tư. Hài",,,
Ấn Độ đã rất nỗ lực trong bảo tồn động vật hoang dã.,,,
cưng,,,
Cảm ơn thầy cô vì đều đặn làm video mỗi ngày gửi tới mọi ng.,,,
Người phụ nữ đặc biệt và phong cách.,,,
QUÁ KHỦNG KHIẾP KHI TRÁI ĐẤT PHẢI ĐỔ MÁU VÌ KHÓI BỤI !Ô NHIỄM-THIÊN TAI -DỊCH BỆNH --TỪ ĐÓ MÀ RA !,,,
Kiếm chiếc innova đời 2015 Đi nhé Bạn. i10 dễ dính xe dịch vụ lam,,,
"Em phân vân Soluto 2 bản MT và AT 1.4 và cuối cùng đã lựa bản MT, mùa dịch covid mà giảm cả 50% phí trước bạ tốt quá =))",,,
Cầu mong mọi người bình an! Việt Nam cố lên! Đất nước chiến thắng!,,,
Cơn bão này không quá mạnh mà cột điện đã gãy hàng loạt. Xem lại chất lượng cột,,,
"h con gì cũng muốn ăn , người mà mọc vây có mang thở dưới nước chắc cá biển cá sông tiêu hết :) .",,,
"con chó robot này nhìn hình dáng y hệt trong phim Black Mirorr nói về thế giới tương lai ấy, chỉ khác màu sắc thôi, trong tập Chó Sắt, nó tiêu diệt con người như rạ và cực nhạy bén, nhìn nó lại nhớ tới cảnh phim.",,,
Nhà tui có khẩu trang họa tiết tương tự giá có 2-3k 1 cái à.,,,
"Phải truy ngay nguồn nhiễm F0 từ đâu ra, nếu không sẽ còn lây nhiễm nhiều.",,,
Giỏi quá. Chúc mừng em. Em còn quá trẻ mà anh đã nhìn thấy rất rõ ràng ở em tố chất để trở thành một giáo sư sau này rồi. Mong rằng kiến thức và trình độ của em sẽ được vận dụng tốt sau này.,,,
Si tất cả đều hoàn hảo chỉ 1 vết ố đó là Cúp Tuyển.!Ở clb Cúp gì cũng có luôn là măt trái của Si ở Tuyển!Dù kỳ vọng rất nhiều!Ro có mọi thứ từ tuyển đến clbKL: Trời độ Ro ko độ Si,,,
Lấy gì bù đắp lại được đây?,,,
Fan coca cola đây,,,
Thực sự đồ uống có đường chưa bao giờ tốt cho sức khỏe! Tôi vẫn nói Không với đồ uống có đường !,,,
Iron Man đã có thực nha mọi người!,,,
Bất động sản lại dậy sóng.,,,
"Cũng cảnh tốc váy nhưng mang tính cách thiên thần, quyến rũ. Cũng cảnh quay này nếu ở điện ảnh mì ăn liền ở ta đóng thì nó dung tục, câu khách.",,,
Xếp hàng rất có thứ tự,,,
Chả có ẩn số gì. Juventus mạnh nhất Italia+ thế lực ngầm trợ giúp nên HLV nào cầm quân cũng vô địch hết. Ronaldo lại có cúp rơi vào trán,,,
"Có cạnh tranh thì luôn phát triển, thế giới sẽ được hưởng lợi.",,,
"Lựa chọn số 1 đó là Toyota Vios,thân !",,,
Rất ngưỡng mộ 2 bố con anh Quốc Tuấn! Chúc 2 bố con luôn mạnh khỏe và hạnh phúc!,,,
"Cách bơi hai cá giống nhau, nhưng động cơ trái nhau: cá heo hứng thú vui chơi, còn - Tommy đang chịu ảnh hưởng của hormone và giận dữ. (Sấu vẫn hoàn sấu thôi)",,,
cảm ơn vì tất cả,,,
"Trong dịch, chẳng ai dám đưa ra thứ giả cả. Chẳng qua nghi ngờ như thế để thế giới đỡ đổ xô đi mua vaccine Nga mà thôi.",,,
"Mong rằng sẽ không còn bài viết ca ngợi như thế này nữa.. vì sẽ không có đợt dịch nào tiếp theo nữa, mọi người có vaccine, có thuốc, khỏe mạnh và an lành.",,,
Làm người không muốn lại thích làm ngợm.,,,
Binden lú lẫn quá rồi,,,
"Sản phẩm này có người ngộ độc từ cuối tháng 8, tới nay báo đăng đã 2 tuần rồi. Ngta đem trả lại hoặc đổ bỏ hết rồi mà. Lưu ý dùm tý.",,,
"Lái xe khi chưa đủ tuổi. Không có giấy phép lái xe. Sử dụng chất ma túy khi lái xe. Gây tai nạn làm chết 2 người. Bỏ trốn sau khi gây tai nạn. Không trung thực khi khai báo trước tòa. Vậy mà hình phạt lại chỉ có 30 tháng tù? ( 30 tháng nghe có vẻ nhiều, thực chất thì chưa đến 3 năm tù). Thử hỏi tòa tuyên án như vậy, có làm dư luận đồng tình hay không?",,,
Quá đau xót!xin chia buồn cùng gđ các cháu.,,,
Mất hết nhân tính. Cặn bã của xã hội.,,,
"Hôm bữa chở thằng cháu học lớp 1 mà hoảng. Thấy nó kéo lê cái cặp từ lớp đi ra. Mình la tại sao lại không mang mà kéo. Nó bảo là quá nặng. Mình xách lên để lên xe thì thấy quả là nặng thật. Càng cải cách chỉ thêm nặng nề, có hiệu quả gì. Đơn giản là hiệu quả nhất. Thử xem khi học đại học ra trường xong, số người dùng đâu có quá 4 cái phép tính + - x ÷. Còn vô công mà làm được việc thì lại là chuyện khác, toàn phải học cái không dạy ở trường.",,,
"Hồi hộp nhỉ... Sao năm nay ứng cử viên có vẻ nhạt nhoà, còn lớn tuổi quá để lãnh đạo Mỹ những năm tới, thời kì mà thế giới sẽ căng thẳng.",,,
"Trump là tổng thống có lẽ tốt hơn, thật sự nhìn Biden rất thâm sâu khó lường, rất khó cho các nước khác khi làm ăn với Mỹ từ Biden!",,,
"Tôi xin hỏi , Hà Nội có phố Ngô Thì Nhậm, TPHCM có phố Ngô Thời Nhiệm , liệu hai tên phố này là một người hay hai người khác nhau???( mong có sự giải thích)",,,
Sáng ra chỉ mong mở báo Vnexpress và đọc được tin như này.,,,
Tình hình đã tạm ổn. Hết mưa hết gió. Pv Turbo thường trú tại huế.,,,
Người Việt nhưng phát âm lớ lớ như người nước ngoài. Nghe cứ tưởng nhạc nước ngoài. Chán không thèm nghe.,,,
"Quý vị yên tâm nhé, đây chỉ là chiến thuật, chiêu bài mới nằm trong kế hoạch của Trump thôi. Nghỉ xả hơi 2 tuần trước rồi sẻ tái xuất, hẹn gặp lại quý vị nhé. Đả sử dụng đến chiến thuật này thì 99% Trump sẻ lại đắc cử tổng thống rồi đây. Bác Trump đúng là cao tay, khó lường sẻ khiến cho tất cả bất ngờ nhé. Hãy đợi đấy",,,
Việt Nam cố lên! Đất nước chiến thắng!,,,
Chúc mừng các anh,,,
"Thật như đùa, ngoài kinh phí còn thời gian, công việc cơ hội, ai lo?",,,
"không nên nghe từ đàn bà ,và càng không nên tin những gì phụ nữ nói",,,
Học tập loài thông minh hơn - Trỗi dậy!)),,,
"David Moyes ơi, ông định đi trước Mourinho sao?",,,
Sau này ra trường đi làm thì đầy công ty còn cấm nhân viên sử dụng điện thoại trong giờ làm kia kìa! Ko có lý do gì để cho học sinh sử dụng đt trong giờ học cả!,,,
"Lại vẫn Lào Cai sập cổng trường. Cách đây hơn 2 năm đã sập tại thị trấn Tằng Loỏng, huyện Bảo Thắng, Lào Cai làm chết 1 cháu bé rồi.",,,
"điều kg hiểu ở đây là, tại sao 2 khu vực này gần các con sông rạch, mà nước lại kg thoát dc",,,
"Xe dù bến cóc tràn ngập tp, liệu bến xe mới có giúp được gì không?",,,
"Đọc con số phá thai hàng tháng mà giật mình, tốn tiền để lại hậu quả về tâm sinh lý cho bạn nữ. Đã đến lúc giáo dục giới tính thực tế cho các em, dạy các em sử dụng bao cao su khi quan hệ. Chúng ta sợ vẽ đường cho hươu chạy nhưng bay giờ hươu đã chạy lạc lối rồi",,,
Cụ sấu ạ,,,
LUX thôi. còn Santafe thì nên mua máy dầu,,,
"Ủng hộ VNEXPRESS có bài viết để Giáo sư-tác giả Thuyết có cơ hội giải trình và phản biện.Riêng ý kiến cá nhân tôi không đồng tình với quan điểm của tác giả ở một số điểm như sau:1. Chương trình học không thể hoàn tất trong 10 tiết/ tuần thì có thể giảm nội dung cần giảng dạy chứ không chỉ có cách tăng 20% số tiết học.2. Đa số sỉ số mỗi lớp học hiện nay trên 40 em thì sách và chương trình học phải phù hợp với điều kiện hiện tại. Hy vọng 10 năm tới mỗi lớp sẽ chỉ có 30 em học sinh. Chương trình và sách giáo khoa phải song hành vì đây là phương tiện tương tác cơ bản giữa học sinh và giáo viên.3. Giáo dục định hướng phổ thông nhưng có rất nhiều phụ huynh, giáo viên ở thành thị phản ánh chương trình học nặng, còn những miền xa, miền núi thì sẽ thế nào? Sự cảm thán cũng đã diễn ra nhiều năm.4. Việc học hết 29 chữ cái là căn bản, nhưng nội dung các câu chữ trong bài học, 140 vần tiếng Việt có thể làm khó và nặng nhiều học sinh chưa học vỡ lòng, Xin đề nghị nhiều vần phức tạp chỉ liệt kê ở các trang cuối sách giáo khoa, các em tiếp xúc thì dần cũng có thể quen sau này giống như học ngoại ngữ.5. Tiếng Việt là căn bản, các môn học khác phải dựa trên khả năng tiếng Việt của học sinh để thiết kế chương trình. Đề nghị không vì để học các môn học khác mà tăng nặng chương trình, bỏ đi cơ hội tương tác tư duy ngôn ngữ của các em hay gây áp lực lớn cho gần nửa số học sinh có mức phát triển trí óc thông thường.Chân thành cám ơn Giáo sư Thuyết và mọi người.",,,
"""Nhưng khi Virgil Van Dijk có thể phất quả bóng dài tới 50m cho Mohamed Salah, Liverpool là không thể ngăn cản. Đó là chất lượng thực sự của Liverpool. Họ chi tiền đúng cho người mình cần trên thị trường chuyển nhượng để nâng cấp đội hình"". Chuẩn lun kaka :V",,,
Cám ơn các bạn,,,
"Lacazette mà tận dụng được tình huống đối mặt thủ môn đó, thì kết quả có lẽ sẽ khác.",,,
Thiên tài 1 thuở giờ chỉ gắn với Pen. Chúc mừng Koeman và Barca đã thoát kiếp: BÓNG PHẢI QUA CHÂN SI.,,,
Giết người thì phải đền tội. Còn kẻ chết cũng không đáng thương vì những kẻ xem thường người khác thì đáng nhân cái kết đáng vậy.,,,
bạn nhỏ này là kết quả của mối tình anh Gấu Kiến và chị Kangaroo đây mà. Nên giờ bạn nhỏ ấy có được tốc độ siêu nhanh của Mẹ và có được chiếc mũi dễ thương từ Ba.,,,
Bim cũng bị phạt vì nổ sao?,,,
"Ôi trời 1 người ăn chỉ 1 gói mỳ mà tận 5,6 cái túi nilong thế kia thì thua luôn",,,
"Làm ơn nâng tầm nhìn xa thiệt xa một chút dùm, xây cái cầu khó mà cứ xây cầu bề ngang nhỏ rồi sau tầm 5,7 năm là nghẽn cứng rồi xây tiếp 1 cây cầu song song tốn biết bao nhiêu tiền của.",,,
"Hay quá, Cuban, mình có tất cả các tính cách trên nhưng rất tiếc lại ko biết đầu tư vào bất kỳ quỹ nào.",,,
"lớn vậy rồi mà còn cần người giám hộ, không hiểu lắm về đất nước cô ấy đang định cư",,,
"Người ta cứ sợ chung cư cháy, nhà thì không có cháy.",,,
quá sợ ! ra đường ko có làn mà chỉ có chui luồn mới sảy ra tai nạn giao thông nhiều,,,
"Miễn thuế thu nhập cá nhân, giảm thuế thu nhập doanh nghiệp, hỗ trợ lao động mất việc trong năm 2020, đây là khoan sức thu để sang năm còn có cái mà thu . Tình hình này nếu tiếp tục sẽ gây đổ vỡ dây chuyền với các doanh nghiệp vừa và nhỏ, các doanh nghiệp lớn thì thu mình lại, tình hình xã hội sẽ cực kì phức tạp khi đội quân thất nghiệp quá đông.... Nói chung là năm 2021 chưa có sáng sủa gì cả !",,,
"14 ngày k ca nhiễm mới, tín hiệu thật tích cực cho ngày đầu tháng cô hằng",,,
"Thời buổi công nghệ thông tin, mọi người nên đọc báo để cập nhật thông tin nhanh nhất",,,
"Hoan hô các chiến sĩ công an. Bọn buôn chất cấm này cần giam giữ điều tra để tóm được kẻ cầm đầu đường dây, không nên tử hình vội.",,,
"Ảnh thật vui nhộn, tâm trạng mình thoải mái hẳn khi xem ảnh.",,,
"Ông Trump thực hiện 99% lời hứa khi tranh tranh cử, trừ công khai thuế!",,,
"Một năm hoàn hảo cho Bayern, chúc mừng!P/S: Bayern không có Sane sẽ tấn công nguy hiểm, trực diện hơn. Lối đá của Sane quá phức tạp, giống hệt Dembele hay xa hơn là Denilson của Brazil những năm 2000', rê dắt ngang quá nhiều, lóng nga lóng ngóng không đâu vào đâu. Khả năng đây là bản hợp đồng thất bại đầu tiên của Bayern sau nhiều năm.",,,
"Không có clip thì nghe chả ra gì, các loại nhạc trẻ underground, hoặc mấy bài hát lời nhí nhố bây giờ đều thế",,,
"Lại thấy có cái gì đó hay hay, thích đồng quê thì về nhà, thích hiện đại thì qua một cây cầu. Nói vui thì sướng hơn nhiều người.",,,
Biết rõ nguy hiểm mà vẫn làm và thiếu biện pháp an toàn thì thật quá liều lĩnh,,,
"Tôi gửi con đi nhà trẻ từ lúc cháu lớn 2,5 tháng. Qui định nhà trẻ tại Pháp là trẻ dưới 1.5 tuổi 1 cô trông 4 trẻ. Trẻ từ 1,5 tuổi đến 4 tuổi 1 cô trông 8 trẻ. Khi các cháu vào mẫu giáo thì lớp 25 bé có 1 cô phụ trách và 1 bảo mẫu phụ cho các bé đi vệ sinh, đi ngủ, ăn uống. Đó là tôi ở tp lớn. Chứ ở tỉnh nhỏ sĩ số học sinh mỗi lớp còn ít hơn 25, chỉ khoảng 18-20 bé có 2 cô phụ trách. Chỉ thấy tội cho dân nghèo của mình, vì bên VN vẫn có những nhà trẻ tư đk tốt mà k phải ai cũng có tiền để con vào. Nhìn thấy bé bị cắn mà xót xa.",,,
"Có nhé, xét tam giác cân có đường cao 0,2mm, cạnh đáy = 10x510100x10(mũ 9) mm thoả mãn yêu cầu tổng đường cao nhỏ hơn 1mm và diện tích bằng S trái đất.",,,
Tai nạn thật thương tâm . Mong các linh Hồn nạn nhân dc siêu thoát . Xin chia buồn cùng gd nạn nhân và mong chính quyền hỗ trợ đến với các gd bị nạn,,,
Vui ghê...!,,,
"Hên quá, không ăn chay mà sử dụng thực phẩm đóng hộp. Mà không bít thương hiệu này luôn.",,,
Muốn mua xe ít hỏng vặt thì đừng mua xe Hàn là OK.,,,
"Nên có 1 nút bấm như nút hazard ở cốp sau.. có đèn và còi, khi trẻ quá nhỏ để mở cốp nhưng có thể bấm để cầu cứu người bên ngoài..",,,
Có lãi là còn may rồi.Nhiều doanh nghiệp còn không có tiền n viênmà trả nhâ đây này.,,,
Tôi là người Việt ở trong nước VN tôi không khóc mà cũng thật buồn. Trump trúng cử có lẽ sẽ tốt hơn cho cả VN và thế giới.,,,
Nếu Trump khỏi bệnh sớm sẽ là lợi thế về mặt sức khoẻ trong chiến dịch tranh cử cử ông . Mong ngài mau chóng bình phục .,,,
"Máy quá yếu, leo đèo như ông lão 70, nếu chỉ đi trong phố thì tạm được",,,
Bạn mua con KIA FORTE cho nó lành phân khúc C option khá hơn các con xe kia.Nhưng vỏ mỏng đi hơi ồn . Xe chạy hỏng hóc vặt Tôi vứa bán con forte 2012 chạy 5van 2 cho bạn giá 330 củ,,,
Quy định quái gở nhất ,,,
Một tấm gương sáng để những ông bố nhìn vào! Chúc bố con anh sức khỏe và hạnh phúc.,,,
Vậy người hút mà trong người đó có 2bao có bị phạt kg?,,,
"Chỉ còn biết dùng 2 từ để diển đạt "" Nể Phục"". Chúc Ông có thật nhiều sức khỏe để hoàn thành ước mơ.",,,
Nghe cô nói kiểu muốn là vào bk ấy.Con thi sấp mặt mới được 25.45 k bik vào được k nè.,,,
Mua trái phiếu của doanh nghiệp tư nhân như chơi dao nắm đằng lưởi .,,,
Hy vọng ông Trump sớm bình phục. Ủng hộ ông,,,
"10 ô tô bán chạy nhất tại Nhật chắc chỉ toàn xe Nhật. Tuy nhiên, 10 ô tô hạng sang bán chạy nhất tại Nhật thì xe Đức lại đứng đầu. Thân!",,,
"Hy vọng lại thấy được một Bale bùng nổ, một TOT đầy sức mạnh và tốc độ. Chứ k rệu rạc như bây giờ. Từ lâu đã mất niềm tin vào MOU, ông bây giờ chỉ có nâng tầm các đội bóng hạng trung với lối đá tử thủ đầy dũng cảm thôi, chứ cho cầm đội 1 tỷ bảng cũng không ăn thua.",,,
NTrang Lơng - tên đúng là vậy. Nhưng đọc đúng là đọc như thế nào. Phải hướng dẫn thêm để dân đc biết. Nếu đọc theo nghĩa phiên âm tiếng Việt thì mình đọc là En nờ phảy Trang..và chữ cuối thì ko biết đọc ntn luôn,,,
Về với Mou là chuẩn bài rồi. Tot sẽ đi lên.,,,
"Vấn đề này ngân hàng và các cty cho vay tín dụng phải có cơ chế quản lý việc mở thẻ tín dụng/cho vay chặt chẽ, có xác minh lý lịch đầy đủ, chứ không phải như hiện tại, quá lỏng lẻo để các đối tượng lợi dụng kẽ hở giả mạo người khác vay tiền. Thời đại hiện nay việc cung cấp thông tin cá nhân như CMND...là không tránh khỏi. Ví dụ tôi ở khách sạn, khách sạn yêu cầu CMND, tôi cung cấp xong nhân viên đem CMND của tôi đi mở thẻ tín dụng mà các vị cũng cho như trường hợp trên thì tôi cũng bó tay",,,
ông trời tạo ra địa chấn và cách bơi của sấu là điểm nhấn,,,
"Hiz, e vô tìnhh bị vài lần thế này... Fai nói là đau thấu ",,,
tôi vẫn đang đau lòng vụ mẹ ruột chăn dắt con ăn xin. giờ thêm thằng cha nhẫn tâm thế này nữa..,,,
Sinh lão bệnh tử. Mong ông an nghỉ.,,,
Có thể còn kho báu,,,
Biết vậy sao vẫn mở đường bay quốc tế??? Rồi khi dịch bệnh bùng phát thì ngành hàng không và du lịch có chịu trách nhiệm hay không??? Chịu bằng cách nào???,,,
Mọi việc mà có sự phối hợp của nhân dân thì quả là hoàn hảo rồi,,,
Chưa hiệu quả thì cải tiến tiếp nhưng luôn phải đặt an toàn lên trên hết. Tiết kiệm quá thành ra như 737 thì chả ai dám đi.,,,
"Lúc này không mua đến bao giờ nữa bạn , Đầu tư vào Q9 là chuẩn rồi đấy . chưa bao giờ lãi NH đổi kịp BDS tăng cả. tải sản lớn tất nhiên thanh khoản chậm hơn , nhưng TP Thủ đức đang hót , nên quyết đi thôi . Chúc bạn may mắn",,,
Tuyệt vời quá Việt Nam ơi ! Cảm ơn các thiên thần áo trắng cùng sự nỗ lực của ban phòng chống dịch cùng ý thức của toàn bộ người dân !,,,
"Mấy năm trước Messi cho mấy clb ngọai hạng ngập hành. Trò chơi nào cũng có tập thể, khi cả hệ thống đi xuống thì 1 cá nhân tầm thường không thể kéo lên được.",,,
"Vâng, tôi không biết Si hay bao nhiêu trận, tôi cũng chẳng phải fan cứng của Si nhưng những người chê bai Si là những người không xem trận bóng đá hôm qua mà chỉ vào đọc tựa đề",,,
Dùng điện thoại để làm gì nhỉ.? Được và mất cái nào nhiều hơn? Ai quản đc tất cả?,,,
"dễ gì ăn được của bảo hiểm, họ có hàng ngàn phương thức giám sát và theo dõi bạn tất tần tật, bạn khám ở đâu, bệnh gì, cố ý thương tích hay bị thật. Nếu họ không có nghiệp vụ như vậy thì bị đền cho sạt nghiệp à",,,
Rút tiền mua đi. Hỏi gì nữa!,,,
"Đáng trách nhất vẫn là người mẹ, có hai con gái tuổi dậy thì mà ko chú y và quan tâm con nhiều hơn để nó sống cùng cha dượng thì trước sau gì chả bị hại",,,
Chưa bao giờ thấy ngành y thiêng liêng và cao quý như bây giờ.,,,
Thật khủng khiếp. Nhân tính con người ở đâu?,,,
Biden đã thắng set 1. Hi vọng chiến thắng cuối cùng là 3-0 và Biden tiếp quản ghế tổng thống để nước Mỹ lấy lại vị thế vĩ đại thực sự!,,,
Tiếp tục tin vui đầu ngày mới,,,
"Thôi xong rồi, một ổ dịch tại Nhà.Trắng. Nước Mỹ đang thật sự hỗn loạn. Chúc Trump và cấp dưới mau khoẻ.",,,
HLV có thân hình thật xinh đẹp và khỏe khoắn.,,,
"""Kiến ăn cá rồi cũng có lúc cá ăn kiến"", đại loại thế...",,,
"Đi soluto nhìn thì có vẻ oai, vui bên ngoài nhưng khóc bên trong . Thôi thì chọn Attrage cho vui nhà vui cửa chứ rước mấy cái xe Hàn về thì khóc hết nước mắt sau một thời gian ngắn . Thân ái !",,,
"Thật cảm động, cá trê hy sinh thân mình để cứu rắn khỏi chết đuối. Nhưng cuối cùng rắn đã đầu hàng số phận.",,,
Mừng quá.,,,
Cầu mong mọi người bình an! ,,,
"Mới đưa ra một nửa vấn đề là cho phép sử dụng, còn cách quản lý và sử dụng sao cho hiệu quả thì lại bỏ ngỏ.",,,
tôi năm 13 tuổi cũng suýt chết đuối. cũng may do thể trạng cao to (1m65) nên cứ nhảy lên ngụp xuống chờ bạn bè gọi người đi đường xuống cứu. Cha mẹ tôi mắng tôi 1 trận rồi cho đi học bơi ngay sau đó.,,,
"Bóng bẩy, option nhiều như xe Hàn. Xe Hàn lại có đối thủ mới dành giật khách hàng thông thái,hưởng thụ rồi.",,,
"Thích nhất Đan Trường quay MV mà lấy bối cảnh kiếm hiệp, nhìn Đan Trường vs Cẩm Ly đóng cặp đẹp như film theo tiểu thuyết của Kim Dung vậy.",,,
"Nhiều xe làm gì có gập dc ghế, ghế thẳng luôn",,,
"Bàn nhiều hết đại dịch doanh nghiệp chưa chắc được hỗ trợ, chỉ cần đưa ra một số tiêu chí: doanh thu, đóng thuế, số lao động. Còn lại trường hợp hậu kiểm. Đã gọi là phản ứng nhanh còn điệu đả thì xong không còn doanh nghiệp nào sống cả.",,,
không đẹp bằng vợ mình :),,,
Kinh khủng thật. Tài sản một trường đại học bằng GDP của cả một Hà Nội 8 triệu dân.,,,
"thay ai cũng vây thôi ,đá cái j nói thì hay từ ông bầu tới cđv nhưng thực tế như hài , thuê cố giáo về dậy múa hát văn hóa là chuẩn luôn ok",,,
"Tôi cũng yêu quý và cầu mong, lẫn tin tưởng Ngài TT sẽ tái đắc cử một cách vẻ vang.",,,
Không biết là đòi nợ hay là mượn thêm đây. Sợ mượn hoài trả không nổi thì có.,,,
Soluto là sự lựa chọn có lẻ là ổn nhất trong tầm tiền của Bác!,,,
"Covid không chừa một ai, liệu Trump đã biết sợ chưa? Hy vọng ông vượt qua được ải này.Chỉ là một thương gia mà lại không thèm nghe khuyến cáo của các chuyên gia y tế.",,,
"Angelina thật giàu lòng nhân ái, đáng nể phục!",,,
Chúc ông mau khỏe nhé,,,
Giờ mới biết hột mãng cầu trị được chí.,,,
Tuyệt vời. Nên duy trì giải thưởng này hàng năm để có thêm nhiều ý tưởng và giải pháp hay góp phần bảo vệ môi trường.,,,
"Việc đánh giá học sinh hiện nay đang hướng theo chuấn mới, đánh giá năng lực và nhân cách, việc mở rộng các hình thức đánh giá là đúng đắn, việc nhận xét về sự tiến bộ về kĩ năng, thái độ của học sinh trong quá trình học cũng hết sức hợp lý. Bởi năng lực và phẩm chất chỉ bộc lộ qua quá trình học tập mà thôi. Mong Phụ huynh và giáo viên hãy tin tưởng vào con đường giáo dục Bộ đang dẫn dắt",,,
"Bạn Răng Hô trả lời chưa hẳn đã chính xác. Về cơ bản sự ăn mòn vỏ tàu bằng sắt thép xảy ra bình thường theo cơ chế ăn mòn điện hóa khá phức tạp do nước biển là một môi trường chất điện ly thuận lợi do chưa nhiều rất nhiều muối (nhất là NaCl) cùng với nhiều khí hòa tan khác. Sự ăn mòn này xảy ra bình thường dù có những sinh vật kiểu như hà, hầu, rong rêu... Còn về con hà làm ăn mòn vỏ tàu biển, thực chất không hẳn là do quá trình hoá học nó tiết ra chất hóa học gì gây ăn mòn, mà lí do ở đây là về mặt vi sinh học. Ở khu vực có những sinh vật như con hà sinh sống sẽ tạo thành một hệ vi sinh cục bộ làm thay đổi về nồng độ chất điện li, pH cũng như hàm lượng các khí hòa tan. Điều này làm tăng quá trình ăn mòn điện hóa diễn ra vốn có vừa tạo điều kiện thuận lợi cho các vi khuẩn khử sulphate kị khí và hiếm khí (SRB) phát triển mạnh mẽ từ đó cũng thúc đẩy quá trình ăn mòn diễn ra mạnh hơn.",,,
"15,16 năm gấn bó với Ác Si có gì để kể không nhỉ? Mình tò mò muốn biết!",,,
Tư vấn cho gia đình con kia soluto giá tầm hai chiếc kia(cao hơn tí) nhưng theo cảm nhận cá nhân thì ok hơn,,,
"Vi diệu, trước đây mình nghĩ sau khi tách thì 2 bé cũng khó có thể đứng thẳng như các em bé khác do 4 các chân lúc sinh ra ở vị trí rất khác biệt.",,,
"Từ từ rồi cũng quen thôi. Sau này sân bay Long Thành cũng xa trung tâm TP cũng phải đi , quan trọng bây giờ là phương tiện công cộng phải đáp ứng cho tốt .",,,
Fan cuồng Trump đâu rồi? Một doanh nhân thành đạt sao có thể thua lỗ 10 năm trong vòng 15 năm? Nếu vậy thì làm sao có đủ tài năng để làm cho nước Mỹ vĩ đại trở lại? Đừng quên sáu lần phá sản nữa nhé.,,,
"ManU vẫn còn nằm trong nhóm 2 cơ à, tưởng phải tụt xuống nhóm 3-4 gì rồi chứ :')",,,
"Thời gian này keanu quá bận rộn với matrix và john wick, mấy phần liên tiếp. Toàn bom tấn đc mong chờ",,,
Vậy sổ hộ khẩu sẽ như thế nào? Giấy chứng nhận quyền sử dụng đất và nhà??? Lại khổ người dân nữa rồi,,,
"Tôi chúc Anh và gia đình A luôn mạnh khoẻ, bình an và hạnh phúc.! Cháu trai mạnh khoẻ và mau được hoàn thiện hơn để vợ chồng A và khán giả thêm vui.!",,,
"Không biết nói gì hơn, chỉ biết chết điếng người thôi, sao các bé lại xấu số thế. Xin chia buồn!.",,,
"Thật thương tâm và chia buồn cùng gia quyến, trưa nay mình đang chạy xe khu vực này bỗng sét đánh giật tay lái đâm vô lề loạng choạng rồi đi tiếp. Thật khủng khiếp. Trời mưa khi đang nắng.",,,
đúng là bệnh dịch của nhân loại trăm năm có một,,,
"Nhìn con Seltos thô quá, nội thất, khung gầm thì ọp ẹp .",,,
"Cảm ơn các bạn. Cần phải mạnh tay xử phạt những cơ sở như này, họ thật sự ko còn tình người nữa, thấy em bé còn sống mà mang vứt bỏ, lương tâm họ để đâu?",,,
"Tôi không ủng hộ việc cho học sinh sử dụng điện thoại dù ở cấp học nào, trừ sinh viên, vì lúc này SV ngoài việc học cũng cần phải va chạm, đi làm thêm, ý thức cũng trưởng thành hơn, qua độ tuổi bảo bọc của nhà trường (18t) nên được sử dụng điện thoại. Trong trường hợp bất khả kháng, bộ giáo dục vẫn muốn cho học sinh sử dụng điện thoại thì tốt nhất đưa điện thoại vào đạo cụ dạy học, sắm cho mỗi lớp 5-10 cái, lớp nào đến giờ học cần tương tác công nghệ thì cho mượn đạo cụ điện thoại đó, thay vì bắt tất cả học sinh phải sắm điện thoại vì chắc chắn nếu có qui định mà ko sắm cho con thì bọn trẻ sẽ bị những bạn học có điện thoại tẩy chay.",,,
Đeo khẩu trang còn ngược,,,
"Nước Mỹ vĩ đại, hiện nay Mỹ vẫn là nước đứng đầu thế giới, nhưng hiện nay giống như một lực sĩ vĩ đại nhất đang bị bệnh, bị bệnh Covid. Nhưng Mỹ sẽ vượt qua được vì họ còn nhiều người rất giỏi, công nghệ, tiền bạc, tài nguyênv.vv họ vẫn là hạng nhất. ",,,
Tất cả người nhập cảnh về đều phải cách ly bắt buộc 30 ngày thì mới an toàn được,,,
"Bạn đăng ký lái thử cả hai xe rồi đưa ra quyết định, xem comment mỗi người một ý khen có chê có. Thực tế xe Vinnfast nhập toàn linh kiện hãng có uy tin về lắp ráp trên dây chuyền tự động bằng Robot, bảo hành 5 năm hoặc 150.000km đến bao giờ cho hỏng.",,,
Em đang đi bản tiêu chuẩn đấy sau khi thay dầu lần đầu xong thì đi nội thành tầm 7l9 đến 8l6 bác à e thấy đi ôn hoà vs người vừa tiền như e thì thấy nó rất oke hợp túi tiền hữu dụng còn các cụ khác thì như nào e k biết .,,,
"Nguyện ngày an lành, đêm an lành, covid đã làm mọi chuyện thay đổi quá nhiều rồi :VN:",,,
"Chưa có tác phẩm thiếu nhi nào gây ấn tượng với mình suốt thời niên thiếu như tác phẩm này !!Nhà văn viết từ năm 17 tuổi, Chắc thai nghén nó từ 15, 16 ... Cha chả thảo nào cậu Dế mèn này khắc hoạ được tính cách nhân vật nổi trội và đúng như ngoài đời thế chứ .Cảm ơn nhà văn, Cảm ơn báo vnexpress !",,,
 Akon giờ béo ú,,,
Chương trình này thiếu một đạo diễn tầm cở và thiếu một MC ấn tượng hơn.,,,
Yeah. Rất yomost. Thà môt phút huy hoàng rồi vụt tắt,,,
Lẩm cẩm thế này còn gì đủ năng lực và trí lực để lãnh đạo đất nước.,,,
"""Trung Quốc là nơi kinh doanh dễ dàng nhất trên thế giới, với thị trường bán lẻ lớn, bạn có thể có bất kỳ điều gì cần cho chuỗi cung ứng, từ linh kiện cho đến nguyên liệu thô. Tất cả đều có thể dễ dàng tìm thấy ở đây"" - có lẽ vì thế mà các công ty đều muốn đến TQ kiếm tiền cả.",,,
Bản thân tôi thấy việc bỏ nội dung kiểm tra 1 tiết này nó bất cập sao ấy.1. Việc kiểm tra 1 tiết này thì nó có lợi gì đến việc học của HS .2. Kiểm tra 1 tiết nó có chiếm nhiều thời gian trong toàn kỳ học của HS không.3. Trên nguyên tắc HỌC THÌ PHẢI CÓ KIỂM TRA ĐÁNH GIÁ mục đích để HS có phương án học cho phù hợp.Vậy nếu bó kiểm tra 1 tiết thì sẽ tgays vào đó là gì hoặc cách đánh giá HS như thế nào. Và nếu có thì chỉ là thay đổi tên gọi thôi.,,,
"Chỉ những năm đầu thôi,giờ cũng xoàng như Messi vậy.",,,
Thật không thể tưởng tượng nổi khi đứa bé không có khả năng để bảo vệ mình. Từ bà ngoại đến giáo viên trường học báo cáo lên chính quyền. Chính quyền cấp xã mời người cha bất nhân lên ký giấy cam kết rồi cho về để đứa bé bị bạo hành tiếp.,,,
Phải thông báo cho các nước hay đánh bắt cá voi như Nhật Bản và Trung Quốc về sự tuyệt chủng của loài cá voi xanh. Để họ ý thức được vấn đề này!,,,
"Không ngại xăng cộ, quất hẳn Camry 3.5Q 2007. Xe này phom dáng đẹp, đi đèo dốc khỏi lo. Nếu không cứ chọn Camry từ 2005-2006. Đây là dòng xe mà thợ đã khẳng định máy móc thuộc loại nồi đồng cối đá. Đừng nghe mấy thánh phán mua xe mới hạng A, B. Xe Hàn nhiều option thì chỉ thích lúc ban đầu, sau vài năm nó vật cho.",,,
soluto luxury vừa đủ tiền,,,
"Bước lên đỉnh đã khó, duy trì nó còn khó hơn, chúc Bayern tiếp tục duy trì sức mạnh của mình ở mùa bóng này!",,,
cam ơn. dễ hiểu nên phổ biến rộng rãi cho người tham gia giao thông hiểu luật,,,
Vô cùng ngưỡng mộ đất nước và con người Cu Ba ! tuy còn rất nhiều khó khăn nhưng với một tinh thần giúp đỡ trong sáng và cao cả của các Bạn đã làm lay động rất nhiều trái Tim trên trái đất này trong đó có rât nhiều người dân Việt Nam. Tôi rất đồng ý với đề cử giải Nobel Hòa bình cho các Bác sỹ vì rất xúng đáng được nhận phần thưởng cao quý đó !,,,
"Mang con này về VN có lẽ đấu được với các hãng xe sang khác nếu phuộc sau cải tiến hơn. Con Q5 cũ phuộc sau cứng và ghế dựng thôi rồi. Xe đi cứng quá, ồn, chạy qua hầm chui láng hòa lạc với mặt đường bê tông bỏ luôn ý định và cuối cùng chốt Lexus vì quá êm ái nhẹ nhàng.",,,
Số liệu trên liệu đã phản ánh đúng thực chất của dịch bệnh chưa?  Liệu các nước châu Phi có bị bỏ quên ko?,,,
hai thương hiệu khác nhau mà,,,
Tên đường Đoàn Nhữ Hài - Q4 - ngày trước đã được viết đúng.Rồi thời gian sau này tầm 199x khi thay bảng tên đường thì bỗng dưng mất dấu ngã. Thành ra đường Đoàn Nhữ Hài trở thành Đoàn Như Hài như ngày nay.,,,
"Luôn sợ những con chó to, vậy mà cứ nghe câu ""nó hiền lắm"". Nên có quy định về kích cỡ thú nuôi trong nhà, đừng nói là phân biệt hay kì thị... tưởng tượng đến lúc bản thân bị nó táp cho thì hết boss với sen.",,,
Đâu phải cuối bảng lúc nào cũng tệ!,,,
Phim chả có gì gọi là Hay...quảng cáo quá đà !!,,,
vios MT 2020 lăn bánh 486 tr cháu nhà tôi vừa mang về hôm qua,,,
Con người đã chiếm gần hết đất sống của những động vật trên bờ khiến chúng mất đi chỗ sống. Giờ động vật dưới biển cũng chẳng yên.,,,
"Nam Mô Đại Từ Bi Quán Thế Âm Bồ Tát, nguyện cầu chúng sanh thường an ổn.",,,
Ba người giữ xe bị vạ lây. Nhiều thành niên bây giờ ăn nhậu bê tha rồi gây ra những cái chết đau lòng.,,,
Loại người này không xứng đáng làm bố!,,,
"Nghe chả có gì đặc sắc, công nhận giới trẻ giờ thị hiếu âm nhạc kém thật",,,
"Từ lâu Mu có còn là điểm thu hút các ngôi sao lớn nữa đâu, khi muốn đến NHA, họ thường nghĩ đến Man City, Liver, rồi Chelsea trước tiên, không ai rước thì mới tới Mu, còn vụ Sancho, Mu một mình một ngựa, phí lót tay và lương chắc chắn phải rất cao, chỉ là trở ngại từ phía Dortmund, do họ nắm đằng chui.",,,
"Chương trình quá nặng, chữ quá nhiều, rườm rà, con mình ngày nào cũng khóc ko chịu đi học.",,,
"Chắc phải mua bản tiếng Nhật đọc mới được. :) bản tiếng Việt chưa đọc hiii. Chuyện của chú Nguyễn Nhật Ánh có đọc là kính vạn hoa, trước vòng trung kết , đọc còn chút gì để nhớ hồi đó thấy cảm động quá!",,,
"Nếu không có bá chủ. Thế giới đa cực sẽ rất là loạn. Lúc ban đầu nghe có vẻ công bằng khi mọi quốc gia đều có tiếng nói lớn hơn. Nhưng sau đó sẽ là một giai đoạn ""mạnh được yếu thua"". Nc Mỹ đang đi xuống, trẻ con cũng biết. Cuộc bầu cử này, ai thắng cử cũng vậy, một khi nó đã là xu hướng đi xuống. Trừ khi có một sự việc thật lớn xảy ra để đổi chiều xu hướng đi xuống này. Ví như phát minh ra bom nguyên tử, máy tính, hay internet trong quá khứ. Ngày nay chắc là phải nhanh chóng đưa người vào không gian giá rẻ. Nếu Mỹ có đột phá về mặt công nghệ, mọi chỉ trích về hành động của Mỹ sẽ tan biến. Còn nếu Mỹ không làm được .... ây zda.",,,
"Nếu giờ gặp lại chưa chắc Bayen lại ăn được Barce với tỉ số đậm như mùa rồi,thứ nhất ở vòng bảng ăn 1,2 trái để giữ sức và giấu bài,Vòng loại đối kháng mới lo bị loại nên phải thắng càng đậm càng tốt,mà vòng loại trực tiếp thắng đậm thì hiếm hoi lắm",,,
"phương án hai thì hay hơn ,,,P án 1 tuy rẽ tiền ít đất bị thu hồi nhưng bù lại ta mất một con đường quảng lộ phụng hiệp , tính ra chưa chắc rẽ ,, nên chọn p án 2 hay hơn,,,,!!!",,,
Sáng nay bầu trôi mình vậy đó. 10h sáng mà như khuya,,,
"trách cha đứa bé, thì trách chính quyền địa phương quá vô tâm,",,,
Chính mái tóc ấy mà lớp trưởng ghét tôi. Giờ cô ấy là vợ tôi haha.,,,
Mấy ông chạy ẩu này phải thu bằng lái xe để không gây tai nạn !,,,
"Ông Nhật Vượng sao không thấy nhỉ, trang này làm việc thiếu sót rồi",,,
Lẩu trê,,,
"Hình ảnh và các bài hát của Bảo Thy gắn liền với tuổi thơ của rất nhiều người trong đó có mình. Thời đó đi đâu cũng thấy ngta nghêu ngao mấy bài ""Ngôi nhà hoa hồng"", ""Công chúa bong bóng""... và tất nhiên ko thể ko kể đến hiệu ứng tóc sư tử.",,,
"tuyệt vờicông nghệ phục vụ cuộc sống là đây chứ đâutương lai mong là họ sẽ cải tiến để bay được lâu hơn, có thể là 1-2 tiếng chứ ko chỉ là 10 phút như hiện tại",,,
Đá đủ người mà còn thua 3 -1 trong khi trận trước Chelsea đá 10 người thua 2 - 0. Ars quá kém khi mà quá nhiều cơ hội mà ko dứt điểm được. Tự trách mình thôi.,,,
Biển báo giao thông phải rõ ràng. Nếu không là rất rối não.,,,
"Nếu là trường đại học bình thường mà top 1.000 thì đó là điều đáng mừng, còn trường đại học quốc gia mà trong top 1.000 thì nên xem lại.",,,
đổi lại tốn mặt bằng quá nhỉ.,,,
"Cứ ra cửa hàng mà lái thử mỗi còn vài lần, giờ ai showroom nào cũng cho lái thử thoải mái. Chọn cho cái mình cảm nhận đi bạn, mấy giờ rồi còn nghe cư dân mạng phán. Ví dụ: nhiều ng ko thấy ny bạn đặc sắc, nhưng bạn lại thấy cô ấy tuyệt vời ấy. Chúc bạn cảm nhận và mua được thứ mình cần. Thanks",,,
"Bao nhiêu ngày không sập, đúng ngày các cháu đi học thì bị, adidaphat",,,
Thật kỳ lạ là người dân Mỹ lại ủng hộ một người đãng trí như vậy.,,,
Chỉ tiếc cho Johanna Konta nóng vội đánh bóng hỏng nhiều quá !Thang le,,,
"Gần nhà tôi , vùng quê 7 núi nghèo khó thiếu thốn ,các bé ko có chổ vui chơi nên có gì chơi nấy , để xảy ra kết cục đau lòng",,,
Một trong hai cháu bị tên Bé giao cấu (hiếp dâm?) khi còn vị thành niên. Vậy là toà án có xét xử cho tên này cách ly với xã hội vĩnh viễn không ?,,,
"Thật ra cậu này may mắn có gia đình đầu tư tiền của sang Mỹ du học từ nhỏ nên cũng không có gì ngạc nhiên. Ở Việt Nam có những em hoàn cảnh xuất thân khó khăn hơn nhưng vẫn thành công. Và không phải cứ học giỏi là có thể trở thành giáo viên giỏi, truyền đạt dễ hiểu. Cần nhiều yếu tố khác nữa.",,,
"Tội nghiệp anh Bale này, chắc gánh tạ nhiều quá nên hay bị chấn thương.",,,
"Vậy là mình đã từng uống loại bia giả này rồi, bảo sao nó giở, xong phải chuyển qua bia khác. Thì ra là vậy.",,,
"2. Phạm tội thuộc một trong các trường hợp sau đây, thì bị phạt tù từ 03 năm đến 10 năm:a) Không có giấy phép lái xe theo quy định;b) Trong tình trạng có sử dụng rượu, bia mà trong máu hoặc hơi thở có nồng độ cồn vượt quá mức quy định, có sử dụng chất ma túy hoặc chất kích thích mạnh khác;c) Bỏ chạy để trốn tránh trách nhiệm hoặc cố ý không cứu giúp người bị nạn;d) Không chấp hành hiệu lệnh của người điều khiển hoặc hướng dẫn giao thông;đ) Làm chết 02 người; ",,,
Chẳng cho thì em nào cũ g có điện rhoai xịn và mạng 4G cả rồi. Cấm gì được.,,,
Cũng may mình sợ màu của củ dền nên không có ăn,,,
Cá nhân mình thì thích i10 hơn. Không biết chủ tus đi morning thấy sao chứ mình thấy bí và ồn lắm. Lại còn xe cũ thì càng khó ưng,,,
"mới chích ngừa phải cho bé ở nhà, theo dõi, xin chia buồn cùng gia dinh",,,
Vậy mới biết gan tốt thế nào,,,
Gặp mấy cái cốp mở bằng chìa của cái xe đời Tống thì thoát làm sao được,,,
đọc xong rùng mình liên tục.,,,
"cái này giống y hệt, nếu đi mua cũng ko để ý và phân biệt đc. cái quan trọng nữa là ko biết chất lượng thế nào khi người dùng sử dụng",,,
Bánh piza được làm như thế này sao?,,,
Quá đau xót cho 2 cháu nhỏ!,,,
đau lòng quá. a di đà phật!,,,
"Thật diệu kỳ , cầu mong các con mau bình phục và phát triển bình thường . Cám ơn đội ngũ y bác sỹ đã tận tình điều trị phục hồi cho các con .",,,
"Mất hết nhân tính, con hơn cả loài dã thú. Tội nghiệp mấy mẹ con !",,,
"Bạn nên thuê 2 chiếc chạy thử trong vài ngày, đường ngắn và đường dài, sau đó có thể tự đánh giá xem xe nào sẽ phù hợp với nhu cầu và sở thích",,,
Cái thời tôi giàu như bạn tôi cũng rất hay mặc cả. Nhưng giờ tôi nghèo nên không hay mặc cả nữa.,,,
"Nói gì thì nói, người Mỹ quá chủ quan, coi thường việc phòng,chống virus covid-19. cứ nhìn họ sinh hoat là biết.",,,
Chắc ông ấy là ảo thuật gia.,,,
Thật kinh tởm!,,,
Mọi người nên tập trung thưởng thức bóng đá thôi.,,,
"Bữa nghe có hội chứng ăn vàng, ăn đất, ăn bóng đèn. Nhưng riêng chú nào thì bao hội chứng luôn, nghĩ sao ống tim và đá mà cũng nuốt thì bao giờ mới đói",,,
Mình vào đó có quay lại được quá khứ không nhỉ,,,
Nụ hôn của thần chết!Thật kì lạ là con Báo lại có nhát cắn ở vị trí không có động mạch chính !?,,,
Mong pháp luật xử thật nghiêm để đất nước được an toàn hơn.,,,
Anh Bo là 1 trong số rất ít những ca sỹ không có antifan,,,
"Nút giao thông Trường Chinh - Âu Cơ 20 năm chưa thấy gì, kẹt xe triền miên, nản lắm",,,
Kinh doanh ko như hứa suông được. Chủ doanh nghiệp cũng phải tính toán đủ mọi chi phí và sự cạnh tranh giờ là toàn cầu hóa. Sản phẩm len lỏi vào mọi ngóc ngách của thế giới nên giá của sản phẩm cũng quyết định rất nhiều so với chất lượng. Chuyển về Mỹ chỉ là phương án sau cùng.,,,
"Tui đi làm đây mà trong cuộc họp còn bị cấm sử dụng ĐTDĐ nữa là, k k k",,,
Cô dâu xinh quá.,,,
Dự án được chấp nhận thì bđs Phú Mỹ lại thiết lập mặt bằng giá mới.,,,
"Theo e, bác nên cân nhắc i10. Vinfast không phải không tốt nhưng là thương hiệu mới. Họ chỉ tập trung xây dựng thương hiệu.",,,
"Từ bao giờ con cái là để tranh giành ? Hỏi nó 1 tiếng xem nó thích ở với ai là xong , nó đã biết yêu thương thì ai thương nó sẽ có nó. Nhiều người giành con nhưng khi con lớn rồi , nó ko thèm ngó tới mặt mình luôn.",,,
Nhớ việc đầu tiên cần phải làm là nịnh HLV trưởng nhé!!,,,
"Thật ý nghĩa, cảm ơn bác sĩ đã góp phần đem đến sự bình an cho mọi người.",,,
khiếp thật....cơn bão nhìn từ xa nhỏ bé như hạt bụi...con người chắc như virus của trái đất.,,,
"kona và seltos 2 bản thấp nhất chênh nhau 10 chai nhưng kona máy 2.0 hơn hẳn 1.4 ,e vẫn chọn kona.Tại nhà e đang chạy Kona mà",,,
Hy Vọng Trump rút lui trong hòa bình để thế giới yên ổn hơn. Lui về làm một ngôi sao truyền hình sẽ tốt cho hình ảnh của ông,,,
Mấy hôm trước đã thấy các cơ quan sở tại đốc thúc dân chúng GIA CỐ lại nhà cửa và dân chúng cũng chằng chống nhà cửa của mình. ,,,
Do Canada và Mỹ/ Mexico đã ký hiệp định tự do mới thay thế NAFTA cũ. Trong Hiệp định mới có hạn chế và cho phép thay đổi/ rút lui nếu (chủ yếu Canada/ Mexico) ký hiệp định với đối tác khác (nhắm vào TQ) ảnh hưởng tới nước còn lại (Mỹ).,,,
Mỹ đúng là đầu tàu của thế giới,,,
"trâu luộc nguyên con như thế này mà lên youtube có kiếm khối ấy, may hồi đó chưa có internet chứ không anh kia chắc cũng thuộc dạng Top rồi",,,
"Tôi vừa mua Fadil cho con trai lớn đi học. Quyết định được đưa ra sau khi lái thử xe ở đại lí, bao gồm yago, i10 và suzuki. Fadil chạy khoẻ nhất, êm nhất, tay lái chắc nhất, như xe hạng C trên cao tốc và ăn xăng thứ nhì phân khúc hạng A sau i10.",,,
Để mình sang mở quán vịt với chuột nướng cho.,,,
"gia đình tôi đang sinh sống ở Đức. con tự nhiên cần học tiếng Việt và tiếng Đức. vợ chồng chúng tôi chủ trương ko dạy tiếng Anh ở nhà vì đi học cháu sẽ phải học tiếng Anh bắt buộc. Tuy nhiên, qua phim ảnh và nghe ba mẹ họp online với đồng nghiệp, đối tác (homeoffice do covid), con cũng bập bẹ tiếng Anh dù chẳng hiểu gì.Qua thực tế, con thích nói tiếng Đức hơn, chỉ nói tiếng Việt với ba mẹ, phát âm tiếng Việt mà người Đức nghe loáng thoáng còn tưởng nó nói tiếng Đức do giống âm điệu. Cháu phát âm tiếng Việt đương nhiên dở tệ. Bọn trẻ con người Việt bên này đều thế, dù ở nhà toàn bộ là tiếng Việt, nhưng gặp nhau là bật loa tiếng Đức với nhau dù tiếng Việt chúng nó có vốn từ tốt hơn nhiều.Bằng cách nào đó, con phân biệt được tiếng Đức và tiếng Việt, nên khi cháu hỏi bằng tiếng Đức thì nhất định ba mẹ phải trả lời bằng tiếng Đức, nếu không cháu sẽ nhắc lại câu hỏi, hoặc ""không, mẹ phải trả lời bằng tiếng Đức chứ"". tương tự khi cháu hỏi bằng tiếng Việt... thua các ông cụ non.",,,
Cá đồng mà rẻ thế!,,,
Máu lạnh,,,
"Chia các đoạn nối chiều dài bằng đường cao các hình tam giác ta được pt: 5x + 2y = 26.Tương tự cho chiều rộng ta có: 2x + 3y = 17.Giải hệ phương trình này ta được x = 4, y = 3. Thay vào tam giác theo ĐL Pitago tính ra cạnh hình vuông = 5.Diện tích : 5x5x7 = 175 ( m2). Chu vi : 5 x 16 = 80 (m)",,,
Như phim hành động.Chúc mừng các chiến sĩ CA.,,,
"Cảm ơn báo VN Express đã đăng bài về Messi. Anh mãi là 1 phần lịch sử của bóng đá như Pele, Maradona...nhưng thật khác biệt là cùng thời với anh lại có 1 cầu thủ khác khá hay và ấn tượng vì vậy họ mãi mãi là những người đoạt QBV nhiều nhất. Sau một thời gian nữa hay rất lâu mới có bộ đôi như vậy!.",,,
Nước mỹ cần tổng t cứng rắn như trunp,,,
"smartphone gây nghiện kinh khủng, bây giờ bước vào một quán cà phê thấy phần đông người ta cắm cúi vào cái điện thoại. mà suy ra như bản thân tôi cứ có thời gian mà mò cái điện thoại, xa nó tí cảm thấy thiếu thiếu. cho nên là nếu cho các bạn học sinh sử dụng liệu các bạn ấy có không bị nghiện cái điện thoại rồi xao nhãng học tập không? khi mà đã được công khai sử dụng điện thoại thì bao nhiêu trò vui ở trên internet các bạn ấy có cưỡng lại nổi không. chưa kể việc gì cũng có thể tra trên google thì các bạn ấy sẽ ảo tưởng sức mạnh về kiến thức, cứ tưởng cái gì cũng có thể tra trên mạng cần gì học thuộc nhưng vào các kì thi thì sao. các kì thi đâu ai cho sử dụng điện thoại. còn nói là cho sử dụng điện thoại để tiếp cận công nghệ rồi đổi lại rất nhiều việc không thể kiểm soát được thì không đáng. các thiết bị công nghệ mà học sử dụng thì cùng lắm 1 tháng là thành thạo, còn những môn như tin học thì đã có phòng máy tính. còn nói là có điện thoại để phụ huynh liên lạc với con thì sau giờ học mở điện thoại lên là được tại sao phải cho học sinh sử dụng trong tiết học chứ",,,
"""Chỉ những đôi giã cào lớn, rê quét dọc ngang ngư trường xa mới bắt được nó.""Bắt kiểu tận diệt này thì vài năm nữa ngư dân đi làm công nhân hết.",,,
Buồn cho khúc ruột miền TrungNăm nào cũng chịu bão bùng khổ đauMong sao bão hãy quay đầuTung hoành giữa biển đừng vào quê taĐừng gây đau khổ xót xaĐừng làm nước mắt mẹ già tuôn rơiĐừng vào tàn phá nước tôiĐừng làm lo lắng lòng người xa quêĐừng gieo cay đắng não nềMiền Trung khổ lắm đừng về bão ơi.,,,
"Trump sử dụng chiến thuật ngắt lời liên tục, nhằm mục đích cho BIDEN nói hớ, nói sai, quên nội dung đang tranh luận ... Ngoài ra, những đề tài tranh luận đều không phải lĩnh vực mà Ông đang làm tốt. 1-0 cho BIDEN",,,
Âm nhạc là món ăn mà mổi người mổi khẩu vị không ai giống ai ! Tôi thích phở còn bạn thích bánh canh sao lại lấy bánh canh ra chê phở . Sầu riêng cố thối không khi nó vẩn là món khoái khẩu của nhìu người . Âm nhạc củng vậy thôi đừng cổ súy quá,,,
Hi vọng chương trình tiếp tục phát triển.,,,
Chúc DVH luôn vui mạnh thành công và cống hiến cho khán giả nhiều bản hit...! ,,,
Brad quá tinh tế khi diện đồ của brand này. Brioni cũng thuộc dạng tầm cỡ và phải Brad mới xứng tầm.,,,
Theo Azerbaijan thì 2 Su-25 đang bay thì ngọn núi lao tới tông trúng 2 Su-25...,,,
Cứ như là xem phim ý nhỉ. tuyệt vời,,,
"Cầu Cát Lái đã trễ hẹn nhiều lần , mong lần này thành hiện thực.",,,
Khi bạn gặp hoạn nạnNgười cho bạn 10k là bạn của bạnNgười cho bạn 100k là bạn thân của bạnNgười cho bạn 1tr là người nhà của bạnNgười cho bạn 10tr là cha mẹ của bạnNgười cho bạn 500tr chỉ có thể là cty bhntNếu ai ko thể cho bạn mình 500tr khi họ gặp hoạn nạn thì đừng ngăn cản họ mua bhnt.,,,
Tôi phản đối. Hãy để các cháu qua 18 tuổi mới dùng.,,,
"Thiệt chứ bà 67 tuổi mà khoẻ và dũng cảm quá,nhưng thật mới nhìn hình toàn thấy nét cụ ông không à!",,,
"mazda2 mới, nhập Thái. Bạn lái thử xem",,,
RẤT TIẾC LÀ LÚC MESSI ĐÒI ĐI REAL KO CÓ ĐỘNG THÁI GÌ.CHỨ KO ĐÃ CÓ 1 MESSI DỮ TỢN HƠN RỒI.CUỐI CÙNG THÌ CHẲNG CÓ CHUYỆN GÌ XẢY RA CẢ .,,,
"Ko nên mua theo kiểu bạn quen có 1 mảnh, đất rất nhiều và mua phải xem xét kỹ, 1 - -2 tháng cứ mặt tiền hoặc đường nội bộ phân lô khu hót đông dân cư, ko kiểu mua theo cảm tính là nghèo muôn thủa, phải có kế hoạch khảo sát và hoạch định rõ ràng.",,,
Sau cơn mưa trời lại sáng. Sau mưa bão thị lại xuất hiện cảnh tượng đẹp của thiên nhiên.,,,
"Chúc mừng cô ạ, giờ trông cô đẹp lắm. Cháu mới lớp 10 con trai đã cảm nhận đc nghi lực phị thường của cô ấy ạ",,,
Tập thể dục kiểu này dễ theo ông bà tổ tiên lắm...!,,,
"Trận ck luôn luôn là những trận đấu khó,kể cả bạn được các chuyên gia thật lẫn chuyên gia online đánh giá tỉ lệ thắng đến 99%",,,
"Yêu cún cưng quá, tận tâm hết lòng với chủ và cuối cùng có cái kết có hậu. Xin chúc mừng",,,
Giờ không còn cá nữa! Ngày xưa tôi đi tát ao (ao làng không ai quản lý) ngủ qua đêm trên bờ để trông cá. Ôi tuổi thơ của tôi....,,,
Đeo khẩu trang che mặt hả ? mở ra coi gian ác cỡ nào?,,,
Thật là vi diệu!,,,
"Cá rô đồng rất ngon, đánh vảy, rửa sạch, mổ cá moi hết ruột, sau đó lấy lá chanh thái thật nhỏ nhét vào bụng cá cùng một tý muối, xiên vào chiếc que tre, nướng. Ăn quá ngon luôn, đấy là chuyện 50 năm trở về trước, giờ mới kể.",,,
Nước dữ thật. 1 chiếc xe hơi cũng bị cuốn trôi,,,
Không chừng hiện tại chúng đã hoàn toàn xáp nhập vào nhau rồi,,,
Sevilla cố gắng đưa được BM đến luân lưu thì có thể làm nên chuyện. Đa số BM thường cho Alaba và Boateng sút penalty mà 2 chủ này sút hên xui lắm.,,,
"Vâng, lần sau mời ông ấy thử đè ngạt thở con cá sấu xem sao.",,,
Nếu các cô ấy không can ngăn hay bảo vệ cháu bé khi có mặt lúc đó thì các cô ấy đáng bị xã hội lên án. Chứ đình chỉ công tác cái gì? ,,,
"Quá giỏi, rất ngưỡng mộ e.",,,
Xin chia buồn cùng gia đình các cháu,,,
"Bale về TOT đá 4-3-3 thì bá đạo, Bale và son đá 2 cánh, kane đá cắm thử hỏi hàng thủ nào chịu nổi",,,
Đã là tự nhiên thì hãy để cho nó được tự nhiên,,,
"Start up ở tuổi 34 không điều gì là dễ dàng, Messi cố lên. Cứ phong độ này có khi vào C1 gặp Juventus lại ngồi dự bị thì buồn lắm.",,,
Tôi đề nghị cần cách ly 14 ngày cho bảo đảm an toàn. Cách ly ít quá nguy cơ tiềm ẩn rất cao.,,,
"Xem Arsenal được mấy trận Arteta dẫn dắt , cảm thấy anh này rất có tiềm năng, đã áp đặt được chiến thuật lên đội bóng rõ ràng rồi có cả cá tính riêng nữa , không uổng công đi tầm sư học đạo ở ManCity .Bây giờ ông chỉ cần kinh nghiệm và thời gian thôi.Tiếc nhân lực trong tay cũng có hạn. Nhìn mà chán cho ông Solsa ở MU chỉ giỏi là thấu hiểu cầu thủ nhưng chả có màu riêng và cá tính gì hết.",,,
"thanh niên bây giờ ko hiểu nổi,ngông nghênh côn đồ",,,
"Rồi cũng có ít nhất một người chê và một người khen hết lời nhưng nhà sản xuất thì ít nhất bán được 2 vé, thành công lớn nhất là đã kéo được 2 người đó đến rạp.",,,
"Nếu thực sự thường xuyên 7 chỗ thì bỏ qua mấy con SUV này nhé, ghế sau không thoải mái đâu. Chọn Kia Sodena phục vụ hành khách tốt hơn rất nhiều.",,,
Vấn đề là trách nhiệm thuộc về ai khi sản phẩm như thế này được bán ra thị trường?,,,
"Mèo mà gặp chuột này, mèo chạy mất cả dép.",,,
Chưa nói lên được điều gì hết cả... Nhưng chắc chắn TQ hoặc Nga sẽ hoàn thành trước Mỹ.,,,
"Vote mua Fadil. Bac mua i10 thi chang co ai them ngo xe cua bac dau =)). Hon nua con dang doc than, cha viec gi phai xoan ca.",,,
"rất nhiều bạn nhầm con hàu với con hà, đây là 2 giống loài khác nhau nhé. Bài này nhắc đến con hà, riêng tôi cho là có thể xuyên thủng lớp vỏ sắt là vì đơn giản con hà bằng hoạt đông làm tổ của mình đã làm mất đi lớp sơn chống gỉ, sau đó nước biển làm nốt phần còn lại. Điều này chỉ diễn ra trên sắt thép, chứ hà bám trên đá thì đá còn nguyên ạ. Một người đi tắm biển thường xuyên và bị hà xẻ nhiều lần cho hay",,,
"Nên tìm hiểu rõ nguyên nhân cá chết, để trước các ảnh hưởng thời tiết ,nông dân có thu hoạch ngay, giảm thiểu thiệt hại.",,,
Thủ môn quá hay !!! Leno quá đỉnh ? Asenal có viên Ngọc quý ...,,,
Ko hiểu sao 2 cây cầu cát lái và cầu nhơn trạch gần nhau quá zậy?nên làm cầu nhơn trạch lệch về gần long thành để 2 huyện thuận lợi giao thông hơn là phải chạy lên nhơn trạch để đi tp.sẽ phát triển dc cả 2 khu vực.,,,
"Người mua không ăn, người ăn không mua",,,
"Tôi là cử tri độc lập, bầu cho ai mang lại nhiều điều mình mong đợi. Tôi chưa bỏ bầu lần nào, trong tất cả các lần tôi bỏ cho ai người đó trúng. Tôi ko nghĩ răng Tt Trump sẽ thắng lần này.",,,
"Tôi hoàn toàn ung ho quyết đinh của VT, màu xanh của hy vọng",,,
"Sau giai đoạn gánh tạ cực nặng từ năm 2014-2018, mà vẫn bị vong ơn, Bale có lẽ sẽ tìm lại được cảm hứng chơi bóng ở môi trường mới.",,,
"Nên cân nhắc thận trọng, không thể dục tốc mà bất đạt.",,,
Chỉ có ma túy mới biến con người thành ma,,,
"vẫn trao bé cho người mẹ đã bỏ rơi bé ư? một người phụ nữ nhẫn tâm bỏ con vào khe tường hẹp như thế là chủ giết bé, vậy mà giờ vẫn giao cho bố mẹ bé là sao?",,,
"Nghe mà tức đâu à, biết thương con mình rồi con ngta ngta ko thương ? Con nít biết gì mà lại hành sự như vậy?",,,
"Bạn lớn nhà mình năm nay lớp 4, trc khi vào lớp 1 cháu chỉ biết các chữ cái đơn, nhưng mình rất nhà khi kèm con học. Bé em năm nay vào lớp 1, thấy thật sự vất vả, đi học cả ngày tối về ăn xong lại học đến hơn 10h, nhưng vẫn không thuộc không đánh vần được. Hỏi cô giáo mới biết những vần đôi, ghép này ngày xưa oét chương trình học kỳ 2, còn bây giờ học hết, rất nhiều kiến thức cùng moitj lúc với một đứa trẻ bắt đầu đi học. Con ko thể nạp được. Đối với người lớn thì dễ nhưng một đứa mới chỉ biết các chữ cái không thôi, tay còn yếu, bắt đầu học viết thì thật là quá tải. Các bác cứ cải cách thế này thì tương lai các thế hệ học trò mình hết sáng tạo vì ko còn thời gian chơi nữa.",,,
"Cái duy nhất cộng đồng có thể hộ trợ là tích cực lên tiếng, cảnh báo để giảm thiểu nguy cơ tiếp tục có người nhiễm độc. Còn vấn đề tài chính, thuốc men... thì Minh Chay phải chấp nhận nếu kết quả xác minh họ có lỗi. MC kinh doanh chứ không phải hoạt động phi lợi nhuận, và sai phạm của họ có dấu hiệu cố ý trong vấn đề nguồn gốc nguyên vật liệu, chưa kể đến sản xuất như kiểm tra thì không đảm bảo an toàn.",,,
Nhiên liệu phi cơ cháy ghê thiệt.,,,
Một bài viết chất lượng xD,,,
Ko ghi bàn nhưng làm khổ cả hàng hậu vệ. Đối thủ còn ghi bàn hộ chứ. Chị nhà ấy C1 năm nay gặp Si run lắm đây,,,
"Các trường đại học, cao đẳng sẽ công bố điểm chuẩn trước 17h ngày 5/10. Từ ngày 15/10, các trường xét tuyển bổ sung.Vậy trong thời gian từ 5/10 đến 15/10, các em phải nộp hồ sơ vào trường đã trúng tuyển theo nguyện vọng. Vậy việc xét tuyển bổ sung cũng không ích gì vì không em nào dám chờ đến 15/10 khi trường xét tuyển bổ sung chỉ tiêu nếu còn thiếu. Đây là sự bất cập !",,,
Ai chứ tôi không thích rồi,,,
"ngày tôi đi học, trường lớp còn khó khăn, học có nửa buổi, vậy mà học vẫn tốt. giờ thì học cả ngày, vì trường lớp dư thừa, cặp học sinh như đeo đá.",,,
"Thích nhất tâm Văn Cao, nhìn rất đẹp và nghệ thuật. <3",,,
"Rất giỏi và thông minh, đã huy động được sức dân hợp lực trấn áp tội phạm tóm gọn bọn chúng.",,,
"Con gái của Uma Thurman rất giống mẹ, một trong những diễn viên ưa thích của tôi.",,,
"Ăn không ngon, ngủ không yên vì bão. Giảm cấp mừng quá.",,,
Mong ông an nghỉ.,,,
Ngon bổ rẻ chơi Suzuki XL7 bao đẹp giá lại xăng uống nhỏ giọt,,,
Mới xem 1 trận của fati ở đội tây ban nha. Cháu nó tài năng quá,,,
"Đẹt có nghĩa là ""lẹt đẹt"". Khổ em gái bị chúng hãm hại. lũ này cho đi lâu lâu vì hành vi đê hành",,,
"Chưa ở Âu Châu và Đức, mọi người chưa biết hết. Những xe hơi cao cấp Đức đã chạy vài km cao nhất đến 10km được bán hạ giá đến cả 15%. Xe gần như mới tinh, cho nên loại xe này bán được rất nhiều. Tôi cũng không hiểu vì sao.",,,
"Không cần biết nguyên nhân là gì. Những tài xế này cần tước bằng vĩnh viễn, chủ xe thì cần phạt thật nặng",,,
Sao BMW mà xấu đau đớn thế này?!.,,,
"Morata là điển hình của bong bóng giá ảo gây ra bởi Neymar. Chỉ là một tiền tạo hạng trung, ghi hơn 10 bàn mỗi mùa mà có giá tới 6-70 triệu. Phi lý hết sức! Nếu vậy thì Messi và Ronaldo, những người ghi 50 bàn trong 10 năm, phải đáng giá 3 tỷ euro mất.",,,
"Án này phải là mức cao nhất đối với tuổi vị thành niên, tức là 18 năm tù giam, mới thỏa đáng!",,,
"Ko nói về thương hiệu mà nói về xe nội địa của đất nước. Xe hàn đến người vn còn dùng nhiều vì giá khá ngon trong khi thuế cao thì xe bán tại hàn ko lý do gì giá ko ngon hơn, nên họ dùng nhiều là đúng. Còn ở nc mình thì giá xe cao so với mức thu nhập nên đừng chỉ trích khi họ ko dùng hàng nội, họ cũng muốn ưu tiên hàng nội nhưng ko đủ tài chính đành mua hàng ngoại với giá vừa túi",,,
1 vote cho Bayern Munich lên ngôi Siêu Cúp Châu Âu 2020. ^^,,,
"Giờ đã hiểu câu "" kẻ cắp gặp bà già """,,,
Gia tài của nữ hoàng nhạc pop này chắc là những khoản nợ khổng lồ?! Kkk!,,,
"Hãy ghi nhớ trong đầu "" ăn chín uống sôi, giữ gìn vệ sinh cá nhân sạch sẽ "". Không bao giờ thừa.",,,
"200tr mưa suzuki wagon 100tr, dọn lại tầm 50tr (đồ trợ lực vios, sơn lại, màn điều khiển...) nữa là đi bao phê.Wagon rộng rãi và thoải mái hơn i10 hay moning nhiều b nha",,,
Cầu mong các con bình an!,,,
"Giới tính nào cũng được miễn mình sống tốt với đời,chỉ hơi tiếc cho chị vợ cả đời cam chịu dù biết rõ anh chồng như thế nào vẫn một lòng chăm nom mỗi khi anh ốm đau,chúc dự án thành công tốt đẹp để dần dà ai cũng sống tốt hơn!",,,
Phải nói Milan tránh được Arsenal mới đúng,,,
Người mỹ vĩ đại ở đây chứ người nga thì đã nghĩ ra cái gì đâu.,,,
Sinh nhật buồn,,,
"Kinh nghiệm cho thấy từ lúc nghe tin này đến lúc khởi công nhanh nhất là 5 năm, còn hoành thành không biết, cầu Cát lái , Cần giờ nghe hàng chục năm không thấy đâu, nản chí với các công trình giao thông phía Nam, nhất là tp HC M!",,,
"Khổ thân các con! bé như thế này lại bị bỏ rơi. Chúc các con mạnh khỏe, chúc nhóm thiện nguyện mạnh khỏe!",,,
"Nghệ sĩ hoạt động trong các loại hình nghệ thuật, nhất là lĩnh vực biểu diễn, luôn thu hút sự quan tâm của công chúng !!! mà chuyện ly hôn thì diễn ra như cơm bữa , thế hệ trẻ sau này thấy thần tượng như vậy thì không biết ra sao !!!",,,
"Chưa nhập cuộc đã thấy ban tổ chức thiên vị Biden đưa ra 6 chủ đề điểm yếu của Trump để Biden công kích, trong tranh luận thì Trump còn tranh luận với cả người cầm trịch.",,,
Em yêu chú quá tính sao giờ :(,,,
Bề dày cuộc tình của ca sĩ này quá khủng. Thay chồng nhiều như thay áo.,,,
"Muốn ngấm cực quang kg phải dể đâu các bạn ơi, mình ở Phần Lan đã từng đến Rovaniemi 1 tuần vào muà đông để canh xem cực quang nhưng kg thấy. Khi nào nhìn thấy là bạn hên lắm đó",,,
"Chẳng bao giờ có chuyện chuyển đi rầm rộ đâu. Vấn đề là Trump đang muốn giảm phụ thuộc và định hình lại chuỗi cung ứng. Phụ thuộc 90% với 70% nó cũng đã khác nhau rất nhiều. Và đó là cơ hội tốt cho các nước châu Á khác, nhưng ĐNA, Ấn Độ. Cùng với sự chung tay của các đông minh như Nhật, Hàn, EU, mong rằng chuỗi cung ứng sẽ bớt phụ thuộc vào TQ trong thời gian tới.",,,
"Thiệt không thể hiểu nổi, dịch đang bùng phát , mà mọi người đều không đeo khẩu trang và giãn cách. ",,,
Hoài lâm có giọng hát rất đặt biệt và tuyệt vời . Những ca khúc mới của cs gần đây ko chê vào đâu dc . Chúc cs sẽ giữ mãi niềm đam mê ca hát và thành công hơn nữa,,,
"Chúc anh và cháu luôn khỏe mạnh, hạnh phúc! Rất quý và ngưỡng mộ anh Tuấn",,,
"Không nên chủ quan. Nếu nói hóa chất trong màu vẽ thì cũng chưa thuyết phục lắm bởi vì như tin đã đưa, cô giáo phòng bên mới bước sang cũng cảm thấy choáng. Còn nói các em có vấn đề về tâm lý là càng không thể vì không bao giờ có hiện tượng bệnh xuất hiện cùng lúc, cùng nơi và nhiều như vậy. Nên điều tra kỹ sẽ tốt hơn",,,
Có thiến hoá học chưa cả nhà ơi ?,,,
"Mọi người chúng ta hãy cùng chung tay hỗ trợ cho mấy bé nhé. Trước hết, chúng ta hãy tìm cho các bé chỗ ăn ở, xem sức khoẻ mấy bé thế nào. Sau đó, về lâu dài thì tìm các nhà hảo tâm bảo trợ để các bé có thể đi học. Chúng ta có thể liên hệ với xã nơi mấy đứa bé ở và người thân nội ngoại của mấy bé để tìm hướng giúp đỡ cho mấy bé. Hiện tại, một giáo viên ở huyện Cẩm Mỹ đã có kế hoạch tìm hiểu giúp đỡ mấy bé, nhưng chỉ một mình cô giáo ấy có lẽ không đủ, nên nếu ai muốn giúp đỡ cho mấy bé thì liên hệ với cô giáo ấy nhé! Cảm ơn mọi người.",,,
hung dữ thế cô giáo nào dám vào? Điều cần làm là các cô nên gọi ngay số khẩn cấp cho cảnh sát. ,,,
chắc xem phim bạo lực nhiều quá mà,,,
Ngăn chặn dịch Covid là để bảo vệ cho hơn 90 triệu người và phát triển đất nước VNKiểm soát người nhập cảnh vô cùng quan trọng nên áp dụng ngay người nhập cảnh phải có chứng nhận âm tính trong vòng 3 ngày trước khi nhập cảnh,,,
Nhìn rỗ cá thấy ngon quá. Bao ký ức tuổi thơ ùa về giờ chỉ còn là kỷ niệm,,,
"Đây là làn liền mạch cấm lấn là mà từ xe có camera hành trình đến xe bồn đều cố tình lấn vào làn xe máy,ý thức kém cỏi thế này thì gây tai nạn cho người khác là khó tránh khỏi.",,,
"Việt Nam rất nhiều người giỏi, luôn xoay chuyển được mọi tình thế. Giờ thêm phần nghiên cứu các thiết bị y tế công nghệ cao nữa để chủ động thêm thì quá tốt.",,,
nhân tài đây chứ đâu. hãy bồi dưỡng và vun đắp cho cậu bé để cậu bé có thể phục vụ đất nước,,,
Về gặp triết lý của Mou cũng khó cho Bale. Có lẻ Bale lại về vị trí lúc xưa là hậu vệ phải.,,,
Xui toàn tập ! Tội nghiệp,,,
"Cuộc sống quá khắc nghiệt, cua phải xuống biển để kiếm ăn, cá phải lên bờ để đi săn, nếu có vài con mòng biển ở đây chắc chắn nó sẽ cổ vũ cho cả hai.",,,
Thiếu tính liên hoàn như phố đi bộ quanh Hồ Gươm.,,,
"Năm 2018, 50 người tại quán bar dương tính ma túy khi cảnh sát kiểm tra. Năm 2019, trước quán bar này cũng xảy ra án mạng làm một người chết.Thế mà vẫn tồn tại được mới ghê.",,,
"Cần có luật ra ngay như nghị định 100, nhưng đây là luật hình sự, liên quan đến mọi hành vi để lọt corona vào Tổ Quốc !",,,
"Nhà m chạy Soluto từ hồi mới ra tới giờ theo nhận xét cá nhân thì xe trang bị nhiều option, vô lăng trợ lực điện nhẹ dễ lái, vào cua nhẹ nhàng còn Attrage thì chưa có cơ hội chạy thử ko dám nx",,,
"Bài viết rất hấp dẫn. Nhiều chuyện lớn của thế giới cần phải có thêm yếu tố thời gian nữa mới có được cái nhìn rõ ràng hơn, đầy đủ hơn. Tôi nghĩ COVID - 19 cũng nằm trong số đó. Nhiều người đã quá vội vã kết luận thế này thế khác trong khi còn rất nhiều điều chưa hoàn toàn sáng tỏ.",,,
Quá xứng đáng với em.,,,
Sống vậy coi bộ mà khỏe cái đầu các bạn ạ.,,,
Cầm thú mới sàm sỡ qhtd cháu ruột mình như vậy.k thực hiện trách nhiệm nuôi con mà còn hành hạ con đẻ.Cạn lời .,,,
Cầu mong mọi người bình an! Việt Nam cố lên! Đất nước chiến thắng!,,,
"Nên cấm Tôi nghĩ hại nhiều hơn lợi ,ví dụ đơn giản các em dùng điện thoại nhắn tin trong giờ học thử hỏi thầy cô có quản lý hết được không,cái hại nữa là làm cho các e lười tư duy ỷ lại vào điện thoại !",,,
Bài học cho các bà mẹ ly hôn nếu có con gái nên gửi ông bà ngoại rồi tái giá,,,
"Đối với môn toán thì khá vừa sức với các con. Nhưng môn Tiếng Việt thì khá nặng. Các con phải bắt buộc nhớ 2 kiểu chữ của bảng chữ cái và 1 bẳng chữ viết hoa ở kì 2. Đối với 2 kiểu chữ thường in sách và chữ các con hay viết đã làm các con hay bị lẫn. Chưa kể mới vào được 3-4 tuần mà bắt các con đọc đoạn văn vừa dài vừa khó nhớ và khó hiểu. Nên xem xét lại, đổi mới phải nhẹ nhàng chứ nặng thêm thì tốn phí tài nguyên. Nếu Bộ và Sở nói chưa xác đáng thì thử ngồi các tiết học của các con xem. Không học thêm trước chắc cũng khó theo kịp",,,
"Nếu thực hiện tốt sẽ là rất công bằng và buộc HS phải học đều chứ không học lệch như hiện nay.Các môn trắc nghiệm việc ra đề vất vả nhưng chấm có thể dùng máy cũng nhanh và thuận lợi.Hơn nữa khi thi đánh giá theo TT26 này thì buộc GV lên lớp phải dạy nghiêm túc, dạy theo đúng chuẩn kiến thức, kỹ năng để HS có đủ kiến thức. Như lâu nay GV thường điều chỉnh điểm rất tùy tiện, khó quản lí,...",,,
"Bé nhà tôi tiêm mũi 5in1 đầu tiên về nhà bị sốt và dị ứng nổi ban đỏ khắp người, giờ tính đi tiêm mũi nhắc lại thứ 2 mà các trung tâm không ai dám tiêm, ngay cả các trung tâm tiêm dịch vụ vắcxin của pháp. Giờ cũng chưa biết phải tiêm phòng cho con ở đâu nữa, đọc tin này thấy cũng lo, chia buồn cùng gia đình",,,
"Giọng của anh Bo thời kỳ đầu mộc mạc và truyền cảm. Về sau, khi anh đi tu nghiệp ở Mỹ về thì giọng có phần luyến láy nhiều hơn, thiên về kĩ thuật hơn. Nhưng với mình nó không còn hay như ban đầu nữa. Cảm ơn anh đã là ký ức tuổi thanh xuân. Chúc anh luôn khoẻ và hạnh phúc.",,,
"Chắc họ nghĩ mình là những cua-rơ chuyên nghiệp đang tham gia giải đấu nên ""bao"" nguyên con đường... Chán với ý thức của những người này....",,,
Cho quét vân tay đi mấy an ninh ơi. Chứ thôi lại bị.,,,
"Nhạc Binz mang tính thời thượng rất cao, hợp với su hướng của thời đại, lyric hay lựa chọn ngôn từ rất kỹ, cách gieo vần nhấn nhá dễ đi vào lòng người. Nghe 1 lần chưa ngấm chứ 2 3 lần là ghiền. Với lại nhạc mang hơi nhạc Rap Âu Mỹ nên mình rất thích. Hòa nhập thế giới.",,,
"Nguy hiểm có thể tránh, nhưng họ lại không làm vậy! Hậu quả là phải trả giá bằng tính mạng. Thật khó hiểu?",,,
Vụ này đọc đến cuối thì thấy quá dễ tìm ra. Vì đã có hai dãy số tk và pass.,,,
Ngày xưa hay nói : cá ăn kiến thì kiến ăn cá...Giờ đây : cá ăn rắn thì rắn ăn cá..!,,,
"tên đường cũng như đường số 1 đường số 2, đặt ra chỉ để người ta biết đường mà đi. đổi làm gì cho mắc công.",,,
Cá voi sát thủ đứng đầu chuỗi thức ăn trên biển mà hình như nhiều người nghĩ là cá mập.,,,
"Quan trọng mãnh đất đó trong sổ đỏ ai là người đứng tên, nếu anh bạn đứng tên là người đại diện thì bạn ko có cửa để chia nếu cha hoặc mẹ bạn là người đứng tên thì bạn có phần",,,
Không liên quan nhưng bên FE Credit này nhắn tin quảng cáo quá nhiều,,,
CA hết sức dũng cảm mưư mẹo để tóm gọn bọn buôn cái chết trắng.Hoan hô! Các chiến sĩ CA,,,
Không ai làm kinh doanh mà muốn mang tiếng thế này cả. Nếu tôi là chủ cơ sở này thì cũng rất đau lòng vì tâm huyết của mình đổ sông đổ biển thế này. Thôi thì cố gắng khắc phục và làm lại từ đầu nha anh.,,,
"""Sau tiêm, theo dõi tại trung tâm y tế 30 phút không có phản ứng gì lạ, bé được cho về nhà. Ba mẹ đưa gửi con tại một cơ sở giữ trẻ gia đình.""Liệu Ngoài vacxin ra còn khả năng nào nữa không?",,,
"Giờ thấy buôn ma tuý toàn tính bằng tạ, tấn, nhỏ nhỏ cũng vài kg đến hàng chục kg. Trước đây chắc chỉ trên phim HongKong mới có cảnh này.",,,
Ý mà D.Trump nằm trong danh sách người lớn tuổi cũng căng nha,,,
Thật tuyệt vời. Ca này sẽ làm cho thế giới phải ngưỡng mộ cái tâm và cái tầm của các bác sĩ bệnh viện Chợ Rẫy nói riêng và ngành y học Việt Nam nói chung.,,,
Bản Seltos Lux mà bị cắt option thì hơi buồn cười.Ngay cả cái cam lùi và màn hình nó cũng cắt trong khi sắp tới luật yêu cầu tất cả xe ô tô phải có cam lùi..Hài,,,
"Sáng kiến rất hay, rất đặc biệt. Thấy các em làm tôi nghĩ đến hình ảnh nhóm Amazon mấy chục năm trước làm việc ngồi xổm dưới đất.",,,
Hollywood mau tận dụng cảnh này đóng phim khỏi dựng cảnh.,,,
Ars là hình ảnh của Liv trong những năm trước đây. Arteta đã xác định lấy Liv làm hình mẫu.,,,
"Quá tuyệt vời, những người có tâm. Made by Vietnam",,,
Tôi hy vọng Tổng Thống Mỹ và Phu Nhân nhanh chóng khỏi bệnh vượt qua căn bệnh COVID 19 để lái con thuyền nước Mỹ thêm nhiệm kỳ này.,,,
Ai thắng cử cũng thế. Thế giới vẫn theo chiều hướng cũ thôi.,,,
"Cầm dao xông vào quán, đánh tại quán, rồi bắt đi, đánh trên xe di chuyển, dừng xe trên bãi đánh tiếp, chở về chung cư đánh nữa.... vài ngày! Bạn trai không tố cáo à? ",,,
":v vì thế khuyến cáo những bạn chạy lụt nhớ cầm chai xịt côn trùng theo, thấy bè nào xịt bè đó",,,
khiếp thiệt chi xài lặt vặt cá nhân thôi mà hơn 50 tỷ,,,
Chúc nhóm thiện nguyện Minh Tinh luôn mạnh khỏe. Xin cảm ơn các bạn luôn đồng hành cứu vớt trẻ sơ sinh bất hạnh.,,,
Tui thấy chưa vào lớp 1 có nhiều bé đã đọc được viết được rồi. Là những bé đã học trước con bé nào chưa học trước thì theo sao kịp. Cải cách càng nhiều học vẹt càng nhiều. Tôi có gặp bé lớp 4 tôi có hỏi 3x5 = 15 tôi có hỏi bé hiểu tại sao bằng 15 bé nói ko biết chỉ học thuộc thôi. Trong khi toán toàn 9đ 10đ. Bó tay,,,
"Thật ra mình thấy ca từ và giai điệu bài hát khá bình thường. Nhưng giọng Hoài Lâm rất hay, xử lý mượt và giàu cảm xúc. Cộng với hiệu ứng phim sau này thì chắc bài hát cũng sẽ nổi đấy.",,,
"Tôi cảm thấy chán cho nền giáo dục, thương cho các cháu học sinh vì học ở lớp cả ngày nhưng tối về vẫn phải học bài đến 11h-12h đêm. Quy định giáo viên không được giao bài tập về cho học sinh khi phải học 2 buổi 1 ngày nhưng bé nhà tôi đang học lớp 5, ngày nào cô giáo cũng giao hơn chục bài toán từ sách bài tập, đến sách toán nâng cao, phiếu bài tập, Luyện từ và câu, cùng em học tiếng việt, soạn bài mới cho môn toán và môn tiếng việt.... Nhiều hôm cô còn bắt viết chính tả và bài tập làm văn. Các cháu học rất áp lực, hôm nào cũng kêu cô cho nhiều bài tập về nhà, các cháu không có thời gian nghỉ ngơi vui chơi hoặc học thêm các môn năng khiếu khác. Tôi định có ý kiến với cô giáo là cho các cháu ít bài thôi, chỉ nên giao bài tập vào ngày cuối tuần nhưng sợ cô giao trù con mình (năm lớp 4 tôi cũng có ý kiến là cô cho quá nhiều bài tập về nhà nên con tôi bị cô trù mãi). Chính vì lẽ đó mà nhiều gia đình có điều kiện, họ không muốn cho con học trường công mà cho học trường quốc tế để cho con phát triển toàn diện. Mong các nhà cải cách giáo dục cải cách theo cách dạy và học của các nước phương tây cho học sinh đỡ vất vả hơn.",,,
nhìn có thẫm mỹ bắt mắt chút nào đâu mà thích !,,,
"Nên rút tiền ra mua bất động sản bạn ạ, nhưng nên mua ở hai dạng: (i) người đang cư trú có nhu cầu chuyển đi và khu vực đó không bị làm giá (thổi giá theo kiểu sắp có quy hoạch, dự án abc gì đó..), có khả năng duy trì việc cư trú, sinh hoạt, kinh doanh bình thường; hoặc (ii) tài sản bị bán đấu giá ở khu vực đáp ứng điều kiện (i), cái này bạn có thể tìm thấy rất nhiều trên báo. Về lâu dài, giá đất ít giảm (nếu không bị thổi) và chỉ có chững lại rồi tăng. Bạn gửi tiết kiệm, lãi suất ngân hàng bị lạm phát ăn mòn gần hết và tiền gốc của bạn cũng bị yếu tố lạm phát và tăng giá ăn hết. Bạn có thể tìm các ví dụ gần nhất xung quanh mình về đầu tư bất động sản dài hạn trong 3-5 hoặc 10 năm sẽ thấy rõ.",,,
Bài viết rất hay! Một câu chuyện thú vị!,,,
Đúng là đất nước của những hoa hậu. Đẹp mê ly!,,,
"đấy, nhìn con hàu con hà mà học tập, có công mài sắt có ngày vào xoong",,,
"Mình có thể đánh đổi mạng mình cho con mình, không hiểu sao trên đời lại có những bậc phụ huynh độc ác đến vậy",,,
Xe bồn chạy sai làn!,,,
"Với học sinh, đừng bao giờ dùng từ có thể. Một là cho phép, hai là không cho (cấm), còn có thể thì với chúng đó là cho phép và làm thoải mái.",,,
"Nguyên vật liệu xây dựng không tăng, Covid chưa lắng xuống (Trừ Việt Nam). Có khu 10 năm chưa bán được vậy tăng do đâu?",,,
"Có ai theo thuyết âm mưu không? Hay cũng nên thông cảm cho ông ấy, vì đã 78 tuổi rồi, cái tuổi thất thập cổ lai hy.",,,
Bao nhiêu năm rùi. Đi sâu vào đầu bao thế hệ rồi. Thiết nghĩ tên đường cũng như tên người. Sinh ra có 1 cái tên và cái tên đó sẽ đi theo suốt cả đời người dù sai hay đúng dù xấu hay đẹp,,,
Mong các con mau khoẻ!,,,
"Tôi có con lớp 1 năm nay . Cô giáo nói con tôi chưa biết đặt câu??? Lơp 1 nó đánh vần còn chưa xong mà đặt được câu? Nhin hết sách ""chân tròi sáng taạo"" thấy đoạn văn mà hết hồn k nghĩ đó là sách lớp 1. Ngày xưa tôi nhớ đoạn văn đó tuong đương với sách lơp 3. Nếu PH k am hiêu tôi đam bảo sẽ k biết kèm con thế nào.",,,
"Tôi nói rồi, cảnh sát Mỹ đã yêu cầu thì đừng chống đối vì có thể bị trấn áp bằng vũ lực ngay nếu cảnh sát cảm thấy có mối đe dọa tiềm tàng.",,,
Một phút sa ngã mất cả thanh xuân,,,
Nâng cấp mở rộng thêm quản lộ phụng hiệp là tương đối ổn rồi.,,,
"Càng có cơ hội để phục thù, cố lên chú lùn!",,,
Không lấn lướt đơn giản là do West Ham lựa chọn chính lối đá giống Arsenal là phòng ngự phản công để chống lại. Lựa chọn này là hợp lý vì sẽ bắt Arsenal phải từ bỏ phòng ngự để chơi tấn công trong bối cảnh họ thiếu 1 tiền vệ sáng tạo. Arsenal đã may mắn khi thắng cách 1 bàn nhưng qua đây mới thấy họ cần phải mua được Houssem Aouar cho những trận cầu với những đội bóng nhỏ chơi phòng ngự chủ động.,,,
"Khốn nạn quá, mỗi lần đọc mấy tin như thế này tức điên người. Trên đời này sao lại có loại người như thế tồn tại chứ",,,
"Ứng dụng gì mà ai muốn điền thông tin của ai vào cũng được và ngân hàng thì nhắm mắt chấp nhận; dẹp mấy cái ứng dụng vay nhanh, vay trực tuyến đi là vừa.",,,
Chỉ 10000 1c bcs thôi đấy. Chưa muốn có con thì chú ý các biện pháp tránh thai vào với. Nó tốt hơn là phải phá bỏ 1 sinh mạng đấy,,,
"Đèn pha oto nữa, đã có nhiều vụ xô xát ẩu đả vì đèn pha rồi, sai luật nhưng không hiểu tại sao cảnh sát không phạt thật nặng cái đèn pha trong phố này?",,,
Bài hát và giai điệu đều bình thường . Nó hot vì nói lên tình trạng chung khi công nghệ và xã hội phát triển quá nhanh . Trong gia đình thiếu sự chia sẻ và không thể tìm được tiếng nói chung . Vậy thôi mà !,,,
Chúc mừng các chiến sĩ,,,
Cái bảng CẤM to thế mà...,,,
Những cây cầu này đáng lẽ phải làm từ lâu rồi.,,,
Trình độ khoa học của Trung Quốc không phải là kẻ đến sau rồi!,,,
Tình cha ấm áp như vầng thái dương... Chúc mừng gia đình anh.,,,
"Nhà mình có bé mới vào lớp 1. Chỉ mong con biết đọc ,biết viết. Mong chương trình nhẹ nhàng cho bé thôi. Đi học cả ngày ở trường tối về giáo viên vẫn giao nhiều bài cho các con là oải",,,
"Giai đoạn trung phong ảo M10 ghi 91 bàn / năm đã khai sáng cho 7,tứ đó 7 cũng ham hố cắm dùi vòng 16m50, nhưng tài năng có hạn nên 7 ko bao giờ đạt được thanh tích khủng khiếp đó.",,,
Tin tốt nhất trong năm 2020!,,,
Tự nhiêu muôn màu,,,
Not a wink of sleep ;),,,
"Tội nghiệp người phụ nữ mang thai quá , em bé không biết có sao không . Chúc mọi người mau khoẻ lại.",,,
"Hai con mỏi mồm, một con mỏi chân quá !",,,
Thực sự bạn này có nhiều điều kiện chứ giờ nhiều bạn phải giỏi cả tiếng Anh lẫn chuyên ngành khác mới có chỗ đứng.Bạn theo con đường này thì việc giỏi nó là điều tất yếu.,,,
ai nhà ở mấy đường này sửa luôn hộ khẩu và chứng minh thư,,,
Trump sẽ thắng,,,
trận thắng mang đậm dấu giày của HLV,,,
"Hạng A chọn TOYOTA WIGO cũng ngon nè,bữa lên chạy thử thấy cũng êm lắm..",,,
Sợ nhất cảnh li biệt. Nhất là đối với người mình yêu thương.,,,
Điều quan trọng là bị lộ kế hoạch di chuyển.,,,
"e này có vẻ ko cao, mà ko cao thì ko có cửa đối với các cuộc thi HH tại VN (ở nước ngoài thì còn có khả năng vì xu hướng thế giới bh ko quá trọng ngoại hình)",,,
Lẽ ra ngành Y Tế nên in nhiều tờ rơi cảnh báo gửi đến từng hộ dân thông qua cộng tác viên trạm Y tế tại các địa phương sẽ hạn chế tối đa người trúng độc.,,,
Đau lòng quá. Cầu xin các cháu siêu thoát về cực lạc,,,
Nhớ mãi bộ phim ông đóng! Vĩnh biệt và xin cảm ơn nhiều về những c ốnghiến của ông!,,,
"Tại sao khi bị trình báo 1 lần lại không theo dõi sát sao để cho sự việc tái diễn nhiều lần? Con trẻ tổn thương thì dễ, chữa lành khó lắm. Ai biết cháu còn bị ám ảnh đến bao giờ.",,,
Granduer quá đẹp,,,
"Trump nói thuế là đánh vào phía Tq, sao lại có tới 3500 cty Mỹ đi kiện ^_^",,,
"Chậm quá, các thánh môi trường xuất hiện trước mình rồi, buồn thật",,,
"Hàu tiết ra 1 chất bám dính cực mạnh vào thân tàu hoặc vách đá, chất này không có tính ăn mòn, ăn mòn do hàu làm hỏng lớp sơn phủ bề mặt để nước biển tác động vào thôi.",,,
"Vinfast Fadil xe khỏe, an toàn, cách âm tốt hơn hẳn i10. Bác thường chạy xe trên đường thì cái quan trọng nhất cần giữ là tính mạng của mình.",,,
"đề nghị cơ quan chức năng về an toàn vstp và các cơ quan liên nghành nên kiểm tra các quán thịt cầy nếu không đảm bảo giấy tờ mua bán thực phẩm họp pháp thì đóng cửa phạt cấm bán luôn, như vậy sẽ bớt nạn cẩu tặc liền.",,,
Như ở bên Mỹ bạo hành trẻ em cho đi tù mục xương chứ ở Việt Nam mình phải nặng mới giải quyết,,,
"Thưởng thức bóng đá, sau đó dành thời gian vui vẻ bên gia đình, người thân.",,,
Ngắn gọn và dễ hiểu 6 quả bóng vàng và 6 giày vàng,,,
"mong các công ty của việt nam thi công nhưng giám sát thì thuê các nước nhật, đức giám sát cho nghiêm túc",,,
Tôi tin đẹp nguyên dàn là có thật. Chúc mừng liên hoan phim nhé.,,,
Cũng chưa hiểu lắm nhận diện như thế nào khi nhìn nhiều hũ giống nhau??,,,
"Có nhiều ngân hàng không cần dấu vân tay, nên kết hợp dấu vân tay và chứng minh nhân dân",,,
Cháu nó đeo cái túi bằng chú đi làm cả năm :),,,
Ôi những con số chóng cả mặt @@,,,
"Nhìn Cá Voi khổng lồ, hớp nhẹ một ngụm là lấy đi cả trăm ký Cá Mòi, trong khi Nhạn Biển lao mình đâm thẳng xuống lặn một hơi cực khổ khó khăn lắm mới đớp được một anh Cá Mòi, bầy quân nhà Mập cứ nhẹ nhàng tha hồ mà xơi từng chú mòi không ngừng nghỉ... Này mà có thêm lão Manta hay Whale Shark nữa thì ôi thôi đúng hội tiệc lớn...",,,
"không sao cả. TT Trump sẽ hồi phục mau chóng. Tháng mười trong năm bầu cử thường thì có nhiều ""ngạc nhiên""...tháng mười chỉ mới bắt đầu...cuộc tranh đua chỉ mới bắt đầu gay cấn...",,,
Ông nói cứ như ông có khí chất Real vậy!,,,
"Đây phải nói là Lâu Đài chứ biệt thự cảm giác không hoành tráng như ""Lâu Đài""",,,
Bộ sách tuổi thơ của tôi.,,,
"Các kỷ lục về trận thua đậm nhất lịch sử C1 liên tục bị phá vỡ. Và đó chính là anh, cục tạ trăm triệu năm có một.",,,
Thật bất lợi khi chọc giận giới truyền thông.,,,
"Xử lý hình sự, áp dụng tình tiết tăng nặng!",,,
Messi luôn chơi hay nhưng đoạn nhiều Cup và Bóng Vàng nhất là 8 năm có 2 siêu tiền vệ X6 và I8.,,,
Nhức nhối quá Xã hội ơi! Mong các ban ngành chính quyền rà soát các điểm nạo phá thai phạt nặng những cơ sở này. Gửi những phụ nữ bỏ con sống có trách nhiệm với bản thân.,,,
Mong ông Biden đắc cử tổng thống Mỹ,,,
 Bản án quá quá là nhẹ. 10 năm còn đáng.,,,
"Ngày xưa đọc không thiếu tập nào, nhịn ăn sáng mua đủ bộ. Bản phóng tác gần gũi và hay hơn bản dịch nguyên tác",,,
Cầu mong Thượng đế cho TT Trump sớm qua khỏi bịnh . Sớm phục hồi để lo cho đất nước Hoa Kỳ .,,,
"Quả là ý tưởng táo bạo của anh nhưng làm đề tài này rất khó,khó về nhiều mặt.Dù sao cũng chúc anh may mắn,chúng ta cần sự sáng tạo",,,
Độ dài hay diện tích cũng mạng tính tương đối khi không cùng một hệ quy chiếu. Vì thế hạt bụi hình tam giác như thầy nêu cũng che đi tầm nhìn của trái đất khi nó ở khoảng cách đủ xa,,,
Thiem vô địch 1 phần cg là do Nole bị loại 1 cách ko ai ngờ. Cỡ thiem mà ck gặp Nole tại uso thì ai thắng hả trí?,,,
Nhiều người ủng hộ hơn mới quan trọng hơn nhiều tiền hơn nhé,,,
"Hi vọng giải này nadal ăn uống đầy đủ khoẻ mạnh, để còn bị Vua Nole làm gỏi.Đừng như rome chưa kịp diện kiến nhà Vua thì bị anh lùn bón hành cho ê chề tủi hổ rồi.haha",,,
"Lần đầu tiên tự lái ô tô từ Đà Nẵng vào HCM, đi hết cao tốc Long Thành - Dầu Giây đến nút giao thông gì đó mà mình chưa từng đi bao giờ. Quá nhiều làn đường, nhánh rẽ. Mặc dù đi theo GG dẫn đường nhưng lòng vòng đến 2 lần không thoát ra được, mãi đến lần thứ 3, quyết định bám đuôi 1 chiếc xe đi trước mới vào được TP, rồi từ đó mới đi đến điểm cần đến.",,,
Bạn nên tham gia BHNT vì khi bạn còn trẻ thì phí thấp. Rủi ro không ai muốn nhưng cũng ai dám chắc là mình sẽ không gặp phải. Khi bạn tham gia BHNT bạn sẽ bảo vệ được nguồn tài chính của mình kể cả khi bạn khỏe hay bạn ốm đau vì khi bạn ốm đau BHNT là người bạn giúp đỡ tài chính cho bạn. Bạn nên tham gia khi bạn có gia đình có thể thay đổi người thụ hưởng. Đừng so sánh bảo hiểm với ngân hàng vì bảo hiểm vừa bảo vệ vừa tích lũy còn ngân hàng thì là tích lũy tiết kiệm. Mong bạn có quết định đúng đắn!,,,
Nghe có vẻ mệt mỏi quá.,,,
"Không biết có phải trùng hợp hay không? Nhưng tự dưng khoảng 5 ngày nay tôi lục lại phim xưa của anh Lưu Đức Hoa đóng thì vô tình chọn bộ Thiên Nhược Hữu Tình của anh để xem thử và say đứ đừ bộ phim.Xin nói thêm là tôi thuộc thế hệ trẻ sau này nên không có cơ hội xem phim của Tứ Đại Thiên Vương nhiều, nghe danh LĐH đã lâu nhưng ít quan tâm. Thiên nhược Hữu Tình chính thức biến tôi thành fan của anh ấy cũng như đạo diễn Trần Mộc Thắng. Mong đạo diễn an nghỉ. Thời gian nào có chờ đợi ai...",,,
Sao nhiều sao Hàn ra đi sớm quá. Thật đáng tiếc!,,,
"Mỹ là nước cường quốc về kinh tế mà ảnh hưởng quá nặng nề, trên đà phục hồi kinh tế Mỹ ngày càng mong manh.",,,
Ác quá ác ! Cho tù khổ sai cho nhớ !,,,
"Nên ra luật người sử dụng ma túy cũng phạm tội đó là tiếp tay cho kẻ buôn bán trái phép chất cấm. Ai dương tính với ma túy thì cứ phạt tù lao động tới ba năm lần đầu, lần hai nhân đôi. Phạt như vậy sẽ hết thôi mà.",,,
Em được làm fan cứng luôn rồi nè ❤️ reaction quá hay quá cute coi mấy giờ này quá hợp lí =]]],,,
CÔN ĐỒ CỤC SÚC VÔ NHÂN TÍNH ĐỀ NGHI VN. NHÀ NƯỚC VN BAN THƯỞNG.,,,
Đố chúng m nhận ra ai,,,
"Thế mà mình nói mấy thằng bắc kì, bọn đó lại bâu vô nói mình phân biệt!:D",,,
Nghe rất vô lí nhưng cực kì thuyết phục,,,
thế đấy. làm j bọn nó. bọn nó có quyền nên làm j chả được :v,,,
Dạy bơi cho cá. Bơi thì đương nhiên nó bơi được vì nó là cá. Làm sao cho nó sống được mới là điều người dân đang quan tâm.,,,
Cứ đăng cái ảnh 2 bố con là y như rằng bị đổi,,,
Đời vô thường lắm..sống phải tu tâm tích đức cô oi..khẩu nghiệp quá cô ơi,,,
Chương trình quảng cáo xin đc bắt đầu,,,
Thế Vinh Yasbaga tối cao,,,
Chỉ 3 vàng ngọc như con heo nọc nhà e,,,
Xuân đương tới nghĩa là xuân đương qua,,,
Em yêu anh từ thuở tóc dài,,,
Mệt quá thầy ạ 😞,,,
Xem r nè,,,
thầy đéo xoá kênh kêu gọi học trò report cho bay kênh thiệt luôn :)),,,
Tú thích hoa hồng và mùa đông được Quang đâm phía sau mông,,,
Chi 3 cai gi cung co nhung cai lờ la chi 3 hét kiếp nay cung k bao gio co .,,,
Xin tộc trưởng hãy cho Hiếu lợn thần ra trận! Đảm bảo sẽ có chiến thắng,,,
4 năm rồi à,,,
Khắc Thành Nguyễn phục cái máu lồn,,,
ko vào thì lấy đâu ra vốn vay FDI cho các anh đút túi ?,,,
Chào người anh em,,,
9x5=55 chứ ôg a già😆,,,
Bị gì bị lắm thế,,,
Chờ đợi 17 nồi bánh chưng mới đc fan cứng nên cmt cho kh mất chứ ko biết chơi GA,,,
Thu Boo xuất sắc ...nhưng em lại làm mấy bạn kia buồn thêm 🤣🤣🤣,,,
Võ Thành Nhân huyền thoại :((,,,
Thế e thích làm phù thuỷ r bạn nam phải làm s đây a nhỉ😆,,,
ảnh này ở video Superheroo nghe buồn não ruột -__-,,,
Ở đây ai là chủ ???,,,
Cực kì thuyế...hác xì....á chết mẹ..,,,
"Có anh Độ, Tết lúc nào chả vui",,,
Thảo NG thua tại dốt av qa :v,,,
Dì 3 ê dì 3_ là trai hay gái ạ,,,
éo nha liu liu,,,
Idol,,,
Hoàng Minh,,,
Ck4mk4m là gì á mn,,,
Nghi vấn thầy chà trộn TTBL tu,,,
Hồng Thy cái giọng điệu nói cảm thấy hao hao giống ..!,,,
So Pre Tài Trợ Độ Tây Ngày Hôm Ngày =)),,,
Dep trai moi co nhieu dua yeu,,,
Nghe giọng nứkg quá Abe :)),,,
Anh Trung Giả Kim 😂,,,
Pháo thủ toang cmnl @@,,,
Lê Huyền người ư ?sinh vật hạ đẳng chứ ngươi ai lam thế .,,,
🙆🏻‍♀️,,,
"Goodnow Tran lo ở nhà đi ra ngoài tiết diên mày bị mắc bệnh giờ, tui cam đoan là như dị",,,
Lê Thị Bích Hồng tk trẩu,,,
Nguyễn Trang nói thật mị 🤣,,,
Panda Thái đã xem =))),,,
Giọng cuốn vc,,,
Ai ki nghe nói cũng đi ý về,,,
Đc anh ui,,,
Tại sao phải trả lời thầy,,,
Con nho nay hom truoc chui Ong ba Cha me ca nguoi Vn la minh biet no bi Ma nhap no truoc khi bi chet.. ..gao thet kinh hon de truoc khi xuong dia nguc...🙏🙏🙏,,,
Đoạn đánh răng chiếm quá nhiều thgian :)),,,
Tóm lại là chửi nhau phải có văn hoá 😂😂😂👏🏻👏🏻 e thích page rồi đấy 😂😂,,,
cái tay cái tay,,,
Tóm lại là con gái hay trai... 😶😶😶...bực mình vl nhìn hoài ko ra 😑😑,,,
Bắt được đừng chữa nhốt vào cho chết luôn...loại này đừng để đẻ trứng!!!,,,
Hahahaha,,,
Nguyễn Thị Luận Hà Nam cũng vậy :),,,
"Học cách kiểm soát bộ não của mình đi, thích thì tiến tới, ghét thì bỏ qua",,,
Tức diêng là idol vẫn còn ngon cơm. Tức diêng là mắt thấy tai nghe chứ ko phải nằm chiêm bao,,,
Thánh chửi lãnh án,,,
"Chúc anh em năm mới vui vẻ, an khang thịnh vượng.",,,
Chú trung đầu L chứ chú tí đầu lân clg 🤣,,,
Cáo từ,,,
Ok trung bảnh,,,
Con thuong co ba,,,
Chào nhà báo vũ hoàng Lân. Chào danh hài vũ trụ trần tiger:-),,,
ăn bận như cac họ,,,
reaction thầy ơi,,,
Thu Trang,,,
Thế cơ á,,,
Quá ngu lồn đi =))),,,
Tình đồng chí thật kiên trung!Sách lịch sử dạy giặc tra tấn dã man thế nào cũng không mở mồm có #,,,
"Làm cái đéo gì thì làm đừng để ng ta nhắc đến VN là gắn với từ ""ăn cắp"" :))",,,
Cả nước đồng lòng riêng em thi ko,,,
Im mẹ đi thằng mặt lon,,,
How to nói đểu vợ :)),,,
Bọn chó sủa bậy,,,
bon comcom đơn vị tác chiến điện tử vs nhật ký yêu nước dm chúng mày vào mà đọc. tưởng ai cũng như chúng mày hết đấy,,,
MV khá chất lượng,,,
Lại 1 người nữa ra đi,,,
Khổ thân anh độ giải này mà nát mấy ông anti lại um lên cho mà xem ... Rồi team lại đủ thứ buồn. Còn ngày mai nữa mong các anh cố gắng,,,
em mê con nhỏ ngoài Trần Duy Hưng nhưng phải cố gắng nhiều hơn !!!,,,
Xin phép cả nhà nhaaaa!!!,,,
"Sam luôn luôn đi theo cặp nhé, 2 con chồng lên nhau ý",,,
Chúc mừng năm mới,,,
cứ như là 1 kịch bản hay cho việc hợp lý hóa xây sân bay long thành!,,,
Suni Hạ Linh sau khi thấy vid này ☹️,,,
Có tiền đi đường quyền =)),,,
Nhớ đến đấng nha 3 gà 😎😎,,,
Đặng Thái Hoàng Châu dư âm từ năm này sang năm khác,,,
"em đây anh ơi , bây giờ em mới nhận ra bên em còn có 1 người anh tuyệt vời như anh anh Độ ạ 🥺",,,
"Pha đánh răng ám ảnh nhất lịch sử điện ảnh, có thể lưu truyền mọi thời đại, là biểu tượng để các diễn viên học tập theo🤣🤣🤣🤣",,,
"hoc cc gi` nua~, ve san voi ma` kiem an =]]z",,,
Abe có thể chiếm đoạt được trái tim của Tiểu Tiểu nhưng riêng blue của Tiểu Tiểu thì Abe tuổi lol chiếm đoạt được :vv,,,
Cô Minh hiếu nói chuyện thật thà dễ thương quá ✌️✌️✌️✌️✌️,,,
đéo hiểu kiểu gì,,,
Phải xử lý hình sự mới sáng mắt ra đc !,,,
khó chịu vãi😂,,,
Mọi người xin dành 1 chút thời gian nguyên góp mỗi người 1 like vào ảnh đại diện của tôi được hong :)),,,
Thời gian ủ bệnh lên tới 14 ngày khả năng cao vẫn phải cách li theo dõi thêm,,,
Thêm quả carô ở trong nữa nhìn chán 😑😓,,,
from,,,
Tq hắc xì cả thế giới phải rung chuyển,,,
Yêu thầy dấu bé 3,,,
add e muốn mua cái này mua ở đâu ạ.,,,
Phương Minn ngộ nghĩnh nhỉ lạ lone nhỉ ? Rõ ràng cố tình tạo phốt để bán hàng online :))) mà làm như hay lắm . Sống dơ v ai mua đồ cho trời .,,,
HÌNH NHƯ THIẾU 4X :3,,,
Hoàng Kiên nói đúng lại còn chuẩn 🤣🤣,,,
Kinhh,,,
Nghe thế thôii làm theo mấtt hếttt =))),,,
Mong mấy bác được cách li ở nhà đừng trốn là em vui rồi :))))) cứ đi nhông nhông thì em cũng sợ :)))),,,
Nguyễn Trọng Hiệp hiệp bmw à 🤣🤣,,,
"Giống như câu , Ngêu sò tranh nhau , Ngư ông đắc lợi",,,
Vũ Mai Ly ui thật á,,,
Minh Tran uh mình nghe cũng nghĩ là người miền trung mà bả ko biết phân biệt,,,
chúng mày phải thông cảm các anh ý đều có ước mơ làm hình sự nhưng dòng đời xô đẩy phải đi làm trật tự và giao thông .,,,
"Rõ ràng chức danh chủ tịch mà,sao ý thức lại khác vậy😌((",,,
bạn trai nhà người ta chưa bao giờ làm tôi thất vọng :)),,,
sang năm mới mong anh bớt hí nha,,,
Nguyễn Tuấn Phong thương chị quá,,,
Ngọc Huy học hỏi idol để có quả đầu đẹp nha =))),,,
Chui nua di co cho bo tat ngua,,,
bản kia hay hơn,,,
Ủa ah nói hay vậy🤣🤣,,,
đặt khô gà ở đâu v thầy ơi,,,
Lê văn tám là hư cấu à bacd,,,
"Tiên tri vũ trụ múa võ vui kinh nhể, thấy tiên tri dùng thế cuối rồi nói câu: ""súng bắn không trúng, dao chém không lủng"" tự dưng muốn cười kinh khủng ka ka ka.""",,,
Đinh Phước sống nhanh chậm t chửi hết👌,,,
:)) t bên này t còn dell giám dùng tien mà s chj 3 xaolol vay nhà toàn trã góp sūa cl :))),,,
Sao thầy kh múa quạt nhỉ =))),,,
"Lại nghĩ cảnh tập trận chống bạo động đại hội Đảng. Cứ tập trận như đúng rồi, sợ dân ta đến biểu tình nên phải làm vậy đây mà",,,
Thứ ngu như m nói chuyện mất tg...đi học lại lớp mẫu giáo đi,,,
Người Cao Bằng đẹp trai là thế đấy các bạn ạ 😆,,,
Ba gà dẫn gái về phong stream :(((,,,
Tối nay em sẽ đi học chớ ko đi chơi nha ABe,,,
Đỗ Thuỷ Trinh giông y mạng nhà m 😀,,,
Bạn bị phạt khi chê lãnh đạo kênh kiệu/ngu/cùi bắp ... không phải vì bạn xúc phạm họ mà vì bạn đã lộ bí mật quốc gia.,,,
TRAN DAN TIEN BO.MOI GIA NHAP DCS.,,,
Ok a zai :))),,,
Dương Ly nhím =))))),,,
Chào các bạn quay trở lại với tòi súng vờ lốc :)),,,
súng bắng k chít....dao chặc k đức...tấc nhiêng vi trùng tô-vít sao xâm nhập đc Dần Đần..tui cam đoan là như zị..ơn zời Dần Đần có món thần quyền môn..nếu k giờ tò tí te roày,,,
Đm Ad m óc cức lắm...Đm người ta khổ chứ Đéo rãnh lên đăng ba cái tào lao như m đâu...m cho người ta đc đồng xu cắt bạc nào chưa...ở đây xạo lồn...mẹ m sinh cái tay m ra trước hay sao m ngu v,,,
công nhận cái khẩu trang giống thật còn....,,,
yếu đuối vl thế thì sao bước qua nổi sóng gió cuộc đời 😂😂😂,,,
Òa là thầy giáo lại vừa đẹp trai lại chu đáo mê quá đi à,,,
Sam Sam hậu hoàng đó!🤪,,,
Nhìn bà trang giống tăng thanh hà ghê 🤷‍♀️,,,
Hợp lý hơn nè abe :),,,
Đéo biết game phải để giải trí không nữa 😂😂😂,,,
chịu cứng🤣,,,
Lưu Bảo Toàn đọc hại não vcl,,,
Thầy địt mẹ giả tạo vl =)),,,
NhungCovid tài trợ hết lo gì =))),,,
Vẫn là abe =))) nhưng ở 1 nền nhạc khác,,,
Aba nhớ đem con này ra thế giới nhé abe,,,
Thầy review dùm em cái mông này vs ạ .,,,
Chui lu viet nam da roi toi chui bac ky.  Troi....,,,
Nó có lây qua đường đt ko =))),,,
Xin nhà tiên tri cho biết: Liệu trong đại dịch COVID 19 này lũ 3/// CCCĐ tại Hải ngoại có thể miễn dịch ko ạ? Và nếu bị nhiễm dịch thì lũ 3/// sỏ lá sẽ đổ lỗi cho cộng sản hay do sự chủ quan của chính quyền Mỹ ?,,,
"Cả cái thằng máu lồn ad nữa, dạo này cứ đăng mấy cái nhảm lồn, đ thích mua hộp cơm 200.000 thì vè nhà cắm con mẹ m cơm mà ăn, đi xăm xoi cái lồn ý à",,,
Ủa bữa khóc lóc Xin lỗi rồi giờ chửi tiếp hả,,,
Tâm Trần ch dừng lại đâu,,,
hard làm cc gì nưax thầy. Cứ đanh Man Phi Te như vậy là ok rồi. Chắc chắn lên vcsA,,,
mặc dù có RTX 2080 và RX580 rồi nhưng thôi nếu a cho thì e nhận .,,,
cái máu lồn gì cũng kêu lỗ là thế lồn nào nhỉ .,,,
cái Hàu ob này có dành cho trai cong như mình ko nhỉ,,,
Ncc,,,
Gia Cát Lồn =))))),,,
chúc mừng thầy nha,,,
Công thức phá sản =)),,,
hàng nóng,,,
Ko thuế cao nó ng ng xe ô tô nhà nhà xe ô tô lấy đg méo đâu mà đi.,,,
Hoài Giang thành trend rồi kìa,,,
Cho em dia chi Di chi,,,
"Hongkong ủng hộ TQ trả đũa Mỹ, Hongkong ở đây là chỉ một mình bà Carrie Lam và bộ sậu tay sai TQ của bà ta, chứ không phải người dân Hongkong.",,,
Duy Trần xin video với bạn ơi,,,
Nếu là sela thì mọi chuyện sẽ k dừng lại ở đó ❤️,,,
Ngủ đất :v,,,
Nguyễn Hoàng Sâm fbi,,,
Minh Nguyen sập tiệm mẩy thất nghiệp 1 time,,,
Gặp du học sinh Ma Cao Bằng tắt nắng hết,,,
Không hiểu clg đang sảy ra😶,,,
Cứ từ từ,,,
Hay ho đéo j bài này. Hay lại câu like mất facebook,,,
Lê Nhật Khoa đem qua cmt bên Lộc sting :v,,,
Dubai mà coi cái bảng giá này là dội hàng liền... chiếc hyundai i20 bên Ân độ bán $9000 về Vn gần 650 triệu ...! Mua 1 chiec xe là cúng cho chúng nó hơn 1 chiếc xe.. kn thật,,,
Hoàng tử của chị ơi :vvv,,,
ra biển team up xem có mở rộng nuôi tôm ngoài đó được k đó mà,,,
Nghe thôi biết cội nguồn nơi nào...nét đẹp của bản sắc văn hóa vùng miền...^_^,,,
High fashion lắm á anh,,,
Hay quá,,,
đc vái l anh ưiii,,,
Cô lại dễ thương...i love you cho gờ cu❤️🥰,,,
Ông này diễn hài nói mua vui cho mọi người mà. Đừng chửi ông ấy.,,,
"Mom con nay to ne, cho no ngam cuot phun cay canh, tot cay lam cac bac a",,,
theo Trần Dần thì 2022 Việt Nam là 1 tỉnh của TQ rồi sao Trần Dần về được nữa nhỉ?,,,
"Phục vụ cho cộng sản, mà ko mang lợi cho chúng, những người này kì vọng gì, mong chúng nhân từ đưa ra miếng xương sao",,,
trang nay bi bon viet tan mua dut roi. bay gio chi thay mui thoi ko ah,,,
Mang tiếng fan cứng đăng nhưng đéo đc duyệt 🙂,,,
TQ chắc chắn sẽ không xâm lược láng giềng. Vì công cuộc xâm lược đó đã được TQ hoàn tất lâu rồi.,,,
Lê Bảo Trâm ủa có ai khác giống nữa hả? Zậy chắc nó cũng là bà con của m^^,,,
Phuc Tran cảm ơn bạn mình nhé,,,
Lê Thị Huỳnh Như m giống như cánh hoa vậy 🙂,,,
Khanh Huyen Vuu ok ảnh này thì công nhận =))),,,
Oiiiii nàng công chúa,,,
Thùy Promise nghe Hư Trúc nhưng lại rất Mộ Dung Phục à emmm???,,,
Ở trên chuyến may bay đó.nhieu người nhiễm kg khai báo chu đau phải minh nhung đâu.,,,
Yêu chị quá. ♥️♥️♥️♥️♥️,,,
Chưa chắc gì ngta đã chia tay mà ở đó quay lại,,,
Tùng mới đáng iu :)),,,
Graaaaaaa lên nào các bạn ơi,,,
Tương lai như Phúc XO thôi,,,
biệt danh cho ai cần nha,,,
nói QC game lại tự ái,,,
MixiGaminh ghe,,,
Trang Moon cười đỏ hết lợi,,,
Đúng r bạn,,,
Chàng trai yêu thương bộ tộc là bà phù thủy đây ak anh :3,,,
Cái này hả,,,
:( sói said : ông già đang đánh t ko trượt phát lào giờ phải xin lỗi :(,,,
Trần Dần bị đồng tính thôi,,,
Idol một thời.,,,
ĐÉO MĘ VÀNG NĢOC CÁI ĐÉO GÌ LÁO PHÉT.SĄO KE.ĐĮT.MĘ TŲI DÂN TRUNG QUŐC NÓ CHÔN SŐNG NĮ. BÂY GIÖ ĐÂY.ĐÉO MĘ DÂN LÀM NAIL. MÀ SÕ LÁ. LO LA LÊN MĄNG. NÓI LÀ SŐNG MÃN ĐÖI TRÊN NHUNG LŲA  CÁI ĐÉO GÌ.DÂN CHÓ ĐÉO. SŐNG GÏA TĄO THÌ CÓ.,,,
xin ạ,,,
Hoan ho chị ba .sao ko cho cai cad zạ chị ba .ung ho qua ma sao ko cho em,,,
Thấy thì thấy nói giàu lắm có tiền lắm con ông cháu cha lắm. Ra nước ngoài dell có tiền về .Bệnh xạo lozzz thì vẫn còn mỗi ngày.,,,
Nghe khá hay😂,,,
nè he,,,
Chưa kịp hiểu sự đời thì muốn tử tử rồi,,,
Ông bô bắn tay run vai lon - tùng sói said,,,
10 đời chồng từ 17:17 cho ai cần :)),,,
Hãy nhớ: con người hơn con vật ở cái ý thức 🙂,,,
"Nhung ơi là Nhung, sao mày báo đời dữ vậy Nhung...):",,,
máy ảnh đúng rõ nét :v,,,
nghi vấn Nguyễn Đắc Tú Đụ?,,,
Chửi thằng nguyễn sin đi chị thằng này ác lắm. Hình như mũi chị Hiếu hơi lệch á.,,,
Im mẹ i,,,
Anh này mà đưa lên báo thì hót hòn họt nhểy. Quên luôn cả mấy người kia luôn ấy :)),,,
Mi Rose đâu cũng gặp thiệt luôn,,,
bạn biết facebook của chị ý không ạ,,,
Đạt Phạm m tag ông già m vào mà hỏi,,,
@Linh Kute sao e biết xa giỏi vậy.,,,
Anh Thi nào đi đăng ký rủ anh nhé.,,,
haha :9),,,
Mạnh Hoàng fa thì đừng ăn nx cho khỏi sợ bị ngộ độc 🥴🤣,,,
đunga rồi anh ba chíp chíp chíp cũa em,,,
Thôi để anh mình yên đi các pạn kikiki,,,
Team Xanh vô phá nhà team Đỏ mà team Đỏ không dám ra team Xanh bá đạo thật hâm mộ quá ka ka,,,
Yêu thầy,,,
Ở một diễn biến khác của các bạn nam triều tiên :),,,
Ông già nầy giả ngây giả dại mà nói nhiều câu chí lý hay ra phết. Khôn khéo chửi đổng như thế này thì chẳng mật lòng ai.,,,
Phúc Hưng clm :))),,,
Cho em hỏi CEO là gì thế ạ :33,,,
Thiên cơ bất khả lộ,,,
Tủnn Tủnn trẩu,,,
"đền cái cc nhá, vào nước ng ta phá hoại, dân đéo đồng ý nhá, chỉ có tay sai cho tàu đồng ý cho vào thôi. Cút hết về nước",,,
Nghe nói nv đc tốp xin một lần,,,
Th Lào làm gì có biển nhie,,,
"đéo ai thèm làm ,vì họ biết khả năng của họ đến đâu",,,
ỳe ỳe ỳe :33,,,
Công ty anh ở đâu vậy :D,,,
Hieu Do :)) wut,,,
Ông già lại bắt tôi quảng cáo ae ạ. Sói said. :v,,,
Thanh Tuấn Ủa có liên quan,,,
cút . Cho nó nhanh,,,
Xem mà  máu  dồn  lên  não  luôn,,,
"Đúng nghĩa "" Bóp Dái Cả Team"" Thầy đánh ntn Lủng hết rồi.",,,
Ngày này cũng tới,,,
Mày là đàn ông hay đàn bà,,,
Hình như là ĐHCN TPHCM!,,,
Ba gà,,,
✪Fan Tấn Trung,,,
Ngộ l ghê ta ơi,,,
Mình mạnh dạn dự đoán là Jack thích các bạn nữ xinh gái nha ❤️,,,
chú nầy râu mọc nhìu wa,,,
Nghe có vẻ vô sinh nhưng lại sinh đôi,,,
Vn sao ko đề nghị bên dai lon tướt quất tịch trực khỏi dai lon về vn 1000 người sử nó,,,
Câu của c kkkk,,,
Thằng trong fim said:,,,
kenny you bảo thích ăn gà abe ơi,,,
Phat Huynh 2 trái mới dừa () :))),,,
Ko lẽ a tạo trend Trình Thoại,,,
"Hiệp Đinh v m k biết đọc à, hãy viết trước khi đọc kĩ nha thằng óc cứt, mắt chưa rà hết chữ mà tay nhanh hơn não, mối nguy hiểm của xã hội",,,
Mía... Nó tức á. Chời...,,,
Tình yêu vĩnh cửu đấy :)),,,
Fa lúc nàyy 😊,,,
Nói dối lm trái tym đau ....,,,
Già mà dơ zạy aba,,,
"Sai ! Nhiều phụ nữ chỉ có cái loz là phụ nữ , còn đâu là sự xúc phạm nặng nề người nhìn đó bạn",,,
Bóng đá là rường cột của đất nước. Nhờ những trận bóng đá này mới giúp được người dân Việt Nam quên đi nổi sầu Việt Nam vô địch địch vô.,,,
Tiền mà k xem trọng sau này không có cháu mà húp,,,
Toang quá toang =)),,,
Các bác nên áp dụng gấp thôi,,,
Bài này như lồn,,,
tự do vkl :3,,,
"mình thờ ơ với nó, đến một ngày, nó sẽ đến tìm mình",,,
Huỳnh Văn Tặng,,,
Thằng hề diễn trò cho mấy con lợn mặt nọng ngồi cười,,,
Việt Nam thì mang hàng xách tay ncov 19 về từ châu âu,,,
Phải chăng đây là lý do ông này ko muốn cách ly .)),,,
Cho hỏi đây la 1 quần hay 2 quần ạ???,,,
Vào đó từ h oke chưa ??,,,
Nói xấu vợ là cứ phải ngó ngó nghiêng nghiêng nhìn trước nhìn sau :))))),,,
xin hình gốc cái ông ơi =))),,,
Nguyễn Thành Công thầy cố tình vậy để đỡ mất công biến về đấy,,,
Lại bảo không giống đeeeee,,,
Nhìn nhà tiên tri vủ trụ trần dần giống con chó quá trời luôn ta ơi .,,,
T có súng đây này,,,
Nguyễn Uyên người có tầm nhìn xa và sâu vl. Bạn tôi đc của ló đấy,,,
iPhone 11 pro max có ko,,,
Vũ Thanh Huyền khổ quá mà 😥,,,
Người nói thật họ luôn nhìn bên trái...  Người nói xạo hay nhìn bên phải,,,
Gặp máy chị Ninja thì né luôn. trước mình đang đi lúc tắc đường có mụ đi giữa đường rẻ phải vào mua hoa quả luôn k cần xi nhê gì. :3 tức mà đéo làm gì đc bác ak.,,,
Đàn bà mắt bạn bị sau dạ,,,
Cả nhà cho cô top 1 trending nào,,,
Ủa có mở cửa khẩu hay kh thì mấy ng tự ý thức trước đi chứ ngang ngược trách bên trên mãi v,,,
Từ ngày xem mèo tom con tôi thường xuyên bỏ bữa :))),,,
Đc vãi l bạn ưiiiiiiiii =)))))))))),,,
Phươngg Bìnhh đổi 25 mảnh hàng hiệu đc 750 tinh hoa kìa,,,
Co ai biết fb cua chị nay ko cho minh hoi nha,,,
Mỗi đứa một nơi cách nhau cái màn hình muốn call không đc muốn chơi game cũng không xong :3,,,
Ngoc Chu đme đang ăn sáng 🙂,,,
giọng cười phu thuê 😂,,,
Chơi đthoaiii cơ 😂,,,
Nhà nước phải xây thêm nhà nghỉ cách ly để người ta còn đủn nhau trong lúc chờ kết quá,,,
Hi chửi vậy nó không sợ,,,
Sống bằng cacban rồi. :)))) k bị chậm nữa,,,
"Phòng Trương Tử ,la người gốc hoa u? Nêu la gốc hoa thiêt thi cung phai đê phong ca cai (tâm) cua ông ta ,người hoa la ,,,phai vô cung thân trong",,,
"Khổ ghê, đã bảo là không xem Dần nữa rồi. Zị mà tấc nhiên là thấy cái mặt lại là tấc nhiên xem.",,,
Mình mới gặp chị ở Vtri 😒😒 k biết trốn lịch quay đi đâu,,,
"báo viết tiếu thấy moẹ ! 2 thằng kia nó không bỏ phong bì 1tr usd cho mấy thằng duyệt thầu thì đúng hơn ! làm việc với mấy thằng đuỹ xứ lừa mà thiếu ""bôi trơn"" là không thông được chúng nó đâu !",,,
Kiểu gì SBTC chả thắng :)),,,
loại đàn bà độc ác,,,
Cưng muốn xĩu luôn á :33,,,
Tii Đô qua vn tạo cánh hoa kiểu này nó cho clck ngay.. 😂😂😂,,,
dho đi mnguoi ơii,,,
Đập hẳn hàm răng đi 🙂 đánh răng lâu vl,,,
"Chị dễ thương, chất phát. Chúc chị luôn vui vẻ, tươi trẻ và hạnh phúc 😘",,,
Yt luôn chứ like gì kkk,,,
Hoàng Xuân Tâm mày muốn đợi Tùng ra mv thì mày phải ráng chờ anh GD tung sản phẩm đã khi đó Tùng mới có ý tưởng ra mv cho mày xem,,,
Sẽ bị quạ bắt diều hâu tha 🤣,,,
Im mẹ mồm,,,
dhs =)),,,
nghe bảo kp bị gay,,,
Khẩu nghiệp tụ vành môi v má,,,
sale cc,,,
Võ Minh Hiếu xin video pro,,,
Cho e hỏi kênh mới của thầy để em vô sud ạ ?,,,
Vũ Thị Huyền bn v b,,,
Lê Việt Hùng Anh Hoàng việc nhẹ lương cao cho 2 em xa bờ này,,,
Dân Hà tĩnh công nhận lắm đệ tử của Ducangter thật,,,
Cho hỏi nhỏ tý ạ_Trần Hồng Hà làm kinh tế giỏi như anh Chung không nhỉ?,,,
liêm sĩ ji tầm này abe ôi,,,
Mệt mỏi ...,,,
Oce a nhõ 🤣,,,
Link @@ =)),,,
Người ta gọi là đú mà.,,,
thử thách cho ông già: làm 1 streamer k chửi tục :v,,,
e hông hiệu e hông hiệu .,,,
Đây là quảng cáo thoi,,,
Ông Vũ Hoàng Lân troll ông Trần Dần hoài hehe,,,
Tạ Thị Ngọc Duyên mày cũng v chứ khác đéo đâu xớ,,,
được a oi,,,
Nó lại uy tín vl =)),,,
Ok thầy ơi =))),,,
"Lúc trước không biết page nào có share cmt các thứ, ông thầy nói chuyện ngu vl. Đang tranh luận thì xóa cmt, xong bảo nó phát ngôn bừa bãi, tag người này người khác vào làm chứng để lập biên bản. Trong khi mọi người hỏi nó nói gì thì kêu nó nói bậy nên xóa cmt, chưa kịp chụp ảnh. :v",,,
Tien Dang live là ai ?????,,,
Lũ chó chết. Đkm loạn mẹ nó rồi. Xh như lồn,,,
Nghe thì vô lí nhưng có vẻ rất thuyết phục :v,,,
Còn đây là BAROIBEO,,,
Chua bao giờ người lại rẽ như bây giờ...!!,,,
HN Thu Nguyên hả dạ,,,
Diễm hehe,,,
Cố gắng dành giải nhất để về ăn tết với vợ con nhé,,,
Theo các bạn h xử lý sao đây?,,,
I love you 3000,,,
Nói thế đụng chạm bác em nha! Ở xứ đông Lào bác em luôn đi đầu khi có tiệc tùng đó. Chớ khi ra quân là bác trốn mẹ trong hang Pác bó. Cải cách ruộng đất là bác có bí danh CB ( là chó bò) giết người rồi đổ tội cho người khác.,,,
Như cc z thầy ơi :v,,,
Bọn gian tà bán nước cầu vinh.....,,,
Phạm Tùng Giang không phải nuôi mỗi tóc mà còn học hát giống giọng nữa chứ haha,,,
"<3 tự hào là người VN, tự hào là cháu ngoan Bác Hồ :D",,,
Kh nghi hau qua ve sao luon ne..chui cho suong mieng di roi hau qua se ap den chi ne..,,,
bên Mina Macro chuẩn quá top đầu luôn nè,,,
Bài này nghe bất tai thôi. Dùng comeback vs cảm ơn đàn Đóm của ổng. Chứ bài này không có tính phổ biến đủ mọi loại tuổi như 3 hit đầu,,,
Em xin các anh chị đừng chửi những người đã mất đau lòng lắm mấy người ơi,,,
Phan Thai đệt t về liền nè,,,
vé máy bay giảm mn đi du lịch Châu Âu nhiều nhỉ :))),,,
ở xứ xở thiên đường phải z chứ,,,
Cảnh này có lẽ A rầy quá hầy 😂😂,,,
Tran Hoang Phuong,,,
giọng ca hảm chết cdm ng nghê luôn mà share cái j,,,
Sao lớn rồi cũng có tuổi rồi mà sao ăn nói thiếu văn hóa quá 😒,,,
Minh hiếu idol tui đó mọi người,,,
Chị ba vàng ngọc có cây nọc mọc giữa háng chị ba thêm hai trái dâu lủng lẳng. Bệnh nặng giữ lắm rồi đồ bóng khùng.nói chuyện là biết khùng điên rồi.,,,
chuẩn vc chị ơi :>>>>,,,
Admin gặp Huyền Sạc 2 đứa hít khế nhau đi,,,
Tuyến Tống l,,,
mn,,,
Người ta chỉ ra cái sai quá rõ mà,,,
Nay e cúp :))),,,
"cháu nay học tới lớp mấy rồi, về nhà đi học đi lên đây nói lung tung gì thế",,,
"đây là doanh nghiệp đề nghị nhé, chứ chính quyền chưa đề nghị đâu",,,
Quá chất abe ơi,,,
Thương cô Minh Hiếu ♥️,,,
Hồ Văn Kiệt Duy Trương,,,
Ní nuận của dlv đây 🤣,,,
"Quang là ca sĩ đó bạn , ko thi chương trình nào hết nhưng hát rất hay nên mọi ng thần tượng gọi là idol ^^",,,
Thoại Trần báo viết thiếu dấu. Chứ không hề sai chính tả. Chỉ có chủ top mới sai chính tã thôi ạ 😁,,,
:((((,,,
Sớm hay muộn gì cũng có bạo lực cm. Quan trọng có còn sống tới thời đất nước đổi thay hay ko thôi.,,,
Được đó thầy,,,
Đọc mấy dòng cuối tức muốn điên luôn,,,
Minh Thông 😂😂 có thể kiêng bú cu chứ ko thể bớt chuyện cười đc,,,
Hoàng,,,
Đặng Quang Thắng bài này của nam sinh và 1 bạn nữ 2k1 thì phải,,,
không mặt sịp à thầy :DD,,,
Nha tiên tri vu trụ chắc biết ngày nào ông nhiên covid19 và khi nào ông chết không,,,
"Chị cho hỏi , tên tham mỹ viện là vậy chị ??? 😀😀",,,
xin video với b,,,
Thế ngày xưa ông nội thằng ad k mua dâm mẹ nó. Thì đâu đẻ ra thằng ad như ngày nay dc :))))),,,
Đẹp trai tài năng tư duy đỉnh cả đỉnh thầy dell có nha các em và thầy rất tỉnh,,,
ổng nói lập kênh mới chứ không nói xóa kênh cũ,,,
Nguyễn Ngọc Trâm Nhìn bả củng thấy tội mà thui củng kệ,,,
April's Foollllll 🙈,,,
Cụ khoẽ lắm chúc mừng cụ con nghĩ bài quyền này gọi là: Ngọc trãng quyền,,,
Chi ba giau dep gai ai noi chi ke ho .  Chi giau,,,
"Dcm chông này đến Tăng còn đứt xích, chứ nói gì lốp",,,
Binh thuong thi o dau,,,
còn t thì chờ đom đóm éo thấy đâu :),,,
Hên quá bác chưa ngủm =)),,,
Nguyễn Tường Hải Âu chọi tui bà làm trend này từ lúc mới đẻ,,,
Thải cho chết bớt rùi con cháu lãnh đạo đi mẽo ở chứ hết người nuôi rồi :v,,,
nhìn như ghép :)),,,
Óc ti thờ ry óc ty thờ ry,,,
"Mùa lũ lại sắp về nữa rồi bà con ơi miền trung lại lao đao với bao con người đang tần tảo với những khó khăn, thương lắm miền trung, ghét lắm tổ quốc lắm cặn bã... =""(",,,
"Chuẩn cmn luôn , nhà bao việc",,,
bỏ tù + phạt tài chính thật nặng,,,
"Không thể tha thứ cho loại mat dạy này,",,,
Vân Thuỳ xàm vl :)),,,
Mấy người được truyền máu sau khi nghe tin 😂,,,
Như thằng trên,,,
"Đề nghị add cắt ngay chức vụ fan cứng của mình, và trao cho người xứng đáng ! Mình chỉ xem chùa thôi bực mình =))",,,
Sy Nguyen flycam,,,
Hương Thanh cái đáng mất nhất m chưa thấy đâu là tuổi thanh xuân của m.,,,
ああ、王子様、妹を許してください、彼女は呪われています...歌を歌っていたのは私でした...彼女は十分に困っています、悪化させないでください。,,,
Tran Thu Trang phố nhà c nè :)),,,
Khá rộng,,,
Con này là bê đê bong lộ xấu gớm... xấu xúc phạm ng nhìn...,,,
Ai lớp du chu cờ mo cô minh hiếu,,,
♥♥♥♥♥♥♥,,,
Hung Vu khổ thân bạn chủ thớt :)),,,
Tư Nha và Hùng là câu chuyện hư cấu à kkk,,,
Ai thấy cmt like cho t biết t k bị ẩn cái,,,
H,,,
Ghét giang v ra,,,
Mẹ đang bận đi ỉa lại gọi đi khét quất,,,
Suy nghĩ của e bgiờ :Có nên vì tiền mà phá bỏ tất cả...😔😔,,,
mỹ mà thả trúng nơi để bom thì nó x2 luôn ấy chứ còn đòi tặng lại,,,
mai ông Hùng King về bẻ cổ chúng nó !,,,
Con chúc cô vs ah châu có nhiều sức khỏe nha ❤❤❤,,,
"Mồ tổ cha mày. Đăng mà cũng lược bỏ đi chi tiết: Cty hổ trợ 1thùng number one, bình đựng nước đá. Nhưng anh này...tham thêm 1chút là đòi 10 thùng number one. Đừg ngu mà tỏ nguy hiểm nha ad",,,
edit đỉnh thực sự,,,
1tr súp rồi nhớ giữ lời hứa năm xưa nha thầy,,,
Thuốc lào đấyyy 👍,,,
Có ai bị nổi da gà ko :>>,,,
Được 2 cái,,,
- Cùng tham gia chống covid-19 nha mọi người <3,,,
Quỳnh Nga có bán bút lẻ nha chị,,,
"núi này do ta mở, cây này do ta trồng, nếu muốn đi qua đây, mau đem tiền cống nộp :))",,,
Tức nhiêng là tiêng chi dũ chụ chần dần bình an tức nhiêng là miễn nhiễm dới di chùng...,,,
Phương Bim yêu nhờ,,,
Bắt mối các cô cho QNT đi :))),,,
chúc mừng a trần đần về với đản csvn..csvn sẽ trả cho a căn nhà để ở cho đến ngày quy tiên.,,,
Hè năm ngoái à :)))),,,
Vãi l ruột tao văn ra luôn rồi 🤣😂🤣😂🤣😂,,,
"Trời h mà đụng tới bk là mì chết sớm nhe con kia , chết ko kịp ngáp , mất dạy",,,
thôi ông im mẹ mồm :)),,,
Dương Cao Thắng hahaa 🤣,,,
Anh Lân mà thay thế Trấn Thành - Trường Giang làm giám khảo Thách thức danh hài thì không ai có cửa để mang 1 đồng xu về nhà :))))))),,,
Tùng sói nói tutu hoy,,,
Không biết sử dụng bình cứu hoả thì đừng đắng vớ vẩn ad ơi.,,,
Ơ chả thấy MV luôn ý :v,,,
Lê Hà Thư nên thế:)))) mình có tuổi r:))),,,
Với,,,
Có  tiền  mua  lưới  lam đâu.,,,
lương 7-8 triệu :((,,,
Ông già tôi nuôi tôi lớn thế này rồi các bạn ạ 😂😂,,,
Cố lên nhé🥰,,,
Đây chính là lí do :)),,,
Lỗ đít nè chơi đi,,,
Để bạn em đánh hộ thầy,,,
Fan tên K coi bộ cmt nhiêù nhỉ 😂,,,
Tao có ngiu hồi nào mà tao hỏng biết lun :))),,,
"b nói rất chuẩn, hno t chửi nó post 1 bài, có vài thành phần nguy hiểm k biết bị nó lôi kéo thế là theo nó, haizz thật. chờ đến lúc chúng nó nhận ra chắc cũng muộn",,,
"TranTuan Khoi Tran muốn chụp hông :), rủ bạn gì đó chụp",,,
nhâm phẩm kém vá sena😂😂,,,
Vậy rồi có chết ko🙄,,,
con yêu mẹ :x,,,
Dm bọn Việt tân nhé,,,
Chắc panda vui 🙃,,,
Idol vẫn còn khoẻ mạnh thế này thật đáng mừng,,,
Văn Qúy bần đạo hãy cho bổn tọ cái video này với :>,,,
"Nhà tiên tri vũ trụ , đại quốc sư Ba sọc quốc lưu vong Trần Dần😂😂😂😂😂",,,
Khi phach nguoi viet co,,,
Minh vân like dn <3,,,
Panda thái đã xem,,,
>>>>>>>>>>>>>>>>>>>>>,,,
Có link cho xem với mấy bạn,,,
Hóng mãi cái gala của bác Trần. Rất ok!,,,
Ảo thuật,,,
Bờ kè cống sóm mình còn zầy hơn,,,
Hau Nguyen con cặc :v,,,
Mày chửi đi ad . Sủa nhiều vào mọi khi sủa kinh lắm mà,,,
Đầy ng cmt sao a k hỏi 😆,,,
78 mà,,,
Đmcs,,,
Tên loài sinh vật lạ :Dư luận viên,,,
Ngáo thế,,,
Anh ba sẽ là người có nút bạc nhanh thứ 2 mà đừng lo aba ơi,,,
"Cái lỗ mũi như lỗ trâu mà còn ngột ngạt,hít hết cả khí trời của ngta rồi còn j.",,,
đừng vì còn trẻ không có tiền mà ủ rũ,,,
Cực kì thuyết phục🙃,,,
Hay quá thầy ưiiii,,,
:)) rồi đó em về đây,,,
buồn nha,,,
Giỏi hơn ai đó nhiều,,,
Mình thấy page này ích kỷ thế nào ấy.,,,
Đập sắp mặt sena thầy ơi,,,
Bui Hoang hay anh ơi,,,
👍👍👍👍👍👍,,,
Phạm AnhQuân cái nài live thật à mn,,,
Phía sau sự thành công của người đàn ông luôn có bóng dáng của phụ nữ. Vì vậy hãy thêm số người phụ nữ phía sau để tăng thêm thành công,,,
khổ thân cmt ko ai like cho lên top,,,
Ôi thơm tho j. Ko co quan hệ thì vào lam cung bị đào thải. Mấy nghanh ma dân thuong vn ko bao gio vao đx. Cong an. Quan đội. Ngan hang nha nc. Hang không. Đừng mơ mà vào. Nếu vao đc cung lam cu li sai vat cho tui no. Đm,,,
thầy gê thiệt,,,
Đc vl lun kk,,,
"Thạch Sa Na ôi trời ạ , chú trùng họ với con",,,
Nứng nứng nứng à,,,
chào e người là điếc :)) thì quan hệ thích chơi kk haha,,,
Hóng,,,
Bài này k hay lắm,,,
Anh nói chả lệch đi phát nào =))),,,
bỏ liêm sỉ xin mỗi bạn 1 like avt 😢,,,
Xem hình cũng cần cảnh giác,,,
xích m á hả :V,,,
Chị 3 là cô này hả,,,
1 triệu nè 2 triệu nè vậy đủ đi đường quyền chưa,,,
Chơi riết cái catte tiến lên lẫn lộn chơi catte mà thấy con hai mừng thấy bà,,,
E chỉ có hàm răng ko đẹp có hỗ trợ ko a hjhj,,,
Chi nay dep sang,,,
Qc cl à đm con yến nguyễn,,,
Chúc chú cọp nhiều sức khỏe.,,,
tụi nước ngoài ngu như bò. ko có bôi trơn thì sao mà nhận thầu đc,,,
Poppy is the best,,,
Yêu vs cả đương :)),,,
Ông ấy đã trở lại và lợi hại hơn bội phần,,,
xin tên nhạc :3 hihi cảm ơn,,,
Mọi người cho em hỏi hôm 15/1 em ko điểm danh ngày mai em vào điểm danh bù lại có được ko vậy mọi người?,,,
"Con Bò đỏ nầy bị tẩy não cho nên không chuyển hoá thành người nổi, thích làm kiếp bò hơn làm người",,,
Tuân Nguyễn no lai cay vl ra,,,
3/ k thích điều này,,,
Cười vãi l mà có bọn bảo game chán rồi spam phá các kiểu =))) chán thực sự,,,
rất chi đẹp trai ❤️,,,
Tnao thiếu iot thế bạn huy minh lương. Bạn về nhà hỏi lại con bà già nhà bạn ra ngoài chợ nhặt đc tiền về có khoe loạn nhà hay k. Hay mang tới c.a tôi nhặt đc 20k 50k k biết của ai tôi mang ra trình các đồng chí. Ai cũng có lòng tham mà những ng như bạn ăn đủ iot lại đéo hiểu cái vđề nó nằm ở đâu. Ng ta mới hỏi là có nên hốt k. Chưa ỉa ra mà các bạn đã chực cắn r. Lại thêm đc 1 con chó to nữa :)),,,
Ai bảo con trai ko mang lại đc hạnh phúc cho nhau,,,
Xem phố bolsa chỉ vì nhà tiên tri zũ trụ trần dần,,,
Xã hội bồng bềnh.,,,
Chống dịch cùng chị gái này,,,
Chúc hơi muộn đó abe :)),,,
"Chưa bao giờ nền giáo dục được như ngày hôm nay, học sinh nữ lột quần áo đánh nhau ngoài đường, học sinh nam đứng cổ vũ, thầy giáo giao cấu với học trò đến có thai, cô thì đánh học sinh đến nhập viện cấp cứu, học sinh ra đường như du côn, đánh nhau như phim kiếm hiệp, đấy gọi là hạnh phúc hả ông?",,,
12:58 Uýnh một bài dỏ cho cho cho cho cho cho...????!!!!,,,
Tiền thấy thường ít hơn tiền không thấy.,,,
Chết con đỉ mẹ thầy rồi Long Cua ơi,,,
tan nhang bs co tri ko chj,,,
đkm dơ vc,,,
Kiếm lấy con hàng xoa bóp chứ =)),,,
Thầy em là phải hơn. Nhưng ngu hơn ă🤧,,,
Ba Thái Anh Van đưa con này về vn gấp để trị bệnh,,,
Nghe có vẻ vô lý nhưng vô cùng thuyết phục,,,
Về tới quê t rồi đây nè 😭😭,,,
"Thương cụ , tới giời vẩn không hiểu vì sao vẩn phải đi nhặt rác , chúc cụ có nhiều sức khoẻ để viết tiếp ước mơ cao đẹp của cụ , dạ bẩm cụ",,,
Tấu hài mùa dịch,,,
duyên hay đẹp hay nghèo ko fải ở chổ khoe tiền khoe vàng chết oan uổng lắm .... ng giàu tự khắc ng ta biết minh giàu,,,
ghét mấy thằng lìn quay dọc vl,,,
Nghe không thuyết phúc lắm nhưng có vẻ là hợp lý 😌,,,
Lê Minh Nhất đặc vụ Poppy đâu bro,,,
Mặt tùng sói trông bựa chảy vl kk kiểu hnay t đứa ông già đi pay 😂😂,,,
Vu Quynh Huong,,,
"Em đẹp và vui tính, nói chuyện mà chị già rồi cũng phải cười",,,
Mặt đậm tố chất tộc trưởng,,,
Con gà phải để cho abe,,,
Lê Văn Quật nhớ thời ffq :)),,,
Minh Cường Cực kì thuyết phục 🤣🤣,,,
Thang Viet xin về tự thủ à =)),,,
1đảng là do dân vì cán bộ.....vcc,,,
"phá hoại hạnh phúc nhà ngta , đâu có ảnh hưởng miếng cơm manh áo nhà bạn mà bán báo",,,
V abe là con đỹ à,,,
Thế nhất thiết phải nói ra như vậy à...bạn đang cho thấy nhân cách phụ nữ trong bạn đó bạn Vân ạ...à Văn ạ,,,
Duyên Suk chả liên quan nhưng avt của bạn là nữ sát thử thần tượng của tôi 😄😄😄,,,
Phong Hnt 😒,,,
Hot girl bà nội túi 😏😏😏😏,,,
nguoi ta co xau hay tot thi moi nguoi biet.  neu Co Hieu ko tot sao moi nguoi thich.  Dan ba gi ma cai mieng xau nhu vay cung co nguoi lay.,,,
Giống ở quy nhơn thế anh,,,
Chán dell muốn nói gì 😢,,,
https://youtu.be/tvyO2B3oEYk thư giãn đã cả nhà ơi,,,
Ngộ độc thực phẩm hả ?,,,
Đúng là tuổi trẻ chưa trải qua sự đời,,,
to be counted,,,
"Ko biết có thánh nào ""thông minh"" mà làm theo ko :3",,,
nhớ giữ mồm giữ miệng chứ trong tù là hay bị mắc bệnh lạ lắm đấy,,,
Thanh niên thế này ai xem hoạt hình 😌,,,
cho cháu hỏi là ông còn chơi gái được không ạ,,,
Đánh nó đi thầy,,,
Có ai là quan chức mad ko lạm quyền đâu,,,
Combat lùi abe ơiii,,,
"Tàu mà...miệng bốn tốt, 16 vàng nhưng bắn ngang lưng như rạ ở gạc ma, giờ nhảy qua tư chính... chừng hốt xong nó đốt luôn.",,,
Kết bạn zalo với mình nha 0834142839,,,
"Nhiều khi mấy ông đấy đéo có biết dời , trả lời như thế để chờ bộ đội xuống dời . Không biết mà đụng vào nó làm cái uỳnh thì ngu người .",,,
Chúng em vẫn phải đi học,,,
Này của anh ba luôn phải không? Hay của thầy selaaaa :v,,,
Quốc Vinh mẹ e nói dịch về gần tới r mà học j nữa :((,,,
Bài hát cuối video tên j vậy ạ,,,
cũng thoáng chút đau lòng.,,,
Làm cái giáo án janna ad đi thầy ơi :V,,,
Học sinh Bình Thuận belike :),,,
nhắn thêm chữ địt chị mày nữa chất vlon a êiiiii,,,
Hoàng lân đang ở vn,,,
"Vậy cho con hỏi là tại sao các lãnh đạo lại cứ so sánh giá xăng, giá điện với các nước phát triển mà lại ko so sánh thu nhập của dân mình với các nước phát triển",,,
đây là lời cảnh tỉnh tới tất cả mọi người trên TG,,,
Nc vs e nc mất dạy rứa à,,,
siêu luôn,,,
Gương sáng đáng noi theo !thói đời thật bạc bẽo !xã hội lại bèo nhèo ! Thương em thân phận nghèo ! Mong em sớm an nghỉ !,,,
Ủa xem EmVi hay đang nhận giải hoa hậu mà khóc dữ dị ? Từ từ em nào cũng có giải không cần chen lấn mất vui nghe.😂,,,
"Nhìn comment, nhìn location, ... đi ra :v",,,
Cho lên top trenning luôn mọi người ơi,,,
"Trái cây thì a nghĩ chú mày ko dám nuốt vì sợ độc,2tr usd thì chú mày nuốt,khôn như chú xom a đầy",,,
púck lại tấu hài,,,
Video thật là hay :)),,,
Đụ con đĩ mẹ thầy nhá,,,
Giống đàn ông v,,,
👍👍👍👍,,,
"Like avt dùm tớ ạ, tớ trả. Cám ơn mng. Xin phép ad",,,
Cực kì nể phục!,,,
Được anh ưiiiii,,,
(!) cánh hoa đây,,,
Diệu Hằng :)))),,,
Nguyễn Đức Thắng :))),,,
"Du na chet bat thuong o trai tam giam,chu vo fai o benh vien deo dau ma tui bay dao boi ,soi moc, xoay sau vao lam ccc j z",,,
hấp dẫn anh ơiii,,,
Chúc cô Panda và Thầy Ba và Bò Viên và các bạn nữ trong lớp 20/10 vui vẻ <3,,,
"Cũng 1,3tr like r 🤣",,,
Lê Thảo Nhi giống tui vl :)),,,
"Thanh Tung dame chị to quá, bạn làm ngay tiêu điểm tướng cho tôi..",,,
ai noi gi ke chị kim  bị liệu giống mẹ mình rat vui,,,
Thiên linh linh địa linh linh :)),,,
"Óc của thằng ad dc cấu tạo từ cức các loại động vật....bởi ngta chửi ngu như cức...,",,,
"Trương Hải Yến ờ đúng t dị ứng lắm luôn, ở nhà t con trai đc dạy là đi vệ sinh thì phải mở nắp bồn cầu lên, chứ để cả nắp rồi vương vãi thế nào cũng bị chửi. Nên ra ngoài gặp t thấy chướng mắt lắm 😂",,,
Nhạ ngọng. Học sinh thi trường lào là đỗ trường ý,,,
Bắt con này nôn ra 400 tỷ!,,,
Anh em nào yếu sly ib e tư vấn nhé 🤒🤒,,,
Uầy 🤧,,,
Haha 😅 ..cười mún xĩu ..mua heo quay cho ngừ 1kh -2kg xong cái dực tiền bà bán heo quay lun ..haha 😆,,,
Tú khi sắp có quà,,,
Nguyễn Nhựt Xuân Linh đesss bún riêu mà dịch hoài mới hiểu,,,
Lew lew :v,,,
Sao lon qua cai ba oi,,,
u môi là gì?,,,
Hoàng Xuân Tâm Tùng lo canh me GD ra sản phẩm để đạo thời gian đâu đi cmt dạo bạn,,,
Thầy t vẫn đẹp trai và phong độ như ngày nào chúng m nhỉ :v.,,,
"Về chuyện thằng Trương Cự, em xin phép được bổ sung như sau",,,
Mũi bi lệch rùi,,,
Nhanh vl các ông:)),,,
Tóc chỉ đẹp khi còn ở salon :((,,,
Cai mat nha tien tri Tran Dan.nhin giong cai phau cau ga cong nghiep wa mn oi,,,
Phan Mạnh Cường sao lo mong nhà mày chết bớt 1 ngày đi mà rủa người ta chết vậy óc,,,
"Đm có nhiu giấu bây nhiu thằng chó tv ad, ko đăng hết cho ng ta xem",,,
Cái này thì đúng rồi ad vn ko kiểm soát đc giá cả mà,,,
thằng cha này cười tươi như chưa từng được cười -_-,,,
Tạo nghiệp nhiều vá  để dành  cho đình  cho chồng con. Và  cả  bản thân mình hưỡng tiền  thì hết  mà  nghiệp  vẫn mang  theo suốt  đời  không  có mất đâu tạo ngiep để răn hương,,,
"Cứ nghĩ người Nhật nào cũng ý thức, văn minh cho đến khi xem đc tin này :))",,,
vn thi deo no no cho trung Quốc bon dien,,,
@Tủn 3K F1 cũng giã chứ thật hả😆😆😆😆,,,
và khi bạn đã sinh ra ngay vạch đích thì đối với nỗ lực rất đơn giản còn người sinh ngay vạch đua thì nó lại khác,,,
Linh Chi ko co có bán đau,,,
Nhìn ci có duyên thít ci ghê . quá duyên . triệu leli,,,
Nguyễn Bích Hồng =)) đỡ đi,,,
🤣💛,,,
Cay thật sự 🤣,,,
Cô hát hay nhỉ 💝,,,
Gởi thầy ba,,,
ở Việt Nam,,,
Coi vui ghê,,,
võ tuyền Võ Minh Hiếu nha bạn,,,
thôi trai gái vs nhau sân si làm jh hả hai bạn. dừng lại đi có thể xoá bình luận đi dc rồi ấy,,,
Quả đầu nhìn hợp lí vl,,,
Cay đỏ dái,,,
Nó thích mình nó đã yêu cmm luôn chứ bắt m đợi làm lồn gì. Đợi chỉ là lí do để nó tìm xem có kèo nào ngon hơn không thôi,,,
:)))))),,,
Đừng nói là biển tới tháng rồi nha ? 😂,,,
Phạm Văn Đại đjs :v,,,
Trong đây ai chưa từng vượt đèn đỏ dơ tay phát,,,
Ơ lạc trôi đâu đây thế :)),,,
Thương cô quạ,,,
Phạm Văn Lộc con đỉ mẹ mày tus nào cũng thấy liếm fame,,,
v ai đag ỉa trog toilet đây??,,,
Fan cô,,,
haizz a ngủ sớm đi,,,
Trung thầy bói,,,
Đào Mạnh An bên đó cho tự cách ly và không xét nghiệm nhé,,,
:v ... CS nó làm gì nhỉ?,,,
Thầy Giáo Ba ngu như Ba Rọi Béo :)))),,,
Bài này không hay,,,
Cố thì cố nhưng như này là thi không đều nhau rồi :((,,,
Còn linh ở cần Thơ mà chị,,,
Hồng Nhung ra toi make cho đẹp,,,
"Ăn cơm cũng bị nói, đi họp người cao tuổi cũng bị cà khịa :3",,,
Ik đường quyền ik cô,,,
Trơi ơi cưg mún chết chất phát quá trời,,,
Phuc Doan chắc ráng học vô đây làm quá cha,,,
Không biết dân mình khi nào mới thoát khỏi sự cai trị này,,,
Mất thì lập qua nổi tiếng để làm gì 😞,,,
vãi đớp 😂,,,
Bộ môn yêu thích của các anh chồng :)),,,
Mày biết người ta cầm phong bì à ad? Ảnh hay clip cầm phong bì đâu post lên đây tao xem phát,,,
Pồ ké mon không anh Độ,,,
"mua đi, đc dịp têt này thôi",,,
H Ngưa Niê Kdăm người ta đăng bài từ hôm qua mà hôm nay vô phán zZ,,,
Loại  Viết chính tả còn không rành còn đòi bàn chính trị . Ngu dốt thất học.,,,
Ai thích bé này hơm :)))),,,
Minh Trọng fan cứng này từ lúc page MixiGaming lập ra cơ mà =)),,,
Đến h live sếp ơi,,,
Không phải dài hay lâu cứ học Trung Quốc cách trồng tham nhũng,,,
Đuôi sam nhỏ hơn chứ,,,
Đoạn này yêu nhất nàyy :)),,,
Cũng hên vãiiiiiii 😆,,,
Đỉnh ghê,,,
Sống thật đi ba gà ak 😞😞😞,,,
Nghe giang hồ kêu thuốc lào thanh hóa bao phê luôn.,,,
Toàn a chị giàu sang..ko bao giờ nghe bóng này nói nó có cc gì hết,,,
Ca sĩ thầy ba lên ngôi,,,
Trend này các bà quê tao tạo ra từ mấy chục năm trước rồi,,,
Dòng họ cao sang mà có ng bị vậy hok tiền để trị bệnh tội ghê.,,,
Cô MH là đàn ông hay đàn bà vậy mn ?,,,
Ai cho mình xin link fb thật của ông Trần Dần với ạ,,,
Chi 3 có lồng đâu mà chùi,,,
đẹp zai của abe là đây,,,
Chưa có ai chết nên kp sợ😁😁,,,
Chế độ hiện thời chỉ còn tồn tại nhờ vào dối trá và mị dân.,,,
Đê nghi há mồm ra kiểm tra,,,
Vợ chờ tin chồng ngày về quá xa xăm,,,
Lê Đức,,,
Ơ BACK ko hoạt động à,,,
Shark độ phùng 🤣,,,
Mua thêm áo con thầy live lộ hết ngực..,,,
Yêu tất cả anh em ❤️,,,
đây phải là báo hại,,,
Cũng hên vãiiiiiii 😆,,,
Thùy Trang cố nghe hết xem có đoạn nào hay ko ? Thất vọng luôn,,,
Nói như shjt làm nô lệ cho bọn nào cungz khổ cả ... Tự thân vận động,,,
Google đi,,,
Xem cho đời đỡ nhạt nhẽo thì cũng ok chứ k ấn tượng sâu lắm!!!,,,
Thấy tự hào vì bác,,,
"@Hiệp Đinh dải chí thôi, ko có trần dần mất vui.",,,
Dm Tôn Ngộ Không trông chán 🙂,,,
Tuân Anh Trinh bởi đi làm mấy a dạy bậy ko,,,
"Bán hàng siêu thị thì tiếp xúc với nhiều người rồi, hi vọng có thể mau chóng cách ly những người đã từng tiếp xúc sớm.Toang thật rồi",,,
K có ny thì sao hả anh :)),,,
@Lucky Lucky chị đó chốt đơn nhiều và nhanh là có tht nha,,,
Chương trình chắc tìm mãi mới ra được đoạn thầy ko chửi thề😫,,,
Sắp có Tộc Ca đến từ vị trí của bác Phúc Du làng tôi đấy mọi người :DDD,,,
Có ai góp gạo hợp tác ko nhỉ,,,
Nhìn có nét giống thằng Tùng :)),,,
Chu Chang phóng viên Chu Cheng thường trú tại Phú Thọ đưa tin,,,
Thiếu 1 số 0 nha ae :)),,,
Minh hiếu có cặt linh cá lóc có lồn 2 đua bay loạn luan di kiếm đứa con nuoi,,,
Nguyễn Thanh Tú chăm học vào,,,
Best edit :)),,,
nhà nc tăg 1 thì mấy bà bán rau tăng 10,,,
Nghe đến chủ apple là biết đẹp trai r khỏi phải nhìn :)),,,
Abe lo được <3,,,
Khaii giảng nè 😁,,,
được đấy,,,
"Em này ko thể tha thứ đc,chị là ng Trung nhưng cái tính e này đã như vậy rồi ko thể sữa nổi ...dân chợ búa rẩu rác từ trong trứng rồi nước luôn rồi !!",,,
"Sao mùa dịch mà siêng đi nước ngoài , đi du lịch vậy trời :(((",,,
Xin chúc mừng các em,,,
"Tôi post cái này và ghim lên đầu để những người mới vào page ko hiểu lệch lạc về page :)) còn những người like page từ khi page còn là facebook cá nhân thì khỏi phải giải thích nữa rồi heheee,,,",,,
I love du chu cờ mo 🤣♥️,,,
Anh trong video call đẹp traiii,,,
7-8tr nhưng đủ lo cho con mấy bữa tôm hùm với cua Alaska đueọc yên tâm đi 😶,,,
Mù mắt,,,
Dễ thương quá cô ơi,,,
Tao Ko thấy j cả,,,
Chúc hiệp và hiền hạnh phúc và vượt qua thắng trầm của cuộc sống nhé :)),,,
Nguyen Ong Trao giải cho abe là abe vui vẻ hổng qạo liền :))))),,,
"gặp công an mà hỏi, nó có trên facebook đâu mà trả lời",,,
Nhìn đào của abe.... Chịu chán dell muốn nói.,,,
Trend này đc các thanh niên Việt Nam áp dụng khá lâu r ko như các bn Hàn Quốc bây h mới bt,,,
? Ủa j zậy cha nội kím chuyện hả,,,
Hợp lý @@,,,
Bán ba cái nước hoa xạo,,,
nói QC game lại tự ái,,,
Em chào chị ba  chị ba có tấm lòng từ bi luôn giúp các em nghèo khổ,,,
"Thấy tốn tiền nhà nước hong mấy chị \""có ý thức\""",,,
"Dùng nhiều cũng phạt, dùng ít cũng phạt.:))",,,
Lew lew,,,
Cực kì thuyết phục:3,,,
Đéo giống ai trên cái trái đất này,,,
Phạm Minh Tuấn công nhận nge mãi k chán,,,
🤔🤔🤔🤔🤔🤣🤣🤣,,,
Căng quá abe ơi,,,
"Trang về vườn hoa, cây kiểng. Mong bà con chia sẽ, góp ý. Admin đừng xóa, em cảm ơn",,,
Hồng Trần ui ở Dịch Vọng này,,,
Cách làm ān cüa csvn !!!!,,,
Gọi taxi khéo mấy anh lại bảo gây khó khăn cho các anh trong việc xử phạt vi phạm nồng độ cồn.,,,
Khánh Băng Chán ko bt nói sao luôn á,,,
"Khi chế độ cs trung cộng sụp đổ ( điều này đang đến gần bằng chứng là ""làn gió độc"" của các cuộc biểu tình ở HongKong đang lan vào đại lục điển hình là Thượng Hải vào ngày 04-12-2019 ,Vũ Hán - Hồ Bắc tháng 07-2019, thị trấn Văn Lầu- Quảng Đông 28-11-2019...) thì người dân xứ đông Laos sẽ làm gì với bọn cs xứ này??? ..xin xem hồi sau sẽ rõ ( sẽ có thêm lời bình của Mao Ton Cương).",,,
Thảo mai thực sự,,,
đúng vl anh ưiiiii 😂,,,
no ko co o Vn.lam sao ma cao dc ban oi,,,
cái chính quyền như cái lờ,,,
Ko chừng các đồng chí mua phẩm màu về rải ấy :),,,
Ong tien  tri oi ong coi thu co con cat cua toi mot ngay nung may lan,,,
Co bi lam sao o,,,
"Tình hình dịch như bh , cta nên thả anh Bảnh để a nhảy đuổi viruss vs thả luôn a huấn để a lm công tác tuyên truyền 😞",,,
Tưởng k có tuổi vs vong ba gà,,,
Tự hào thầy Ba gold :)),,,
Run men house,,,
Chủ thẩm mỹ đẹp trai quá àk,,,
Sao livestream ngoài đường không 😂,,,
Công thức đập của thầy ba hayy vãi ae à,,,
Em mình cũng dễ thương nè ❤️,,,
Yêu Idol.,,,
Xl,,,
My Sói trong page này độ có up nè,,,
"I am searching for beautiful girl in the comment section, so that i can reply her and send friend request later, in hope that she will become mother of my children, who are waiting for her at home.",,,
"Hay quá, nhiều nước trên thế giới khoa học tiên tiến mà chết thấy thương.vn trị dc nge như mơ.",,,
E muốn chơi PUBG mà k có acc. Anh chị nào giúp e với,,,
Mai làm ván cho team thăng hoa anh ơiiiiiiiii,,,
nát cmnr,,,
Độ à sao a k thể mặc vest cho ngầu v a :((,,,
Bắt Ông ta đứng dậy múa đường quyền bằng được thì mới thôi!!!🤣❤💪,,,
Nhìn chi sang quý phái !,,,
Xin clip với bạn,,,
abe dạo này nóng quá à hoong quạo nha abe . số abe nó mở ra zị thôi chửi cc nè abe,,,
Nhìn hơi sai sai ad ới,,,
Sống chậm thui ae,,,
Cứ nhiễm tnay sao e dc mẹ cho đi ra ngoài đi cf :((((,,,
Trời ơi...cô dễ thương xỉu♥️,,,
Anh em cùng tổ tiên với con NGUYỄN HỒNG NHUNG à,,,
Đm abe giống bóng vcccc,,,
chị ba thử đăng video chửi tổng thống mĩ đii,,,
May la co nguoi dai loan lay my do my the bao sao ai cung ghet song cac cu vi lam di 9 phuong con 1 phuong de lay chong nhe,,,
Bố độ chấn tiền Ah Bô Cao Lãnh :((,,,
Xin loi chi hieu ban dau moi thay chi em ko biet chi la the gioi thu 3 dan em moi biet chi dep lắm  chi nói  chuyen dễ thương quá,,,
Khong noi nhieu 🙂,,,
Hơn rồi nhé,,,
Nghe mà muốn đập cái đth đm :))),,,
Cố  gắng  giữ  sức khỏe  nha bác  trần  dần đất  nước  mong  bác về  nước  cống  hiến cho  đất  nước,,,
Hồ Thị Trúc Phương hôg sao..khoảnh khắc huyền thoại khác sẽ ra đời 🤣🤣,,,
nghỉ lâu thế thầy :(((,,,
Qua đấy đừng dạng háng chờ team gánh nha Abe dấu bé 3,,,
Đi ngược với chính sách ngu dân chỉ có chết,,,
Lê Ngọc Minh Châu đóng học phí trong nonolive là chổ nào vậy bạn,,,
Hóng thầy 3 làm 1 số clip về pubg,,,
"Ở hàn quốc còn chưa lo huống gì việt nam , hãy tin vào nhà nước thì họ sẽ làm đc",,,
M.n ơi cho mik hỏi mik theo dõi cô mà mik hk pít cô là con gái thiệt hả m.n,,,
Kiểu tóc khiến ae gục ngã,,,
Made in vietnam,,,
a tôi đấy =)) đẹp trai như hàn quắc ý nhờ =)),,,
Tiên tri gi gọi là tri thần kinh,,,
@BINH VU bạn ghi y chang thế nó tự thành vậy đó,,,
bắc kỳ con đâu rồi con trai ???mâm nào cũng có mặt con mà @@,,,
Ông chủ đẹp quá,,,
Thất bại của ngành giáo dục,,,
Nguyễn Tài koi ccc bn,,,
Đm cái con nhà quê nhiều tham vọng !! Sủa ít thôi .,,,
Ngon mẹ gì mà ăn nhỉ,,,
Việt Nam cố lên,,,
hợp lí anh ưiiiiiii,,,
"Đi văng cũng đc mà má, google đi văng gỗ đi",,,
Tất nhiên là vấn đề....vấn đề là tất nhiên 😃😃😃,,,
"Trần Đoàn nhìn cũng đẹp, nếu bán quần áo, lai-chym thử đồ, bán sẽ đắc hàng, chứ bán nước hoa hơi khó bán, nhưng được cái lời nhiều như bán mỹ phẩm. Thà lời ít bán nhiều, ăn ngon hơn lời nhiều mà bán ít nhá ^^~",,,
lik đâu dcm,,,
K7 ????,,,
Ghê... Con bú trên bố bú dưới ::::)),,,
Cay vãi c***,,,
Duy Khánh khuôn mặt Tiệp sau khi về nhà,,,
cũng đc đó,,,
Page có 402 fan cứng lận bao giờ ms tới lượt :v,,,
"A Ku Lộc k phải nó thì là ai, đến bh còn bảo k phải do nó. Khai gian dối để qua cửa kiểm soát là tội đồ lớn rồi. Làm gì dễ có chuyện gần như cả khoang hạng thương gia lây như thế",,,
Con cho,,,
Ý bạn là cô Lê na? :))),,,
Giọng thế này đừng nên thử vs nhạc dance,,,
Sống chậm quá mng ơi :)),,,
"Cho ko mat duoc nga voi,nhung chi 3 an cuc duoc do nha chi 3",,,
Tôi đang xem Hài hay phóng sự đây admin,,,
Nhanhh that su :))),,,
Con linh ca loc no o doai loan,,,
Đu lại có cớ xây sb long thành đây mà. Thôi đạp bỏ sb tsn đi. Xay long thanh,,,
Nguyen Loc k ship do an dc r,,,
thầy nhớ mang vinh quang về - nghệ sĩ hài hước clm,,,
Con Bố Chuyên hot trend đấy đừng đùa,,,
Xin 1 lần đc bắt kịp🤣,,,
"Sao Vlog sang quá mà, ý thức củ loz vayy?",,,
Khá cayy 😂,,,
Bố tổ sư. Súng bắn không trúng. Để tao bắn cho phát chẳng lòi phèo ra. Cạn lời,,,
Tiến Nguyễn Chiều mới đi qua đúng ko :)),,,
đẳng cấp cao có khác <3,,,
?,,,
Phạm Đức Anh cười k chịu đc 😂,,,
Đình Quang 😂😂 thuyết phục,,,
Dân 7k cười dân 30 ???,,,
Combo bất hạnh 🤣🤣,,,
"Nhật cũng đéo phải thằng vừa gì đâu, với mấy thằng Đức nữa, thử khủng hoảng chính trị quân phiệt nhật nó lên xem nó có san bằng cái châu á ko :))",,,
Sung ban cat 1km thi sao ma trung .dao chem cach 10 m thi lam sao ma đut nha tien chi phet lac,,,
ông là bố hay là con tôi đây,,,
Nhưng mà ko cho chúng cháu đc nghỉ ạ 😪,,,
Ko phải là Undead nhưng tộc này là bất tử,,,
Muốn thành nghiệp lớn thì phải cố gắng rèn giũa bản thân hoàn thiện hơn thôi! Âu cũng chỉ vì bát cơm...,,,
Không bẩn thỉu không phải cộng sản mà.,,,
Tiếc ziên là ăn mì gói,,,
"Ông Nhật này chắc không biết Ở ngoài ấy người Ta giỏi Ní nuận nắm,.",,,
Dòng cap khá là thuyết phục,,,
Lê Thanh Huyền Bich Phượng cứ ntn thì nát bét cái sn 🙂,,,
"Bác đấy cũng chỉ 2 mắt , 2 tay , 2 chân như người bt thôi . Để thay đổi thì k chỉ 1 sớm 1 chiều đc . Nói thật cho ad lên làm có nổi đc như bác đấy làm bây h ko mà nói",,,
Chị Minh Hiếu. Nhìn y như phụ nữ thật. Chứ ko phải chuyển giới.. Em rất thích chị. Alopduchucamo..,,,
Chúc mừng Thầy,,,
Cua ghẹ tôm mực bạch tuột mà quất,,,
❤️,,,
Coi zui gần chết,,,
tên phim a oo,,,
Ông lại lấy hết tiền mua sữa của tôi rồi. Sói said,,,
Do gia deo nhieu vo chet quan mang,,,
@Phú Đại GMTV vậy mày vô đây sủa làm cc gì tml,,,
Thế là được rồi. Ae đã rất cố gắng rồi. Về làm stream cho ae thôi. Cuộc chơi mà. Có lúc nọ lúc kia,,,
Truyền Thái Y chưa mấy đứa >.< thầy còn bệnh nè,,,
Trạm nào cũng tăng giá. Không đi qua thì đi vòng cũng mất tiền xăng. Bố là chính quyền thì tất nhiên bố có quyền,,,
"Đội mixi gaming thua cx đúng thôi đó là đội mình nhường thái thôi:v mọi người tâm lý bt anh độ muốn về nc cày ""Hãy trao cho anh "" lên đã cố tình thua để chiều ý a độ 😆",,,
Tội anh mấy ông êy,,,
Xài tiền le,,,
Chị chửi hay quá chị ơi ? E luôn ủng hộ chị,,,
Già mà non quá =)),,,
gặp idol Nam blue k tộc trưởng :)),,,
Đợi lâu nhưng ko hối hận tại Hai quá,,,
Khá ưng :3,,,
bạn phán chuẩn vc :),,,
Tao đã reply rồi!,,,
Chuyện này bình thuong rui k ai quan tâm đâu.,,,
Nam mo a di da phat,,,
"Nga ""chiếm"" đảo của Nhật: Thế ad ủng hộ đánh nhau đi. Hay ad qua Tàu tự sát nhé. Em ủg hộ 2tay",,,
tự nhận mình là thằng mặt heo,,,
"THP sai thì tẩy chay, còn tml này cũng hay ho đ' gì, nó mà ko bị kiện thì cũng ngậm tiền rồi kệ con mệ tất cả bọn mày uống nước đái ruồi , bênh ngu vlllll",,,
Ba cát lạng,,,
Bỏ tật ngựa :))),,,
Thương Hoàng Like trang này ngay để chúng ta cùng bàn luận kaka,,,
Nhìn tướng của nhà tiên tri mà tôi thấy bần tiện lưu manh thế nào í,,,
Phạm Ánh sao bim bim cũng cần xịt thế ạ 😲,,,
đợi anh Độ mua về test rồi chị xài thử :v,,,
đăng kí ở đâu,,,
Hưng Phạm khi nào nó trao ta,,,
Hóng abe làm game thêm hard cho học sinh mãn nhãn,,,
Sợ bay màu:)),,,
DM. Chúng bây sủa bậy còn nói à. Nguòi ta nói câu này chúng bây dịch ra câu khác. Nói nguyên văn thì có phải hay hơn ko,,,
dạ cho em hỏi chị 3 vàng ngọc còn 2 viên ngọc gia bảo không,,,
"Bậy rồi.. ad đăng bài v nhiều cháu bò lại sồn lên.. phải có ""liềm"" tin tuyệt đối vào đường nối chính sách của Đoảng Trung Khựa.. cứ đăng bài kiểu này là mấy cháu bò hoang mang lắm :))",,,
Đi vào nhà Bùi Tiến Dũng nhá!,,,
đón trung quốc sang chiếm nước :))),,,
Kk,,,
Quá chuẩn,,,
Ok thầy,,,
Ở một nơi nào đó :)),,,
nhìn dơ dơ sao á... ớn cả lạnh. cùng người miền tây.. ma thấy bà này ghê quá mà nói hot girl.,,,
Đánh kẻ chạy đi k ai đánh kẻ chạy lại thôi thì về Việt Nam cho vào showbiz,,,
Chủ tịch gì mà tốt thấy ghê,,,
Xã hội chó má vốn k công bằng,,,
Mãi yêu Thầy <3 . 20/11 vui vẻ ạ :*,,,
Ơ :)) sao tòi súng lại giơ ngón giữa thế kia,,,
Ad chẳng biết cc j cả. Ổng nói đúng rồi. Ko có tranh giành gì hết. Họ rất đồng lòng và tất cả mọi việc mọi vị trí đều đc sắp xếp cả.,,,
được vãi l anh ui =)))))))))))))))))),,,
Họp báo xong rồi thông báo à? Hài,,,
Ko ko ko bao giờ tha lỗi cho nó,,,
"Cỗ bàn thế này vẫn chén dc ae nhể Gấu Bốn Mắt, Phạm Phương Nga, Độc Muỗi.bọn m chỉ có ko ăn cứt nát và lá xoan thôi",,,
Quốc Hùng phải thế này 🖕,,,
Dạy Bơi Trẻ Em từ 3-7 tuổi và Người lớn SaigonKidswim,,,
Chuẩn!!,,,
Anh Ba Sa Đéc,,,
Trông thế thôi chứ ông Độ khỏe phết đấy ae ạ 😂,,,
Chữa hay quá chi oi,,,
Hoa hậu Việt Nam: Phùng Thanh Độ 😳,,,
Không biết Anh Tuân có ngy chưa nữa 😌😌 mê ảnh quá,,,
😮,,,
có bán vỉ 2vien dùng thử ko,,,
1h rồi :)),,,
Nước hoa từ Pháp ko đó...150k 2 chai đó,,,
"Nghèo mà má cô làm sao có 100 cây vàng, mà ẹ có 100 cây vàng thì sao cô nghèo ~~",,,
Kết quả của việc ib cho Thương đây ạ,,,
Đầu bui,,,
Thì? Là cái j vậy,,,
Trần Quốc Việt yêu gì dẹp hết,,,
quan chức để lại cức đái cho đời....í lộn! cái đức.,,,
Phạm Văn Đồng bớt ngu đi đc rồi,,,
được đấy,,,
Thanh Hoá cũng thế,,,
Hải Long Leito cười vl luông,,,
"Lúc đi không có màu , lúc về có màu 🤣🤣",,,
Ông tổ hài bolsa.,,,
Chrissy Ho thiệt là ko bit kiềm chế j trơn trọi :)),,,
Ghé shop em lựa đồ Unisex và Hàng QC siêu xinh các bác ơi 💥🍊💥 Shop em bao check hàng trước khi nhận nha 👏🏾🖤,,,
Thanh Trà Trương ??,,,
cái lồn má,,,
"lâu r mới xem lại cô, vẫn thích cô. cô dth ghê gớm í",,,
ok fine,,,
Trường Tiến chắc thấy Nhung bị chửi nhiều quá đâm ra tuân thủ bạn ạ. Với cả chắc cũng sợ chết =)))),,,
Dùng dầu gội clear auto toạch chuỗi nha mấy đứa điển hình là thầy giáo ba,,,
Dạo này có gì mới không? Dạo này có gì mới không?,,,
Sáng tạo vãi lồn :3,,,
Nhật Hạ về đồn của e à,,,
Nhớ sinh nhật bố mẹ ng thân trc đi đã r đến ny =)) lại còn nyc cơ mới chịu,,,
Rất yêu thích bài thánh ca buồn với tiếng hát Elvis Phương,,,
Đoạn đầu gay vl🙆🏻,,,
"Em chào chị yêu, chị rất đẹp và sang trọng, em chúc chị yêu lun vui , trẻ ,khỏe, đẹp , có nhieu niem vui và nhiều nụ cười trên môi ạ",,,
Chào abe nhaa,,,
Tại có đứa bảo cột điện. Xém tin .-.,,,
Bố láo với giang hồ đất cảng à,,,
chết mẹ rồi Tr Dần ơi.ông thống đốc bang đã tuyên bố bỏ người già kh chữa.vậy ông chạy đường nào đây.,,,
Quang Hưng Nguyễn mỹ,,,
Chuẩn lắm rồi,,,
😂😂😂😂,,,
Mới ở SanFansixLong về mà là đi khám bệnh về trễ quá ko kịp ăn luôn 🤞🤞🤞🤞,,,
Con chó còn có ý thức....,,,
Cô ba chưởi hay wa,,,
Thằng thua phải chịu án phí chứ nhỉ? Hay mình xem film nhiều nên nghĩ vậy?,,,
Đường đi đến cây xăng trước khi xăng lại tiếp tục tăng giá :v,,,
nghe có vẻ vô lý nhưng lại hết sức thuyết phục,,,
đập ngu như thầy thì mãi mãi cx dell lên đc +7 e thề,,,
Khánh Nguyễn ghê,,,
Đoạn cuối ủng hộ ông lão có sự đổi mới,,,
Cô ba dep quá.. em muon noi chg voi cô,,,
Mấy thằg não cức,,,
Chụp hình sao ngủ vậyy mẹ mít =))),,,
"Mời bạn tham khảo căn hộ VinHomes Smart City, link video thông tin .........:",,,
bạn ko hiểu vấn đề :),,,
Con dĩ nào bên có gì chị ba có đó :)) đẳng ngang với di kkk,,,
Chu Gia Bảo nước nào có phúc lợi lao động mà nghỉ phép vô thời hạn vẫn nhận lương để t bay sang với :)))),,,
Vậy chả lẽ 16 người bị nhiễm từ trước lên cùng chiếc máy bay VN 0054 đó à?,,,
Cho xin nick của cj Linda ik,,,
Ngoài kia người ta đang đau đầu vì chống dịch...mình ở đây làm trò mèo,,,
Giàu vậy sao đi lường gạt tiền người ta rồi hổng trả vậy chị ba? Miểng nó văng tùm lum luôn kìa,,,
"đi đúng luật rồi còn gì, chạy bên phải làn đường :v",,,
HS TS là gì vậy?,,,
Sô like đẹp rr mè,,,
Roblox,,,
T mỗi tối 😉,,,
Em iu thầy thầy sela ạ,,,
Tuyển ny nghe,,,
nghe khúc hỏi ôg hùg với tư nha khoẻ ko tao sợ nín thở luô,,,
Loạn :(,,,
"Cô nói chuyện ngọt ngào dễ thương quá, nói chuyện nhỏ nhẹ không đanh đá",,,
Coi khúc đó cười ỉa,,,
"Chị ơi chị có làm từ thiện thì em xin nhờ chị giúp dùm cho một người có được không Nếu chị muốn giúp cho họ thì chị cứ gọi điện thoại cho họ số điện thoại 094 921 3334 người này là người khuyết tật hiện nay rất khổ cũng đang làm, Thuốc nam từ thiện",,,
tức nhiêng là tức nhiêng là tui tức nhiêng là không bị tức nhiên virus tức nhiêng rocona.,,,
"Nói thì nói vậy thôi, chứ ra ngoài tụi nó cũng xoay mình như chong chong hà, nói sách vở tụi nó cũng thua",,,
Ráng qc kiếm tiền nuôi vợ con chứ đừng như e,,,
Vu Quynh Huong vãi lol,,,
Quang Nghĩa tính tiền cho anh ba,,,
Nhung Nhung bạn có đang cầu giấy k,,,
Giống thế đ nào dc,,,
"Đi chữa bệnh thôi,đừng có họp với chả hành nữa...",,,
Trần Thành,,,
anh Chip nhìn kh khác gì cục nấm di động 🤣,,,
💕💕💕💕,,,
Sale 99% di thay 🤰💔😢😾😣🤩😏😚❤🤩🤗❤😍,,,
Lên video để quảng cáo thẩm mỹ viện hả  úi giời ơi ai muốn đẹp thì để cho người ta tự đi tìm chứ ma ma ơi,,,
Ae có ảnh gốc k cho mình xin với,,,
Tiểu tiểu xinh hơn nhé,,,
"Thấy trai đẹp cái mệt trong người :)) hèn chi lúc trước khi tính tiền nét gặp mình chỉ nhìn quá trời, làm mình cũng sợ trong người, giờ mới biết sở thích của chị là trai đẹp mình dây",,,
Vl hazz 😂😂😂,,,
Chị đẹp vá,,,
Đỗ Đức An Tui chứ ai 😂 đốt nhà Abe xíu.,,,
Chuoi di em yeu.,,,
Mì tôm Alaska??? nghèo ???,,,
Ông này phải tù chung thân vì tội k chấp hành phương pháp cách li của nhà nước,,,
"@Cư Sĩ Lê Tuấn Nghĩa bên đó dân ăn chay tập thể dục không à, môi trường thì nguyên sơ, ai chả muốn sống ở đó",,,
Thầy ba dơ lắm cô ơi,,,
"Tôi của 10 năm sau, nói tục lắm phải đi tu đỡ nghiệp.",,,
Abe cay lắm 😂😂,,,
"Chị này ở quận 2 :(((, qua Anh chơi tí bị N17 lây bệnh mà chửi dữ z, có vô duyên quá hong 😠",,,
Yêu thầy dấu bé ba,,,
Em sẽ đến đơm cái lỗ nhị thầy đêm giáng sinh🙃,,,
Thì?,,,
Thuan Tran 1 cái áo 4 thằng mặc :v,,,
Thôi thề làm j ko lamg được các cháu thiếu nhi lại cười cho..!!!!,,,
"Quào, chuẩn bị Hoa Ngữ trở thành 1 trong những môn học chánh thức nha mấy đứa!",,,
Việt nam vô địch,,,
Dương Hiếu Dcm,,,
Dang chui con linh lai noi vo van j day doi chi chui day nhin xinh chac chui cung duoc ok,,,
Sao mà kể người ta không vậy không kể mình vô duyên,,,
Nghe rất độ mixi nhưng lại là tung sỏi,,,
"Tú said:"" cho cái lồn nè anh Ba"".",,,
Con hơn cha là nhà có nóc😂,,,
Lại đây anh biểu.,,,
Muốn biết ông trần dần khỏe hay bị bệnh thi vào xem đài bôn sa . Ông múa võ như vậy là ko fai như lời đồn,,,
Lo cho Việt Nam quá 😔,,,
3/ có một đệ nhất quốc sư như vầy làm sao mà không hẹn nhau Tấc nhiêng là đến mùa chuối sẽ cùng nhau về phụt cuốc!?,,,
Lựa cái đầu buồi ABe nè,,,
ủng hộ Nhà tiên tri vũ trụ :))),,,
Chán ko tả đc :)),,,
Hần =))))))),,,
Đm hết hình lựa hay sao mà lựa ngay quả ảnh hãm loz thật...,,,
Sướng ta ở nhà cx có lương,,,
Nguyễn Khánh Toàn hàng 1.1 đó a hai,,,
NgọcNgà Lê kế toán cũng méo có lương thì trách ai,,,
Châu Minh Đặng tâm thần có hệ thống,,,
Con gái của thầy đó,,,
NOI TAM TU BI.MA CAI MO CHUI UM XUM.VE SUY NGHI LAI DI NGHE CHI 3.Y LON ANH 3,,,
Nhàn Lê bài này nghe cũng dc chứ ko hay lắm,,,
Đkm chúng nó bán hết rồi còn đâu mà của mình,,,
Chị ơi sống mũi của e bị rõ có làm được không chị,,,
Em tham gia cho vui. Chứ em k có PC. Em may mắn với con số 16 lắm. Mấy lần give đc số 16 mà quên share công khai 🤣,,,
"Biết thì thưa thớt, k biết ngậm cặc mà nghe. Cái mồm mày sủa gì tới quan lại tới thằng dân. Thế cái gia đình mày là phản động k thuộc nhà nước việt nam hay sao. Mày phán từ quan tới dân tao thấy gia đình nhà mày chắc chức sắc cũng to. Phán cái đéo gì c",,,
"Bóng đá nữ chỉ ăn ké bóng đá nam thôi, những năm trước đâu được đón tiếp.",,,
anh tuii,,,
Còn thời cưỡi ngựa bắn cung!,,,
Trên mình có suối nước mát nhiều gái nha Sóiii!:)),,,
Sao ít vậy ba đúng ra là quá tải chứ 90 triêu dân thì ít nhất phải 60 triệu cuộc gọi . Ờ mà gọi thằng nào giải quyết mà có lên THIÊN ĐƯỜNG nha,,,
Đang buồn và lo lắng dich bệnh xem bác Trần Dần tấu hài xong đúng là tinh thần phấn chấn và chắc chắn rằng bác sẽ là danh hài đươc yêu thích nhất,,,
Tuấn Bảo Coi thường thầy quá rồi,,,
"ANH NÓI NGHÈO KHỔ CÓ NHAU, CHỨ ANH CÓ NÓI GIÀU CÓ NHAU ĐÂU :(",,,
"Giúp người cũng bị soi mói, lúc dân cần sự giúp đỡ, ai giúp đc chừng nào hay chừng đó, ghanh tị nhau làm gì. Đã ko làm dc gì cho xã hội rồi còn bêu rếu ng khác. Bộ đội hay anh Phan Anh hay bất cứ ai có lòng hảo tâm và tình thần lá lành đùm lá rách để g",,,
Toàna Tế :))),,,
"KimThy Lê dáng quần sang trọng , lich lãm, làm tăng sự chú ý của cô ý vào con cu của bạn",,,
"A lóp du chu cờ mo, Anh y e cho sờ ...",,,
Huyền Khánh Phùng Yêu lắm luôn =)),,,
E mất fan cứng r,,,
*Là 1 thằng con trai thì không nên có quá nhiều năm sinh*,,,
Bởi em sinh ra đã mang tiếng nghèo nên chờ Nk sale đến 20% khi mua từ 2 sp em mới dám qua,,,
Ngu cmm.,,,
Chung Tiến sv 16 hay 17 gì đó nằm ở cuối góc trái bản đồ,,,
Nghe vô lí nhưng mà khá là thuyết phục,,,
"phỏng vấn cả ông ngô kỷ đi anh ,viu lắm ,cầu mong cho ông ngô kỷ và ông tiên tri này không mắc bệnh còn có cái mà xem cho vui,còn mấy ông này thì chống gậy chứ chống cộng cái gì xem cho vui",,,
Tao thích thì tao xây thôi =)),,,
23:10 tao mê khúc này nhất à,,,
Coi hôm qua giờ 2 lần . cười muốn chết haha,,,
Đảng và chính phủ Việt Nam quyết chiến thắng quết thằng,,,
🙏🙏🙏,,,
Chào các bạn chào các bạn các bạn khoẻ không hôm nay mệt thật sự ko biết bà già mình đi đâu rồi nên hôm nay phải cho ông già lên khều tí donate,,,
"Cán Bộ, CA còn xuống cấp nghiêm trọng thảm hại.. Sao trách Dân đòi Dân phải ngoan, Thượng Bất chính Hạ ắt tắc loạn...",,,
thì thời gian đầu sao bao lâu im hơi + phốt thôi :)) chứ bài nghe cũng dở,,,
Chị ơi cái mũi chị bị lệch rồi..,,,
Nhìn bác khoẻ mạnh tui cũng an tâm phần nào 🥰,,,
Xuân Trường rồi nhe. Yeyeye.,,,
Đấng trong truyền thuyết,,,
giỏi thì ở đâu mà chả có việc,,,
Chụp cái màn hình thua game =],,,
Cách đây 2 tuần qua streaming house gặp anh quang ngọc trinh đưa a grab ship áo còn a tú đụ cởi trần mở cửa cho e gái,,,
10k like,,,
Nguyễn Huỳnh Anh Thư Phạm Kim Ngân ước gì công ty mình cũng vậy :))),,,
Ae chuẩn bị đón nhận nút bạc nhanh nhất của sờ chim mơ ba rọi béo đi,,,
Ý thức của nó thấp hơn điểm hóa của em.....😌😌😌,,,
Hết cực kì thuyết phục h tới sống chậm haizzzzz,,,
Vân Anh Cricket du lịch nè😬😬,,,
Sex nắc ak nhằm sắc nét :)),,,
Hài nhiều hơn là cayy 😂😂😂,,,
Thiết nghĩ không phải vì chúng ta cảm phục Phan Anh mà chúng ta chối bỏ công lao và sự cống hiến của những người khác. Theo tôi những bài viết ntn chỉ mang tính chia rẽ và gây hấn chứ k hề có tinh thần xây dựng,,,
35:25 nghe chưa đỏ vs vàng là 1 k nên xúc phạm nhau,,,
Hài vcl. Buồn mà xem video của Thầy là muốn tự tử :)),,,
"Bao nhiều thứ thôi thì mình mình biết , nói ra cùng ai làm gì để phải mệt nhỉ 🤫",,,
Cháu cô Minh Hiếu đã đi học lại chưa zị?,,,
a đẹp zai mà 😘😘,,,
:))) coi xem fb r khẩu nghiệp,,,
Đúng với thực trạng của VN quá .,,,
nhanh ề xoá kênh,,,
Bùi Đức hợp lý vl,,,
Đố anh bắt được em đấy 🤪🤪,,,
Bê đê mà bạn,,,
191 luôn bên Fa😂😂,,,
Chui bac ki coi chừng hôi hân ko kip,,,
Anh dưới đừng chửi em nha do hình nó vậy,,,
này là del có tí nhân phẩm nào nên nó thế :((,,,
Cà khịa vl,,,
Mình bán tiền game cao hơn bình thường 20 - 30% vào thẳng níck luôn bao uy tín tất cả các loại game ai có nhu cầu lh : 0968901765 . Gd trực tiếp cung đuoc nhé mình ở cầu giấy ❤️❤️,,,
Đăng ký ở đâu thế các bác,,,
Bán đôi dép nike hoa cúc để ăn tết ai mua ib giá yêu thương ❤,,,
Thầy ba quang game ghê quá...ra là chết đầu,,,
Hoàng thị bé con thầy Ba,,,
Nguyễn Thư,,,
" Tui coi lại cuốn du típ (yotube) tiếc ziêng là tui cũng cách ly oan toàn, nhìn mặt tui vầy phố Bolsa cũng thấy rồi ",,,
Chậm lại mng ơiiii :((,,,
"thay mặt toàn thể chị em cám ơn thầy chúc thầy nhiều sức khỏe , khi nào xóa kênh thầy ơi",,,
Bã nói chuyện dễ thương quá trời quá đất,,,
Đua rank à 😐😐,,,
E dep  qua oi  e o gan chi roi,,,
Chúng ta ko thuộc về nhau,,,
Bố m bụng có phệ k ad?,,,
12:07 tiếc ziên là lè lưỡi,,,
Rô top 1 thế giới nè,,,
Trung tốc độ :)) Trung 6 dú :v,,,
thật haha,,,
Lừa :)),,,
Thánh hack tiền đây rồi lấy tiền mua đồ lên cấp hay quá cho em xin một lạy chỉ em với.... Sặc bị phát hiện lock acc,,,
"Trông như thằng điên, hãm",,,
Bọn kia đi đập chết mẹ dân rồi nhé,,,
Công nhận. Nhịn nhẫn nhục luôn.tức ! Nghỉ việc,,,
Cs muk,,,
Nhin cung dep that nhung hoi',,,
Cà khịa anh Sơn mà =)),,,
"Vậy tuỳ bạn, mình trong nghành mình biết, nếu bạn muốn con bạn có 1 miễn dịch yếu và tạm bợ thì banh cưs việc xài văcxin khác :) mình ko nói nc mình nghèo mà dùng loại vacin này nhé, who nói là điều kiện môi trường của các nước đang phát triển thậm chí",,,
Rất mong là như vậy ạ,,,
"Nếu toàn dân đồng lòng chống dịch, nhất định chúng ta sẽ chiến thắng dịch bệnh COVID-19 như dân tộc Việt Nam đã nhiều lần chiến thắng. cố lên chú, cố lên VN ơi",,,
"Lâm Quốc Huy đại học là oke ông , còn cấp 3 thì coi chừng thầy cô nứng :))",,,
Con chó diên dan chuong trình nghe muon ỉa ra quần,,,
Bông Xù tag zô hội tuyết bích lun ớ,,,
Con trai bố k đi đâu chơi à???,,,
chu cà mi,,,
Anh tôi nói cái j cx đúng,,,
Cái mặt đàn ông cái tiếng đàn bà bán nam bán nữ,,,
"Võ Hồng Gấm rồi mấy đó tiếp xúc với thêm nhiều người khác nữa á,nghe mà ớn lạnh,cầu mong cho đừng ai nhiễm nữa,k ở quê làm rần rần riết chị muốn bệnh lun á",,,
chị đẹp quá,,,
Trường chán chả muốn nói,,,
Cực kì thuyết phục :))))),,,
"Quốc sư Trần Dần đổi màu quay về với Cộng sản Việt Nam rồi ! Ông đã nhìn ra sự thật vì chính nghĩa ko thuộc về cờ Vàng ba que, họ là quân cờ của người Mỹ thôi. Độc đảng nó có cái hay của nó chứ ! Mỹ xoá ván cờ bỏ rơi VNCH thì phải ráng chịu thôi ! Chuẩn ! Kkkkkk",,,
Ngon...,,,
Bọn đấy ngang với đa cấp đấy tàn mồm thầy cúng,,,
Anh độ dễ như phò ấy :3,,,
Quang Nguyễn Đún vậy burn chair hà lội ngon kkk,,,
"xem công an và báo nó rãnh hơn nè ! thông báo người ta lên kiểm tra xe mang theo giấy tờ nhưng mà toàn bộ xe giữ chả có thông tin gì ....vậy mà cũng tốn mấy trang báo để đăng !... nói ngu thì kỳ nhưng chắc vậy gọi là "" đúng quy trình "" nhỉ !",,,
"Góc nhìn thứ nhất của nhân vật Độ =)) trong game "" giữ con khi vợ vắng nhà 🤣""",,,
Fan cứng rồi nek,,,
Đẹp vl a ưi,,,
dm ho chi minh,,,
"bao phòng chưa anh, chứ em thấy giá đó hơi chua",,,
Abe sonic :v,,,
Dù ai nói ngã nói nghiêng đỷ này vẫn xạo lồn như xưa,,,
Yêu cô Minh Hiếu,,,
Em tổ tư vấn nhưnlol ấy độ ak 🤣🤣🤣,,,
"Tình hình dịch Covid19 đang rất phức tạp. Mọi người ra đường nhớ đeo khẩu trang, ai sống một mặt đeo một cái, hai mặt đeo hai cái, ai sống như cặc thì đeo bao cao su dùm 🙂",,,
Báo lá gì đây :v lá cải thì nhẹ quá,,,
"Mấy loại này coi cho vui thôi chứ mua gì mà mua, chẳng thà mua 1 chai mắc xứng đáng hơn 5 7 chai dỏm 😏",,,
Chi ba. Thich noi,,,
Sale 99% thì mua,,,
Con lon giả,,,
1 lũ ăn cướp.,,,
Cực kì thuyết phục :>,,,
Xa La Công Tử share về các page,,,
sena cũng có có tuổi nhưng tiuooir lôn,,,
Anh độ đạp xe chất như nước cất,,,
Bảo My ui peheo xinh quá haha,,,
Giọng miền tây nghe chất phác ❤,,,
chất a ơi,,,
Bả ko có dòng họ chắc gì bả đc z :))),,,
Hông cho tụi tui được nghỉ mà thắng... thắng cái puồi à,,,
Ko bt cô chuyễn giới lun á h mứ bt.cô cy giới lúc mìh 1tuoi 😂😂,,,
Hạnh fuck nhé đôi bạn trẻ 🤣,,,
Cầu Giấy cách 30km cơ,,,
Tất cả đều đúng,,,
Hà Linh hoa 1 cánh à 😂😂,,,
Mộc An tạo dáng cánh hoa nè,,,
Loại này phải phạt tỉ đồng,,,
Đẹp trai quá đi à,,,
Người mặc sáng láng mà ăn nói không có giáo dục than mình toàn là đồ Sài do gia không mà keu người ta lại làm thẩm mỹ ê quá trời rồi ngồi đó kêu từ người đến làm,,,
Con bóng sa đéc,,,
Uây giống nhau như hai giọt nước luôn 💧,,,
"Sang Campuchia mà phát triển tài năng ! Đã có 2 người phong tướng rồi đó, ở VN thì nằm mơ đi.",,,
Xạo l*n quen rồi bạn ơi. 😄,,,
Thoại Trần chính tã là chính gì,,,
Ngưới ta đi sát vỉa hè .. tạt cái gì ?????,,,
Lúc trc thu ngầm..giờ ban hành luật để dễ thu công khai,,,
Anh Phuong Trinh kệ MẸ NHÀ TÔI hihi,,,
Bóng vcl ý em nói thầy sela còn anh dơ như chó nha :)),,,
Nhìn mặt k co tí gì gọi là phúc hậu...ác khẩu,,,
Phạm Dungx dũng cừi,,,
Thằng,,,
Chắc tao chết 😂,,,
May k mất tết :)))),,,
Mấy cha sống chậm lại được không,,,
Chị thấy cái đó là c xỉu liền à. Chắc chết với cô MH,,,
Trần Lê Minh Hùng :))))),,,
bà khùng điên  nang lắm rồi,,,
Cực kì có sức thuyệt phục luôn,,,
Hải Hải =))),,,
Nguyễn Trang chị trang ơi anh độ !!!,,,
mấy chục năm trước cũng y chang z,,,
Ông về phép đc rồi đấy :)),,,
ngày càng tinh vi,,,
Người ta kiếm mày chửi chơi chứ ai mà thèm mày,,,
Chắc anh quên chưa kéo lên thôi,,,
♥️🌷,,,
Sửa  miệng  bạn vậy,,,
Anh châu đẹp trai quá à ahihi có nhu cầu chơi gay hong anh,,,
dân rick đây rồi ;3,,,
Moá bữa tự nhiên đem ký vô cái biên bản cam kết ko sử dụng pháo 🙄🙄,,,
Ngực nhỏ quá đi,,,
Cố lên nha anh anh Tùng MTP say oh yeah,,,
E mua bay vs bàn xoa rồi sếp ơi. Tổng hết 100k. Chát quá,,,
chị dễ thương quá,,,
Chị đẹp lắm đó chi,,,
"Like chị Hiếu quá đi. Giới tính nào ko cần biết cứ có kinh tế, biết làm ăn giàu có, tử tế, bản lĩnh...tự do tài chính là ok hết.  💝💝💝💝💝",,,
Đa số ngừơi dân coi thường ônh Phát,,,
@Đạt Henry chắc bà í phi giới tính 😆,,,
Be de khung,,,
thế này thì bọn sán dây tuyên giáo rả rời tay chân cả lủ,,,
Phan Tấn Trung,,,
Ủa trend gì vại mn?,,,
Thớt ăn nói mất dạy.. Mà thớt ngu thiệt hay gia ngu ấy nà,,,
trung trần dần ? D: ?,,,
Mình muốn sửa mũi mà ko có tiền nhiều nhờ báo giá được ko. Số ĐT mình 0703114798,,,
Mua mass mà uống liệu vs chả trình,,,
Buồn thì đi cắt tóc 3 phân :)))&&&@@@@,,,
Tiền nhiều thì chết đem theo nha chị 3 :)),,,
Thì đúng vậy mà ...,,,
"nó niêm yết giá thế vào ăn lại còn kêu gì, chỉ nhắc nhở là chủ quan nên bảo khách đọc menu trước khi gọi, còn họ đọc mà vẫn mua thì là điều bình thường",,,
Dạng như con mụ bộ y tế khóc khi bệnh nhân uống phải thuốc giả vậy á,,,
"má nó vào đọc vnexpress toàn lũ bợ đít cho chúng nó ko,chúc mừng đồ,lạy mấy cô hồn.",,,
3 chicken,,,
@Jiang Jiang 👉👉 Liên hệ Even + Show + Chụp Ảnh + Pr call trực tiếp quản lý : 0933.38.10.29😀😙❤❤👈👈,,,
Ko còn gì để nói ...!!!,,,
"Bao tiền tao cho 1 cái, làm gì vất vả khổ sở thế 😂",,,
Cho xin zalo b dc k,,,
Trả kèo thầy ơi :))),,,
Nghe giau qua cho xin vai Tram dông đi,,,
Vl. bỏ 33 giây cuộc đời ra để cười. tốn thời gian mà đéo đc cl gì,,,
Maruko Linh thiếu này,,,
mai tao xin đi làm dân quân xong t đi tìm ra mày giết mày ad ạ đồ phản động :v dlv dạo này hoạt động ghê lm,,,
Chạy từ từ thôi abe,,,
Ông ơi cho con hỏi ông bao nhiêu tuổi rồi ạ,,,
"Thầy live ở đâu vậy thầy , em mún donet cho thầy hmmm",,,
còn tư bản giãy chết m dám nói ko phải từ mõm của đảng đi,,,
Tộc trưởng có thể mai mối cho dân nữ không,,,
Ma 3 y nhat,,,
Nứng qá abe ơi :)),,,
Coi này để bít ông Hùng với bà Tư Nha . Thì ra chỉ là trong truyền thuyết kkkkkk,,,
Quốc tịch VN nhưng sống ở Anh có nghĩa là sang anh sinh sống 1 tgian sau khi nhiễm bệnh thì về VN :)),,,
Ở 1 diễn biến khác =))),,,
ai thích võ thần súng bắn k thủng dao chặt k đứt. điểm danh nhé,,,
Mốt hẹn vậy cho sang nè Tram Le Diệp Linh,,,
"anh Dần ơi,572 trương định là quận 1 nha anh .....xưa anh ở Gò Vấp mà bây chờ anh đòi trụ sở UBNN  phường Tân Định quận 1 là sao vậy anh tiên tri......he he he",,,
Hiếu Bến Tre 2 tk trẻ trâu có khác hơ ?,,,
Đôn chề đi rồi thì tuyển Gu chì đi abe :))),,,
"Đây là ai v mọi ng? Ủa tội ảnh v, hok có quần mặt nói chứ làm v chi vậy trời 😌",,,
"Nho Lâm sợ người việt từ nước dề kìa, chứ bắt đầu ngày mai là miễn thị thực đối vs khách châu âu rồi",,,
Xin lỗi nha lần sau rút kinh nghiệm.,,,
Nghe vô sinh nhưng lại rất yếu sinh lý :)),,,
Mệt chả buồn giải thích nữa,,,
Nói cho cố dựt tiền của cô Minh Hiếu mặt mài râu ria không,,,
Dlv bữa nay hoạt động về mặt kinh tế nữa à. Hay đi nhầm bài?,,,
Sống như lồn ok,,,
Chen à,,,
Linh Chi bạn nói đúng đó có maya người kh biết cứ ở đó mà gáy :),,,
Bộ tài nguyên và môi trường chết mẹ đau hết rôi?!,,,
Mấy chị đẹp quá,,,
"Đã bảo rồi, hát hay thì đéo cần beat , hát chay vẫn hay",,,
Mưa gió bão bùng:),,,
Nhũ Kim Duyên Trần Việt Trần mấy ông có công nhận anh Mixi Độ của tui giống bạn Chinh Văn không?? T thề là t xem ông này nhiều thấy giống vãi,,,
Trend mới kk,,,
Bực mình :)),,,
Cực kỳ thuyết phục !!,,,
Linh Pham Thi để con sắm cho mẹ 1 cây😂,,,
Ciel Phạm biết là ngta làm hời hợt mà thân là người có tiền thì sợ quái gì cứ quăng tiền đấy mà vào viện cách li thôi chứ về VN nhỡ đâu trong quá trình di chuyển lại lây ko chừng :((,,,
co oi co chui hay wua,,,
Con này cũng xàm lồn lên chửi qua chửi lại chủ yếu nó ăn tiền nhà mạng . Con khùng thúi,,,
Dù gì thì đó là ý thức tự giác cần khen ngợi chứ ko trốn tránh cách ly,,,
Hoàng Yến đâu trêu thế =)))) b chưa xem qcao lẩu phan à,,,
chống cự đi china nó thả dân qua sang bằng VN luôn 1 đánh 10 không chết cũng tàn phế =)),,,
"Anh Quyền tốt hơn 👍 vì vậy , Chú 3 hãy cho petland về Phú Yên đi !",,,
Con nay het thuoc chua roi,,,
Ông tuân ổng hỏi cười xĩu,,,
hợp lý kkkk,,,
"Kim Thiên Đinh hồi chiều nè , khóc luôn 😭",,,
Gia Bảo ci l**,,,
Vãi. Idol của tui cũng vô đây à :)).,,,
Dù...laj con phan mjen ra vay nhj?...,,,
Giang Giang chứ s trò này từ hồi t mới đẻ đã thấy r,,,
Về luật pháp phạt là đúng nhưng lúc mới thi công cơ quan chức năng không lẽ không biết ? Giờ cớ sự đã như vầy thì chắc chắn HL phải binh tiền cho mấy ảnh mới đc xây tiếp chứ không lẽ bỏ. Cái này là hạch sách dân.,,,
Trinh ở ngoài đéo ai thèm ngó đâu anh cứ an tâm ở đấy,,,
Sẵn một con xích lô PNW 523y,,,
"Ý thức phải như thế mới đúng người biết bảo vệ cộng đồng, đâu như mấy cái loại trốn khai báo, khai báo sai rồi còn livestream khoe hay trốn cách li đâu, ý thức chuột cắn. Hãm",,,
Bà này tối ngày quay ở ngoài đường k giám quay ở trong nhà,,,
Dần ơi là dần nay 30/4 ngày giải phóng mà dân 3 que goi là ngày quốc hận ko biết hôm đó lên máy bay Dần chạy cách nào vậy,,,
Tập này là 86 mà 🤔,,,
Chị này chốt đơn là thật mọi người đừng làm như vậy nữa,,,
Chết mịa...đang uống...đang đọc tin này vừa đọc vừa uống,,,
Nhân ngày nhà giáo Việt Nam em cảm ơn thầy vì những giáo án xịn xò con bò,,,
"Hà Nội sẽ đc đổi tên thành tp Mao Trạch Đông, đg biên giới VN sẽ đc mở rộng ra tới Tây Tạng. Giải phóng Đài Loan sẽ là nhiệm vụ hàng đầu của nhân dân xhcn, đế quốc Mỹ và bọn tay sai sẽ phải cút khỏi biển đông và biển nam hải. Cùng với Thượng Hải, Bắc K",,,
Cái thằng minh râu dâm dục chuyên ấu dâm các em thiếu nhi còn làm được cha già vĩ đại của mấy em bò đỏ thì nói chi đến mấy thằng bị tâm thần.,,,
Mom thui qua  con nay loài kg an học mat dai kg so mot con nao tai sao len xin lỏi khóc nhu cho,,,
Vội vàng làm gì :)),,,
Méo hiểu thể loại fashion gì luôn 🙄 nhìn bẩn con mắt 😵,,,
Coi mà bắt full lo la cho nó đã rf quá hay ♥️,,,
Gia đình nào đó :,,,
Diệp Đình Huy chắc bạn không hiểu từ đấy,,,
Vui vẻ không quạo 😅,,,
Má 3 OK quá... Má ơi  0903116878 mobi,,,
Tp hcm thi Nhật ha nội thi trung quoc,,,
"Họ coi trọng cái sĩ của họ , thực ra nó là sĩ diện , còn thực tế họ là lu ăn cháo đá bát , thuong cảm cho họ , có não cũng nhu không",,,
Vải lông gì tỷ nổ lằn nổ lốn dell ai quan tâm,,,
"@Bé Hoan Banana tự nhiên kêu nó câm , m có vấn đề về thần kinh k",,,
😍,,,
"Tiết mục thư giãn cuối tuần của Phobolsa TV.  Zâng, tâc ziêng là rất hay!",,,
Nguyễn Thế Sơn nghe nhìu lần sẽ thấy khác á bạn,,,
Anh châu cho em xin nich fb cua anh để em đt gặp cô kim nc 😂❤️,,,
hủy thằng bố mày ý :)) ngu,,,
Kẻ tổn thương lại muốn tổn thương người khác....??,,,
Sống nhanh lên nào,,,
"Hyeong Tea thôi ông im hộ mồm đi thánh nhân, đọc có vẻ như tiên nguyễn thì bảo tiên nguyễn, bắt bẻ cái gì ở đây",,,
Điều kì diệu ở phòng giam số 7,,,
thế thì các quan làm sao đóng tiền du học cho con? ko biết trg nc ngoài có thu hồ tệ ko ta?,,,
Con coronavirut nó làm cho mọi người hiểu ra chân ly cuộc sống,,,
Đậu xanh..,,,
Đỏ gì mà ở ngay sát bờ là sao ?,,,
Ở quê vùng sâu vùng xa chỉ có mỗi cái TV xem vtv nên dân vẫn tin yêu đãng lắm!,,,
Mode GAM Sena auto win,,,
"Đmm chúng nó cứ giết người kiều này, có ngày người nhà người ta đánh bomm chết cha lũ bác sỹ như mày.!!!",,,
Về nước chưa việt kiều mỹ ?,,,
vãi cả vuốt má nhau ạ :),,,
Thịt chó đây này mấy bố ạ,,,
Về lập kênh mới à ?,,,
Linda ngày xưa vs linda bây h khác biệt luôn:)))ngày xưa chửi hơi kém sang tý bây h nói câu nào thấm hơn mu lồn câu đó đúng k cả nhà:))))),,,
Cho con xin cộng lông,,,
Đc của ló anh ơi,,,
@@,,,
Like 👍👍👍👍👍,,,
Trại thương điên sẽ mang cho bạn mọi điều mong muốn,,,
cho xin facebook của đệ nhất danh hài,,,
Lâm chí khanh nói chuyện nge mắt mệt,,,
Chiếc xe đen đang dừng vì lí do gì đó..xem miếng trắng bên phải xe giữ nguyên khoảng cách voi xe đen trong cả ba hình,,,
Vứt liêm sỉ xin lai,,,
Học trò của thậy ở khắp nơi:<<,,,
Chôn sống nó đi,,,
ma ba vang ngoc noi thiet khg bao gio noi doc,,,
Hào Nguyễn xin vid brooo,,,
Ý thức cộng đồng đ có thì ac sống làm chi z trời🥴,,,
"nó xạo lồn , thèm chém chết mẹ nó",,,
Đăng Thảo,,,
Hihi fan cứng,,,
Tin rằng Việt Nam chúng ta sẽ vượt qua bệnh dịch nhờ sự đoàn kết và nổ lực ❤,,,
Yêu em nhung và a đã nhận ra một điều là,,,
Bùi Nga Quỳnh Anh chưa 20 tuổi kêu mệt,,,
Đào Mạnh An bên đấy nó vẫn coi đay là cúm bt thôi tự mua thuốc về mà uống:)),,,
Tiệp có khả năng trở thành 1 người đàn ông hay ho,,,
"t chỉ like ủng hộ cho nó thôi, chứ bài này nghe chẳng hay gì cả .",,,
Cực Kì Thuyết Phục .!,,,
Nhạc gì hay vậy,,,
"Tại sao có nhiều người, không phải chê mà là chửi :",,,
Đạt Quốc Bành comment top mà ít like vl :(,,,
Má nước mắt cá sấu kìa trời,,,
Hoàng Hải VietNam num bơ qoan,,,
Nguyễn Thanh xin link video bro ơi,,,
"Bao Binh 1 phần chị ấy đang muốn giúp mọi người cố gắng mà, chỉ muốn tốt hơn thôi, thì ai tốt hơn đc thì tốt hơn còn ko thì thôi, chứ thật ra thì trái đất này phải có ng nghèo và người giàu mới cân bằng được, chứ tất cả giàu hết hoặc tất cả nghèo hết thì lại ko được",,,
K đc nhận lì xì 😢,,,
Nhìn giả tạo vcl,,,
Chỉ cần kí 1 cái là đc cả trăm tỉ mà éo phải đi tù thì tội j ko làm - một a bụng bự cho biết,,,
Nguyễn Vũ Thu Phương Châu Minh Nhi Uyen làm đi kiếm tiền mua goods,,,
hộ,,,
Ghen ăn tức ở vừa thôi. Ngoài nói xấu ra ko bik làm gì à?,,,
"Chửi hay lắm cô ơi,con cũng LGBT ❤️🌈 nè, chúc cô luôn khỏe vui vẻ nhé.",,,
Sống chậm thôi cacban:((,,,
Chị ba chén kiểu  vitel,,,
Cả Lê Hữu,,,
"ờ nghe đồn dự kiến tới năm 2030 vn sẽ đứng trong số những nc có nền kt phát triển j đó, mà trc mắt thấy là ba cái vô bổ này là dân chịu nợ ko bik bn tiền rồi, ăn ở ko nên rửa tiền chơi ah",,,
Ghé shop em làm nhẹ vài hộp mask dưỡng da đón Tết đi nào các chị em ố la la 💃💃💃,,,
thế đéo nào xin lỗi 1 câu là xong v?,,,
Mai Nam Hải a bị xiên có đau không a :((,,,
Em dung o  mot goc do ma noi em thay chi  mat chi phuc hau em tin chi chi noi gi em cung tin,,,
Cây atm đến từ cao lãnh :)),,,
Bỏ qua lạm phát mất giá của VND à ??,,,
"Chau oi bn la, con cua, cô  hả",,,
Và đây là giải pháp,,,
Quân Anh dơ nhưng kích thích,,,
Không nghi nguồn của cô Ls Tuê Hoan à !? Hoành Hữu Hồ,,,
Ae có link chính của tiên tri zũ trụ trần dần,,,
Như  một  Con  điên...,,,
Ko liên quan lắm 🤣🤣,,,
Tôi lại thấy chỗ này cute hơn :)),,,
Yêu thầy dấu bé ba :)),,,
Thuyết phục.......,,,
vào là đập chỉ có thể là thầy ba :),,,
"Ny t sắp đi nhật các ông ạ,nghe mà t thấy buồn quá",,,
Không phải có tiền làm gì thì làm bê đê,,,
"🤣🤣🤣 dăm ba trái banh làm như cầm súng ra thương trường, phải chi bọn này nó ra đánh giặc thì hay bik mấy",,,
"Cái qq, đem clip đi kt liền",,,
Quốc Đạt nước đi chính xác đấy :))),,,
Cực kì thuyết phục tiếp đi,,,
Thanh niên phân biệt vùng miền bàn phím vãi lồng. Giỏi thì ra hà nội kêu bắc kỳ giữa đường hoặc sài gòn kêu nam kỳ xem. Coi thử có đi răng hàm mặt chỉnh hình không. Đkm lũ phân biệt vùng miền. Đkm lũ phản động.,,,
Mình Hiểu nè mới biết you vì con SIC sanh nay ai ai,,,
Bích Trâm :))))) làm thì tập trung làm đừng nhớ những buổi vui đùa chị em nha chị Uyên Thảo,,,
Từ khi theo dõi cái page này... thì thấy cái clip này là ý nghĩa nhất.... nhưng mà tao cứ thấy nó xàm lồn sao sao ý 😂😂😂,,,
đảng con bò,,,
Cmt để thành fan cứng,,,
Đang khoe đú trend mà nhớ nhung gì dở đây má ><,,,
Thịnh Nguyễn check ib,,,
"Họ đã chọn nhà máy môi trường, con người, tôm cá đã thua nhé",,,
Huy Engraving xin video bạn đẹp trai ơi,,,
tối có stream không abe,,,
”👎🏿”,,,
­­­­­­­­­­­­­­­­­­­­­­­­­­­­­­­­­­­­­­­­­­­­­­­­­­­­­­­­­­­­­­­­­­­­­­­­­­­­­­­­­­­­­­­­­­­­­­­­­­­­­­­­­­­­­­­­­­­­­­­­­­­­­­­­­­­­­­­­­­­­­­­­­­­­­­­­­­­­­­­­­­­­­­­­­­­­­­­­­­­­­­­­­­­­­­­­­­­­­­­­­­­­­­­­­­­­­­­­­­­­­­­­­­­­­­­­­­­­­­­­­­­­­­­­­­­­­­­­ thầy t ăn mặn quá vậy :v,,,
"Uầy, thế mà có cái hội lúc nào cũng ngông ngóng cái lũ đu càng đó gửi tiền về đó, chậc chậc😞",,,
“Nhưng bình yên của anh ở nơi mà tim em giấu...” 😁,,,
ăn bẩn ko chừa thứ gì kể cả bê tông.,,,
Ông MC kiểu như ổng cố nhịn cười,,,
"Ciel Phạm thôi b ơi nói mấy nhiều ng vẫn cố chấp thôi. Bản tính ích kỷ cùng chung dòng máu VN mà ăn thua sân si. Bm ngta luôn muốn cái nào tốt đẹp nhất, tin tưởng VN điều trị thì phải đưa về VN chứ sao",,,
"Hoàng Xuân Tâm mắc cưòi quá haha , cmt này thật hài hước ??",,,
Nguyễn Hậu Diệu Diệu Linh Lê Bíchh Phượngg Phúc Hồng đú theo trend lẹ mđ,,,
Chi chuoi hay đo chi e ung hô chi trieu like,,,
Sống chậm thôi ông ơi,,,
"Ai lớp du chu cà mo , em yêu anh cho gờ c.u.",,,
update nặng,,,
Hì hi hí hì hi hí hì bồ lằng nhằg,,,
Phụng Trần vkl,,,
Hí ae là hiểu off sờ trym r đó😂,,,
Suti Hồng cẩn thận nè,,,
Bọn cấp cao nó bắt đi chứ có muốn đi đâu sợ bỏ mẹ ra,,,
Nhìn đẹp sang chảnh,,,
Hoang tưởng quốc sư kkk,,,
Nhàn Lê nghe nhiều lần là nghiện bài này giai điệu lạ với vui tai nghe nhiều mới cảm được khác hẳn với các bài trước của Jack mà,,,
Cực kỳ kì thuyết phục,,,
Nó đưa ng lên ở cmnr,,,
Gen hài hước nhà họ Phùng thật xịn xò,,,
Tào lao là giỏi,,,
Cho Chừa,,,
Mạnh mẽ và Nam tính,,,
:)) nghe nó chửi xả xì trét phết :)),,,
Duy Nguyen night nay eat egg tea nha uncle Duy,,,
Hóng dlv vào liếm,,,
Trần Thanh Hà ai đấy 😂,,,
chủ tiệm mà 😁😁😁,,,
anh nghệ sĩ đánh đàn của 1 công ti nào đó,,,
Cần gì cái giải lom dom này :)) ae vẫn dk mọi người ủng hộ nhé.,,,
Bởi những người như thầy mày nên đất nước nó mới thiên đường. :),,,
Chị ba là vàng ngọc hay là vàng nổi,,,
Em gái ơi xinh thế em ơi ước gì chi có  nước da giống em,,,
Cũng giống lắm á :))),,,
chi noi chuyen vui qua,,,
Lạy,,,
"Sói said:""dạo này ông già bảo nhớ bà nội quá nên phải dẫn về chơi""",,,
mua về dùng dần đê,,,
Thay chua cai nay la kh ng do chui ngt hay qua ha con dam noi chi ba keu may chui thi chui dung do thua ngt.may LA qua bao toi roi nhanh lam....,,,
Đổi thành gặp nhau cuối năm hay gì mà.,,,
Bài này kiểu quảng cáo compack hay gì mà,,,
Tr oi tin dk hk kon di dag kiem khack,,,
Thuỷ Tiên cho dù 100tr lượt xem thì fan vẫn ghét,,,
"Chỉ là Tết nay mọi thứ đã quá đầy đủ, chúng ta không thiếu thốn về vật chất, quên cái cảm giác chỉ có Tết mới đem lại sum vầy.",,,
Rambo vẫn phải tự ngã xe mới chịu đc :)))). Sang cả thái lan tấu hài,,,
Mê phải rồi :v,,,
Bi benh ao tuong toi nghiep nhi,,,
T ngồi t cười gần chớt😂😂,,,
"Trời ơi dễ hiểu ghê, thế mà con Trần Đoàn kiếm chuyện vs Cô, đợi clip xin lỗi",,,
Mia Mêlanô đù con này đóng tập vs ông cha nè,,,
cô chửi hộ cháu với thằng Định,,,
Ido của mình vẫn khỏe mừng quá.,,,
Kênh của aba là kênh kĩ năng nghe chưa =)),,,
:v thế ông rapper chưa xem bao màn sấy vào mắt bản làng rồi,,,
Chúng mày đốt luôn đi cũng kệ con mẹ chúng mày,,,
Mông lung hỗn loạn :)),,,
Đấy Ông già xạo l*n của các bạn được tắm bồn Thái Lan đấy=))),,,
"Mình ở vườn mà, nghe dễ thương ghê cô ơi <3",,,
Sản phẩm này được không thầy,,,
"Ta ước gì có một lão Hitler tái sinh trên đất nước này, làm sạch hết lũ cặn bã dơ bẩn",,,
Lại mọc thêm 1 trang của viẹt tân ag. Đkm bọn chó đẻ,,,
Hì hì hì,,,
Sela tuổi gì với abe :))),,,
Nguyễn Minh Hiếu kế hoạch mà ông 😂😂😂,,,
Tối qua off stream có khác anh ơiiii :v,,,
Lê Văn Đạt 😞 ở nhà bùn quá ạ huhu,,,
Thầy k live à thầy,,,
Lên múa võ cho bà con xem đi  ông anh,,,
"@Tủn 3K àh thế àh, bạn là ông nội, bà nội hay con cái shop hay sao rành vậy bạn, cho mình địa chỉ shop nhé, mình cho công an kinh tế tới làm việc chứ ở đó xạo xạo =]]",,,
Anh tôi đấy :v,,,
Tình yêu vĩnh cửu,,,
chị yeu chị rât là xinh 🌹,,,
Cái bọn trẻ trâu miền bắc hô hô miệng Việt kiều hàn mang bịnh dìa. R bảo viết thì nói chung chung Việt kiều.,,,
Abe và sena ko thể ngang nhau được=)),,,
đc thầy ơi :3,,,
Tưởng nhầm kênh nhưng đến pha cuối thì chắc là abe rồi,,,
"Nói nhỏ thôi, chứ nói lớn quá bọn áo xanh biết chúng nó mang về hết giờ",,,
Hai chi dep qua ha,,,
Nghe đc gì cht liền,,,
Thanh Dung vãi cả tên Thắm !! mai t đổi tên fb là Đậu Thắm :)),,,
Hóng ổng lâu quá,,,
Tùng Xhaka Arsenal đi rồi a tùng ạ,,,
"Lúc còn nhỏ chỉ mong nhanh lớn, giờ lớn rồi, chỉ ước có một ngày được làm trẻ con, vô tư vô âu vô lo, thoải mái..!",,,
Chị linh lốc chửi hay quá❤❤❤😘😘😘,,,
Trời ơi t riềng bả :))),,,
Hà Annh =)) cầu giấy thất thủ r,,,
Thu Ngân b lm lẩu phan à :v,,,
"Sẵn tiền ởVN thì cho người ta đi chứ qua Mỹ rồi tiền không dễ kiếm đâu . Ở VN dễ bị lường gạt vì với những người trình độ lớp ba trường làng như chị sức lan tỏa rất nhanh vì sự thiếu hiểu biết. Mũi thì bị lệch , miệng thì phun ra toàn Đ,M,C,L cộng với cái cười vô nghĩa, vô thức trông thật tội nghiệp",,,
Ngọc Trang vô apple làm đi,,,
Quảng Ngãi never die🤘 :),,,
Lụm Ở đâu trong cmt này,,,
Tú Trinh chơi luôn,,,
Nguyễn Bình có cả hậu hoàng,,,
À thì ra vì muốn ăn 150 tĩ nên bán cái lương tâm vốn đã rách rưới để chê khoa học gia Nhật !,,,
nhiệt độ giờ quá hợp lý. sài gòn 35. hà nội 32. virus ko sống nổi. hà nội ở nhà 2 ngày thôi là hết dịch.,,,
Vũ Trọng Quân ủa rồi bú bình cũng ko yên nữa hả,,,
"Ba mươi kg tiền nếu đốt thì cháy được khoảng bao lâu, nếu đốt từng tờ cũng không khỏi 1 ngày, thôi ráng đợi đến ngày lành tháng tốt rồi đốt cho cựu bộ trưởng xài nha,vì tới giờ phút đó bộ trưởng muốn xài thì cũng phải lấy lửa đốt mới xài được chứ phải o?",,,
Hôm qua mới xây bằng giấy. :),,,
"Tuổi nhỏ làm việc nhỏ , nên xem hoạt hình đi em đừng có đú với mấy anh lớn :((",,,
Hightlight của abe là cái ngu của 5 tk kia đó abe :)))),,,
Thầy cân hết,,,
Chào cô minh hiếu cô dể.thương quá,,,
Chị hiếu nc mắc Cuoi thiet,,,
Thanh Tuyền ko khác nhau mấy. :),,,
Đồ hiệu cao bằng,,,
liu liu,,,
ko tí nữa có người đến phá nhà🤣,,,
Anh huấn lúc này,,,
Ong lan oi toi lay ong day toi cuoi vay ra day nay,,,
Cô Minh Hiếu và Chị Cẩm Ly có nét giống nhau.,,,
Thầy đang nghĩ về cô em xinh tươi này ...,,,
Lại Hợp Tiến chẳng khác gì,,,
"Bên anh nó đợi người chết gần bằng bệnh cúm ấy thì mới quan tâm, qua bên đó đeo khẩu trang nó kỳ thị khỏi nói",,,
Nguyễn Jonh nói lý hay ko nói lý thì vẫn là tự do ngôn luận,,,
Phan Nhuệ Anh mỗi mình ông có à 😤😤😤,,,
Chào các dân chơi,,,
E thầy à,,,
Ng nổi tiếng !!!,,,
Sao chúng nó đi rồi còn mò về làm gì ta :3,,,
dc vl a oiiiii,,,
Ủa nó đẹp chỗ nào vậy,,,
Sài tiền âm phủ mang đời đúng roi  ta nói bê dê o vn ai cung xinh ai cung đẹp sao be de o tư bản no xấu ma no ao no nô banh xax sài tiền am phu mảng đời kkkkk,,,
Trần Linh,,,
Đổi cờ hay kỳ gì cũng không đổi cái rẻ rách 3/ đâu nha bác :),,,
Hỏng bồi thường cũng từ tiền của dân ra hết đm phải bỏ tù nó nếu nó lộng quyền thì mới đúng,,,
Trung leesin,,,
Tộc trưởng buồi to như lõi giấy vệ sinh,,,
Bố yêu dz lắm tym tym❤️,,,
Các chú đoán xem con có nỗi tiếng bằng ông già nhà con không tar ?,,,
Ỳe ỳe ỳe :3,,,
Lỗ mũi chuột yêu quái trong phim tây du ký phần 2 toàn là yêu quái lạ kg.,,,
- cả 2 cũng chỉ ngu như nhau thoii khỏi so sánh :)),,,
nhà mày khôn vãi lòn,,,
Triệu Kim Nhung cứ tưởng y tế Lạng Sơn 🤦🏻‍♀️,,,
Cho nó ngáp cho nó chừa Cho mày tin cs nhe con,,,
Ui giồi chửi kinh quá,,,
"Kệ mẹ lồi báo, bé này dễ thương.",,,
qua page Comcom xem dân VN cũng có nhiều thằng ngu tương tự đó :)))),,,
Thai avata toàn zai đẹp. Kinh,,,
"Ji Nhung sếp nhung đâu, tag vô kkk",,,
Mạo danh Trần Dần hả ?,,,
El Shin xin clip bạn ơi,,,
Yêu cô ghê hà ❤️,,,
Game gì đây ae,,,
Kết quả là lõi giấy vsinh đ có gtri gì =))),,,
@Tủn 3K  hàng f1 😂😂 hàng fake loại 1 thì nói đại đi 😂😂,,,
Nghĩ mà chán🤣,,,
Indo đã biết danh bác hù từ lâu lắm rồi!,,,
nó lại hợp lý :)))),,,
Họa tiết rất tinh tế :)),,,
hay wa wa chi oi,,,
Kênh của aba là kênh kĩ năng nghe chưa =)),,,
"Nguyễn Đình Hảo nếu nói như ông thì bạc phận ,sóng gió nó tự làm producer mẹ cho r :))",,,
Cười từ đầu đến cuối,,,
"Vũ khắc Tiệp phải dương tính coviD-19 thì mới thấy được giá trị của cuộc sống,thay đổi thái độ",,,
Do Dat Gil lạc trôii :3 😂😶,,,
Hà Phương của m =))))))),,,
Anh cứ để Tú lo,,,
"Lý Băng Băng và Phạm Băng Băng đều là 2 diễn viên Trung Quốc ủng hộ đường lưỡi bò 9 đoạn. Có nhiều gương mặt khác nữa nhưng tui chỉ biết 2 người này và bạn Huỳnh Hiểu Minh, mấy người kia may ra chỉ biết mặt chứ không biết tên :yaoming:",,,
"Mình tính mua iphone 11 pro max hoặc iPhone xs max mà đang phân vân quá, ae cho hỏi giữa bên FPT shop và TGDD bên nào váy ngắn hơn v?",,,
Như 2 giọt nước,,,
Ae cùng ông nội khác cha,,,
Con trai cưng của độ thích cắn kẹo hương cam 😂,,,
Abe hiểu ý học sinh quá!,,,
Chui chet me con linh ca loc do luon co 3 oi,,,
Giọng cô mina nay nghe kỳ vậy :)),,,
"duma hỗm em trúng dc 20k k dám chơi nhiều thầy ơi, so anh ba giáo án xạo lz",,,
Trương Hải Yến có vẻ cay cú,,,
làm ít rượu táo mèo xong Tối Đá Phò Trên stream chứ thầy :),,,
Nguyễn Bảo Nguyen Bao Minh lời hứa năm xưa,,,
13:20 chời qươi nhắc chi zậy ông nội Tuân này,,,
Sống chậm đi các pro 🤓,,,
Chúc mừng bóng đá VN ha ha ha,,,
Cố lên Việt Nam ❤️,,,
khổ thân cmt ko ai like cho lên top,,,
Xin video vs ông ơi,,,
Trần Dần đã giác ngộ lí tưởng của đảng,,,
COCC không thể bằng CCCCC,,,
Phương Minn nhìu đứa nó lạ loz vậy á.. dở thì ng ta chê.. thật sự đéo thể nào nge nổi nhạc jack .. tụi mày cứ khen nó hoài nó chả thể nào tốt lên dc đâu,,,
"Thành Huy dear, distinguished guests of Thuc Coffee 🙈",,,
Ông già tao bắt đầu bốc phét đấy chúng mày,,,
lúc đi thì xung sức . lúc về ôi mệt thôi rồi :v,,,
@Trà My đr,,,
Giống như tú cho abe blu,,,
Lên đi cái bạn ơiiii,,,
Nói đến đâu cười đến đó...chị rrất đẹp .. ...nói chuyện có duyên...,,,
"Cô Minh Hiếu dễ thương quá trời quá đất,  tập này cô hút hết hào quang của chị "" Chi"" anh Tuân rồi . Ta nói gầu ghê luôn á 😆",,,
Tôi gồng này :)),,,
Fan cứng dạo hả thầy lol 🤤,,,
Ns cái quái j vậy trời ... tưởng mình là hoàng thân quốc thích của bên tàu bên mĩ j còn tồn tại hay sao ak... hay là coi mấy cái phim rồi lên cơn sản.người nhà đưa ra nước ngoài điều trị tâm thần.. mong chú sớm bình phục rồi chở lại đúng con người của mình .đừng thần tượng mấy ông công công hồi đó rồi hóa điên hóa khùng ...,,,
Sắp xuống lỗ rồi,,,
thế là ước mơ đi học của bao học sinh dần dần tan biến,,,
Cực kỳ thuyết con mẹ nó phục :)),,,
Nhớ mẹ quá êy😶,,,
"📌https://www.facebook.com/thexuandoan/about
 
 
 
 AE CHƠI CÁ ĐỘ BANH BÓNG CẦN VỀ BỜ LIÊN HỆ @Đoàn Thế Xuân . KÈO LÊN FREE TRONG NHÓM KHÔNG THU PHÍ , KO LỢI DỤNG AE . RẤT CÓ TÂM VÀ NHIỆT TÌNH . RẤT NHIỀU AE ĐÃ VỀ BỜ . AE CỨ QUA THAM KHẢO .
 
 
 
 acc clone Thư Lê Chung Tiến k bt xem sv
 
 https://www.facebook.com/chungtien.thai.5 Chung Tiến Thư Ngọc Lê sever nào thế
 
 https://www.facebook.com/people/Nam-Ph%E1%BA%A1m/100032131115918 Nam Phạm Team công Túa kính chào thầy :v
 
 https://www.facebook.com/muabenai1261 Mưa Bên Ai Ae mua giày của shop này thì cẩn thận, nó quảng cáo trên kênh abe nên m mới tin đó
 
 https://www.facebook.com/people/Duy-Nguy%E1%BB%85n/100009626378204 Duy Nguyễn Trung trải đời, Trung phong trần, Trung giang hồ
 
 acc clone Kẻ Giấu Mặt Ok thay
 
 https://www.facebook.com/trunghaulecm Le Trung Hau Sela chỉ là con đ* qua đường của abe thôi sao.. !
 
 acc clone Đặng Ngọc Vũ Yêu liền
 
 acc clone Hiếu Phan Anh Trung Nghiện Ngập
 
 https://www.facebook.com/people/Ho%C3%A0ng-Nam/100038656787864 Hoàng Nam Sim số đẹp ib e nha
 
 https://www.facebook.com/people/V%C5%A9-Tu%E1%BA%A5n/100033773855731 Vũ Tuấn Thơm thầy cái nè
 
 https://www.facebook.com/Daradevild Quang Đại Đừng bao giờ tin thầy giáo ba đánh liên quân
 
 https://www.facebook.com/hqi.le Lê Việt Hải Thầy ơi
 
 https://www.facebook.com/vegeta0103me Bao Pham sẵn ạ hơi vã ạ
 
 https://www.facebook.com/truong.vuquang.3781 Quang Truong 2 ông chết với tui
 
 acc clone Đỗ Tấn Vương Giận nhăn người
 
 https://www.facebook.com/minhthang.huynh.5076 Huỳnh Minh Thắng Sp hay vậy mà🤣
 
 acc clone Phi Đang Học Bài Thâm thúy vlon4
 
 https://www.facebook.com/people/Tu%E1%BA%A5n-Anh/100006525856403 Tuấn Anh Bền
 
 https://www.facebook.com/chuong.thien.7758235 Thiện Chương Cho những ai quan tâm=))
 
 https://www.facebook.com/nguyenvanquymkt Nguyễn Thị Thanh Vy Tứk á
 
 https://www.facebook.com/people/Ng%C3%B4-Nguy%E1%BB%85n/100020270507927 Ngô Nguyễn Hãy gọi to tên anh3 Trung tấu hài 😂
 
 https://www.facebook.com/people/Nam-Ph%E1%BA%A1m/100032131115918 Nam Phạm Nick của chị team con chứ ko phải con chơi 😅
 
 acc clone Đăng Nguyển Một diễn viên hài và 1 huyền thoại
 
 acc clone Minh Huy tài năng trẻ với tài năng già :(((
 
 acc clone Trần Thanh Phong Lé giần né vơ đai :))))
 
 https://www.facebook.com/people/Drakin-Th%E1%BB%8Bnh/100036857641337 Drakin Thịnh Abe vô địch 😂
 
 https://www.facebook.com/people/%C4%90o%C3%A0n-Minh-T%C3%A2y/100005650848230 Đoàn Minh Tây Huyền thoạiiiiiiiiiiii
 
 https://www.facebook.com/phim.nguyenngoc.50 Ng Ng Phim Xin link nhạc lofi ạ :((
 
 https://www.facebook.com/people/C%C3%A1o/100020230269047 Cáo 
 
 https://www.facebook.com/hoangtu.mocoi.3 Trần Thanh Tuấn Nó bị gì là sao vậy mấy bro
 
 https://www.facebook.com/gia.luan.378 Luân Gia 
 
 https://www.facebook.com/people/Tu-Nguyen/100006426327290 Tu Nguyen Dancer Bacardo
 
 https://www.facebook.com/people/Nguy%E1%BB%85n-V%C4%83n-N%C4%83m/100012208298770 Nguyễn Văn Năm Tao bắn à nha
 
 https://www.facebook.com/thainanghn Đỗ Quang Năng Văn Vũ Trung sẽ vì Vũ làm thơ tình ái.
 
 https://www.facebook.com/SonqGoldsmith Hồng Gia Anh 2 ông già dễ thương vl =)))))))
 
 https://www.facebook.com/caothanh.chung.160297 Cao Thành Chung Edit tuyệt vời quá
 
 acc clone Hoàng Kiệt Anh ba rãnh làm clip qua nét của QTV đi a
 
 acc clone Dương Công Thức Bây h chú như nào
 
 https://www.facebook.com/nhok.huynh.9440 Tiến Con Cực thích a vũ vs aba đi kế nhau nha :))
 
 acc clone Nguyễn Hoàng Phú Bền gì tầm này nữa
 
 https://www.facebook.com/The.ky.0406 Nguyễn Thế Kỷ mọi người nghĩ gì về đồng tính 4.0
 
 https://www.facebook.com/ngochan.lethi.927980 Lê Thị Ngọc Hân Luân em chết thay anhhh :)))
 
 https://www.facebook.com/nhoc.haykhoc.39 Để Mai Tính Trí Dương để e chết thay a 😀
 
 https://www.facebook.com/arsenal.son.161 Nguyễn Sơn Bền chỗ nào z ?
 
 acc clone Chun Phạm 
 
 acc clone Chun Phạm 
 
 acc clone Hoắc Vĩ Hồng Giống tui với quí dị quá Dũng Chí Vương, amen
 
 acc clone Tấn Lực Abe đổi kèo đâm lỗ nhị với người khác rồi😥
 
 https://www.facebook.com/transs.hungss.90 Hưng Minh Tran Kì thi lần này có công của thầy nha :v
 
 acc clone Lâm Tuấn Kiệt Lên
 
 acc clone Tạ Quang Hùng Cái kết của việc k tin vào chuyện TÂM LINH
 
 https://www.facebook.com/thugiang.nguyenthi.961 Nguyễn Thị Thugiang 📌https://www.facebook.com/thexuandoan/about",,,
Ta nói hắn sang vô cùng :))),,,
Đi khai giảng mà lấy cái bắn pháo làm thuốc lào như thật :)),,,
"Anh Vu đây là ứg cử viên ság giá, chứ h ở k đi ăn nhậu phá làg phá sớm cũg v àk",,,
Quả Đầu chơi trung thu,,,
Hoang Anh Vũ tên nhạc quả sau tên gì vậy,,,
ổng tưởng ko đc.hóa ra đc thâtj.hihi.sbtc vô địch,,,
anh xọa bằng em k,,,
Ý thức còn kém hơn điểm toán của tao,,,
Đình Quang ụa đâu có giải gì bên vn đau ta,,,
Hello Mình Hiểu than mến,,,
Hôm qua xem thót tim giật mình phết đấy ae ạ:)),,,
Nhục cho bạn này là con dân nước Việt ...đang góp phần chia re.thuần hoá dân tộc.và thủ tục dân nước cho bọn trung quốc.đến khi mất nước vào tay bọn tq thì nó là tội nhân thiên cổ,,,
Xã hội bây giờ phức tạp quá,,,
Phong cách và thần kinh nó mong manh lắm🧐,,,
Dì kim:trẤN THÀNH DẸP TRAI VỚI HA RI quon .,,,
Nghe ns chuyến này thầy đánh cko skt,,,
Hello vietnam toi yeu! Chi Kim oi ca Nha khoe ha chi,,,
pò viên phải ko mn,,,
"K muốn game, k muốn phim, k nhạc và cũng không thể ngủ một mớ hỗn độn cảm giác khó chịu",,,
Cực kỳ thuyết phục anh êi,,,
Cẩn thận ko toi giờ!😂,,,
Thích nhất đoạn 31:00😂😂😂😂,,,
chất vcllll =))),,,
Trần Nhật Hoài ai bit,,,
Mai Thu Hoàng huhu mạnh mé lên nào:))))),,,
Combat lùi abe ơiii,,,
Nguyễn Đức Khang chửi là bị ban mà bạn ơi,,,
Thiếu 1c răng nx là ngon :)),,,
Phúc XO đấy,,,
Còn Samsung thì đòi đem 700 kỹ sư nó qua mà không muốn bị cách ly suy nghĩ óc chó vẫn tồn lại ở người hàn,,,
Bán kênh đi thầy,,,
Bình tĩnh mà sống . Đời có mấy tý 👍🏻,,,
Phương Minn cả cái việc nó đặt tên bài hát sến súa cũng làm t ngán rồi :)),,,
Rất chi là có sức hút :)),,,
cô giàu thật thì cô nên giúp người khó khăn đi đừng chửi m. N nv nữa,,,
Sao chị 3 râu ria vẫn còn đen thế,,,
Phục vụ giải trí cho cả đại đội múa cột giỏi chịu đòn tốt chuyên mở mini show mừng đảng mừng xuân mừng đất nước đổi mới:)),,,
Thy Pham Thai Nguyen Phương Vy mai đừng có dịnh em nha mấy trị,,,
Cực kỳ thuyết phục 🤣,,,
Enni Ngân :)),,,
Đúng là ngưu tầm ngưu. Ăn chơi phè phỡn ở nc ngoài rồi đến lúc bệnh thì mới nhớ đến quê hương Tổ quốc,,,
Có tiền mà xài không dc cũng zay... 😂😂,,,
Hai chi em ba nay mat dai an noi tuc tiu lon roi an noi mat dai hai chi em may no khoe,,,
Chuẩn. Có nhiều người giỏi cào lồn ăn vạ lắm :))),,,
Cạn mẹ cái lời vì tụi này,,,
Con bóng sadec =]],,,
Trùng hợp thôi,,,
Trung sonic,,,
I love you các cậu 😂😂,,,
Tóc như kia chỉ có chị Trang đổ thôi chứ ai đổ nổi 😂,,,
Tin sàm,,,
Tuyền Phạm,,,
khổ =)),,,
:))))))),,,
Tụi m hong học thầy bắn sml 🤣🤣,,,
dancer chiếm hết chỗ rồi chỗ đâu kây-atm ngồi đờn 😢,,,
Làm quả combo cho chất a ơi 👌,,,
Hồi nào chị chị em em...giờ đay em nói chị hốt Ck em... Hồi nào chị chị em em giời đây vạch áo cho người xem lưng..,,,
yêu k có lỗi,,,
Trung thu ngủ nhà thôi ra đường xe điên đâm chết trung thu sang năm thành ngày dỗ đấy,,,
Xào lăn cũng ngon anh ạ :)),,,
Các bạn từ từ. Mới có 7p mà lên 23k r,,,
Buồn của abe là niềm vui của tú,,,
Thiên Thanh đó đó laii nghiệp,,,
Đồ Uyển Đình Ngọc dcm=)) chai sting vô đầu nha,,,
My talking tom mà tôi cứ tưởng tom and jerry các ông giáo ạ :((,,,
Ưng ý bài chào đón của page,,,
Tiki xin hân hành chương trình chân thối của hiếu mập,,,
Thanh Huyền đấy mình đi trước thời đại rồi,,,
Dễ thương quá lun hồi đó em cũng thích con mèo tom nữa mẹ ko cho cái nhõng nhẽo,,,
Sao Băng nhớ nhé😂😂,,,
Trần dần sợ chết nên hồi hướng,,,
Hưng Huỳnh đừng có đi lung tung nha,,,
"Trần Duy Trường Các Táo năm nay cầm trừng trị, tốc biến, thanh tẩy, cấm trụ, tốc hành kìa 🤣",,,
"Doanh nghiệp và dân_ phần ưu ái luôn là bên DN,họ chi mạnh,có thế lực,nhiều khi là sân sau của quan chức,dân muốn tìm đồng minh thì cạch chính quyền ra,tránh xa con dao 2 lưỡi. dân luôn là kẻ thấp cổ bé họng,mà chính quyền là luật,luật là chính quyền.bàn tay luôn có 2 mặt",,,
Băc động viên mạnh quá 😚,,,
Buồn giúp HQ nhiều quá :(((,,,
"Tết đương tới, nghĩa là tết đương qua",,,
Văn Yên ho vào mắt cũng bị mà,,,
"Nói gì thì nói chớ , tui đang bị cách ly ở đà nẵng 😓😓",,,
Tao lên rừng ở đâyyyyy,,,
Được quá a ơi,,,
Kiều Linh yes,,,
Kbiet anh ý sống ntnao =))),,,
Và chúng ta lại có biển trong đất liền,,,
Oke a ưiiiiiii,,,
Nguyễn Thanh Quang đc có í tưởng,,,
Trần Tân Kiệt khịa atm nữa 😌,,,
4:34 yêu nhau là có tội phải ko anh Không yêu nhau là phải liếm l...... Cho nhau 😂😂😂😂😂😂😂😂,,,
Giờ mới biết ba gà có anh em sinh đôi 😌,,,
Có lẽ là do cốc cafe lúc sáng chứ kpai do chuyện lúc sáng :)),,,
Lương Kiều Trúc Uyên đồng quan điểm!,,,
"Ngồi nhà trốn dịch xem hai ông họ Trần nói chuyện cũng dzui, Trần Dần và Trần nhật Quang. Siêm-rệp dời qua Thái lan khi nào không biết ta?!",,,
hì,,,
Đọc thần chú j v thầy 🤣,,,
Đây có lẻ là của năm 2021,,,
Ông già đổ đốn quá,,,
Cực kì thuyết phục ! :)),,,
Cả nước chống dịch ai cũng như ông này chắc thành Vũ Hán hai,,,
đc vl a ưiiii,,,
Levi làm quả call quá chi làm suất sắc =)),,,
8/3 là chủ nhật mà,,,
Họp kín và thông báo là không liên quan đến Formosa :v,,,
Lương Kiều Trúc Uyên pha này mấy nghìn tỷ cũng ko đủ đâu:((,,,
Hoàng Nguyễn Trung Kiên t nói thật. Thầy Ba chưa bh chiến thắng Duke và Duke cũng v. Nên trình ai hơn ai thì chưa biết đc đâu :v...,,,
Quay đi quay lại cũng chẳng yêu ai = cô ấy cả 😂,,,
"Đây là kết quả quan trắc môi trưởng do AirVisual ghi nhận tại Hà nội, quận Cầu Giấy (HN) và Saigon, vào lúc 5 giờ sáng chủ nhật 15/12/2019, thời điểm tinh mơ, trong lành nhất.Lưu ỳ cùng thời điểm, nhiều nơi trên thế giới chỉ khoảng từ 9 đến 30.",,,
Siêu lạm phát,,,
2 tụi. Nó nạp tiền ghê quá ai đú top nổi,,,
Thuy Thu La m nên order chiếc này cho ny m nè,,,
Ngọc hoàng lại đi rừng ah :)),,,
"Bài viết quá hay,quá đúng,càng đọc càng thấm thía,con người sống ko cần jì nhiều, sống với những nhu cầu bình thường nêu trên sao cũng thấy khó khăn rồi,nhưng ko thất vọng vì con người lúc nào cũng luôn tiến hóa đến một xã hội hoàn chỉnh nhất, chỉ chờ đợi thời gian thôi,mình chết rồi thì đời con,đời cháu....",,,
"Đm Ad, mày ngon kéo ra đó mà bve ngồi sủa phỏng có ích gì",,,
Nguyễn Thành Nhân hay lắm b,,,
Sự đồng lòng của người HK thật đáng ngưỡng mộ.Yêu cậu bé thật sự.,,,
Trần Đạt xin video đi ông,,,
"gã xâm lược đi xâm lược nc khác, bị chống trả thì quay ra hối lộ và lập nên cái gọi là phe đối lập hay cp bù nhìn rồi tạo nội chiến.",,,
Lạy chúa con còn lứa tuổi học sinh :)),,,
Này thì trend này🤦‍♀️🤦‍♀️,,,
"alloc(init,512, GetTickCount)",,,
Minh Khang Cùng câu hỏi với bác,,,
"Tiếp đó sinh viên này đã xưng hô không chuẩn mực trên facebook khi gọi Giám đốc là anh, xưng tôi. Không chuẩn mực chỗ nào nhề",,,
No giàu ma nó mang dây chuyền i nox,,,
Việt Nam mình số dzách.. 😗😗,,,
Mày ngồi ở đo mà chửi.mày gặp băc kì may thì.....đó,,,
Có phải chăng thầy bị ngộ độc mùi dạ hương?,,,
Tại bọn lính cả,,,
ok a ưi,,,
Bình Thuận toang rồi ôg giáo ạ,,,
Fan cứng có khác :))))),,,
Xã hội như ao hồ. Dân chúng thoải mái bơi.,,,
Xong vụ này chắc a sẽ bị rất nhiều fan tẩy chay đây kkk,,,
Đinh Huyền Trang ido của tôi.hahaa,,,
Fan chân chính đây chứ đâu,,,
"Trường Giang còn chủ thớt nói họ hàg có nghĩa là đều biết mình bị nhiễm mà còn k chịu khai báo cách ly . Ng thì im về nhà tự cách ly , nhưg đã nhiễm cho người khác . Người thì má thiên hạ đi lây người khác . Cả hai đều y chag chứ ngộ sát cố ý sát hại j .",,,
Thực ra abe chỉ ngồi chỉ đạo thôi bàn phím vs chuột đều là do cường 7 núi cầm,,,
ối,,,
Được anh ơi kể ra phúc du rap hay vc,,,
Hơi thở của nước,,,
E đc làm fan cứng của a rồi a độ ưi :)),,,
Đình Quang e cũng muốn chồng tương lai e sẽ xấu như anh 😅,,,
Thuy Beeli lúc mn chửi cho xong lại xin lỗi ấy...chán đếch buồn nói,,,
Nhìn giống váy què của chipu,,,
Bí kiếp Susan 0175,,,
Sếp t cũng v vẫn muốn giữ ng thay vì xa thải bớt,,,
"Cường Nguyễn chắc là do nghe quen dòng nhạc của K-ATM quen rồi nên giờ nó vậy đấy ạ, nhạc của jack nghe càng nhiều lần càng hay",,,
Lam Pham Ai Chau add em dí sis ơi,,,
Con bóng??,,,
Hóng top 1 thịnh hành ><,,,
"True. T thích người có nỗ lực, cố gắng",,,
nhan nay` de lam j nhi ?,,,
Cầu giấy tề. Linh Hoa 🙄🙄🙄,,,
Võ Minh Hiếu check ib ông ơi,,,
Nguyễn Ngọc Trinh Đọc mà k hiểu hay não k muốn hiểu. Nó vẫn mang qt VN đ về VN thì về TQ à. VN có cấm nó nhập cảnh r chửi chưa mà lên tiếng lo chuỵen bao đồng là gì? Cái nào tốt nhất thì người ta dùng cái đó. À mà chắc k biết Johnathan Hạnh Nguyễn la ai đâu,,,
ồ thế cơ à 😘,,,
không nhé,,,
"N17 khai gian dối, lây lan cho người nhà, hại bao nhiêu ng Việt Nam bị cách ly nên bị mọi người chửi là đúng.",,,
Muôn đời chung thành Apple thôi :)),,,
Là chính e.... ai mà có phi cơ riêng ... thần tượng của Kim Đan Cương,,,
Phan Hoài Nhân camera siêu hội tụ,,,
Set này 200k còn chưa tính quả Quần Đùi Vĩnh Cửu đấy các ông :),,,
Họ bị mù mà !!! Tiền che hàng cave đi rồi chúng cơ quan thiểu năng ko thấy đâu,,,
"Đang ngủ mà , thấy cmt nên hỏi luôn :))",,,
chạy cao tốc mà dính cái này thì xác định,,,
😆,,,
"Hình như đằng sau là chữ hotel, bỏ qua bước hôn má luôn ấy chứ 😂",,,
"mịa, bao nhiều đời đéo dẹp được, ông Thăng lên được mấy tháng thì dẹp thế đéo nào ngay được, nói ngu vl",,,
Ca dam khung het,,,
Đây là táo liên quân ad ơi nhầm sang táo quân năm nào cũng lèo trẻ con vậy,,,
Nghe thì vô lí nhưng mà rất thuyết phục,,,
"Đài bolsa đưa mấy ông nói năng như vậy làm giảm uy tín, tầm thường",,,
RA ĐI,,,
Thôi toang thật,,,
Vừa lòng tao lắm tao dui rần chớt 🤣 trần Đòn câu cáp treo cá sấu á chứ câu like gì cô hiếu có làm gì bả đâu mà vô kím chuyện 🤣🤣🤣😂😂😂,,,
Hóng gắn lông mi 🙂,,,
Duc me hay cuu viet nam chung con,,,
Cướp ngày đấy,,,
Nghe thơm nhưng lại thối 🙂,,,
Goi người ta chui người ta người ta chui lại là hue ..... kkkk,,,
Cắt bớt đất bán cho trung để trả =)),,,
"trinh thu. Mỹ ác hơn tàu chứ bạn ơi , có lẽ bạn kg biết lịch sử chính phủ Mỹ .... nó gian tiếp kg trực tiếp như Trung Quốc ...",,,
lên sốp pe mua giày giống id,,,
Được quá nhỡ 😷,,,
Nhím xuất hiện thần thái vđ =)))),,,
Hồng Xuyến mỗi ng mỗi gu. Và đó là ý kiến của mình thôi,,,
Cực kì thuyết phục😄,,,
Đéo phải trình bày :))),,,
Nếu bảo chủ tịch mặt như l... thì ?????,,,
Thảo Vi căng bạn ơi 😭😭😭,,,
9 NĂM SAU QUỐC SƯ sống ở. 1 THIÊN ĐÀNG  2 ĐỊA NHỤC  3 THÀNH TRO BỤI .Trong 3 trọn 1 amen .Chúc ông toại nguyện.,,,
Anh hông cần. Nhưng tụi em cần anh❤️,,,
Cực kì thuyết phục nhé 😀,,,
"noi dong cham toi ban tot 16 chu vang la bi ghep toi phan dong ,,, roi co ca dam dlv ngu ngoc tre trau cung vo goi la phan dong viet tan potay luon",,,
Đố anh em ngủ ngon muahahahaha,,,
vui mà,,,
Nhà Linh cá lóc ở Hậu Giang sao Chị đi Sài Gòn làm gì ở trên,,,
"Trong trường hợp này thì ""Con hơn cha là nhà có phúc""😀",,,
Xăng đg đc nhà nước trợ giá rẻ thế còn j nữa,,,
Toang rồi ông giáo ạ :)),,,
Là như này nè các bác,,,
Huỳnh Hữu Vinh cô áo đen kéo khẩu trang xuống luôn,,,
Thịt lợn tăng,,,
Ai trả biết a lắm tiền. Lắm tiền đi du lịch tha bệnh về. Chứ cứ ở quê như e chăn trâu cắt cỏ nuôi cá. Làm sao mà nhiễm bệnh đc. Bệnh Nhà Giàu là thứ bệnh mới,,,
Ở nhà với a Chip già :(,,,
Áo chất,,,
"Hoàng Trần Kỳ Duyên tức ghê, lần nào cũng êm xuôi, bữa xui bị phát hiện ;))))",,,
Mồ tổ cha mày chứ ko tưởng nhớ. Mày ko biết xem tin tức ak,,,
Thế thằng nào nhận lương từ nhà chúng mày,,,
Mong sao ông đừng bảo mình là người việt. Nghĩ mà chán từ cách ăn mặc đến ý thức,,,
Mong lung ở cái tuổi đôi mươi :)),,,
nhìn nứng gkê ak abe ơi!!!,,,
Ai cute lại,,,
Sao hk tẩy trang rồi nói . Tẩy trang tắm rữa rồi live cũng dk mà 😄,,,
thầy ơi chỉ em với sao em không cài đặt được phím trang bị,,,
Doan Minh Thanh ib e ạ,,,
Đó là lí do Việt Nam ko thể phát triển lên đc,,,
"Về Sờ Chim anh ôi :((,bọn em nhớ anh rồi :)),vui là chính có gì đâu :)),năm nay không được sang năm ta làm lại!",,,
Nhiều người theo đuổi hay không nó không quan trọng. Quan trọng nhất vẫn là cái tình cảm nó dành cho bạn thuiii. Vì không chỉ riêng gì con gái mà con trai vẫnn có người theo đuổi mà. Đừnng để lệch sóng nhau là được.,,,
Thờ buổi này đi du lịch chi vậy 😀 đi để kịp đầu thai hả ha gì mà đi dữ vậy,,,
Huỳnh Vicky vui màaa,,,
dep trai quá,,,
Nhìn nhà tiên TD Oaỉ quá....?,,,
Về đâu mái tóc chị Trang thương :((,,,
"Trúc Ngân đứng view nha, lượt like còn nhiều hơn lượt xem. 25p đã đc 1tr rồi",,,
ngủ làm sao đc khi bh là csgo time chứ :)),,,
Về nhà trông con đi còn đam mê làm ca sí nữa à anh ưiiii,,,
.,,,
cảm ơn vì spoil nhá,,,
1 đống chiws ít gì,,,
Nghe pepsi nhưng lại rất coca :))),,,
Nguyễn Hạnh Mai phục cái máu lồn,,,
"Chi Minh Hieu noi chuyen vui qua, rat chan that ...... Yeu Chi nhieu lam.... Love you 100000000000",,,
Thời nào biết thời đó cô ơi giàu bao nhiêu  mà dữ v,,,
Thầy Lol bữa kêu ko reaction nữa sau vụ Hương Ly r mà😂😂,,,
Bóng già nói ckx nge muốn xỉu,,,
😆😆😆😆,,,
Em có hộp rượu Táo Mèo Muốn gửi abe sài năm học mới ạ !,,,
"Về chính trị, chúng tuyệt đối không cho nhân dân ta một chút tự do dân chủ nào.",,,
Hợp lý quá ah êu😑,,,
Zơ tay phát biểu ý kiến ạ,,,
Nên chụp ảnh lại cho cả nước biết lần sau còn ai dám trốn?,,,
Y thức như vậy cũng làm đc HĐQT cơ,,,
Đúng một quả ảnh hợp lí,,,
Còn yêu ai nấy cũng về. 😊,,,
Trần Thanh Hà ở idol của cháu gái t nữa,,,
Nay mới hết kì 1 mà năm học mới gì v cha ba rọi béo,,,
Trần Công Luận đúng .phai phat tù vi gay bao nhieu nguoi ..tot nhat tử hih,,,
E muốn gặp c e phải làm sao ạ,,,
Trung Trần m lấy à =)),,,
Cực kì thuyết phục 🤗,,,
chị của t dễ thương quá,,,
Nguyễn Thanh Cẩm lỗ xoài rộng nhỉ,,,
Trung ben10,,,
Phương Minn giống nhau đến thế haha. Nhạc nhẽo nghe như cc,,,
"Chúng mài không hiểu ý anh Chung, xin phép ở đây là phải đến tận nhà anh, mang cái bao thơ dầy dầy chút, lãnh đạo nói là phải hiểu chứ 😂",,,
Uầy đc a ưiii🤩,,,
Đéo có gì để nói về cái đất nước này,,,
NHUNG ƠI LÀ NHUNG :)),,,
Tien Thinh lại cmt thể hiện à ?,,,
.nhìn bát mỳ em sót cho anh quá :((((,,,
Trần Nhựt Linh nè,,,
Nguyễn Mỹ Duyên cánh hoa may mắn:)),,,
Chị Ba làm đéo gì có lol đâu để mà xài giẻ rách hahaha,,,
"Nếu là dòng chính hãng của các thương hiệu như Dior, Chanel thì thông thường có in sx tại Pháp hay Mỹ này kia.... Chứ dòng Sing cũng có thể là hàng Fake 1 đó nha kaka 😌",,,
Tiếc dziên hơi nhiều nha bác,,,
<3,,,
d4ng' y3u^ gk3^ :))),,,
"Đéo biết gì thi ngồi im . chỗ đấy có long mạch của đất nước đấy "" chuẩn bị đầu tư 20 tỷ để vét máng cho sạch đó "" :))))).",,,
Lạy mấy ông :((( sáng sớm mới thức coi từ tối qua giờ còn ám ảnh đ'dám đi đánh răng luôn,,,
Cực kì thuyết phục thầy ơi,,,
Mặc dù chưa cảm được nhạc nhưng vẫn cày view,,,
có shipcode không chế :v,,,
"Không chịu tìm hiểu đọc Luật để biết nội dung thế nào. Chỉ cần thấy tin là chửi. Chỉ cho thấy sự nghèo nàn về kiến thức, dốt nát về ngôn từ.",,,
"Ủa, là không đc chu0j hay sao ạ :3",,,
Nguyễn Trung Hưng Bác mua được chỉ e chỗ với nhé,,,
Về lẹ xóa kênh thầy ơii,,,
Chúng tôi đã đi trước các bn hàng chục năm về cái này rùi,,,
Ứng tuyển ở đâu nhỉ,,,
Hợp níiii,,,
Yêu cô tui kkk,,,
Súc sinh,,,
"trời đụ >:( nhìn là muốn tung sml từng con. Chạy xe như bố đời, ỷ mình là đàn bà thì cái gì cũng phải nhường hay sao!",,,
Mệt mỏi lắm nhưng biết làm sao thoát ra khỏi nó luôn á 😞,,,
Yess,,,
Chưa thấy giáo án 24h ngoài đường mô nha thầy.-.,,,
"Bình dị trong mắt của một đứa trẻ con , là sự dối trá của trưởng thành . Đừng cố gắng sống bình dị , mà hãy làm cuộc sống này trở nên bình dị !!!! Thái cực nào cũng có sự cân bằng . Đơn giản đó là cuộc sống .",,,
iu thầy dấu bé ba :),,,
Cũng may là liên tục phát hiện được các trường hợp dương tính đều chung chuyến bay vs Nhung,,,
Trang H Le Trang Le Ngọc Loan Tâm Trần nhớ nha :)))),,,
Tẩy chay con chó này .bán toàn hàng giã,,,
Kien Ne dự án tốt thật =))),,,
Cô duyên ghê. Yêu cô ❤️,,,
Mặc vest ngầu dã man,,,
Hèn gì ai cũng cố gắng bán nhà bán đất bán ruộng bán trâu để cho con em vào làm nhà nước,,,
Đi cách ly chứ đâu phải đi du lịch😉,,,
@Hoàng Phúc Lê bik đâu bạn chưa gặp nên chưa bik,,,
Đến con chó nó còn có ý cầu tiến>>Chán lãnh đạoVN,,,
👎👎,,,
Quan chuc nha nc lam gi co tien ung ho..chj co tien chon duoi dat thoi...ko gjam gui ngan hang so bj lô.😂😂,,,
Nói ý kiến của mình mà bị gọi là phản động.... Xàm VL,,,
Cho mình hỏi nút vàng đc làm bằng chất liệu j z,,,
hay vậy ai hay lại thầy,,,
Nóng như thế này cho ông già đi du lịch vòng quanh tủ lạnh là hợp lý nhất sói said,,,
Thầy xạo lol hả thầy,,,
Đệt 2 năm r đã bốc mộ r,,,
giống thực xự,,,
Thứ bóng dơ,,,
Về vn chửa free. Chính phủ lo từ a---z ở nước ngoài chửa bằng niềm tin ak.. mà chả có con mà nào ở nước ngoài chửa free cho dân nước khác đâu,,,
Con cac,,,
Thầy lol chúc chỉ có rớt,,,
"Ko biết mình nhầm ko nhưng tòa nhà kia là keangnam ở phạm hùng cầu giấy, ảnh này hack r",,,
Học chôn chất thải độc hại gần nguồn nước cho dân dùng nữa nha,,,
Idol giữ gìn sức khỏe cẩn thận nhé không ai tấu hài cho em coi,,,
Triệu Thành Long tao bị trừ thôi chứ k có bù,,,
Caiditmemay,,,
Thế rốt cuộc chúng nó có thanh toán đủ cho em ko ?? A cũng ở Nhật đây. Vùng aoya - tottori,,,
Đẹp gái dữ ạ. Đừng nói tục nha.,,,
I LOVE YOU refund😆,,,
Cm thời gian rồi sẽ chữa lành tất cả,,,
cho nhism xem mới là đau này,,,
Mua sịp cute mặc chưa mấy ae meiii 😝😝,,,
Chi vui qua cjo em sin zalo chi di,,,
Nguyễn Cường dân trí nó cao quá nên nó coi thường bệnh đấy =)) xong lúc bay màu nửa dân số mới há mồm ra,,,
:))) chiều về ngủ ngoài đường nha thầy,,,
quá hay chế ơi,,,
Thế theo bạn ad nói như vậy đúng hay sai?,,,
"Meta mới, susan đi bot =)))",,,
Đòi bằng được mẹ sang Mỹ bây giờ lại muốn đuổi mẹ ra khỏi nước Mỹ bọn mất dạy,,,
Tieu Long Nu đợi có trường nào bùng lên thì cách li cả huyện luôn chứ bây giờ chưa đâu,,,
Gi vay ba.cung nho no di an cap do ba moi co sai do ba hieu oi.kkkk chua thay ai khung nhu ba vay.,,,
"Lũ bán nước thì đang bận bán nước chớ đâu, hỏi cái lồn !",,,
Chửi ý nghĩa đấy nhưng đéo xoay chuyển đc j>>>Khi nào dân đéo ngán nữa thì ắt có mùa xuân,,,
Hồ Tuấn KiệtKiệt xóa r ông ơi :)),,,
Gội đầu bằng Clear rồi như thầy nè,,,
Đang họp và sẽ rút kinh nghiệm sâu sắc,,,
Nhạc hay tộc trưởng êi,,,
🤣 Nạp năng lượng.,,,
Trần Thị Ngọc Anh t chỉ nói k biết thực hư thế nào thì đừng cào phím.còn t cmt cho vui thôi.động gì đến mồ mả nhà bạn đâu mà dựng lông lên thế.,,,
Anh Độ said: an lon roi cac ban oiiiii,,,
làm vlog chạy grab kiếm tiền anh,,,
Rất mong đến ngày ấy. ..,,,
Ngô Phước Minh mặt thầy tựa tựa Binz sao sao ấy có nào như tao không?,,,
Trc là trận lượt đi đây là trận lượt về,,,
Nguyễn Thành Nhân tụi nó nhiều người bị mà không thèm xét nghiệm ! Con số thực tế của Anh cao gấp nhiều lần con số công bố ! Gần chục cả mắc mới ở VN toàn người Anh,,,
Ai biết dì đâu...,,,
"Dạ kính thưa chị 3,thật sự giàu kg ai dám khoe của nha,, và có cái tâm thì trời, Phật biết và người hưởng phước đó là gđ và con em của chị 3 hưởng, kg ai hưởng đâu, đừng đem lên đây nói,  giờ mấy em nhỏ nhỏ còn biết làm từ thiện, vậy chị 3 bao nhiêu tuổi rồi mà còn nói chuyện sân si quá.",,,
"Mấy đứa ngồi hóng đi, anh sẽ tận thu tận gốc và chúng mày phải chịu cho điều đó, tất cả vì con cái và dòng họ của tao nghe chưa... thằng nào không chấp nhận tao cho Ung thư và tai nạn hết....",,,
:) tao đi sục cặc tiếp đây,,,
Tự hào về VN mà cũng thương bác,,,
thảo mai =)))))),,,
Bi thuốc lào quê mà làm a tôi ra nông nỗi này :)),,,
Đéo 🤣,,,
Cô zô nét nhà t mà :v,,,
bên ngoài hiền lành ngoan ngoãn bên trong đầy tiền :)))),,,
Hi vọng chị kế toán ở bên đó..Vẫn luôn khỏe và luôn vui,,,
Khá thú dị,,,
Chạy đi rồi trượt 1 xải dài,,,
Tjt Moon Phùng Tinh Văn nhớ quên chuyện cười khi chúng ta nói chuyện nha,,,
bảo hiểm corona này,,,
T nghe dẫn ctrinh mà tao tức,,,
Ko đủ dũng cảm nói thì phải chấp nhận nó thuộc về người khác...,,,
Trời oi,,,
Đùa chuẩn Trịnh Đình Quang luôn 😂 ra thêm hit mới đi a ơi,,,
tui nhớ từ nhỏ chúng ta đã học môn đạo đức r mà,,,
"Cái bọn bang đảng búa liềm này rất láo, vô sỉ. Miệng thì bù lu bù loa dân làm chủ, nhà nước quản, can bộ là đầy tớ nhưng xin hỏi có thằng đầy tớ nào mà láo như vậy ko, ko hề trình báo công việc mình làm, tiến trình và kết quả ra sao cho chủ, lại giữ bí",,,
Diệp Đình Huy rất thuyết phục,,,
Thêm con ảnh cute hột mẹ nữa cho hợp lí :3,,,
Quả donate đi vào huyền thoại =)),,,
hà nội mến yêu của ta thủ đô mến yêu của ta... mn cố lên.,,,
"Đúng chất miền tây , dễ thương , chân thật , mong cô được hạnh phúc",,,
Thắng Củi Nhật Linh Laydy hay ta về trung thu này múa lân lại như xưa hĩ:)) tuổi thơ,,,
Đạo khổng ăn quá sâu vào tiềm thức rồi. Xã hội đó không thể bắt kịp nền văn minh nhân loại nữa.,,,
Xin lỗi chịu hết nỗi : )),,,
"Yêu thế, tình vcl :3",,,
Chắc NN ghiền truyện tam quốc quá mà :)))),,,
Hiện tại đã có 700.000 quân rải khắp Việt Nam! Rồi,,,
Ông già cứ đưa mình ra kiếm tiền,,,
Ủa sao gỡ v ad,,,
Tao nhắc lại đéo có nước nào quân đội giỏi như nước tao dm cấm cãi nha mấy con bò 🤣🤣 . Doanh trại trốn phía sau mặt tiền thì phải cho thuê để kinh doanh tụi mày thấy nó tài chưa 😯😯,,,
thich chi va,,,
Kênh như con c,,,
Đôi lúc vì nỗi buồn chỉ đơn giản bắt nguồn từ việc chẳng có gì để vui 🙂,,,
:v ?,,,
Yêu thầy dấu bé ba :)),,,
đọc thấy mệt mệt nha :))),,,
Xem bực mình thêm,,,
My Hi Hi phải ko dị,,,
i love you ' chu cà mo ',,,
Huhu fan cứng đm 😥😥 mừng vcl,,,
Đập đá ít thôi thầy,,,
Có hôn chị Cho em với,,,
Cho hỏi ông nào là g-dragon vậy,,,
chủ tiệm bánh mì vs đầm tôm anh ạ,,,
Khả năng khoá quần bị hỏng :))),,,
Già ba toang rồi ông giáo ạ,,,
Nguyễn Khánh Chưa có tiền lo cho con nhà ng ta thì k lên có ny,,,
Mạnh Hoài ngoài chú ra ko ai hiểu tui 😤😤,,,
T hả dạ ghê á :)))),,,
Đặng Trà có vài trang giả có y sì cái codesite như của garena mà,,,
Tăng lương cho edit abe ơi :)))),,,
Quỳnh Anh hợp lý làm chén,,,
Tấc nhiêng là Mỹ nó đuổi thì đi đâu về đâu,,,
Tui chết với sự đáng eooo này😓❤️❤️,,,
Chi 3 giau co nhat,,,
Dép,,,
Nguyễn Tín ở trong nhà luôn được r đó 🙂,,,
Tống vào tù hết tron,,,
Dát vàg hat sao mà mắc vậy,,,
Mua 3 game đó bao nhiêu tiền v thầy ?,,,
Bén như cái chén :v,,,
Mọi người đừng vội dùng từ toang.,,,
Chán ông già cứ bắt chụp ảnh😂😂,,,
Cô  ba  chửa  hãy  quá,,,
nhìn hơi giống cẩm ly,,,
e xin tộc trưởng,,,
Adu....thua,,,
Chán các bạn,,,
Cũng ko ảnh hưởng gì đến ai . Dzui mà bạn .😁,,,
Có nhiều cách diễn tả ý trên. Có tiền có tất cả.,,,
có cái áo đẹp mà cứ dấu 🤣🤣,,,
Lê Bích Loan aichi đấy. Dịp này may là k có tiền đi chơi ấy,,,
Nghe lại vẫn hay,,,
Tránh ra để thầy thể hiện 😁,,,
hy vọng chất lương âm thanh ko tậm tịt như năm ngoái,,,
mị dân,,,
Thời xưa thầy có chơi bờ chơi bụi không vậy,,,
Bọn chó chỉ biết ăn thôi,,,
hop li,,,
Idol tuổi ther :)))) giờ đã khác,,,
Bình Nguyễn tao đéo lấy đc tiền mày ạ . ức điên người,,,
Vũ Khắc Hoàng Đẹt xin chào ae trùng tên khác mỗi họ,,,
Hè năm ngoái à :)))),,,
Phan Kiệt Kim Thiên Đăng Minh :))))),,,
Ám ảnh vl,,,
Mikaela Hyakuya chủ tịch cái vẹo gì tầm này... Đinh la thăng còn hẹo... Dăm ba thằng chủ tịch ghẻ,,,
Tại anh mua giải hay do anh chip phù hộ nói gì cũng cho đúng sự thật đi :)),,,
Bọn đảng cộng sản thì đéo chết đâu. Người vì cộng đồng thì chết. Vl,,,
Buồn của Thầy,,,
K liên quan nhưng linh hồn của team phải cười lớn lên a ơi :)),,,
Sống chậm thôi các bạn 😑,,,
Huy Quang Nguyễn chuẩn bị đi học chưa bạn tôi ??,,,
Sống ko có tuổi thơ biết lấy gì để nhớ về thanh xuân :)),,,
Có link cho xem với mấy bạn,,,
Thằng làm nghề giáo dục cuồng like .,,,
Nguyễn Trọng Thái Chuẩn này,,,
Mặc quần đùi trong k kéo khoá cái thành style hot :))) bựa vãi,,,
Khéo khi a lại live stream vs dàn pc mới :),,,
lạy 😀😀,,,
"mấy đứa đừng khen thầy nữa nha, thầy không thích vậy đâu",,,
kiếm tiền xài tết hả thầy 😎😎,,,
ok tkay jao bar bezt daxau,,,
Lê Văn Quật xin video bạn ơi,,,
Chúc abe 20/10 vui nha,,,
Quả mồm sang đéo chịu dc kk,,,
Kenny Lâm có share rồi đó Kenny. Từ hồi dịch ế cm đéo có khách luôn. Sắm qq gì nữa hụhụ,,,
Dạo này thấy idol của tôi xuống sắc quá. Lo ngại về sức khỏe của idol quá.,,,
Hồ Quang Tiến viết tắt của Chief Executive Officer: tổng giám đốc điều hành bạn nhé,,,
"sướng quá, vượt chỉ tiêu đề ra :)",,,
Ngược dòng thời gian quay về quá khứ,,,
Ben my sao cung co quai Thái nua vay troi....song lam gi cho chat   Dat,,,
chi phối cả thế giới 🤧,,,
Cho xin lời bình cái Quỳnh Liên,,,
Mồm thì nói tiếng việt mà chửi người việt ko ra gì,,,
Được vl a ơi :v,,,
Ghiền bà này,,,
Lâm Hải Đăng này con so rồi @@,,,
nghe thì có vẻ Lý Mạc Sầu nhưng thực tế có vẻ rất Mộ Dung Phục !!,,,
Nguyễn Thuận ý kiến cá nhân thôi mà thử sáng tác cái mã bố nhà m à ?,,,
"35:24 - 40:00 là chân lý, dù có mắc phải sai lầm trong quá khứ nhưng khi về già ta sẽ nhận ra đâu là nhà, đâu là những giá trị quan trọng thực sự, chúc bác Dần, phố BolsaTV và bà con hải ngoại có sức khỏe tốt sớm vượt qua mùa dịch này",,,
"đình chỉ thôi mà, có phải xa thải đâu, nó lại lên làm lại mấy hồi",,,
Ngửi cho tỉnh đi 3 Gòa,,,
Tiêp xúc hơi bị nhiều người luôn,,,
Do Dat Gil đi đâu thế này gil,,,
Hai Vu Hai Vu Mô phật.,,,
Lâu lâu share lại để qua dich bắt còng đau no lại. Khỏi về việt nam nhe m,,,
HÀ nội đó niềm tin yêu hi vọng của núi sông hôm nay và mai sau,,,
Về quê làm vlog đi thầy !!!,,,
Nợ xấu chồng chất,,,
1 chai 400k chắc lời cỡ 250 cồn ko. Uỗn tiền dữ lắm lun. Giờ gặp livetream của nó lước lẹ,,,
Ông Trần dần chữa bệnh covi ở việt nam mới về đó âm tính rồi chúc mừng chú,,,
già mà non :)),,,
Tiền tri dự đoán chừng nào hết dịch coviid?,,,
Co thi noi hong ai muong noi nha,,,
ngưng ngược đãi vacxin ha :(,,,
Hoàng Xuân Tâm cứ nghĩ mình hài hước😏,,,
Khang Khang nước người ta bị cả mấy trăm ca còn chưa cho nghỉ,,,
Châu Nguyễn Phương Duy không ib được,,,
Nguyễn Lâm Nhật Khoa abe của t mà tụi bây mang ra làm trò đùa v😂😂😂😂,,,
Thuyết cc,,,
"Dân đen ăn lồn hết rồi, đkm :D",,,
Yêuu,,,
K biết fan cứng có thêm đc tí tỉ lệ nào không nhỉ :v,,,
lý do ai cũng đoán đc mà :3,,,
Đỉnh kout,,,
Chào thầy !!! Chơi bê đê không thầy :)),,,
Em thì thích nhất môn này của thầy mong thầy ra khoá mới để em học tập thêm ạ,,,
Doi lên voi xuống chó,,,
Già mà non,,,
Hé nhô,,,
Tối nay chơi game gì các bạn nhỏ hay là xem.phim😁,,,
Thứ bóng dơ,,,
sung ban không trung dao chat khong dut ma tron so covid,,,
Lâm Đình Khoa bô xanh lá,,,
Hay wa,,,
Thật ra: đu càng tốn cả triệu đô. Chỉ có ở bọn CS quan lớn tham nhủng. Đưa gđình và con cái du học định cư sung sướng. Chứ bò đỏ umê bưng bô làm gì có cửa đu. Chỉ biết làm con chốt thí cho giặc tàu.. ha ha,,,
Yêu em cho đến tận cùng,,,
Toanggggggggggg 😂,,,
Mặt Lam chí khanh sao ngộ vậy,,,
Tham nhũng bắn bỏ.,,,
2h sáng nghe tới chữ Long Xuyên 5 năm trước mà rợn hết da gà... Do đang ở lx,,,
Thế sản phẩm kính đeo mắt này giá bao nhiêu anh ơi =)),,,
Phạm AnhQuân ae cho xin link stream hôm đó,,,
"Ổng tư tưởng tiến bộ lên rồi, hết 3 que r",,,
"Hiệp Đinh m muốn đi hiến máu giúp họ, nhưg khi hiến rồi mới biết bị nhiễm thì sao hả thằng bàn phím , đầu to mà óc cứ như củ cứt 🤗🤗🤗",,,
Vịt Bông vì nước ngoài người ta ý thức hơn đó bạn,,,
"Thái Dương Nguyễn lúc nhìn thấy giống gái , lúc nhìn giống trai hihi",,,
Khởi động để mai tung con bài tấu hài vào =)),,,
Nhãthi Lê ui xời cà ria cà ria :))),,,
Tất khủng long mắt lồi hân hạnh được tài trợ bức ảnh này!!,,,
Ád mỉa mai vc cơ mà tao thích,,,
Không có tiền thì stream dưới ao,,,
Chưa thấy con đàn bà nào mà xấu như con linh lóc xấu mà còn bị khùng nữa,,,
Nguyễn Bảo Trung t cũng ko bt nữa,,,
"Người ta da mặt dày, mỡ nhìu đi xe hơi máy lạnh kiếng cách nhiệt",,,
Khá giống :))),,,
Nhận mọi kèo tâm sự nhá ..,,,
Tui muốn tập này lên tab thịnh hành.,,,
Dương Quỳnh 😂,,,
Anh đéo phải trình bày,,,
Còn đó nó bị nứng lồn rồi nên nó chọc Ng ta,,,
Giọng hát hay thiệt mà,,,
Bạn bè mà 1 người có ý thức còn 1 ng thì....ý thức nhỏ như trái nho :),,,
Chúc mừg abe căc hơi to nha !,,,
Định Cao tính ra 2 ce mình đi trước trend ☺️☺️🤣,,,
Pótay. Cơm,,,
Con 3 vang ngoc mac ao dam giong quy,,,
nguyễn liêm nhầm lẫn tai hại,,,
Chuẩn rồi. Bọn nó k có lập trường và định kiến. Loại người như vậy sống cũng éo để làm gì. Đúng sai mà còn k biết thì biết gì ?,,,
Xin video vs b,,,
"Anh phóng viên Hoàng Lân ,lúc phỏng vấn ông TD mà không buồn cười à?",,,
Xin nhẹ nha thầy,,,
Mất lịch sự thì có,,,
:DD,,,
Cực kì thuyết phục 🤣🤣,,,
Cố vấn cấp cao cho đàn c hó,,,
Đc huy hiệu đó để làm gì vậy ae,,,
Nguyễn Huy Hanh bảnh không biết bọn icm này sớm hơn,,,
"Ace nào muốn xem stream mà không có tg xem thì mỗi tối 10h/1h59p (thứ 2/ thứ 7 - chủ nhật nha)kênh Mixi gaming vào like stream hôm sau muốn xem lại thì vào phần đã thích xem lại nhé ,hôm nào đen bị bản quyền thì chịu",,,
đợi em để em có kèo mới thơm hơn anh rồi em sẽ chừ chối anh sau vậy :v kkkk,,,
Minh Nguyen lên bài tứ quý 2 3ng còn lại mặt nghệt ra đếm lá,,,
số nhà thầy cần =)),,,
Cười lên rồi mọi chuyện sẽ qua 😹😹 de de de de,,,
"Ủa nó tưởng đăng facebook là ghê gớm hả ta, đăng lên cho ngta chửi thêm à. Đề nghị mọi người unfollow face nó để nó đăng lên rồi tự thủ dâm lấy.",,,
Cần lắm những trái tim yêu thương.,,,
"Vay để con cháu trả thôi, khổ thế hệ tương lai nếu cứ tình trạng này",,,
Nguyễn Đức Thủy hại thận,,,
From Hau Giang With love,,,
Con di linh ca loc di cho,,,
Ai lớp du chu cà mo ❤❤❤❤,,,
Chi Chi Thao Nguyen. Rùa Rùa trend kìa nãy tui mình quen chup,,,
Dell hiểu mấy đứa ấy nghĩ j nhỉ mà cứ thích lây bệnh cho người khác v?,,,
Cho hỏi nhận 1 cái 2 lần thì dc thêm cái j ko ?,,,
Bac LeRoi nam TungSon 500ae gọi 2 cao thủ võ lâm này về tương trợ miền trung,,,
vinahouse anh 3 :)),,,
Thính máy bay thả anh luôn cướp được dễ dàng nhưng tại sao thính em thả a ko lấy đc là sao 😯,,,
"Y sì bà Độ vlog ko bắn giải refunde gáy to hẳn , tộc trưởng 🤣🤣🤣",,,
"đánh kẻ chạy đi , không đánh kẻ chạy lại , bác yêu nước như vậy thì chúc bác sống khoẻ mạnh , người VN không ai ghét bác cả",,,
Cảm ơn thầy pảk,,,
Em thích nụ cười của thầy hơn🤣,,,
Cho sem địa chỉ shop bán quần này ở cao bằng đi anh 😂😂thất chất quá,,,
Thanh Hiếu ở hải châu kìa,,,
Me too,,,
cái gì mà có bác Dần là tui phải coi bằng dc.kaka,,,
"Jack: Trời! Cái nhẫn mẻ đẹp hú hồn, tui muốn😁",,,
Bean Bụng Bự gớt dòng lệ,,,
"Cái này nên gọi là Siêu Thần Quyền mới đúng, súng bắn không trúng, dao chặt không đứt Súp Pồ Mên",,,
Sao cai mieng no xau du vay.,,,
Mình mua chai 300k ve sịt nhứ cái quần què thấy mình ngu ghê luôn,,,
Hi,,,
Chưa bao giờ đọc cái gì mà nó buồn cười như thế này :)))),,,
"Hoàng Thảo Nhi nước đi này boss đi nhầm, tý boss đi lại 🤣",,,
nhanh ề xoá kênh,,,
Lê Bá Kỳ Phục Xe Thồ chạy cho cố vô .,,,
Quốc Thắng ơ có gì mà cố tình . Tôi bày tỏ ý kiến như vậy. Chứ mắc mớ đến bạn k. Động não lên,,,
"Le Quan Tran moá đc cái ĐN của m là ngon, bây h...",,,
Trung thu ở nhà mà giữ trinh =))),,,
Cực kỳ thuyết phục!!,,,
Chúng đang giết dần người Việt,,,
Con.   Quy.  Nãy. Cái.   Miệng.   Nó.  Thúi.  Quá.  Đồ.  Do.   Bán.,,,
mực rim mực rim chống ngấy Tết đi ae oiiii,,,
"Chị ba giầu co vây sao không bỏ chúc tiền ra,mà đi học,để co chú trí thức hiể biết,để khi nói chyên ,người nghe có phần nể trong,chứ ăn nói như thế nầy,lủ mất dậy no nghe,k nhửnh nó hoc theo mà còn so,bì,bà ta giàu có như thế mà ăn nói mấy dây cớ đó hà huốn chi tui khố rách áo ôm như mình,",,,
Tiên sư trần dần .hỏi 2022 có về vn k thì cứ  nói liên thiên,,,
Hãy sủa theo cách của bạn!,,,
Khoái cái điệu cười ghê,,,
Facebook chi nay tên j Za mn,,,
Vincent Nguyen chị kế toán của em ko có nói vậy mình ơi 😂,,,
"biệt thự của nude tiger: https://www.google.com/maps/@10.8175359,106.6890786,3a,75y,118.6h,83.88t/data=!3m6!1e1!3m4!1sAF1QipPvUDgioJ6dl8W6A4fsR1coA9xpCEvaEu2sH21q!2e10!7i11000!8i5500?hl=vi-VN",,,
"anh em có đọc sách "" dạy làm người "" của anh Tuấn tặng chưa ? ...nếu chưa thì ném cmn đi nhé ! ảnh viết sách, tặng sách xong giờ ảnh ko nhớ, không biết 3 triệu đô la là cái gì luôn á ! tội lắm",,,
sale cc à thầy 😆😆,,,
Lòi mồng chiến sỹ .,,,
Chỉ có là các chị bên mẽo có cái lồn. Chị 3 đéo có. Chị thua người ta cái đó đấy tên Nhạc Bất Quần.,,,
Mà dmie trung thu nhà nghỉ cháy cụ nó phòng luôn :)),,,
Hết muốn gồng @@,,,
Sao anh ba lại dính trong màn hình🤣🤣🤣,,,
Cô My ơi ở lại với e đi :)) kệ mẹ thg lozzzz ba gà :)))),,,
biết bộ nớ hơm mà like :v,,,
Lee Pahm mày thì sao?,,,
Các HLV hiện nay được săn đón 🤣,,,
Nghe như bị hiếp dâm vậy đó :)),,,
Lê Hà Thư có nên lưu hình gửi cho anh em ko nhờ,,,
Tộc trưởng bị Cáo hành ko khỏi đc :((,,,
Nguyễn Thị Cúc Hương thế là tao có thể dơ lên cho gv coi r hỏi cánh hoa của em ngon k,,,
Bộ trưởng già rồi nên nói như vậy thì được. Mình còn trẻ nên sợ lắm.,,,
Nhìn cái poster ngầu lòii 😎😎 xem MV hong bt có hoảng hốt hong nhỉ :))),,,
Trí Kiệt lên cả báo ý chớ bạn ! Không chính xác sao giám đăng bạn !,,,
Chửi hay bên nước ngoài thì đổi avata làm như quan tâm lắm trong nước không nói toàn thứ ngu nhà dại ngoài đường,,,
Chung Tiến k bt xem sv,,,
Thiếu gì người trên mạng nói đùa cho vui! Cần gì phải đính chánh!,,,
Idol đây rồi,,,
Anh em nào yếu sly ib e tư vấn nhé 🤒🤒,,,
Đến đây từ tiktok. Xem xem người này như thế nào. Ra là như thế này. Co thế này mà đi đến đâu vệ sỹ và fan bủa vây tới đó.éo hỉu,,,
Trung khó chịu,,,
t k nuốt nổi thời trang,,,
Anh Minh chậm cdmm,,,
Linh Lê đây bạn kkk,,,
@Anh Nguyen Tuan  biến con mẹ mày,,,
Con 3 vang ngoc ko mac do dep hon,,,
Phá sản r làm đĩ đực thôi abr,,,
7:00 năm 2022 ổng về Việt Nam rồi ???,,,
Tran Ngoc TanCả Lê HữuLưu Nguyễn phong cách này 10 năm trước tg Hieu Pham Trong nó dùng r :))))),,,
Chui linh ca loc nghe nao,,,
Tủn 3K f1 f2 hàng thái hàng trung gì cũng là đồ fake,,,
Chị xài kem gì mà gương mặt của chị rất dep,,,
Nguyễn Hiếu quảng cáo quả chất vl bạn ạ 🤣🤣,,,
Cực kì thuyết phục 😁,,,
Lưu Thị Phương Thảo cô giáo đi cmt dạo :<,,,
"Trần Huỳnh Như rồi nghe nhiều chuyện buồn quá cũng k tốt nha,đang busss cuuu tự nhiên nghĩ đến chuyện buồn xong là khóc ròng rã😅",,,
Chơi dream vẫn gặp ABE😀,,,
bậy bậy nà ! bụi khói bao trùm hà lội là do cụ cả đang đốt rác bằng lò tôn đấy ! năm nay cụ dọn nhà ăn tết sớm nên hơi ô nhiễm tí...bà con thông cảm ! đang đốt hối hả để 2020 mời thượng khách phương bắc vào nhà !,,,
Happy Valentine Day 💝,,,
"Chào anh eng, nay mình cho ông già mình ăn thử kẹo mà mình vừa mua",,,
"Mình nể Sư Phụ câu bất đi bất dịch ở đoạn 14:13 :  “ Súng bắn không trúng, dao chém không đứt.” Thật là khâm phục ... Thiện tai... thiện tai . Nhưng tụi e rằng không phá được  bố trận của Cô Vi 19 này nha Sư phụ . Lol",,,
"A/c nào bị Hôi Miệng , Vàng Răng , chảy máu chân răng thì dùng CỐT THẢO DƯỢC ( lâu năm cũng khỏi )( k khỏi hoàn 100% tiền",,,
Sờ chim mơ Tùng Thug Life,,,
Khôi Rainy toang không khác HN rồi nhé 😂,,,
Đang ở nhà mà nghe bác Dần lên YouTube là zui rồi đỡ buồn trong mùa dịch,,,
"Wow! giàu có thật,",,,
ngu thì nhận đi abe,,,
Võ Trí có ai mà nghe cả chục lần chắc nhớ mỗi tên bài hát không :))),,,
Chuyển giới à,,,
Bác thăng sửa hết luật đi cho bọn nó hết đường lách,,,
chính phủ nidalee vãi Khoa Nay Đã Lớn,,,
"Như thường lệ, lũ dư lợn viên sẽ vờ như không biết gì :v",,,
Ý tưởng mới nhưng cháy vẫn chết ngạt,,,
thế cơ à,,,
@Vh Fg vo van hoa vo hoc,,,
Đm biết ngay được mấy anh em nhật ký yêu nước tôn vinh làm idol mà :))))),,,
Toàn giáo án máu lồn chảy ngược,,,
"Vao dip sap NoeL nguoi Ta thuong chuc nhau Merry Christmas,hay Ta thuong nghe Cau hat : Vinh danh Thien Chua tren troi ,Binh an duoi the cho nguoi THIEN TAM ,nhung nhin bon nay ,thi Ai cung co cam giac nhu mot bon luu manh dung duong ,nguoi tot thi net",,,
tổ cha nhà mấy thằng quản lý với bảo kê ngu như con lợn ! đã biết thể trạng của các em ý đều là nước nôi rất ít mà lại ko chịu cảnh giác vấn đề củi lửa .,,,
Hài cấp liên thiên hà !,,,
"Nhơn Phạm ờ, thì top 1 thế giới",,,
Đhs nghe xong khóc ạ :(( cảm ơn bố chúc con thi tốt =))) i love Sói :>,,,
"Nếu đúng nvậy thì. Sang chốn thiên đường này đừng đòi hòi công lý, nghiêm minh và tự do làm gì. Ko ích j đâu",,,
nhầm địa chỉ rồi con dzai :v,,,
3-4tr bán còn 300k đến 400k ... nói xạo nói ngu còn nói cho to ... lên mặt dạy đời bán hàng dễ thương :))) mồm mày ngày thường ăn phải gai tre nên giờ tối lại xộn lào ak :v,,,
người ở giữa hình như là ông chủ tiệm bánh mì và ông chủ đầm tôm thì phải ^^,,,
Rồi 2 nhân viên bán hàng về tiếp xúc gia đình rồi gđ đến hàng xóm lên rừng ở thật 🤦🏼‍♀️,,,
Trọng lú,,,
kinh nhờ kk,,,
Phan Trung Hiếu nhạc hay là phải cần người sáng tác với nghĩ ra giai điệu chứ,,,
Tùng Sói : Ba Ơi Con Còn Tuổi Học Sinh Bồ À =)),,,
GỌI TRẦN DẦN LÀ CON TINH TRÙNG KHUYẾT TẬT.,,,
anh chip với chúng tôi này !,,,
chết đi,,,
Còn nhiều ma chưa thông kê hết thôi,,,
Anh độ tôi :)),,,
Lê Hoàng,,,
Trần Đức Duy ơ vậy chổ ấy chắc hoang mang luôn,,,
Má nó em tức ghê ớ,,,
Ninh Thị Lĩnh thấy bảo bạn iu đang cần vốn kinh doan🤣🤣🤣,,,
Toi o nha trang ma con ngop tho phai noi ai o ha zoi rat la superman😁😁,,,
Chất thực sự,,,
Các bác để em,,,
ngầu vl :v,,,
Sợ giặc giận mà lị :(,,,
Linkkk,,,
anh tiệp đi dép độn đế ạ,,,
Con gia nay sao ra duong duong xe no tong chet me duoi gam xe,,,
Thích mấy stt thâm cmn nho thế lày lày =)),,,
"học dối - học giả...kiến thức nông cạn, phát biểu nông nỗi!...Japan Technology thương hiệu toàn cầu mà đi chê bai !!!... làm ảnh hưởng đến quan hệ hữu nghị hợp tác với đối tác Nhật Bản...Ai làm được việc- người ấy có lý!!!...đằng nầy công nghệ xử lý nước thối made in Hà nội của nhóm lợi ích chưa làm được gì trong khi $ tiền thuế của dân đã đổ hàng bao nhiêu tỷ bạc vào mà nước thối vẫn thối!!!...",,,
Khô qua ma 10 đơi chông nêu xương chăc 50 đơi chông,,,
Cô nói chn nghe phúc hậu quá,,,
Trần Thị Nhung đi lon đâu cũng thấy m kêu nghỉ,,,
sắm quanh năm r nên Tết ko cần sắm nữa nhe Nguyễn Thị Ngọc Hợp 😂😂😂,,,
Buồn Abe,,,
Bh,,,
Đức Dũng xe m mà ăn con đinh này nhờ =))),,,
"Bd : my lùn , my meo :))",,,
Vũ Mai Ly sợ nhờ,,,
"Đào Q.Anh Q.Anh Đào câu kia là ông Độ nói, người lớn th cha m",,,
Lâm Nguyễn nghe sự tích con hàu hôi hám chưa cu em =)) thế nên mới cần thơm tho nhé 🤣,,,
Nứng quá abe oi chơi e đi abe 😚😚😚,,,
Hưng Quang Mai,,,
Add nick mình= có link,,,
Hay quá thầy ơiiiii,,,
Her,,,
Ái Nhân tết xong giảm luôn,,,
nó yếu rồi :))),,,
Phương Thảo thấy chưa m,,,
Nhà còn gạo ăn hôn cô 3 ?,,,
"Lỡ ng ta ko phải đi du lịch mà đi công việc, công tác xa thì sao má.",,,
Cô nc duyên dáng ghê . thích cô qá hà . ai lớp du chu cờ mo 😂,,,
Ok ok,,,
LAM ĐI HA CHI ?,,,
Linh oi mày khỏi về vn luon nhe,,,
HUỲNH MINH LUAT,,,
Chú Summer Wilson oi cái con nhỏ linh này tu đi tám kiếp cũng chưa bằng được chi Tuyết Lương nữa ha chú ha😂,,,
Ổng được nhà cao chức rộng không sợ thì phải rồi,,,
Cô ơi cô có dòng họ vs Hồ Xuân Hương không cô:)) cô nói gì 1 tỉ không bằng vải chùi âm đạo của cô hả 😂 vậy trước tiên thì cô thay lại cái áo của mình đi nghe cô😂 dù sang cở nào thì cái áo là nó làm mất hình tượng hết đó cô ơi 😂...,,,
gia ma con bi nham,,,
Ngạ hổ tàng long =)))),,,
Theo e nghĩ cả cty vs a này là sai. Chả cần đến bên an toàn thực phẩm làm con mẹ zi. Vì có đem tới kiểm nghị thì chả khác nào làm giàu cho máy cha đó. Đơn gian điện thoại thẳng cty đó. Nói tui có 1 chai nước do cty a sản xuất có con ruồi. Tui bán lại c,,,
Sống chậm thôiiii,,,
Nghe mà Tứk á 😌,,,
sếp lên live đi,,,
Cô 3 em chúc cô 3 nhiều sức khỏe. Em nguoi ca mau,,,
Thế cơ á :)),,,
Iphone ăn cắp thương hiệu của Tộc Trưởng,,,
Hk biết đây phải kênh chính của cô không nhỉ thấy cô dễ thương quá chời quá đất à,,,
Thích nghe thầy cười vl,,,
Cực kì thuyết phục nha!,,,
Cực kì thuyết phục ⚔️,,,
Không muốn lớn thêm nữa.Muốn trở lại thời bé chưa biết mua sắm với làm đẹp là cái deo gì 😢😢😢,,,
Bố làm lương có 7 triệu,,,
":)) vấn đề sang đấy làm đc cơm cháo gì hay lại ăn bám trợ cấp, làm nail với culi như cái đám đu càng thọt mà ra rả kêu gửi tiền về nước nghe to tát quá hihi",,,
Mẹ của con nè,,,
Kiểu cách nc y trang,,,
Nguyên mẫu,,,
Có tặng cô Mina ko thầy,,,
Bà này giàu sang thiệt,,,
Virus nó còn phải chê ông này ;)),,,
cục xúc vl =)),,,
Trung thắng hộ nghe hay hơn nha thầy :D,,,
Đỗ Thuỷ Trinh tứk :)),,,
Thảo Vy t nhớ m vừa dứt câu “t chi tiền” là Huy nó bị chặt liền luôn á :))),,,
Thầy này chỉ đùa thôi :v,,,
Công ty anh ở đâu 😂,,,
Oke bột giặt aba sạch tinh tươm,,,
Phương Noble's sao hk để tóc đen cho đẹp. Nhuộm chi vậy trơid🤣🤣🤣,,,
Yên nghỉ chứ sao mà lên nghỉ 😂😂😂😂,,,
"Lương có 7-8tr, không quảng cáo không có sữa uống , cười cái nào:))",,,
"Tham gia group để được tư vấn làm đẹp mỗi ngày nha chị em ^^ Cách ly cũng đẹp, nhỡ đâu gặp hoàng tử trong đấy",,,
Sống chậm thoii các bạn. 😵,,,
Hiền Mẹ Tien Vu haizzzz,,,
7.2K kia chắc fan của thằng Nện Đàn nào đó,,,
Cực kì.. Ak mak thôi,,,
Sợ thực sự 😞,,,
Chi dep noi chuyen nghe de thuong qua,,,
Đmm 1/5,,,
Đúng rùi! Ai chê Khánh Chi chắc gato hoặc ghét Khánh Chi mới dối lòng thôi. Nghĩ xem ngta 40t mà như 20 mấy vậy là quá trẻ quá đẹp rồi !,,,
Dương Thái Phước ba gà not ba chó@@,,,
E k hiểu e có làm gì đâu tự nhiên e bị band khỏi bộ tộc so sad vlin a ới,,,
Dễ thương quá cô ơi🥰,,,
a trung local brand:,,,
aatrox nữa,,,
Sống chậm lại yêu thương khác đi :)),,,
Dân InDo t thấy đéo hiểu nội dung nó nói về cái gì,,,
Vậy mới thấy thầy Park vừa đẹp trai vừa tự trọng vừa cao quý ❤️❤️❤️,,,
Khánh chi đẹp quá ak! Mê quá!😍😍😍,,,
Chúng xây tượng đài nhiều hơn trường học.,,,
A công nhận cho e là fan cứng được không ạ. E đã like mấy bài và chia sẻ lên dòng trạng thái của e. E cũng đã like trang và theo dõi đầu tiền rồi a. Mong a công nhận fan cứng cho e. Thanks a,,,
"Không biết tốt xấu! Chất phát như nào nhưng nghe 10 đời ck thì phát khiếp r, không lẽ 10 lần ck đều là lỗi của ck! Phải xem xét lại nếu như ai còn khen! Miền tây   2 đời ck là với họ nhưng 10 đời thì thật là kịn khủng tởm",,,
Thấy cô đẹp giống phụ nữ hon khánh chi .trong tập này á,,,
"Rất thích sự chân thật, hài hước của người miền Tây",,,
Nguyễn Văn Huân mới ngủ dậy mà post đã 40k like r,,,
Thương hiệu cao bằng đc nâng lên 1 tầng cao mới,,,
Má ba chủi hay quá má ba,,,
🤦‍♂️,,,
Tao chỉ chờ vanh leg come back thôi,,,
Sống chậm thôi các bạn 🙂,,,
Phương Trần đúg dồiiii,,,
Có ai thấy mặt sói hơi hơi giống linh ka không?,,,
In vô vở nhà trường cấm học luôn đó Abe :))),,,
Bot. Gian. Di. Ban. Oi.  Bo. Wa. Het. Tat. Ca.  Se. Nhe. Long.   Ban. Chuoi. Ng. Khac.  Minh. Cg. Met. Do. Ban. Oi.    Nghi.  U.  Cafe.  Cho. Khoe.  Hi,,,
Trần Quốc Hưng mi ko thấy thầy tao cướp red à :)))) cướp đc người ta gọi là levi còn như vậy mới là thầy tao :))),,,
Bạn chả có tí máu lồn nào gọi là văn hóa cả 😂😂,,,
Chán!,,,
Khó chịu vl,,,
"từ từ đừng cmt nhanh quá, từ từ nghệ sĩ nỗi noi vào 1 2 câu rồi cái tụi mầy lại dơ cái tánh chó ra tung hô à, lũ đa nhan cách :))))))",,,
Chiến thuật đánh du kích của quân ta đây mà.,,,
Vũ Thị Huyền Xinh mà :)),,,
Khó ngủ qua ae a. Cuộc đời này ko bt có bất công vơi tôi không. Chi mong ko vậy.,,,
Nay trung vào showbiz rồi nên phải đẹp trai,,,
Xuân Mai lớn r sao còn gọi là bé Xuân Mai,,,
Cảm giác lúc đấy sẽ ra sao :))),,,
Hoan hô NKYN và Ngô Tường An! You are doing a great work! Keep at it! 👍,,,
Hoang Anh Cực Kì Thuyết Phục!:)),,,
"Bác nào like em thì qua xem face con sinh vật kì bí ở trên biết nhé, nó cũng quyên góp nhưng ko bằng nên ghen ăn tức ở thôi, thứ rác rưỡi, dù sao anh ấy cũng làm được khối điều các quan chức Việt Nam chưa làm được, có bác nào dám đến tâm vùng lũ sớm như anh ấy ko ?",,,
Cho ABe 🙂,,,
Tung ra làm j anh độ đã liên hệ ban tổ chức r mọi người cứ việc bắn tiền nong với a độ komquan trọng,,,
Vãi cả vi trùng du học.😂 😂,,,
Lủ vc Đcs cũng là một bịnh thần kinh ác hiểm cho dân tộc vn !,,,
Nhạc làm riết hổng có hay,,,
Kha Ngô buồn cười quá quàng thượng =)),,,
40:00:00,,,
Thâm vl Wind Field,,,
La Nguyễn Văn tấc nhiêng rồi !,,,
"Tết đến vẫn thấy vui, vừa dọn nhà vừa hát hò, bố gói bánh, con và mẹ dọn dẹp nhà cửa, thi thoảng tiếp nước nồi bánh chưng,...",,,
Dăm 3 đồ yêu,,,
Sống nhanh lên,,,
Đỗ Nhân hí,,,
Em của Phùng Thanh Độ thất lạc bấy lâu nay Phùng Sơn,,,
Tộc trưởng bé nhất nhỉ?,,,
ae đang buồn vào xả tres điểm danh🤣,,,
Ok anh ơiiiiii,,,
Rất thuyết phục 😊,,,
Xem cô nói chuyện cười như 1 con điên :)),,,
Nam Đoàn kể cả có khởi động đc vẫn k thể thoát. B k xem lúc đầu có 22 kén đi nhưg cuối cùg chỉ có 2 ng thoát. K cho nổ thì chẳg ai sốg mà quay về,,,
Buồn vl:))),,,
Trẻ trâu,,,
May là chưa công bố hết dịch không là mn sẽ không đề Phòng,,,
Abe phiên bản thái hã ae ?,,,
Bị cô lập thì về đây với em nè abe em dẫn abe đi chơi gái nè . Bao ngon,,,
Cứ để bà cụ tội nghiệp ảo tưởng những điều tốt đẹp.có đ/chỉ thì công khai mỗi ng giúp 1 phần nhỏ cho bà toại nguyện😭,,,
Đức Khoa ghê thật,,,
ko cần ghi cũng bik là ai,,,
Không thể tưởng tượng nổi... Bọn chúng ăn bất chấp thủ đoạn,,,
Thèm vãi ra,,,
@Tiểu Ngư ???,,,
Sam Sam kiểu như gọi thân mật ý,,,
"Hơ hơ, ms c.an huyện mà bày đặt lên giọng. Xin lỗi cô ba vàng mã c.an tỉnh nhà con còn chưa coi vào mắt huốn j c.an huyện. Chú con là đại biểu quốc hội tỉnh mà còn ch dám lên giọng. Nổ quá. Đr, ở Mĩ có bom nguyên tử hk nổ ms là lạ",,,
Anh em nhớ sub kênh mới của thầy để có những giáo án susan mới nha,,,
Linh Duong thì đừng có xem,,,
Xây dựng cái gì ở thiên đường chả đắt,,,
Chó để con linh cá lóc,,,
Người ko ra người.ngợm ko ra ngợm.ý thức thì như đống rác.nhà nước nên bỏ tù những thằng coi thường pháp luật và tính mạng người khác như nó.phạt thật nặng xem nó có im mỏm nó ko.,,,
"vui quá tiger còn sống :"")",,,
Viết Sang e còn trẻ và đẹp máy bay kiểu dell gì,,,
Apple kh baogio làm mình thất vọng..,,,
Đình Huân,,,
"Thảo Đào Văn \""nghèo có nhau\"" ý nói đang lúc dịch bệnh cho dù cty thu lỗ, nói thu lỗ hơi quá thật ra đang lúc dịch bệnh kinh doanh khó khăn thôi. a ấy vẫn không đuổi (cắt giảm nhân sự) bất cứ ai. vậy chưa đủ hay sao?",,,
Cs như bầy sư tử săn mồi! Gặp phải thứ gì chúng cũng muốn cướp hết và bất chấp tất cả. Trừ khi người bị cướp đủ năng lực chống trả thì chúng mới dừng. Bản chất của lũ cs là cướp và cướp.,,,
Cách mà dân ta thể hiện lòng yêu nước!,,,
Ủa là sao k hiểu,,,
Chị đẹp như Lệ Thủy da,,,
Ca sĩ :)) k-atm,,,
Hello.chi...,,,
Hôm nay đảo ngói nè 😆,,,
Trần Tân Kiệt nghe nhiều nghiện cmnr,,,
I love you chu cà mo cô :))),,,
Hôn gió kiểu cao bằng 🤣,,,
Đc của ló,,,
kkkk,,,
Hà Nội ko biết có đc ko để mai e viết thư bày tỏ nguyện vọng :3,,,
"8000 like đó là phần nhỏ trong số hàng tỷ người dùng Fb của tàu , suy ra số lượng óc chó của nó ko đáng kể :v",,,
"Đéo mẹ, MC Phan Anh có nhận lương từ dân tụi tao ko, hết lòng vì người vùng lũ, còn tụi mày có đứng ra kêu gọi và hết lòng lo cho dân ko hay chỉ là kêu gọi xong đem cúng mồ mã ông bà nhà tụi bây, đm cứ tưởng dân giờ ngu lắm ấy.",,,
âu cũng có thể loại bóp zái đồng đội :)),,,
Bài viết tràn đầy mùi GATO 😂😂😂,,,
Tục tĩu là đã mất nhân cách rồi. Cô nên gỡ vdo này đi. Không có gì có ý nghĩa thì chẳng đáng khoe,,,
Murad TV vc =)))),,,
Trời vl nhiều 1,,,
"Dạo này độ tộc trưởng nổi tiếng lắm, đi đâu cũng độ :))",,,
"Thích câu này vl \"" Bạn lịch sự - admin lịch sự. Bạn cục súc - admin dí L` vào mặt bạn luôn \""",,,
Vẫn là e sao nhung 😔😔😔,,,
Vợ mình nó say xe oto,,,
hoặc cho ngồi vài tháng cho có lệ chăng :v,,,
Tài Chiến rồi đó,,,
Mã Đức lâu r,,,
Phương Mai vl :))),,,
Địt mẹ các bạn ý. Cười rụng con mẹ nó mồm rồi.,,,
"Giờ tao chỉ mong bóng đá đến sớm . Để lu ngu no tràn ra đường hít thêm khí chết bớt , mới tỉnh đc .",,,
Shop pe : đi cùng độ phùng,,,
Bảo xuyên ơi nhìn em rưng rưng nước đái .hahaha,,,
Em yêu thầy và yêu các bạn nữa chung lớp nha dấu bé 3,,,
"ĐỪNG MONG CON NGƯỜI TA THAY ĐỔI, CHẤP NHẬN ĐƯỢC NHAU HAY KHÔNG MÀ THÔI 🙂🙂🙂🙂",,,
hay lắm mấy đứa,,,
Cực Kì Thuyết Phục,,,
Phan Trung Hiếu vậy lúc nó bay ra nước ngoài là nó bỏ nhà rồi :)),,,
Yêu nhau ngại mỗi cái đấy😴,,,
Trong lúc nước sôi lửa bỏng này mà vẫn có kẻ nhận thức kém vậy,,,
Xã hội cong đều,,,
Vậy mà xin lỗi khóc lóc đó hả,,,
Nể mấy đứa cmt kêu ghép :> Ghép ghép cl nekk chứ ghép,,,
hôm may mấy h bắn a,,,
Ninh Trần được Ninh ơi,,,
Chuẩn bị gọi người xiên rồi :)),,,
Cầu mong 3 gà tặng quà,,,
Nhi Lê,,,
ạc đó dính ạc lq vip vãi lồn ra,,,
. Khá đc,,,
Chửi dell j logic cứ xen chx này rồi chx kia vô. Vẫn ko hiểu chửi về j là chính,,,
thầy của tụi bay nè,,,
Sao nay nc điềm tĩnh dạ,,,
Cái lozz cát không.,,,
9x5=35 vẫn đỗ bách khoa thì các bạn 2k1 không lên lo lắng,,,
Trường mk ở mai dịch cầu giấy HN gần đây ựa 🥵,,,
Nghe có vẻ rất vui nhưng lại rất mệt?,,,
Nghi anh độ đạo nhái phong cách của Lộc idol ở đoạn đầu clip =))),,,
Nhà con Nhung đầu heo rất giàu hãy bắt phạt nó bồi thường thiệt hại..ko để yên dc đâu,,,
CẢM ƠN  MINH HIẾU  ĐẸP  NHƯ  MINH TINH MÀN  BẠC  CHÚC  HIẾU  CÀNG  ĐẸP  HƠN  NHÉ,,,
Nhà bao việc chơi game gì tầm này :((,,,
Chấm hỏi,,,
cô giáo cứ bình tĩnh,,,
Xin video ad ơi,,,
Tui có biết chút ít đấy ô :)),,,
nhà toàn mãnh thú nhưng sợ dép lào :)),,,
"Đ*t con mẹ. Đang ăn cơm nghe đến đoạn bôi c** mũi,c** mèo Đức Phan ạ :)))",,,
Rồi đến 1 lúc nào đó sela ơi cứu anh :)),,,
Khác gì tát vào mặt thằng soang choảnh kia =))),,,
Tại sao chính quyền phường lại làm ngơ như vậy hay là ho bảo kê để kiếm hoa hồng của tụi đánh giầy đây mà mất mặt quá,,,
Nguyễn Thị Miền huhu,,,
"Địt mẹ mất cái xe thì:"" Chúng tôi đang điều tra và giải quyết"". Bán hàng rong thì giải quyết ngay lập tức không được để vấn nạn này xảy ra. Nực cười vc",,,
Có bán gấu bông thứ vậy kh thầy ?,,,
Phan Thuấn Duy Tan Hue Hien La Du Ghii Bích Phương =]]]]],,,
virut k trừ 1 ai,,,
Giàu sao đi bộ thở như cho vậy trời...,,,
Mình đang nói về bạn kia thui nhé,,,
Lê Nhật Khoa đem qua cmt bên Lộc sting :v,,,
chết con ỉ ẹ thầy vs em :)),,,
Lona Trần sợ mài nghĩ tới kao những lúc cao trào.... ớn ák 😱,,,
Dũng tao nhớ hồi nhỏ còn gội đầu dạ hương cơ chứ đâu như bây h,,,
Cực kì thuyết phục!,,,
Sub lại kênh cho thầy nha mng và nhớ là kênh mới là kênh kĩ năng nha,,,
Nhìn cái mặt là k ưa r vênh vênh váo váo,,,
lại không dễ anh <3,,,
Sự trùng hợp ngẫu nhiên,,,
mẹ ơi khẩu nghiệp bà bà chửi vn nx nghe,,,
nguyễn thị mỹ linh phim về cá mập hay j vậy bạn,,,
Đã bảo không muốn mà bố mẹ cứ bắp chụp :v,,,
Hào Nguyễn xin video vs cậu,,,
Ai chả hướng về đất nước nhưng ko theo tư tưởng cs thôi,,,
Trịnh Hà Vy 790k lận 😞. Đầu tư đi làm kím tìn,,,
Đúng là hề,,,
Duy Hoàng cdb,,,
Theo tui làm ban giám khảo vài năm nay thì bài đc trung bình ..😀😀😀😀 nghe hôk hiểu gì hết,,,
dùng não nhiều quá nên hơi đao :v,,,
Chả hiểu đẹp ở đâu,,,
Ai muốn làm cv bán thời gian ib mik nhé,,,
addf e vs cụ tổ ơi :v,,,
Nhìn như con điếm vậy :)),,,
Lê Văn Quật Minh Hậu,,,
tao sợ quá các mày ạ :(((,,,
đại gia,,,
HN Thu Nguyên nói câu mát hết cả lòng :)),,,
ở Hàn gọi là chiếc lá còn VN là lá chà bồn.,,,
@Bé Hoan Banana ?,,,
Ba dẻo vàng j den thui  vay vàng mien ak,,,
Lee Sin lol mẹ giáo án kiểm soát của thầy Tú,,,
Từ cách nhìn của 1 người dân bình thường thôi bạn. Đúng và hay thì phải khen và ủng hộ thôi. Đâu phải 3 cái bọn rận chủ rẻ tiền kiểu nào cũng nói dc :)),,,
Rồi tiền đâu trả nhân viên,,,
K ai. Dem. Ba. Nay. Di benh. Vien. De ba khung. Z. Ai. Chieu noi. Troi,,,
"hỉ cần toàn dân ta đoàn kết, đồng lòng sẽ chiến thắng ! như dân tộc Việt Nam ta đã từng chiến thắng ! cố lên VN ơi",,,
Hạ Lam hãy ủng hộ Cây Ây Ti Em bằng cách like video của Cây Ây Ti Em thay vì dislike video của Jack,,,
Cho mình xin số TK mình gửi tiền trước nhé,,,
Ai lớp du chu cờ mo cô hiếuuu💁‍♀️❤🙆‍♀️,,,
nha tin tri say san tran dan sap xuong lo,,,
Vl anh em nhà ông độ đông thế cơ à =)) giống nhau y sì,,,
Đo cho tui bey lam gio ban xa hoi,,,
Bà nội m,,,
Non quá thầy ơi,,,
Cảm giác của các bệnh nhân đc hiến máu,,,
Ong nay chac co van de roi,,,
Hoàng Bomi Cường Trần haha nhớ nha 2 đứa,,,
cái vụ 90% hát sai thì sao nhỉ?,,,
"Con này với thằng Don Nguyễn dv hài chưa bị bắt nữa hả? Tụi nó kết hợp với nhau bán hàng giả làm lũng đoạn thị trường, lừa đảo người tiêu dùng. Làm mất uy tín nhà nước VN. Đề nghị công an vào cuộc bắt hết bọn này. Ai đồng ý thì hãy cùng nhau lên tiếng. Bọn này là bọn lừa đảo là tội phạm kinh tế",,,
Phản dame cực gắt -)),,,
Chào chị Ốc,,,
Lê Nhân Trí Tín Lầy ghê con .,,,
Nhìn như con bóng lải cái 🤣,,,
Tuấn thượng đẳng :)),,,
Xau cai mieng nhu cai lon nguoi ta cco thang,,,
"tào tháo - ""báo nói thế nào cứ suy ngược lại ắt chính xác"" :))))",,,
cay vl lew lew,,,
Vài bữa nữa thở cũng phải đóng thuế,,,
Chán,,,
Cô dễ thương quá ❤️❤️❤️,,,
Sao giao thông ko có nam duyệt hầy. Mình xem ở nguyễn thái học,,,
Chuyển a sang phòng tạm giam cho đỡ ngột ngạt =)),,,
Xã hội... À mà thôi.,,,
Thời gian đầu đ ai chả thề non hẹn biển yêu lâu mới lộ ra ngay ý mà,,,
sela buff sm cho abee,,,
Khi đi nhớ đem theo Susan nha thầy :)),,,
Ăn sam khi bụng đói cũng bị bủn rủn tay chân nha.,,,
E nghĩa chao chi ba vang ngoc,,,
Tạm,,,
Ông bên phải nhìn mặt biết tấu hài từ bé 🤣,,,
Sống chậm lại tôi ơi:))))),,,
Thầy làm em xúc động qua',,,
Co hình ảnh mấy bà nầy mà nhiều ng lấy làm kênh YouTube quá há,,,
Loan Võ okeee xinh xắn nha :3,,,
lũ khốn nạn. rút sạch sương máu dân,,,
Mé cười ỉa😁😁😁😁😁,,,
"HN kb ai dính nữa k , chả thấy công bố để biết tình hình nhỉ .",,,
Hy vọng lời ông Thanh nói ko bao giờ sai :(,,,
Nguyễn Ngọc Phương nó ảo thì thôi mà xui thì xui vô đối,,,
Tao đéo biết bạn chửi vl đến đâu. Nhưng bạn mang lại niềm vui vl cho mọi người thế là ô rồi :)),,,
Cực kì thuyết phục !😌,,,
Chi oi xin qua,,,
hay quá anh ơi :v,,,
Họa từ miệng mà ra,,,
Hưng Vlog thơm đc mấy tiếng anh,,,
MiMi Nguyen z cho an toàn nhe cưng,,,
"tuyên dương a csgt này nữa. đm nhà a, bài bạc gái gú cái đầu bùi gì a cũng biết",,,
IS nghèo bán sim mua boom :'(,,,
Đạt Văn coi xong bị lag luôn,,,
Quá đỉnh 👏👏❤❤,,,
Công nhận đâm chuẩn thật,,,
Được của ló thầy ơi,,,
phồn hoa hay là đồng ruộng?,,,
Hải Yến mày mới là con rảnh đấy. Chưa xem đã bảo cảm thấy chán =)) điên hết phần thiên hạ,,,
Khá tú,,,
Rồi xong cái mặt nó thành cái gì😆,,,
Đeo xong lại kéo xuống,,,
Dạo này thịt mèo đang đắt giá đó anh :)),,,
Cái page này rần rà rùi cũng thành cái ổ phản động thôi...unlike,,,
A loooo,,,
Cà khịa cực mạnh,,,
Minh Man Le Harry Otter học để mốt đi rãi dạo còn biết để ko bị mất danh dự nè :)),,,
Mấy đứa chê bánh mì xanh cỏ r,,,
Lại là con ml nhung rồi,,,
Cả hai đều như nhau cả thôi:)),,,
Cay vãi c***,,,
Nguyễn Quốc Vinh t vả m phát bây giờ,,,
Bị khùng r 🤪😨 Nói tiền nhiều mà giựt tiền cô minh hiếu 🤣🤣,,,
Linh Vũ mốt chụp hình tạo dáng kiểu này nẹ,,,
ホアン ラム・ giờ m cứ dô acc đó xog kêu akhah làm và chấp tay niệm phật cầu thành công đi,,,
Thoại Trần,,,
Chủ xe đã đc bảo hiểm đền nguyên con xe mới cóng r nhé,,,
Các bệnh nhân đc truyền lúc này 😢,,,
cực kì thuyết phục 😁,,,
Chả làm gì cũng có fan cứng =)),,,
Oke thầy !,,,
Nó lại hợp lí vl :((,,,
Ad à. Cái này ad bạy rồi. Đa phần đăng ký nó cho free mà bản thân e ko đóng tiền mạng 9 cái rồi đây,,,
Một điếu thuốc lào nâng cao sĩ diện,,,
A lại viết sai chính tả rồi phải bỏ dấu - đi chứ 😑😑(78t),,,
Chúc mừng thầy :3,,,
facebook của cô lan là gì vậy kiếm hoài không thấy,,,
Quà tặng vlt-)),,,
Hẹn mấy đứa tại DO1 - Samsung - SECC GameCon2019 nhé!!!,,,
Riết thấy page này xàm lồn vãi o.O Chửi thì chửi cho đúng.cái gì đáng chửi thì chửi. chứ cái vẹo gì cũng chửi.sai cũng chửi đúng cũng chửi.thành chí phèo cmnr,,,
Thầy nhớ chụp ảnh cùng giang cốt nhé! Em có gặp và giới thiệu về thầy giáo án susan đó 😂,,,
Lam Pham Ai Chau add với,,,
Trần Vỹ mày có đi học phải biết phân biệt đâu là đạo nhái đáng khinh chứ,,,
Chỉ muốn nói rằng em rấtt rất nhớ anh 🙂,,,
Bắn hẳn 8000 viên k trúng,,,
Ở Úc cũng thế chăng Hung Vu,,,
"Quang Vinh Le bọn cẩu tham quan mới có triệu đô bu càng,chứ đám bò đỏ có vẹo gì để bu đâu cụ ngoại bị nhồi sọ tẩy não",,,
tìm hiểu dự án ngot hóa đồng băng Sông Cửu Long nhưng năm 80 trước khi phấn nhé. dân mình phá hết rồi có lãnh đạo khóc xin dân nhưng dân vẫn phá để nuôi tôm bây giờ lại kêu lạnh đạo\,,,
Đó là sự thật mà chẳng ai nói lên không biết bao giờ chế độ độc tài này mới sập em mong từng ngày,,,
Nguyễn Nghĩa mi lúc mô ko nứng,,,
Thôi đi thím cán bọi bị bắt thì phải mất vài trăm triệu chạy án thì mới mong yên ổn =)),,,
Dị ứng với thằng cha này quá,,,
Vũ đạo dink kout thật🙃,,,
Cũng tàm tạm,,,
Cô Ba xuất sắc cô ba ơi,,,
Hj hj  e vui that nha,,,
Chị Tiết bị chúng lời ngiền Gu chìiiiiiii dòi =))),,,
Ko cần hoa ko cần quà chỉ 1 lời chúc đủ làm ta thấy vui,,,
gác cu ...... là tiếng địa phương của người đi bẫy chim cu,,,
"Coi cười muốn xỉu, cười mà khan cổ họng luôn rồi. 😂",,,
Hứa Lý Thảo Vy lo thì lo mà vẫn hông giảm cân ăn Tết nghe =)) vừa nằm ăn vừa lo,,,
An Hoai Ho về dẫn đi ăn nhéee,,,
Anh Độ càng ngày càng trẻ cu Tùng lớn nhanh vc,,,
"Hot girl ống tinh đi, nghe vui tai hơn",,,
Cái gì chứ láo cá và lưu manh là vc rành rẻ hơn ai hết !,,,
"mình ở TPHCM ai biết trung tâm nào dạy tiếng Hoa tốt tốt chỉ mình với,học lẹ ko thì ko kịp :'(",,,
Trúc Ngân,,,
Danh hài vẫn mãi mãi là danh hài thôi thầy ạ.,,,
??? Đầu có vấn đề à,,,
noi vậy phãi làm sao cho k còn răng để nói đừng làm gì khác chỉ làm thôi,,,
Tứ hoàng được ấy chứ =)),,,
Cũng chỉ có 1 lần sống sống sao cho đáng.đấu tranh thôi mà,,,
cho minh xin clip dc ko ban,,,
Đéo đở dc)),,,
Tuong Vi Nguyen Thach :)),,,
trán ngắn tóc dài mồm lai trung cuốc.,,,
Hay dong hanh cung Grab,,,
Nhai lại chán ko hả thằng ad?,,,
Ko ghi Trang mixi lại tưởng e nào khác 🤣🤣🤣,,,
Ai là người buồn vậy????,,,
Rìa lý,,,
Nhắm Mc làm lại cô tao k? Kkk,,,
Trời đất dung hoa,,,
Kiểu như nghỉ lễ nghe chú Nhím hát nhiều quá nên Sói hơi hoang mang 🤣,,,
Anh em đón Tết Corona thế nào rồi :)),,,
Các bạn nước ngoài không biết ở Việt Nam cái đấy nó là cái gì :)),,,
Đm. Tao là CA thì tao có quyền nhé. Đm ad phản cmn động,,,
Ha ha Trần Dần kìa bà con ha ha ha,,,
Nên bắt dân Việt Nam! Cắt 1 kiểu đầu của chủ tịch thôi,,,
Nguyễn Thị Hồng Nhung mặc áo mưa đi,,,
"Chổ của tui tệ nạn đầy: Đá gà, trộm vặt: Bắt chó, trộm sầu riêng, mutua, mít... Những thằng xì ke thế mà mấy ôg nội tui ko biết, or làm ngơ vì ko phải tài sản của mình?! Từ những chuyện nhỏ ấy làm dân rất bức xúc, có 1lần 1ông bị bắt chó bắn cung lòi ruột thế nhưg CA chẳng tìm ra ai. Thế mà ấp văn hóa mọc khắp nơi. Niềm tin vào CA ngày càg lụi tàn, nhữg chuyện vặt vảnh nhưg xử lí kó xog thì dân tin vào ai?",,,
"Công nhận , hồi lúc mới phẫu thuật ko đẹp . giờ phải công nhận đẹp dã man .",,,
Nhiều đồ giá trị quá. Cafe Bao Cấp mà thấy bức ảnh này chắc thích mê các món đồ quá.,,,
thật,,,
Đitme ngần ấy tuổi r mà k biết đóng cái khóa quần vào thằng đĩ vượn này,,,
"Ông lân giỏi thật,,,, phỏng vấn mà mặt tỉnh như bơ",,,
Hi ! Chào cậu,,,
"Chào bác tiên tri. Bác tiên tri ji mình đoán ngược lại.tui cam đoan ,tấc nhiêng là đúng",,,
Cái này con quỷ chứ con trai gì 🤣,,,
Hoang Trung,,,
"Đây là video lâu lắm rồi bạn này lấy đăng lên thôi, chứ cô ta khóc là video cuối cùng, xin lỗi thật lòng, người ta đã xin lỗi rồi đừng lôi quá khứ của họ đăng lên để mọi người vào chửi nữa.",,,
Huyền Khánh Phùng ác,,,
@Hoàng Phúc Lê mình có nói mình cmt gì trên trực tiêp của chị LinĐa à,,,
Cảm ơn NKYN_có vũ khí đáp lại bò đỏ rồi!😄,,,
Nhàn Lê me too,,,
Quá hay,,,
Say oh yeah của Nguyễn Thăn Tùn mà ??,,,
"đéo làm được con cặc gì ngồi múa phím suy diễn đm tụi bây , làm được cái gì như người ta rồi hãy nói loại ghen ăn tức ở",,,
Bui Hoang lại mất quan điểm,,,
Chi kế toán nhìn giống idol vĩnh thâm kim vl :))))),,,
cong suc bao lau cua minh cung dang nhe~,,,
Ok anh như 2 giọt nước 😍,,,
"Tính ra cũng nhanh thật, mới đó mà ae trog bộ tộc đã trải qua 1 quãng thời gian dài cùng nhau xem stream cùng nhau ao làng cùng nhau donate chém gió ngồi nghe ca hát các kiểu các thể loại rùi, & bây h cũng sắp chào đón 1 bé ""Cáo"" e cu Sói nữa chứ",,,
Valentine năm ngoái có anh,,,
Moon Nguyễn số đt kìa,,,
Minhh Khuê có bà ở trong đó k :vv,,,
Chị em rụng trứng chưa,,,
thôn...làm ! cán bộ thôn...làm !,,,
Xống ở Tiền Dang hăm lăm năm gòi. Biếc kiu cái đó là bộ li quăng thôi hà. Chứ đó dờ cũng chưa tìm hiểu coi viếc ằng xao nữa 😂😂😂,,,
"Mình đặt nước hoa nhỏ này như nước lã thấy có mấy trăm ngàn nên mình ko làm lớn chuyện!nhắn tin nó chặn luôn,gọi thì nó đổ lỗi các thử!mong công an vào cuộc và quản lý thị trường vào cuộc bán nước hoa đểu",,,
Bus nhanh còn đi đánh giải,,,
Quái thú :)),,,
Có bác Đam là yên tâm quá.,,,
Chúng m có thấy bố t ngầu ko,,,
7 pút 45 giây tới 50 giây cười ỉa,,,
VN cố lên :>,,,
Tìm mọc râu mới thấy cmt anh,,,
Phạm Văn Lộc idol cũng lên nghỉ đi nhé 😷,,,
Bình tĩnh anh ba ơi :>,,,
Vẫn cứ là ok anh ơiii❤️,,,
"Dân biển sao không biết được, ham cái lợi nhỏ nên im luôn thôi",,,
tag em này 🤷🤷,,,
"Đảng viên thì sao?công khai đảng viên còn hơn lũ 3/// nhưng là cộng sản nằm vùng ,đem con mụ Nẫm qua chửi Mỹ như chó -lũ 3/// chống lưng cho mụ chửi ,tao là diện HO mà tao còn ko ưa tụi 3///",,,
Giày hiệu made mixi :),,,
"THẦN QUYỀN MÔN SÚNG BẮN.KHÔNG TRÚNG,  DAO CHÉM KO CHẾT. NHƯNG CÂY ĐẬP LÀ TÈO",,,
Đm chậm thôi :)),,,
Ơ K-ICM là ca sĩ hả,,,
Ngta chi ân bn ạ.bn ơi hàng F1 nha bn,,,
Cái bút nói lên con người chị rồi :)))),,,
BHân Nguyễn coi chừng nè huhu,,,
thằng fb nó còn biết troll người :v,,,
Nhạc với lời hoàn toàn k hợp với nhau như kiểu nghe lần đầu k hiểu càng nghe nhiều lần càng k hiểu gì luôn,,,
Bô lây cả nhà mày tiep ạ,,,
Like rồi,,,
dm bữa ni đường 3m cũng có CA đứng @@,,,
Sao về lắm thế nhỉ,,,
í o í òoo :))),,,
"Rồi như nào,, 🤔",,,
Nguyễn Hiếu =)) 1:1 là gì b ơi,,,
aBe toàn nói điêu,,,
Nguyễn Ngân Thanh Nguyển Thị Bích Trâm Ngọc Nhi tụi m có như vậy ko :))),,,
Hay quá,,,
Trên thế giới này không ai tấu hài qua Tiên Tri Trần Dần. hi hi hi,,,
Buon long chua,,,
Đinh Ngọc Anh mình thấy đẹp là được b ơi ko qtrong ng khác thấy ntnao,,,
"Ổng không nói bậy nói bạ ,ổng sống được với đám ba que  à",,,
Hi dep,,,
A di đà phật :))),,,
Tội nghiệp con này nghiệp nó nặng quá nó chết hết đầu thai,,,
Đình Quang xạo l z pa,,,
Nghe nhạc KP nhớ ng eo cũ 🤣😂 May mắn không hợp nghe nhạc KP và cũng may mắn không lấy ng eo cũ làm chồng.,,,
Nguyễn Văn Nam cái đó gọi là ngu đấy bạn...😂😂😂 Và chắc ở đây cũng có nhìu ae giống vậy 😂😂😂,,,
T cũng tính chửi. Toàn cmt xàm lol ko,,,
:| sân khấu bé thế này chắc là do Arena thuê các táo về diễn quảng cáo rồi :| thôi xem pháo hoa là đủ vui rồi các pạn ahihi,,,
Đông Ca là địt cụ m ngủ đi,,,
Mong tập của cô Minh Hiếu lâu lắm luôn rồi á ><,,,
Chị ba chuoi nghe đã lô tai,,,
Ông sói chơi món này thật sự gà :))),,,
Công tình mà nói lời nghe chưa đã.,,,
sdfsdfs,,,
"Thôi chết mẹ, hôm nọ thì con mẹ nấm thối kêu gào ông trum ông vại này nọ,giờ lại đến idol trần dần. Đang tự hỏi,không biết con mẹ nấm thối có phải là cộng sản nằm vùng không ?",,,
lương y như từ mẫu,,,
Nguyễn Thị Luận Thái Nguyên nữa :((,,,
Cái đ.m idol của e mà a mang ra cợt nhả vậy à :< e thấy 2 thằng này mới giôbgs nhau nè :>,,,
Mai chúng ta sẽ thấy Thích DjChip nhé!!!!,,,
đi cách li chứ đi nghỉ mát ở khách sạn đ đâu mà đòi hỏi bố thằng điên,,,
Lại là QN của mình :(((,,,
Thấy vuivui ta ...,,,
Mình đang tìm một con bò đặc điểm nhận dạng nó kêu cực kì thuyết phục nha có hậu tạ :;),,,
Tu Kim Khoa,,,
Bộ Y tế lúc này 🤣,,,
Tộc trưởng có khác :v,,,
cười vãi l :))))),,,
Tất nhiên và tất nhiên,,,
Ai cũng như chị làm con ô tô thế chết hà nội tắc lắm rồi .,,,
Anh độ ko live à?,,,
Chào các chế nha🤣,,,
stt của 1 page hay nhất từng đọc <3,,,
Riêng chú a cho nghỉ m2/9 dài dài yên tâm. Để đi xả stress...,,,
Có ý thức chút coi người nước ngoài mà hành xử không văn minh gì cả,,,
Lào Caiiii <3,,,
"Sao quan chức cao cắp csnào , khi vi phạm pl cũng đều trả lời có vẻ ngây ngô , khờ khạo . Chẳng lẽ qui trình chọn lọc cán bộ cấp chiến lược là vậy sao ?!.Nhìn hành vi các qc phạm pháp thì biết nước nhà do các vĩ lđ sẽ đi về đâu . Đúng là các vị coi dân như những con lừa , mưốn làm gì củng được .Thế mà vẵn quang vinh vĩ đại !",,,
này thì thiên chúa bảo vệ,,,
Ai có hình này không mặt. Thì cho em xin với!!,,,
Đm chị tao bị mất gần 700tr. Có cmr ghi đc hình ăn trộm nhưng cũng botay :v,,,
Em xin cảm ơn abe vì tất cả ...,,,
Cả họ con này bị ma ám,,,
Lớp thầy ba toàn những thánh edit mang đẩng cấp vũ trụ :))),,,
Vào đây kiếm thóc nè các trò của Abe . Liên hệ mình để nhận ưu đãi 3tr nè,,,
Qua tr dth,,,
Công nhân chi chưi cug điêu luyên ma chi noi chuyên có duyên nưa,,,
Cực kì thuyết phục 😊,,,
Nguyễn Trọng Hiệp nhà dư con huayra nè! Mượn k để t gửi ship qua cho,,,
Đây là biểu cảm khi hai cháu xem,,,
Đánh răng 3 phút đến từ vị trí của Quang ngọc trinh =)),,,
Moi nhin Minh Hieu giong ca si CAm Ly lam luon,,,
Trang lồn trâu này chả khác đéo gì việt tân. Fan thì địt có ai. Toàn gây thù chuốc oán cho nhau. Còn những thằng cmt ở trên vs những cái suy nghĩ lệch lạc cũng chẳng khác lồn gì lũ bán nước.,,,
Maii đây chứ đâu,,,
Hóng abe react,,,
Chọc ai chứ đừng chọc chế hiếu,,,
Nghe rất vô lý như cũng rất thuyết phục,,,
Nhớ diễn hài thật hay nha abe 😙😙😙😙😙,,,
Thái Dương,,,
Lương còn nguyên nghĩa là chưa sắm đồ,,,
Cương Đặng ok,,,
Nghe nhạc nhớ luôn,,,
"@Been 93 Nguyễn tao theo dõi Linda từ 2013 tới bây giờ rồi chứ không phải mới đây mà biết hay không biết, tụi nó cmt ít có xàm lồn quá nên bị chửi là vừa, rồi nói cmt khen mà cũng bị  chửi là do tụi nó cmt khen trên đầu trên cổ người ta đm ai không chửi",,,
"mắm cá linh,  ca lốc",,,
Nguyễn Trọng Hiệp hình ảnh chân thật đấy,,,
anh độ dân chơi :)) nhìn phát biết ngay,,,
Cái ảnh trên cùng hình như là cầu vượt chỗ KCN Phúc Điền HD.,,,
Tiên tri gì nói xàm chết mẹ,,,
Đưa em về thanh xuân,,,
Từ từ 😂😂😂😂,,,
Nhìn mặt tui có quan tâm tới chuyện của ông già ko?,,,
Trần Diên Dưỡng Sang kênh của ông bán bánh mỳ nhâ :))),,,
😍😍😍,,,
Tuổi trẻ lầm lỡ,,,
"Cai lol me tui may nhìn đi , tui mày nhin cho ki anh ba chỉ làm dc một lần nv thôi , dc chưa , cđm tui mày",,,
Tuấn Mạnh à nãy xem rồi ^^,,,
Lệ Mai hay quá eim mei ei ...,,,
Thich chi noi chuyen qua,,,
Cách phân biệt tiểu tiểu vs sena :)),,,
Khug xau xi deo vang gja len cau lai ha con di khug mjeg lok,,,
Già mà non quá =)),,,
tiểu tiểu là cái tầm cmnr,,,
Thôi xong,,,
Em nói là anh ở nhà Hưng Khánh . Hông cod đi đâu hết.,,,
Linh hồn của team chiều nay có tung ác chủ bài vào k a? :)),,,
Hai người này giống cặp tình nhân quá,,,
Thang khung,,,
em anh ơi,,,
Phải giống bố lương 7-8tr nhưng vẫn có oto chạy và mua cua hoàng đế ăn nhé :)),,,
"Đừng thụ động chạy theo người bị dịch bệnh... giờ tăng cường mọi nơi khử trùng, toàn dân chung tay phòng dịch. K bất đắc dĩ hạn chế nơi đông người. Tránh tiếp xúc với người khác",,,
T thích thì t sắm chả qf ngày gì còn tết thì t sắm nhiud hơn ngày thường tí haha,,,
Trời sinh một cặp hjhj,,,
Ở Nhật nhưng làm việc hành chính theo kiểu Việt Nam - Buồn,,,
Chuyên toán và rất xuất sắc môn anh văn,,,
Oke anh bô,,,
Phạm Minh Tuấn nghe mà k cảm nhận nổi,,,
Nguyễn Thị Hà Trang Yêu wa’🥰😘,,,
Netflix đồng hành cùng bao ngườiii,,,
Con gà tại sao không phải là anh Ba mà là Pét Len =)),,,
Nè ní. M sai m cố chấp jo m xl à. Đào đất ngủ đi r nhận sự tha thứ,,,
Nói chuyện vừa dễ thương nghe quen tai hợp tính 🤣,,,
Gõ google y chang ra,,,
Đông Uyên Vi Do hic lễ của t :(( Jonathan Huynh Nữ Nguyễn Duy Huu,,,
Hoặc đi xem 1 mình như em nhé :),,,
Ai lớp du chu cà mo🤣,,,
"Cơ hội này đưa ra kl là tốt quá rồi, dân ai để ý nữa đâu. Lo vn tối ni ăn hay thua thôi...bởi ta nói...😂",,,
Hóa Bùi khỏi phải qua mẽo,,,
Thì ra là lủng từ hồi chuyên nghiệp :)),,,
Vũ Thanh Huyền a vừa ăn cơm nghe statu này tý sặc,,,
7 miếng đất mà thành 6 miếng đất là kì lắm cô ơi =((((,,,
Phải có cái đầu,,,
hahaha,,,
Xem ok phết 🤣,,,
Ủng hộ aba xoá kênh,,,
Quỳnh Anh ngàn ly không say là có thật,,,
Hãy nghe và nhìn những gì Thiệu làm :)),,,
Nhà Độ sẽ đếch cần tới máy phát điện mỗi khi cúp điện nữa =)),,,
Huy Nguyen đang si nghĩ tố cảnh anh Tạ Duy Ân bưa chạy oành oạch lên hvp mà e cười khùng =)),,,
Giận phải nói chuyện đàn hoàn,,,
Ngủ 2 giất thầy mới onl :)),,,
Ơn giời cậu đây rồi. mấy hôm nay nằm ở nhà buồn quá. tấc nhiêng thấy cậu  chưa chết là là là là vui rồi,,,
"tôi vẫn không tin bọn dlv ngu học, cho tới khi đọc 1 top comment :v. Gặp người có kiến thức phản biện lại thì cụp đuôi ngay, chả biết ghi gì ngoài những câu chửi tục vô nghĩa. :3",,,
Sếp nhà ngta không bao giờ làm tôi thất vọng,,,
"Nhà tộc trưởng nuôi thú dữ trong nhà, mà đã dữ còn sa đoạ nỹaw",,,
Bả này có dương vật đó,,,
phục cái cm mày :),,,
Tiêu chiếc xe rồi !,,,
Con minh hiếu bêde già mất dạy,,,
Lợi cái đầu buồi j hả,,,
Quê vlin,,,
Ko s co chú độ đây rồi 😂,,,
Nguyễn Đức Thắng :))),,,
Xin slot. Ngày mai đi luôn,,,
Thich anh Chau qua ah,,,
Đc ăn cả ngã là xong là có thật mấy a xa bờ ạ :)),,,
xin vd ạ,,,
Thân Hoài Thương ?? Hay thì like đéo hay chả nhẽ k đc dlike? Lạ lồn thế? Sinh ra nút dlike làm cc gì? Hát như cc thì chả dlike,,,
NgọcNgà Lê kế toán chứ đâu phải chủ đâu mi,,,
Mì tôm mà:)) Tôm Alaska đếy:)),,,
Sinh nhật một mình. Không sao không cô đơn vì còn có bóng cùng vỗ tay chúc mừng sinh nhật mình. Chỉ là không cùng mình hát HPBD.,,,
đúng vậy có nhiều má còn leo lên ngồi nữa giày dép nó zơ mà leo lên ngồi thấy gớm,,,
Nhưng cái quần què đó lại bằng cả tủ đồ của mình,,,
áo với quần này đẹp hơn nè thầy ơi =)),,,
"Máy bay riêng, nhất m",,,
Trung come back ❤️,,,
Có ai lễ mà vẫn ở nhà giống mình không :v,,,
"Dùng được trong 2 năm là còn may, đéo biết nổi 2 tháng không",,,
Thành Hồ,,,
Trúc Thanhc,,,
Có bệnh mới về Việt Nam chữa thôi=)),,,
Tiên tri dũ chụ mau khoẻ :((,,,
Nguyễn Quốc An nhìn như con đười ươi,,,
Hanh Viet,,,
Nh e là đời lên đéo cần e,,,
Cầm gậy lên là làm ca sĩ :₫),,,
Tôi mệt đến nỗi ai muốn hiểu sao cũng đk chẳng buồn giải thích nữa,,,
Cá chết dân đói,,,
Trẻ con còn biết giỗ kìa 🙂,,,
Hôm trước đi xem mà ghê thật đấy. Nhưng mà phim hay cực 👍,,,
Khánh LyHoàng Yến Hồng Lê này thì các chị tha hồ chào tụi hàn theo thói quen của các chị nhé,,,
Sếp nhà người ta không làm mình thất vọng :))),,,
K ổn anh ạ,,,
Óc sáng tạo của người Việt mình thì khó ai bằng.,,,
❤️,,,
bớt so sánh đi,,,
Nụ cười luôn hé,,,
Dép mang cả năm tơi tả nó còn hack đc nữa là,,,
Cái góc cạnh này là ai hao hao giống a3 đúng không?,,,
Lyly Nguyen trend 2 cái càng của xíu lên ngôi kkk,,,
Tớ xin cái ảnh này nhé,,,
"Ngụy...là khi chúng mày đói rét, không nơi nương tựa. Chúng mày núp dưới đáy quần của bà Cát Hanh Long, hả miệng chó ra nhận từng chén cơm của bà ta. Khi chúng mày nắm được quyền lực thì đem người ta ra bắn. Chúng mày thua loài súc sinh!",,,
Lan Anh Nguyễn nâu choco bt ko tẩy thôi nè b,,,
"Bố cái thằng ad, có cơ hội lại chả đầu cơ luôn ấy.",,,
"Lê Thành Thảo Duyên Gia Nghi xem đi, trend cánh hoa đó 😏",,,
Huyền Khánh Phùng giống thật sự :)),,,
Chữi gian trời đất nước,,,
"Lạc hậu, nghèo đói , trộm cươp...thời đại rực cmn rỡ",,,
Tiền của TAO. Phắc!,,,
Thức cả đêm edit cái đoạn này xong sáng ngủ dậy thấy trong bộ tốc mấy cái liền thôi lặng lẽ xóa video :(,,,
"Giấy chủ quyền bỏ trong tụng, câu nói chân chất miền Tây",,,
Trung thu nhà nghỉ ko đặt lịch trc là hết phòng 🤣,,,
"Mấy đứa Share cho bạn bè nghe ""Giọng ca Vàng trong Làng Cover"" nha 😎😎😎",,,
Con cháu Bec và Đảng cộng sản quang vinh muôn năm...🤣🤣🤣,,,
Cực kỳ thuyết phục @,,,
Truong Anh nghĩ lại vụ đó thấy tội bác lái container vãi đéo làm sai cũng bị phạt chỉ có thể là VN phiên tòa như show hài,,,
Nguyễn Đăng Dự cười thì sao??,,,
d m hải quan k tham nhũng mang đầu tao đi mà chặt,,,
Game là dễ 😂,,,
Ai Vy Huynh chết được,,,
Thế máy tính ở đâu mà macro :)) ạ,,,
Giang Giang Đỗ Thị Ngọc Hà trend mới kìa kìa,,,
Tìm một bạn nữ cùng cover tình yêu của nhà anh mixi,,,
Vừa tham gia.,,,
Giới ơi la trời oiiii,,,
Quỳnh Nhi Đình Hoàng xong rồi hoàng ơi :)),,,
🥰,,,
Minh hiếu chửi lồn mà còn hay,,,
tính tiền cho thầy :v,,,
Bạn nào hợp tác làm đứa k chứ vã qué,,,
Vân Nhi,,,
Được anh ưi :<<,,,
"Anh Quyền tốt hơn 👍 vì vậy , Chú 3 hãy cho petland về Phú Yên đi !",,,
Chị ba chắc còn trinh trâu hahaha,,,
Phim hay vậy mà bồ t nó hong chịu đi coi,,,
"Xích cổ cách ly ngoài rừng cho hợp với không khí nó cần,thag ml",,,
sống chậm thôi các học viên=)),,,
20-10 vui vẻ con bóng sadec:)),,,
Sting vô đầu,,,
Ý nghĩa,,,
ít đăng bài tuần trước giờ em mất cứng dồiii 🤦🏻‍♀️,,,
"Cắt giảm nhân sự thì có nhà vẫn còn cơm ăn, còn k cắt thì tất cả đều phải nhịn. Mấy thằng nói đạo lý chắc mới bị đuổi việc :)))",,,
sai vl,,,
Khi quá nhiều tiền=))),,,
Nguyễn Tài đọc review khỏi ra rạp tốn tiền để tết đi coi luôn bộ của TG với đôi mắt âm dương :)))),,,
Nguyễn Đặng Như Ý. Nhớ ngen cưng,,,
Câu like câu view,,,
Được của ló thầy ơi,,,
..mm,,,
"Thử một lần tỏ tình, và cũng một lần bị đau",,,
Dừa lắm :))),,,
"Đơn giản là vn có cùng chung chí hướng với mỹ đâu? Vn có tham gia vào liên minh của my,philippin,hàn quốc,nhật bản,australia đâu,vn như ngoài rìa vậy đó,đó là do chính sách của nhà nước đến h vẫn chưa chịu bắt tay tham gia vào liên minh đó,vì nhà nước",,,
Văn hoá máu lồn huh? =)) mất dậy nhưng có che đậy gì đâu :)) Like,,,
Nguyễn Quỳnh Thi Đà Nẵng nè 😞,,,
:)) má. Tưởng ghép k á,,,
Fb linda la gi v mọi người,,,
Tân AK xin vd ạ,,,
khi dân ta ảo tưởng :3,,,
"Người nhục phải là bọn chúng và bạn chứ tại sao lại là chúng tôi? Chúng tôi mua 1 vỉ trứng hay cái kẹo cũng phải ""bỏ ống"" cho các bạn 10% trong khi các bạn nhận tiền mà lại ko làm việc đàng hoàng còn quay lại hăm doạ bắt bớ chúng tôi thì hay ho chỗ nào",,,
"Ơ, thế bà già của mụ này ngoại tình vs ông hồ lòi ra mụ ah ?",,,
Đ-ICM :))),,,
Thầy tao bảo cái này đem ra biển đưa xuống 15m là bejp,,,
Bts là con cặc,,,
Hahaha cười ỉa...yêu nhau ko bao lời có đụ,,,
cái này tại dân... cu hòi húng nó bảo thế :v,,,
Thiếu idol Cẩm Lan Sục của t,,,
Đốc Nhọ Làm phát cho chất 🤣 t làm quả giống idol Chip chất vl,,,
Mỗi tháng đc có 600 bạc tiền lương mà ngu như chó. Đây gọi là con chó và ng đi săn.,,,
Fb a tống hạo linh e,,,
Chờ em mặc quần cái,,,
Ăn con bờ lu cũng ko xong. Thầy ơi là thầy,,,
"thề đi éo đâu cũng gặp ông long này , hay phá game vãi đái , đéo nhăt đc mồm =)))",,,
Cố lên bác,,,
mời abe đến quầy số 15 để thanh toán,,,
bả mặc áo thấy hết rồi đg ăn cơm nhá sặc cơm mù mét,,,
Hoa của m nè Võ Hoàng Duy,,,
phục cái máu lồn,,,
con di~ dang hang leo rank,,,
Hành trình này cần người cùng bước chung lối và mình thì đéo có ai :)),,,
Haha thầy đang nằm mơ hả thầy,,,
đội trưởng mĩ hihihi,,,
Nhìn thầy có khác gì th nghiện k,,,
Bọn này mỗi ngày thêm khôn,,,
Tức á ca ko đc,,,
ThanhHuy Nguyen nào -.-,,,
Cái này sao giống có đoạn bị ghép hơ,,,
Kính hiệu cao bằng,,,
Cực kì cái con mã mẹ tụi mày chứ thuyết phục 🤬,,,
Cái miệng vòi bò nhức nhúc,,,
Thúy Hiền gơ thiệt,,,
Puca Nguyễn chả hiểu sao có thể mặc đc cơ 🤣,,,
Anh toii làm hẳn quả vlog bốn mấy phút. Được thực sự :))))),,,
"Bang cali đang dịch kinh khủng, cầu mong TRẦN DẦN mạnh khỏe.",,,
Khốn kiếp,,,
Đặc điểm nhận dạng người tăng động,,,
cám ơn ad vì sự thay đổi nhỏ này :'(,,,
"Rất thích bài viết thế này. Hay và ý nghĩa, học thêm nhiều cái mới",,,
Cáu vl,,,
"Đâyyyy, tóc đâyyyy 😭😭",,,
Hương Quỳnh,,,
T cũng zui quá nè 🙃🤣,,,
Adm :)))),,,
mua bút ở đâu vậy,,,
"Sao nhiều người lgbt, khoe khoan, nói tục chửi thề nhìn ghét vl mà sao xem MH nhìn dễ thương chân chất thật :))",,,
Cực kì thuyết phục 🤣🤣,,,
QuânAnh dogy chứ,,,
Cường vậy đúng k?,,,
Điên .,,,
mình nghe nói corona lây qua đường sách vở mà trường mình vẫn học,,,
Nyc mình thích thầy Ba lắm. Thấy thầy được nút vàng mà vui thay. Haha,,,
Diện Trần,,,
Bên e co cơm tinh thương nak. Lm phúc đi,,,
Co dep qua co oi,,,
Có phải người săn hết bcs là ck nữ chính phỏng?????,,,
Bình Minh =))),,,
Ông tiên đoán xem bản thân ông có bị nhiễm không,,,
Thanh Trúc bình luận ik,,,
neu anh chi em nao dap con Linh Dai Loan  1 tran  tet  mom toi dua 5000us,,,
Nguyễn Sơn thiếu số nhỉ có số thì lại đẹp,,,
Giống vl :)),,,
Cực kì Mộ Dung Phục,,,
Việt nam mình gọi là Hoa cánh Bướm,,,
Chào nguoi dep.  any o my  Nghe khoai qua,,,
T có nói đợi là được đáp trả đâu,,,
Hồ Nguyễn Quốc Phú sủa ít thôi,,,
Cả thế giới đang cầu nguyện cho dân chúng bình an - báo toàn đăng mấy tin k liên quan ... haizzz chuyện tc của họ kệ đi soi mói vừa,,,
Ok thầy ;v,,,
I love you chu cà mo . Là cho mò cu đó trời mc minh tuân còn lập lại nữa hahaahha,,,
Chai nước hoa tiền mày tặng có hay bằng nhân cách k của người ta k .mà phải theo m,,,
Hoai Tam Truong sời :)),,,
Xin nhẹ nha thầy,,,
Làm clip tìm tận cái ổ nó thuê ở đi cô ơi tụi con ủng hộ cô,,,
Anh này có kết quả âm tính từ tối qua r nha,,,
Trần Mạnh Hải do hình có ghi nguồn rồi nên anh ko ghi cre nha chú :)),,,
yêu abe 3000,,,
Bô ơi là bô,,,
mưa gió tối đến chỉ muốn xem stream,,,
xộn lào quá hà :))) 1 chai bán 1tr giảm còn 300k hai chai :v hàng giả chính hãng nha cả nhà :v,,,
"Thằng này thò tay ra luồn dưới gầm bàn lấy dollar của chệt ,bởi vậy mấy thằng an ninh sân bay của chệt đỏ nó chửi ra mặt vậy mà nó câm như hến...",,,
sóng gió Youtube bà con ơi🤣🤣🤣,,,
Mn nghĩ ntn vs cái tên loạn thế âm binh?,,,
Maruko Linh gấu mèo bắc mỹ,,,
Vn bjo toàn thằng bệnh nhỉ,,,
Ví dụ ko có dàn máy mà chơi cái này dc ko mấy chú :))),,,
Thử sức mạnh mình một tí xem sao thôi mà.=)))),,,
Súng bắn kg trúng nhưng lăn đùng ra chết. 😃😃😃😃phố boá chơi khăm chần dần.,,,
"Công nhận thần quyền của ông rất giỏi  ,chỉ múa cho đẹp thôi chứ thực chiến là  thua ngay, vẫn chém gió được là còn khỏe,  nổ hơn cả bom",,,
"Có một người đàn ông nọ đứng ở giữa quảng trường và hét to: ""Lãnh đạo đất nước là những thằng ngu"".",,,
má ba đẹp mà chử hay quá,,,
Nhỏ thì muốn lớn thật nhanh,,,
cả 2 cùng có lỗi mà biết ls dc cái số,,,
Anh em ơi cho mình hỏi làm thế nào để tham gia vào buổi talk show của anh độ vậy,,,
Dân InDo nghe lại vài lần đi bro,,,
hóng clip tùng chơi 😂,,,
Ok chưa,,,
Nghèo đói quá mà,,,
"Hiệp Đinh hãy nhìn lại cách viết rồi đi trách người khác , lời nói chẳng mất tiền mua đâu",,,
Có bác nào có hình nền màn hình destop giống của độ không cho e xin với ạ =))),,,
Chị em mua cũng bị cô này lừa nek,,,
she and Cam Ly looks alike,,,
hi,,,
"lũ bán nước đang bú đít tụi đài loan china.dech mẹ gia đình thằng chủ tịch tỉnh QB , mả cha thằng bộ trưởng tài nguyên môi trường.lũ sâu bọ",,,
đc vl a ui,,,
Nguyễn Phan Hoài Ninh ai kêu gáy sớm giờ khỏi có cơm ăn:)),,,
Ờ ờ ... tình hình là nó sẽ còn đỏ trong vài ngày tới ! 28 đến 30 ngày sau sẽ có đợt đỏ như vậy ! Chu kỳ nó vậy ! Bà con đừng lo lắng nha kakakaka,,,
Chuẩn ko cần chỉnh,,,
Ngta chửi ý thức thui còn nhà nước Việt Nam luôn chào đón công dân có tinh thần tự giác bảo vệ bản thân và cộng đồng mà . C ý về đtri với tinh thần tự giác khai báo tình trạng sk và cách ly theo qđ là điều rất tốt .,,,
Duy Trần xin clip vs bạn ơi,,,
Cau mong cho duoc Chet trong binh yen,,,
Sao e bật thông báo r mà k nhận được thông báo live ạ,,,
"Xàm ghê, có miến ziên nào chết liền , tự nhiên so sánh với Lisa",,,
Sáng sớm thấy set fan cứng nên cảm thấy đầy trách nhiệm =))) mặc dù chả biết cmt mẹ gì 😅,,,
Cực kỳ thuyết minh,,,
Bùi Đức Hậu lừa cả đấy :<,,,
"Khoan nói chuyện xây cái cổng nhưng thằng add óc chó quá, người nghèo mà mày cái đéo gì cũng lấy ra làm chuẩn để ko đc làm cái này cái khác. Bây giờ là cho người nghèo cái ""cần"" chứ ko phải bỏ tiền vào mồm người nghèo, ko là nghèo bền vững đấy.",,,
Nó muốn tạo ra scandan đó mà,,,
"Cô này chủ vlxd giàu có và chuyên từ thiện luôn nhaaa bạn,bớt nói cho bớt nghiệppp",,,
Nguyễn Văn Huân sống chậm làm đéo j,,,
Người có tiền mặc gì chả đẹp,,,
hai mẹ con nhà này giờ thanh nhân vật của năm rồi! 😂😂,,,
Nam mô a di đà phật 🙇🙇🙇,,,
Dùng cái này có hết hôi nách k thầy,,,
"12:55 sau buổi phỏng vấn này tôi sẽ múa 1 bài võ cho...choX3,14 ... dập đĩa dữ 😂😂😂",,,
Dm quảng cáo :)),,,
Trần Dần nói về vấn đề tức diên nè ae https://youtu.be/5e57LtjKwpA,,,
Hoàn Thành anh muốn về đâu cũng được hết 🤤,,,
Các chị sắm tóc chưa :)))),,,
Fl duck.fuu mình trả bằng pos.142,,,
Nè :3,,,
"Đm nó bây giờ mày là thằng ất ơ mới vào làm thì đm trên dưới cả bộ máy nó ăn thì mày có dám không ăn ? Còn cha mẹ phải nuôi còn dự định tương lai đm ở đâu cũng thế thôi , trên mạng ai biết mày là ai mày nói như kiểu thánh thiện lắm nhưng mà đời sống đéo có cái bỏ vào mồm thì xin mượn lời Ngọc Trinh là "" cạp đất mà ăn"" nhé . Thân ái",,,
Giống mấy ông trong trại thương điên ngôi nghịch kiến ấy .nhưng đây nghịch alone,,,
Té ra nó là thừng mặt heo à.:)),,,
dkm thằng nào sủa câu này -_-,,,
Trung cọc quá zậy =))),,,
Cô dễ thương quá 😍😍,,,
em hông hỉu em hông hỉu :((,,,
"Tâm thần cho nghỉ việc ,không đề ảnh hưởng đến ngành CA!",,,
"trời ơi, cô nói chuyện giọng cưng xỉu <3 <3 <3 iu quá",,,
Ở Bển thì có bệnh nhân 31 ở mình thì có bệnh nhân 17 :) chịu thật sự,,,
Tình báo nằm vùng :)),,,
Có ai gióng tôi không? Trần Dần là người chống cộng đáng xem nhất và bị ít người ghét nhất. Tầm tuổi ông mà được như vậy thì khi về nước chắc nhiều người hoan nganh lắm đây.,,,
Nguyen Nam chửi ac' quá :))))),,,
Khánh Robinson woaooo,,,
BHXH đóng để lấy tiền bù thâm hụt ngân sách thôi chứ ko phải vì công nhân -_- ! Đóng cho cố vào ko biết có lãnh được không nữa !,,,
lời nói đâu mất tiền mua  sau bà ăn nói ko có văn hóa dzay,,,
Tao cười ỉa,,,
Đẹp mặt Việt Nam quá mà. Nhất là ngay thủ đô chứ,,,
Xài đít có thơm ko abe,,,
"Nó đi du lịch bị lây cũng ko có gì để bàn luận , cái chính ở đây là nó khai gian , nó nghĩ nhà nó nhiều tiền , về nhà nó lấy tiền nấu thuốc uống sẽ khỏi bệnh , cái lịt mẹ nó con chó nhung😡",,,
Về bản làm 1 bộ như tộc trưởng em ưi Thụy Hân,,,
Thầy 20-10 vui vẻ,,,
Nyc mình thích thầy Ba lắm. Thấy thầy được nút vàng mà vui thay. Haha,,,
2ba là bede,,,
Abe muôn năm 😂,,,
Nếu ko có nhung thì cũng có 14 ng nước ngoài mà...,,,
Khánh Duy share đi cháu 🤣,,,
Hay lắm 35 ng rồi cbi hỏng rồi đang cănng mà vẫn chưa cho các cháu thpt nghỉ,,,
Khó vẽ nụ cười,,,
"Khu đặc trị của tàu, nó muốn làm cmg thì kệ cha nó. Mấy bác cứ thích ý kiến ý cò.. :'(",,,
Game gì đây ae,,,
Tâm bất biến giữa dòng đời vạn biến ở hang 3ron :DD,,,
Uống dc tuần thấy có sự cải thiện,,,
Sống chậm thôi 2p 😂,,,
Dù em chỉ có một cái bánh mì,,,
nó có hát lúc nào đâu mà như những bài trước .,,,
Ai lớp du chu cờ mo em yêu anh cho gờ ku bái bai!,,,
Ngu chua tung co di mua do phe thai ve xai made in tau khua dat nuoc ngoc dau ko noi la do lanh dao ngu ngoc,,,
"May quá ông không bị nhiễm cov , tấc nhiêng là chúc mừng cá nhân ông , nếu không may mà ông chết vì virrut thì thế giới mất đi một nhà tiên tri zũ trụ , nước mỹ và 3 đời tổng thống mất đi một cố vấn tối cao , người Việt trong nước mất đi một đại danh hài ! May thay , may thay tức nhiêng là tức nhiêng là tức nhiêng ...",,,
Nguyễn Hằng Khanh Nguyen hay ăn nè,,,
"Xin cụ bảo trọng, nếu cụ chưa muốn về tái sinh để làm Vua trẻ ở một thế giới nào đấy !",,,
Phan Thị Mỹ Dung,,,
Cực kì thuyết,,,
gửi t xin video vs pro,,,
Như 2 giọt nước luôn thầy ơi. Trinh giọt nước suối còn thầy giọt nước cống thầy ạ =))),,,
Cần lắm tiếng nói của 1 dâm loạn viên,,,
"haha chúng nó tính thoát trung bằng các chui vào rọ Mỹ =)) thoát thoát cái cm mấy thằng phản động , não chó bày đặt chê bai",,,
Bui Hoang My Trang điiii,,,
chị thấy là chị sỉu =))),,,
#NAME?,,,
người dân vũ hán sẽ nhớ mãi tên bác,,,
Nguyễn Hạnh Mai phục con ciu,,,
Này thì sao?,,,
Nghe chị chững bị tinh thần chửi là em biết hơn Linh Lóc rồi!,,,
Chắc phải vô dislike xong cái ra quá :)),,,
Lại đào lên à,,,
mãi mới ra series này ;v,,,
Rất thuyết phục =)),,,
Ok ok,,,
Con điên xóm đao,,,
2 tiệm bánh mì,,,
Susan đang giận,,,
thề a ác vs A Quang vl ... a den vl,,,
- Chủ tịch trêu chó và cái kết bay mất bộ bàn ghế 😂,,,
"Tuổi cũng cao rồi mụ già ơi. Sống sao cho con cháu bạn bè quê hương tôn trọng quý mến
Sau này mụ chết cũng về với cát bụi thôi",,,
Hợp lý :3,,,
Trần Gia Bảo đục vào tường ấy,,,
"Biến đi bạn ơi, chảnh chỗ nào vậy? Ghê cái gì?",,,
Phương Nguyễn Thanh tất nhiên đây là quan điểm của cá nhân mình. Chứ việc đi ngược số đông hay không thì tùy vào cá nhân cảm nhận mà thôi :)),,,
"cmt,xem trước các thứ đầy đủ vẫn mất fan cứng thì chịuuuuu",,,
Bớt nghiệp nhé mn người ta làm ra tiền trên sức lao động người ta mà..nhân quả sẽ có thật nhé mn ...,,,
"Người Miền Bắc,người Miền Trung,người Miền Nam cũng đều là người Việt Nam,tất cả các miền đều có người tốt người xấu,nhưng hầu như đa số tất cả việt cộng mà leo lên hàng lãnh đạo từ cấp tổ dân phố,cấp phường cho tới cấp chóp bu thì không có đứa nào là người tốt cả",,,
Uã.. tuõng su phu đi rùi ..xin chia buòn,,,
Do Dat gill xô đi đâu thế,,,
Huynh Tam HT nó ghi sống nhanh mà :)),,,
Cầm gậy lên là làm ca sĩ :₫),,,
"Xin lỗi cảnh sát , buồn cười thật. Phải xin lỗi mọi người dân chứ, vượt đèn đỏ gây tai nạn cho dân . Xl cảnh sát wai gì, nó mà thấy thì ăn hành ngay và luôn",,,
Nhân vật phụ mà lên hình to vậy abe 🙂,,,
Nguyễn Thế Vinh m chờ hết dịch chắc sang năm chạy grap,,,
K lo mang tiếng chết cháy nhưng vẫn chết vì giật :))),,,
"Nước giờ đắt, bán được giá mà",,,
Vũ Đức Cường nổ lực của thầy hát dc đền bù rồi,,,
Á đù idol ở đây luôn,,,
Đây là bạn thân của vũ khắc tiệp mọi ngừoi ạ.nên ý thức nó cũng y vậy,,,
Quan Hoang Trinh thì hoa tay mà,,,
tộc của anh chất lừ,,,
Cho con Facebook jk cô ba,,,
xin vd vs ạ,,,
191 tài trợ chương trình này,,,
Ok thầy :),,,
Nguyễn Định mất não be like,,,
Abe 6 vú,,,
càng tới dịp lễ Tết hay gì đó là càng muốn về nhà chơi với ba mẹ :((,,,
Nhìn rất HN nhưng thật ra là Cao Bằng :3,,,
"🔥 Trần Dần nói về chuyện ""Yêu thầm"" ca sĩ Như Quỳnh và xem thường Đào Mi...",,,
Nghe giọng mà n*ng hết sức :))))),,,
thằng lồn này chỉ biết tham Mu chứ biết cc gì,,,
RF có đc top 1 thêm bnhieu lần nữa thì toiii vẫn ế,,,
k khác dì mấy với bọn thượng đẳng hàn quốc,,,
"Ông ad làm ăn chán qá, đăng cái gì lên thì kèm theo link giùm cái, ngta đỡ fải search.. Chả nhẽ đầu năm lại phủ đầu cho cái 😂",,,
Mến em đã lâu hôm nay mới biết em người chuyện giới 👍👍👍,,,
Chán thực sự,,,
"Khanh Pham dốt nát kèm nghe bọn ngu 3/// dẻo mồm tiêm nhiễm thì ra thành cái loại như này đó bạn. Có khi mấy đứa 3/// nó tự làm mình nhiễm rồi về VN để lây lan cho dân chúng, sau đó nó đăng tin đăng bài nói nhà nước vô dụng này nọ, gây ra bạo loạn lật",,,
Kênh Chat thế giới khác,,,
E cũng rất thik lm giàu,,,
Chị Hậu ơi chị về thay hộ em cái quần với !,,,
. Good luck to all my friends.. ☘️,,,
điểm 10 cho nụ cười thật tươi,,,
Có cc nè em :),,,
Chỉ có ở Cao Bằng,,,
dân chơi Cao Bằng đấy,,,
sao hồi lần chị chị em em bây h tan rã rồi,,,
Phải công nhận a độ nhà mình lời thoại nhiều thật sự,,,
BenBen Duong cùy,,,
lại đêu,,,
Vừa xài vừa sạc mất tay như chơi 😑,,,
Nguyễn Công Kiên cứng đờ con gà,,,
Hâha,,,
"Huyền Trang, Thảo Sọt, Phạm Quang Tuyến",,,
Bảo My add cái coi😒,,,
Dám phản động hả? kkkk .,,,
Ông trần dần mang súng ra dọa con virus ncov19...tao có súng ▄︻̷̿┻̿═━一nè..tao có súng đó nha.. Bố bảo con virus corona nào dám nhập vào ông.,,,
Giang Nguyen :)),,,
Chi oi chi giau thi kê chi khoe cua lam gi,,,
Vương Hoàng Thái,,,
"Thực sự văng tục , chửi bậy kể cả chửi văn không phải là cái hay để mọi người hưởng ứng......đmm chẳng biết có phải một người viết hay không . Nhưng mà chửi hay vkllllllllll (y) Đọc mà nhiều lúc thấy đời đỡ bất công !",,,
"Nể nhất Lân Ca.! Sức chịu đựng thật phi thường,chứ e cười muốn sái hàm luôn.😂",,,
Nghe ông này nói phét cũng hài phết 🤣🤣🤣🤣🤣 chúc ông có nhiều sức khỏe để cống hiến tiếng cười cho cộng đồng nhé .,,,
Nhắc nhẹ ở đây còn 1 người nữa cũng rất đẹp trai,,,
Tóc du thiên đây mà,,,
Gil muôn nơi 😕,,,
Cực kỳ thuyết phục!,,,
Ngô Duy Tân bạn là người làm trong cty st à,,,
Đây là câu chuyện buồn mà🙁,,,
Nó lại được vãi lòn,,,
Duy Nguyen this me 🤣🤣🤣🤣🤣🤣 stay laughing in the middle of fun session,,,
dcm =))),,,
Thần đồng toán học !,,,
Gâu Gâu dể sợ hên về sớm,,,
"Ok tức ziên trần dần , tức ziên luôn luôn tức ziên bưng bô cho cộng sản rất xuất sắc , tức ziên trần dần nằm vùng rất xuất sắc . Tức ziên trần dần luôn là đệ nhất danh hài siêu sao tức ziên tức ziên tức diên",,,
ok . chuẩn ! t cg giống bn khi bjt mjh k dc bg ng thì fai hết sức nỗ lực .....,,,
Cực kì thuyết phục!!!,,,
Giọng cười phu thê =))),,,
Đm cái đầu b gì cũng tăng ...đm,,,
Đúng hay sai nhưng mở mồm ra đòi nửa tỷ là sai cmnr :v đời k ai ăn không của ai đc cái gì đâu :v ngu + tham thì chết thôi :v,,,
@Linsa NCT muốn bt tht hay giả mua đi rk bt,,,
Vậy e sẽ Thành người trung thực,,,
Kiim Synk's đú trend nè🤣,,,
Thà để mồ hôi rơi trên sách còn hơn là rơi trên công trường các em nhé :( thôi anh ns vậy thôi . đi đảo nốt đống vữa đã,,,
khi mày mặc quần trong đắt hơn quần ngoài :)),,,
Nhà tài trợ giấu mặt đã ủng hộ cho RF mua bo trong game đấu này <3,,,
Hai Vu trong truyền thuyết đây hả :))),,,
Nghe có lý nhưng lại rất thuyết phục,,,
😂😂😂,,,
Chơi tiên trị bị thánh quật cho chết đó 🤣,,,
Mặt nó lại ngáo 🤣,,,
Qua mặt j do fan minh hiếu vô chọc trần đoàn trước chi. Chó hùa,,,
Kh thích xem nono,,,
hóng đc chọn :((,,,
"\""đập vào mặt cái nk sale up to 50% thế này còn gì bằng\"" Bạch Tuyết said",,,
Còn sống thì chắc đúng là Sam rồi 😂,,,
Nguyễn Thế Sơn tớ cũngg công nhận là mix tiếng nhạc áp tiếng người nhưng mà câu từ cũng khá hay nếu nghe nhiều thì cũng ok,,,
Khịa pew vl,,,
Lê Hải Nam xin vid bro 😀,,,
Anh Minh,,,
Tối nay shop acc thầy Ba sẽ có nhiều acc hơn để chúng ta mua :)),,,
Phạm Phúc cmt dạo lên fan cứng thì kinh dồi,,,
"Mới làm từ thiện, hôm nay đại gia cái miệng giống cái hầm cầu vậy, mã cha mầy chạy xe có ngày đâm cột điện nè",,,
"mấy ông học FPT lấy ý tưởng mà làm đồ án nè, biết đâu lại xuất sắc :v",,,
Chỗ này ăn nhiều hơn nè vợ ơi. Vc mình ăn cho dc nhiều chồng ăn một mình ko kịp,,,
Má nó dơ vler 🤣🤣🤣,,,
Tuấn Hưng liên thiên quá rồi đấy,,,
Thôi ông im mẹ cái mồm đi,,,
Off stream sang động viên anh em Refund thôi a ơiii.,,,
Uầy,,,
Singend nữa,,,
Như nhau thôi😅,,,
sửa tay đi :),,,
Có tăng hàm răng đẹp ko,,,
Thằng assmin cút wa mĩ sống mày...( thay đồ đi lãnh 3 củ đây)...,,,
chúc mừng thầy chúm chím nha :)),,,
Như cc z thầy ơi :v,,,
"cười xỉu lun má ơi,,, cô có duyên quá, like cho cô",,,
"Thằng ad ""phản động"" chỉ giỏi ""xuyên tạc đường nối chính sách của đãng và nhà lước, bôi nhọ các anh hùng nực nượng vũ trang nhân dân"". Hết đặt mìn xe đò thì đặt mìn bưu điện, ném lựu đạn vào chợ vào rạp hát, pháo kích vào nhà dân vào trường học ko phải là khủng bố khủng mẹ gì hết, phải gọi là ""đi nàm kách mệnh"" mới đúng.",,,
bậy qua a âyy,,,
Cô dễ thương quá cô ơi. Ai lớp du chu cà mo ❤️❤️❤️❤️,,,
em ở quận hai bà trưng hà nội cơ,,,
Ông bố làm tôi xấu quá đi mất 😆,,,
Rất healthy và balance anh ạ😑,,,
Do mặt Khánh Chi đơ hay sao mà mình nhìn thấy mặt có vẻ khó chịu vậy ạ?,,,
Nguyễn Quốc An Cà khịa hay,,,
Nghĩ nhiều phát mệttt .,,,
Sống chậm lại,,,
vừa nhậu vừa có người canh xe.,,,
Hau Nguyen,,,
Vu Quynh Huong thế mà nó đéo chết đi. Giảm quá tải cho thế giới,,,
"Anh bảo có làm vid cho anh e xem, có làm ko",,,
"@MCVMedia em nam nha , tại thằng  bn nó kiếm chuyện nên em đạp mỏ nó lun ( thẳng ) kkk",,,
Ủa dzậy công an làm sai ai phạt?ai đền bù?,,,
ông nói đúng lòng dân rồi nhưng khéo nay mai vào tù lại không rõ vì sao,,,
"CH!CH khỏe, CH!CH phê, đê mê tối ngày :v",,,
Tóc của đì trây chíp 🤣🤣,,,
Chuẩn mấy bài trước nghe còn được chứ bài này mà ai khen hay thì t cũng chịu,,,
Lúc đấy tui tưởng dị là ngầu,,,
@vu thuan tiết nhiên bạn ơi Cuốc sư ko nói tất nhiên đâu,,,
Quang Nguyễn Đức tiếp xúc khoảng mười mấy ng á b.. Đc đưa đi cách ly rồi.. Phan thiết bị phong tỏa mấy đoạn đường cơ 😭😥,,,
"Bọn chó sư khởi nghiệp này, chúng lợi dụng sự thiếu hiểu biết và tư duy kém cỏi của tầng lớp lao động phổ thông, kém tri thức để trục lợi",,,
thương cô thiệt,,,
Bui Hoang thầy lồn,,,
chuong trinh sam lon qu a,,,
Sự nghiêp trồng người nó vĩ đại lắm. Trồng riết rừng cũng tang hoang người cũng tan xác,,,
được a ơiiii,,,
Nước mía đi mọi người,,,
Cuộc sống ai lường trc điều gì :((,,,
Thay mặt dân tộc Việt Nam! Chúng tôi rất cảm ơn trung của đã tăng cường phòng thủ đường biển cho Việt Nam! Thế này đố thằng nào đam đánh Việt Nam! Nữa,,,
Like nếu bạn hiểu,,,
Nghe có vẻ vô sinh nhưng rất dễ có thai =]]],,,
"chửi ca. nhưng lúc trộm cướp, cháy nhà, mất cắp lại hô "" ca đâu, ca đâu "" . :v",,,
"Ở indonesia đã có tàu điện ngầm rồi, ở Đông Lào đợi mãi không có",,,
Đúng nghĩa vác vú mà chạy,,,
Nguyễn Đặng Thủy Tiên đây,,,
Co ba o dau vay,,,
Cute thật sự 😍,,,
Iuuu Tòi Xúng 😚,,,
Đây là 1 câu chuyện buồn =)),,,
Bait :),,,
Lại khịa rồi anh ơi :)))),,,
Yêu thầy <3,,,
Chuc ong tran dan nhieu suc khoe,,,
Yep!!! Cố lên❤️❤️,,,
Bình Nguyễn 😞 cố lên,,,
ngoài 50 thì chắc bố của nhung,,,
Đôi môi này chỉ ăn cơm với cá,,,
Qua đây biết rõ hơn 5 tr ng k cùng gu âm nhạc :))),,,
Trần Dần ko nhiễm ncovid nhưng nhiễm virus hoang tưởng!🤣🤣🤣,,,
Mời em về với tộc của anh ...,,,
Du học sinh úc :)),,,
Cậu Đồng thế dân VN đi xuất khẩu lao động kiếm tiền chân chính m gôm vào bỏ nhà hết à,,,
Anh 3 oi.anh lam gi co LON ma chui.hahaha,,,
"Ờ đánh nghiêm túc mà , kiểu đi test thôi",,,
Đỗ Huy Văn vc 😂😂,,,
97 mà già như trái cà vậy trời?,,,
Sống chậm lại được k.tết rồi,,,
Nhịn nói sẽ bớt ngu chú ạ...hi,,,
Dink kout vl =)),,,
Chị đẹp nói chuyện dể thương quá,,,
Ah châu đep trai vãi,,,
Cực kì thuyết phục :c,,,
Thực sự thì bài này ko hay. View nhiều do danh tiếng những bài trước. Chờ sản phẩm sau vậy.,,,
cô duyên dáng quá luôn á 😍❤️❤️❤️,,,
unbelievable,,,
Nghe rất là vô sinh nhưng lại có bầu :)))),,,
Ủa Toang :v,,,
Vũ Khắc Hoàng vcl râu,,,
Dân tộc trường tồn là sao? Ai cắt nghĩa tại sao phải viết như vậy đi?,,,
Xin fb chị này ạ,,,
Trần Trung Tín vãi lồn kkk,,,
Các em 2k1 yên tâm.trước kia anh cũng không thi đỗ nhưng nhờ sự cố gắng và ý chí kiên cường giờ đây anh đã có tất cả mọi thứ trong tay đó là :”THỨ 2 THỨ 3 THỨ 4 THỨ 5 THỨ 6 THỨ 7 và CHỦ NHẬT” chúc các em may mắn 🍀🍀❤️,,,
Pass Facebook ny em là gì anh độ :v,,,
Ờ giống mình ghê :v,,,
Alo đc bạn,,,
Đúng ời,,,
"HL sao không chịu đem tấm bằng khen NSƯT ra khè lại đám Cu Vẹm kia vậy cà, dù sao đi nửa tấm bằng khen cũng do đảng và nhà nước cấp cho mà. Còn nếu dám chịu chơi nữa thì diễn kịch với tựa đề đừng tin những gì Cu Vẹm nói, mong ra khi về mỹ có thể xin welfare như lúc ban đầu khi mới tới mỹ diện H.O",,,
khi bạn buồn thì bạn cứ buồn tiếp đi :>>,,,
"cũng đúng vì giáo trình của vn mức độ khó hơn nước ngoài nhưng tiếc là khi làm thực tế thì chẳng được bao nhiu. 12 năm đèn sách, 5 năm đại học ra trường ko có tiền ko có quan hệ thì cũng thất nghiệp.",,,
Chiuuuuu :v,,,
Tú đã sẵn sàng,,,
Là sv hay người ?,,,
Ý thức đéo bằng con ruồi,,,
Cuộc đời có lúc lên voi xuống chó mà anh năm nay ko đc thì năm sau có j mà căng,,,
Bé Nguyên Xinh Đẹp :)) ez,,,
Lại chửi sai rồi,,,
Máy má nc ...ghê,,,
tiền này coi cái mặt hồ còn gớm hơn... và phải có tiếng Tàu vào mới chịu được,,,
cai dcm,,,
Ả Ả Ả...,,,
anh tôi đó mn ạ,,,
Bắt kịp trend chưa Mai Thùy,,,
Hà Minh Hiền Phạm Tùng ai tag a khánh vào được k ạ,,,
Vu Nguyen,,,
love cô <3,,,
Co mupn lam the nap thi la,,,
"T rảnh giống bạn mà :). Con t , t chăm sao kệ chứ :))). Bán onl mà k cho t onl thì bạn bảo tôi đi bộ đến nhà khách à :))))",,,
Cái loz chị Ba có rắn Kim cương hok..,,,
3 chicken,,,
Cho mình hỏi nút vàng đc làm bằng chất liệu j z,,,
"Quí vị cũng đừng chửi rũa ông này làm jì, chẳng qua ông này chỉ làm theo lệnh cấp trên mà thôi,nói chung trong chế độ xhcn tập quyền của trung ương,kinh tế kế hoạch hóa nên quyền hành cao nhất là bộ chính trị,đứng đầu là tổng bí thư,nói chung tbt chỉ đạo tất cả,ngài tbt cũng giống ông vua,có quyền tối thượng,nên cũng đừng đổ thừa ông này ông nọ,nên,hư,xấu,tốt tất cả đều do ngài tbt",,,
Cô chuyển giới đúng năm con ra đời luôn á cô 😅😅😅,,,
mh thích trang từ ngày đọc xách bao ngô lên đg và đi ấy.,,,
Nó bán hàng giả đó mọi người. Mình bị rồi nè.,,,
CỰC KỲ THUYẾT PHỤC,,,
Xạo lz hk có j vui chúng ta hk nên xạo lz nha chị ba 😏,,,
Nhin guong mat sang lan ....cai dau trong rong ...o ben trong cai gi cung THUI ....mo mieng ra cai gi cung thui .....dat nuoc oiiiiiiiii....,,,
Tự nhiên thấy yêu nước =)),,,
Cầu mong 3 gà tặng quà,,,
Cho tui cái Facebook của bả đi,,,
Món quà sinh nhật :)),,,
"@Ngoc Quynh Nhu Nguyen Thằng lồn cha với con đĩ mẹ mày không biết dạy mày nên mày mới dựng lồn lên xem vào chuyện của người khác, bộ tao ăn hết của ông nội mày sao mà mày lôi tao vào. Từ đầu tao đâu có lôi tên con đĩ mẹ mày ra nói đâu",,,
Tiên tri vũ trụ hay là người ngoài hành tinh,,,
"Tui ko cần biết Fomolsa làm cái quần què gì, tui ko cần biết thằng nào làm cái gì ? Trước mắt là phải khắc phục hậu quả, số cá chết nhiễm độc giải quyết làm sao ? Ngư dân vùng ""biển chết"" làm cái nồi gì sống ? Người dân sống trong vùng này sinh hoạt, ă",,,
Chị hiếu hôm nay đẹp quá nói chuyện cười có duyên gê,,,
Bai vo nay Bac Ho ma con song bung tay 1 cai la ong toi.can gi phai sung voi dao.dung la ba que ba xao...,,,
Chị nói tức cười ghê Chị đẹp lắm,,,
Khiep qua!!!! Vo van hoa!!! Dien.,,,
Nếu nghe nhiều lần sẽ thấy êm tai lắm ý,,,
a đặt hết vào tiền sổ xố đi nhỡ đâu đúng,,,
Cắt đất tsn mở sân golf giờ quá tải mở sân bay long thành(hốt 2 đầu) lãnh đạo quá sáng suốt.,,,
Thành phần tham gia giải bóng đá này chắc thuộc tộc mũ cối dép râu bên kia vĩ tuyến rồi.,,,
"Chi Đỗ đấy như đã viết ở trên lun,",,,
Nhím săn em này :((,,,
Con hóng gần chết luôn hay quá cô ơi con hóng phần 13 🤣,,,
"Anh Lân hay thật ,lúc này ở nhà xem nghệ sĩ T Dần biểu diễn hài vui ghê",,,
fan cứng anh ơi,,,
Đang nhếch đừng động vào hahha,,,
:))) kính gửi,,,
👍,,,
cho vang,,,
Đoàn Duy Diện ở đâu thế ạ ah,,,
Tim hieu tai lieu khoa hoc di roi noi,,,
Cảm ơn thầy @@,,,
Bài hát dành cho Khắc ... À mà thôi :)),,,
những con sán dây tuyên giáo,,,
Nói đúng còn nói to,,,
Mẹ mày hưởi quần xì của con ômô  ý lộn ômôi chứ kkk😁😁😁😁😁😁 cười ỉa,,,
Thời mat pháp lắm cái khổ mô Phật khẩu nghiệp,,,
Đọc nhũng não luôn.,,,
"Bây h đang giết thời gian vào công việc , làm tới nỗi mà người lúc nào cũng trong tình trạng buồn ngủ . Chẳng có thời gian mà dành thời gian để nói chuyện với ai . Miễn sao làm cả ngày có đủ đc 6 tiếng ngủ là đc :)))",,,
"Diss nhau cực gắt đến từ :
Chị minh hiếu : và đối thủ của chị ngày hôm nay là :
Chị linh cá lóc : trọng tài
Chị bảy miếng đất official dìa dìa",,,
Thu Tâm Vũ,,,
Phạm Anh Thư nhớ homie qué =)))),,,
"Tôi chuẩn bị bắn đấy, dẫn ông đi mua kẹo mệt lắm r - Trần Sói said",,,
hồ sơ cần gì nhể 🤣,,,
thế thì chúng ta lại có người Tày điện :v,,,
Đcm tướng mà giờ chơi loto để hy vọng. Vãi cả ...,,,
Yêu thầy thầy ba tốc độ :)),,,
Khai giảng đầu tiên ở trường mới:))),,,
cho em hỏi chị 3 báo nhiều tuổi  vậy? sao nhìn chị đẹp  quá vậy. kg ninh bo nha.kg xin tiền a nha,,,
Rất hoan nghênh nhà Tiên Tri.👍👍👏👏🌹🌹🌹🌹👏👏👍👍,,,
Sưa cai lôn sưa sao chi,,,
Nguyễn Hòa xin video ông eie,,,
"Ngày đầu tiên sang Mỹ mùa hè thấy trẻ con bán trà chanh, hạt óc chó ven đường thấy lạ. Hóa ra ở xứ đó là chuyện bình thường",,,
Ae nào nỡ chơi thua tha đặt bóng đá mà chưa về bờ thì mình biết ông anh Lê Tiến Tường chơi bóng rất hay. Rất nhiều ae đang theo.,,,
Trần Công Luận đem đi tử hình cho nó lẹ phạt chi cho nó mệt,,,
Phan Linh chán đéo muốn nói luôn,,,
Tập này thấy hay nhất trong tất cả các tập come out 😆🤣 Lisà Cai Lậy xinh quá đi,,,
Anh xin lỗi tùng đi. Sữa cho tùng tháng này thế nào???,,,
Chau de thuong qua,,,
"Vân Annh tin rông tin rài , cứ đi chơi đi , sống chết có số 🙄",,,
Cười liên tục luôn ấy trời,,,
Quả Bóng Tròn Tròn đúng vậy nhưng ông đấy xem thường tính mạng mình quá ý mà,,,
Chuoi qua có bị nghiệp chướng chua chi ?,,,
Đoàn Duy Diện có phải trong Ngõ yên lãng k,,,
"Miss cái thời eat burn real , burn beef, with homie ở fansixlong quá go Ai Ai Lam",,,
Hồ Văn Kiệt Duy Trương,,,
"Đó là cái cơ bản, bạn tham gia kinh doanh thì phải đống thuế ? bạn đang nói cái l*n gì vậy ? kể cả cái băng vệ sinh, bao cao su ... bạn vẫn đống thuế !",,,
"mong dịch bệnh sớm kết thúc, ngoài kia không còn những người mất vì dịch, em cũng sớm gặp được anh Hiền Huỳnh",,,
Họ hàng em đã xuất hiện 😂😂😂😂,,,
Tưởng đôi này :)),,,
Xin video đi bạn :v,,,
Sao lon dung la  mieng  cho k the moc nga voi,,,
khổ thân anh tôi 🤣,,,
Nó chửi nữa  roi a. Tinh nào tật đó.,,,
"các bạn không hiểu con mẹ gì cả. dân chịu thiệt thì tất nhiên dân ở dưới thế. khi mà kẻ xấu làm hại bạn và công an đang xét xử thì bạn phải đợi, đợi ko đc nữa bạn đi đánh thằng xấu mặc dù bạn đánh nó ko bị thương nhưng nó vu khống ngược lại thì có phải",,,
E có viên đặt se khít khìn khịt sau 2h vừa,,,
Mình thích sống nhanh còn đâu kệ mn sống chậm,,,
Không chạy thầy đòn vô cái chân cho :)),,,
Nhớ mang theo Tú Bảnh nha Trung Sky :))),,,
Nhờ sự miệt mài ngồi nhà cổ vũ của a mà RF mới có ngày hnay,,,
Tr oi lua gạt ta đả len chui,,,
mày xem nhẹ VN qá,,,
xạo lol dell có gì vui chúng ta ko nên xạo lol 😏😏,,,
Diệt ngay đừng cho nó đẻ trứng,,,
"Liên cái lồn, bọn game x mobi chúng nó cũng đóng video quảng cáo ở chung sân khấu đấy( cũng mặc quần áo táo quân ké tí fame) , đội táo quân cũng tập ở đấy nên ké hình táo quân tí thôi chứ tuổi buồi đòi táo quân quảng cáo cho, địt mẹ seed bẩn",,,
Co ba lon ve khi du no banh xac,,,
Minh Quân đau vãi lồn =))),,,
Du học sinh úc :))),,,
Mình thiệt sự chán ghét cảm giác này.,,,
Hay qué,,,
With love 💕,,,
Nhi Faker :v,,,
Chị Ba vàng Ngọc vui tính và hát hay nữa,,,
#ERROR!,,,
Người Bắc kỳ họ có khái niệm. Hy sinh đời bố củng cố đời con. Đụng đến chén cơm nhà nó mà. Cầu mong sao nó đi sớm hơn.,,,
Nay tôi cùng ông già sẽ rì viu ổ cứng si-gết Ba-ra-cu-đa né mọi ng:))) - sói said,,,
Bê l**** chạy hjhjjhh,,,
Anh độ đi chơi thì cứ đi em ở nhà nằm ngủ,,,
Ánh sáng của đảng sẽ giết mày,,,
Cho e fan cứng đi a,,,
❤️,,,
Chúc mừng thầy. Thầy sela,,,
"chuẩn r, nước ngoài cũng có chuyện như thế này mà chẳng ai nói, ở VN chạy xe ko theo luật còn làm càn",,,
Cũng ko hẳn ... Trong cuộc sống bạn phải có đam mê cho riêng mình chứ .. Có đam mê mới có động lực để mà kiếm tiền chứ,,,
Dạo này ổng bị dịch nên im hơi rồi à,,,
Toàn là những con người thiếu ý thức mà ra cầu mong dừng lại ở con số này thôi chứ lo lắng quá đi cầu cho máy cha máy mẹ đừng đi tùm lum nữa làm khổ nhiều người lắm muốn chết về nhà đóng cửa chết mình mẹ đi,,,
"Tết đến lương về mua xu may mắn lì xì, tặng quà tết bạn bè người thân mọi người eii",,,
Phương Nam ừ cô mà tích lại mà bán,,,
"Hậu quả cuộc nhồi sọ kinh khủng lắm, sẽ có những thành phần bay vào đây cắn ad đấy =)), mình cũng đã bị nhồi như thế và cũng may gia đình mình là miền nam rặt nên mình dễ dàng thoát ra được nên mình hiểu. Khi mà các tổ chức có chung mục đích ko thể liên kết với nhau thì còn lâu lắm mới tìm lại được nền cộng hoà ngày ấy",,,
Em còn chưa giận đây :v,,,
Vẫn mãi là abe :)),,,
"Mong muốn khởi nghĩa để đất nước giống ukranie, syria, iraq là ước mơ cháy mỏng của ad",,,
Huyền Trang 😆😆😆,,,
"mấy bác ăn hại có làm éo j em cũng chẳng quan tâm,nói hoài mỏi miệng nhưng cái hành động lâu lâu có tàu lạ hành hung ngư dân,đâm chìm tàu ngư dân của quãng ngãi có biển số tàu trung quốc mà ko lên tiếng thì em ko chịu đuợc,rồi tối thời sự lại đưa tin t",,,
Bò viên và panda ko thích điều này,,,
Củng dừa cho fan bớt nổ lại .....k hay thì nói k hay .....gạch đá xin chiệu,,,
:))) ý thức anh tịp như cái đầu bùi vậy,,,
Test thị lực không cacban.,,,
Úi tốt nghiệp còn không đỗ thì làm được gì các em ơiii😫😫😫,,,
Kố nên ank to^i ngke^’ zi’ cung~ va^’t va?,,,
Đúng kiểu VN ông này đổ ông kia ông kia đổ ông khác chả ông nào dám nhận trách nhiệm,,,
Đồng Nhung toàn các tỷ phú đi tây cả chớ nghèo lm gì đc đi,,,
Chị Khánh Chi càng ngày càng đẹp càng duyên 💖,,,
Nguyễn Lâm Nhật Khoa abe của t mà tụi bây mang ra làm trò đùa v😂😂😂😂,,,
Trần Thái Linh,,,
Cháu phì cười với con vi trùng du học      mà bác nói 😂,,,
xin quả nhạc đầu,,,
Đây mới là người có bản lĩnh thực sự 👍,,,
Thảo Đào Văn,,,
Hậu việc hút thuốc Lào 🙂 :v,,,
Lê Quang Trường đi sớm lên,,,
cô ấy đang xem gì đó,,,
My Tran gg,,,
Mn vào fb con này làm việc nó đi,,,
Netflix đồng hànhh cùngg mọi nhàaa,,,
Lâm Đỗ Hoàng Thông panba,,,
Yêu cô quá cô ơi,,,
"Đọc bài ở đây làm mình liên tưởng tới ưc trước trên fb cũng có nick anh nào đó ngoài hà nội ..cái j cũng chửi ấy..mà hài lắm..đọc cười văng cả rôn..chửi cây kem merino đậu xanh,đậu đo gì ấy...😂😂😂😂",,,
quạ bắt diều hâu tha anh eii,,,
Ảnh gốc,,,
Nhưng thứ thuộc về mình ko giữ cho chắc mất cũng phải chấp nhận,,,
Thành Huy Hoàng Tiến,,,
"Chị 3 nói nghe hay quá, tiếng dì 3 hát cải lương chắt ngọt lắm",,,
“ Lệ em tuôn mãi..ai biết đc lòng mình  khỗ đau..là con số 6 “ 😚😚😚 ai lóp du chu cà mo,,,
Hello xin chào tất nhiêng là giám đốc đài tv VHL,,,
Thương cô quá trời !,,,
"Đúng anh ơi, em cũng muốn vừa làm vừa chơi để hưởng thụ cuộc đời, đời ngắn lắm hãy làm ra tiền rồi mua gì chưa có và hay đưa bố mẹ đi du lịch trc khi bố mẹ già là ước mơ của em bây giờ, nếu có thêm cô ny hay vợ gì đó là đi thôi, đối với em chỉ cần làm đủ tiền em sẽ dẫn cả gia đình đi du lịch là trên hết.",,,
,,,
lương lẹo là nghề của búa liềm,,,
"Mình, y chan",,,
thì chó Nhật sang hơn chó cỏ :)))))),,,
Nguyễn Lê Minh Nguyệt :v,,,
nghe thì có vẻ Lý Mạc Sầu nhưng thực tế có vẻ rất Mộ Dung Phục !!,,,
Thực ra chỉ có anh mus chơi còn thầy ba chỉ giữ mỗi nút space :)))),,,
chàng trai người kinh và cô gái người nùng,,,
Tao lao,,,
Đáng yêu quáaaa 🥰,,,
Nguyễn Đăng Dự rảnh thế ib hỏi từng thằng đi? Lên đây ăn vạ gì thế?,,,
Chúc kênh panba dc nhiều sub nha yêu thầy dấu bé 3,,,
Rất mộ dung đó anh ơi :)),,,
Ơ thật à:)),,,
Xúc tích vl :D a,,,
Chờ đợi 1 người nào đó xin lỗi mình rồi cùng nhau bắt đầu lại nhưng không bản thân chỉ nhận được sự im lặng đến vô tâm. Cảm thấy mất niềm tin thật sự...,,,
Giúp người  nghèo khổ là phúc lắm chị ạ.,,,
Đừng so sánh 2 thầy ngu,,,
"Động cơ đi học hằng ngày của mình là động cơ 97cc , 4 thì , làm mát bằng gió , chưa mở đầu lòng , chưa xoáy supap , nói chung máy còn nguyên zin 18 năm rồi :)))",,,
Em cũng thích chị vl luôn :3,,,
Chị kêu cá lóc nhẹ lắm. Chị phải kêu linh cá tra mới hộp với cái miệng hô của nó...kkkk.,,,
Mới đi ăn thịt chó ở Dương Khuê. Huhu. Cái mồm hại cái thân mà. :((,,,
Võ Hoài Phong xin video,,,
Do chỉnh nhầm😂,,,
Ơ tưởng duyên dáng chứ,,,
Tàu khựa tào lao,,,
"Ko so với mấy nước trong khu vực đi thằng cha mày, cái cc j cx nói đc, nghĩ mình thông minh thâm thuý à:))",,,
Cực kì thuyết phục nha a,,,
Trang web bộ y tê ngày nào cũng gửi tn nè quí dị,,,
Đứng kế bên 2 em gái đẹp hen :)),,,
Yêu xa giúp ta trưởng thành hơn :)))),,,
"cô iu quá dễ thương, ứng đáng đoạt giải hoa hậu ứng xử",,,
"Sản phẩm mới nói chung chưa hợp tai lắm , vẫn thích khi cùng team với jombie",,,
Lấy được vợ khôn mát lòng rười rượi :3,,,
14:56 ngủ trên li quăng nha đội ngũ dựng phim. Li quăng là cách gọi của một loại giường ở miền tây,,,
Linh Trần nhớ nha mại :)))),,,
Thương hiệu lâu đời :),,,
Hát bài corôna là dc r,,,
Tương vậy là hay lắm đó hả em,,,
Nguyễn Minh Anh được anh zai ơi,,,
Nguyễn Huỳnh Anh Thư haha hoy em chỉ nói sương sương dậy hoy. Chứ em hổng có ý định tiền túng tình tang mà công việc bay luôn thì khổ 😅😅,,,
Lũ sv nào đây ((;,,,
Huyền Vedan e ck hà tăng noè,,,
10:59,,,
Ông tuân khoái chí lắm 🤣🤣,,,
VIP nghìn tỷ nhé,,,
chết con ỉ ẹ thầy vs em :)),,,
Trung bóng dơ,,,
"Trời ơi trời "" xu bà nai "" mún xĩu kkk",,,
Phim hay ... phim hay ... :v,,,
Chạy theo ôm chân tao chứ tao có cho theo đâu !,,,
Người ta đổi phong cách Mấy người cũng chê âm nhạc cũng đổi . Vd nhạc lần này ra giống thể loại mà jack thành công năm cũ chắc cũng vô chê nhạc có một màu ko tiến triển,,,
Trần dần là hán gian,,,
Còm men nhiều chữ là ngụy biện cmnr 😘,,,
🤤,,,
Gnauq Ueik em tú sờ mai,,,
Khá quá nhở,,,
Huy Minh Nguyễn cha răng nữa nờ,,,
Luân Lưu tha anh taoooo,,,
"Chị này vừa đẹp lại giàu,thích thật nói nghe nhẹ nhàng...",,,
39:44 nhìn mặt bác Tiger lúc này hơi buồn,,,
A tôi sợ nhiều biểu cảm nhờ :)),,,
San Francis Long,,,
khánh chi xinh gái quá em ơi,,,
Mai Nam Hải có con gì cứ bay trong video ấy :)),,,
cái lồn má,,,
Con mẹ mày con linh cá lóc,,,
Hình như là nhiều người ko có ý thức nhỉ 😑,,,
Chị đep quá chị ơi,,,
h là thành Quốc Chiến thứ 2 chỉ nhờ ơn từ đúng 1 người duy nhất,,,
già làng lại chế truyện của ng ta r!,,,
Tao thấy hay vl,,,
Lỗ llon mà sao ai cũng thich chui vô đó làm mà kg đc vậy ta,,,
Một thanh niên lương 7-8 tr 1 tháng cho hay 🤣🤣🤣,,,
Sao cái bọn tìm hiểu QH theo dõi ai nó rảnh vcl thế nhỉ,,,
Đm đứa nào like cmt tao đấy,,,
Nàng tiên cá tới tháng à?,,,
Nút vàng chắc ổng để wc nữa 😂😂😂😂,,,
quốc sư sẽ được cấp thẻ đảng,,,
Hay test thử bộ lông ấy vs bé nhà mk nhỉ😅,,,
Không sợ cor corona,,,
"mày ngu lắm , bình thường vận động chúng nó đi học chúng nó còn ko đi, giờ cắt tiền hỗ trợ đi thì nó đi cái đầu buồi à ?",,,
Vấn đề là cho tiền ng nghèo thỳ lấy đâu ra tiền cho các bạn ý đút túi🤗🤗,,,
Sống chậm thuiii nè mn,,,
"miền trong , miền ngoài t đ biết ở nước nào . Còn VN có miền nam miền bắc :)) và món thịt chó rất ngon nhé , kp cứ k ăn động là yêu thương nó đâu",,,
MonaliBe nghĩ sao về Clear :))),,,
Vẫn còn quả nốt ruồi là ổn rồi 🤣,,,
Nguyễn Duy Nghĩa suốt not xuốt,,,
Chi khoe kho?,,,
dme 500like còn dc chứ 100 hơi ít a ơi :v,,,
Cái Đảng thối nát,,,
"Ko cộng thì cho biết đề, đáp án trc. Đâu cũng vào đó thôi! ĐỜI...",,,
bản chất phong kiến vẫn thấm sâu vào con ng việt,,,
"đông lào thì sơn nữa xe phía sau là xe tăng ! 2 bên hông ghi rất to hàng chữ "" người có uy tín "" để bà con né cho xa !",,,
phúc lợi lao động bên họ như vậy mà,,,
Phân biệt vùng miền? Cấm ăn thịt chó???,,,
Lý do chết: Không thở được dưới nước !,,,
Giờ tao thấy hối hận khi vừa nc với 1 con bò,,,
Xong rồi..,,,
💚,,,
Tối nay nhà em sáng nhất đêm,,,
Như này đủ tấu hài chưa thầy :Đ,,,
Natra,,,
Hay quá cô iu,,,
Xem phim cũng phải bịt khẩu trang với cả mặc áo mưa nhaaa anh :< an toàn là trên hết,,,
Mệt vì vừa sub vừa  cười muốn lộn ruột luôn đó :)),,,
Thiếu mấy chục điểm nữa em thủ khoa còn đâu,,,
Sống chậm thoii các bạn,,,
Lào nhà người ta -_- Tôn Bá Phù,,,
Chúc kênh Panda của thầy đạt được nhiều sub nha dấu bé ba,,,
Tin Huynh y rang 😂😂😂😂,,,
Lam Pham Ai Chau add em dí sis ơi,,,
"Con này ko bị mới lạ, may mà về sớm đấy",,,
Ơ t thấy bọn trẻ con nghịch cái này từ đời nhà tống rồi :)),,,
Nghe đồn đang huy động mở sàn giao dịch quốc gia gì mà :))),,,
"Nghe a Độ tư vấn cho vui thôi, chứ nghe theo có mà bán nhà",,,
Nếu e còn tồn tại - thất tình 2 bài hot bạn nhé :D,,,
I love du chu cà mo. Cô Ba trả tiền cho cô Hiếu đi,,,
Xấu quá,,,
Theo tí nữa cho đủ bộ,,,
Nguyễn Việt ngồi ô tô hay ngồi xe máy đây =)),,,
Đặng Trà có vài trang giả có y sì cái codesite như của garena mà,,,
Giọng abe the thé như con gái mới tiền mãn kinh vậy :),,,
Chính thức nói lời từ biệt với trường học,,,
vl ad câu like vcc. mà dkm m. t k thấy chứ k phải chó hùa. m thấy k cmt đàng hoàng cho ngta thấy thì m là chó j? chó động kinh hả,,,
Helo !,,,
"Hôm nay Ao Làng có 4 khách mời từ Refund Gaming: đó là Thái Linh Hương, Rambo, Snake, QNT và dj Chjp.",,,
19:45 tất nhiên,,,
XỨ sở thần tiên có khác,,,
Ok thầy nhé,,,
Dương Đỗ soi làm j 3 :v,,,
Con gái gì mà có râu,,,
Nghe anh kể sợ quá! Chắc phải nghe lại bài Bắc kim thang cho đỡ sợ,,,
Khóc luôn tội nghiệp ghê🤣🤣🤣🤣,,,
2 tầng 53 tỷ. Vãi nhồn,,,
"sao tưởng miền Nam của thím ad cao quý lắm, ko dây với ""bọn Bắc Kỳ"" bao h nên thôi học sách riêng cho lành, sướng thế còn gì? ;))",,,
Chi dep wa di,,,
Vì dân thôi,,,
Tuyết Nhi kinh dị...cánh hoa cát không àh...😆😆😆,,,
Douma,,,
tiên tri xàm,,,
mặt kitz giống bò viên thế,,,
Nhìn thấy nhà tiên tri vũ trụ trần dần nầm mơ thấy chúa nói chuyện a men bằng tiếng việt nam 😀😀,,,
Jack gầy lắm a ơi muốn tăng cân thì ib em nhé,,,
dc anh ưi,,,
Tìm chưa ra số tài khoản của ban tổ chức rồi 🤣,,,
Giờ mới thấy đẳng cấp cô Hiếu nó ở tầng cao hơn nhiều :))),,,
"r, hiểu r, bạn là dlv :)) thôi mình out, k nói lại bạn đc, bye nhé",,,
Chị lúc em thấy chị dẹp lắm đó nha,,,
9 năm  nữa  Trần  Dân  đã  chết  mất  rồi,,,
có cô vợ hài hước quá anh ơi,,,
Chi dep qua,,,
Thầy 20 . 11 vui vẻ nhaaaa,,,
Anh độ nên ban mấy thằng nge rất abc nhưng lại xyz đi không thấy ngứa mắt à anh ?,,,
Bố ông,,,
"Ngày xưa, với chỉ nước VNCH nhỏ bé, mà đã Ngự trên ngai vàng rồi, vậy mà khi Thống Nhất (sợ từ này lắm) đất nước gần nữa thế kỷ, với sự lãnh đạo tài tình, sáng suốt, đào Nam lấp Bắc của đảng, Vịt Lam mới mon men ""bò lết"" lên tới nơi. Vịt Lam vô địch.",,,
Nguyễn Ánh Dương em đang ngồi chơi game là Talia Mint ☺️,,,
tuyệt đối ko haha nha ae =)),,,
Công lý đang diễn hài ở hà nội. Có dưới đấy đâu mà xuống đấy tìm rồi bị đánh còn kêu.:v,,,
Chí Bảo,,,
Người nhiều tiền thiệt khó hiểu :,,,
Nhìn nó đaq sống sướng t còn k nỡ ưng nó để nó khổ nữa là....,,,
dan.ba.gi.ma.an,,,
Chơi luôn đi a,,,
Ba sắp được nút bạc thưa 2 chưa?,,,
"Có éo gì đâu. Đang đấu thầu kêu giờ thăng nào có 1tr USD đưa tao thì trúng. Vậy là xong, thằng khựa đc báo trước rồi nên chuẩn bị luôn tiền mặt. :v",,,
Anh thì kinh oy 😛😛,,,
Lần sau phỏng vấn iu cầu phố bô sa tivi để ly nước kế bên . Cho nhà tiên tri uống để nói chuyện dk trôi chảy,,,
Nhìn hay phết nhở,,,
"M4A4 Howl, Awp dragon lore, Bowie knife rust cost,Ak blue hardard,... Em cũng muốn lương 7-8 tr như anh anh ơi :<",,,
Chửi rôm rốp,,,
No qua cho oi ngheo ma no,,,
ẩu r thầy ơi,,,
Sương sương thôi.,,,
"Đáng lẽ làm tới chức giám đốc phải là người học cao hiểu rộng, biết đúng biết sai mà ví dụ như lỡ sai thì cũng phải là người khôn khéo, biết tìm cách làm thế nào để giải quyết vấn đề cho đỡ thiệt hại nhất ,đằng này lại dùng phương pháp hạ sách nhất là",,,
~.~ điều tra mà đòi như bắt phù thủy không bằng ấy nhỉ?,,,
"Địt mẹ lũ chó bán nước hại dân, ăn nhiều cho mập thây",,,
Mỹ Linh Hồng Nhung Thu Hà Ka Su hoá mô mình đi trước cả trend 🤣,,,
Hoàng Thu Trang,,,
Ui heo nè,,,
Ủa có họ hàng gì đâu,,,
facebook chính thức của ổng trần dần là gì z ae,,,
"Tao mới đọc cm gì xong vậy, tao chưa có chồng mà 😂😂😂",,,
"Nếu ai, hoặc cộng đồng nào giúp tiêu diệt được luôn các chế độ cộng sản còn sót lại trên thế giới, đặc biệt là tại TQ và VN, thì nên trao tặng họ giải Nobel Hòa Bình và giải Nobel Y Học. Giải Nobel Hòa Bình vì công lao tiêu diệt chủ nghĩa bạo lưc cộng",,,
các anh tham quan thích điều này,,,
@Minh Hiếu hi minh hiếu ngày càng xinh đẹp ra phết 😙,,,
"Thằng ad Chửi tránh ra, tao viết dùm đám DLV cho:",,,
A nói chuẩn k trượt phát nào :))),,,
"Nói như là VN chẵng có cái nào. Nhờ đãng và nhà nước nên giờ chiếm được 21 điểm. Còn cái vụ năm 74 cứ trách người ở Miền Nam. Thế có thằng ở miền bắc nào đó đã nói là trung quốc chiếm giùm, mai mốt sẽ trả lại.",,,
"có một sự tồn tại của đàn bò mang tên "" cực kỳ thuyết phục "", có sở thích là nhai đi nhai lại, mục đích của chúng trên hành tinh này vẫn chưa có lời giải đáp, theo như các nhà động vật học cho biết loài bò này có lối sống hoang dâm trụy lạc, có thể động dục bất cứ lúc nào, con số của loài này đang được gia tăng đáng kể vâng và hiện tại đám bò lạc chạy sang tận đây rồi",,,
Cám ơn con vi rút,,,
📢📢📢Bắt đầu tuần lễ Mua 1️⃣ Tặng 1️⃣ . Mọi người qua ủng hộ PoPo Tea - Đỉnh Trà Sữa Số 8 Trần Thái Tông nha,,,
Bảo vệ thằng nào nhiều tiền hơn nhé. Hị hị,,,
"Phải có em ở đó , e liếm a Châu cho chị ca thoải mái luôn",,,
Anh sinh nhật vui vẻ live stream càng nhiều càng tốt ạ,,,
Tri thức mới nhận ra điều đó thì đúng hơn. :D,,,
Em thích lắm nhưng em o có tiền chị a,,,
đéo trình bày gì hết,,,
Sống chậm thôi m.n 😂,,,
"Mỗi lít xăng, mỗi gói xôi bao nhiu tiền thuế !?",,,
Chj ơi từ thiện đi,,,
Sảm sì đú,,,
"Tao theo lon may tao treo len cay dua ,chi chuoi nge vui qua de thuong",,,
Như đang chết dần...😪,,,
Trần Đần này nói cho vui !,,,
Tiểu tiểu xinh hơn nhé,,,
Cai miêng kiên cai thân,,,
Hahaah,,,
Yêu Ông,,,
Bọn tàu cộng còn ngó đòn nào nửa đâu mà trả giá ?,,,
Con đỉ minh hiếu là con đỉ khùng dơ con súc vật sánh cũng không bằng  nó nghe   con rác rửi  con khùng bẩm sinh con quái vật,,,
Lag à anh ưi,,,
Quá đúng,,,
Hình như trượt anh ạ,,,
Dân InDo haha,,,
Đồ này đc lên báo rồi,,,
"Lên youtube xem cho nhanh, mạng như l",,,
:)) Đâu phải sự chờ đợi nào cũng vô nghĩa đâu?,,,
vcc Quang Ngọc Trinh :)) màu da chẳng đúng vs tên gì hết :)),,,
Mình thì ko phải mồ hôi trên sách mà là ngủ quên nước dãi nhỏ ướt hết ngữ văn :))),,,
Nó nói e xin lỗi công đồng tha thứ cho nó Từ đây e lên mạng e ko dám nói tục nữa mà giờ nó chửi hơn lúc trước nữa Đề nghị tống về Việt Nam đi,,,
Hép bi liu zia 😂😂😂,,,
Sao anh ba lại dính trong màn hình🤣🤣🤣,,,
Tao bắn nó gần knock rồi đang heal lên đi. Chạy lên sấy chục viên đéo chết,,,
sống chậm thôi mn ơi,,,
Cái này lâu rồi. Và lão này đợt đấy cũng bị chửi rồi. Chắc giờ lên Thứ trưởng rồi cũng lên. :v,,,
"Thôi má ơi khỔ quá...má dạng háng từ vn qua tận bên mĩ, hết quan ta lại tới quan tây, gái 3/ toàn zay hết quá thất vọng",,,
Nặng bà cố luôn hả thầy,,,
học bổng gấp,,,
🤣 tưởng mua hàu cho c ly,,,
Nghe rất vô sinh nhưng lại có thai 😀,,,
Fb a hạo linh tổng hã fb e bão huỳnh chấp nhận e nha,,,
Phuong Thuy bạn nói đúng con hiếu mất dại,,,
Không được v nha xu lắm :)),,,
Chả hiểu cái mẹ gì luôn,,,
"Cái này xảy ra hoài nhưng ko thấy ngăn chặn, chỉ thấy giơ cao đánh khẽ",,,
Ngọc Trần kkk,,,
Đm thiên tai cũng đổ do cộng sản =))),,,
Đeo bỉm szz to,,,
Kristen Stewart mà đóng vai chính thì tao thấy phim sẽ chẳng có ji là hay lắm 🙁,,,
HOA LỤA - HOA TƯƠI NHẬP KHẨU CAO CẤP.,,,
Cực kỳ thuyết phục :v,,,
Anh sẽ dẫn các em đi đến VCSA,,,
"Thực sự cạn lời vs những ng thượng đẳng này. Đặt câu hỏi thật hay, tại sao cấm hàn quốc nhập cảng vào VN thật quá độc ác. Nghe vl thiệt",,,
ok các cháu,,,
e đang thất nghiệp nghe dlv đồn 200k 300k gì e đi quằng cả tháng nay mà đéo thấy ai kêu nên thất nghiệp tiếp,,,
Tuần sau 16 team là hơi căng đó nha :( phải hard hơn nữa,,,
Và đó là câu chuyện tối hôm qua :((,,,
Sao tôi nhận k đc vậy,,,
Không biết vui hay buồn. Lần đầu tiên trong đời ngắn như này luôn,,,
toang rồi,,,
"Đẹp qúa em ơi
Cho chị gửi và tác tay nhé",,,
Đáng iu vc :3,,,
-,,,
"Chó là bạn, đéo phải tôi 😂😂",,,
dẹp ở nhà,,,
Láo nháo =)),,,
Đang chuẩn bị vặt lông các bác tài nè,,,
00:24,,,
Tao cũng muốn chúng mày ơi!,,,
gáy to quá a ơi gà cao bằng,,,
thấm vãi l*n :'<,,,
việc đéo gì phải nhường nhịn quyền lợi của mình bị xâm phạm mà,,,
E lậy chị lâu ngày chị lên Youtube chị vẫn như xưa chị chưởi chi mấy người đó cho mệt hơi sức chị để hơi sức mà chị buôn bán chị,,,
Ngày nào cũng tăng vài người vậy trời,,,
Anh tránh ra ...,,,
Ông đấy đang ở Hà Nội ý =)),,,
Cảm ơn đảng,,,
Tôi ghi nhớ tiên tri nói nhật đánh Trung Quốc,,,
Clm thầy,,,
"em cũng có phi vụ làm thêm, vui lắm, em cũng gặp 1 cô gái trải đời cực kì luôn, cổ làm dịch vụ chỗ nguyễn khánh toàn :(",,,
Nếu mấy ngừoi cccd biết nhìn nhận vnch chỉ là ván cờ của nước mỹ thôi thì hay biết mấy.Bác dần hôm nay kết rất hay,,,
B52 👍,,,
Tự post tự vả -.-,,,
Bớt giận chế ơi.,,,
"Trần Diên Dưỡng như t không nhầm thì trên tường treo khoảng 3 cái roi và 2 cái tròn tròn chắc nhẹt đc và mồm, à còn có cả 2 cặp còng bằng da nốt 😗",,,
Dep quA a long lay thiet,,,
"Hay quá , bác ấy , nói quá tuyệt vời (y)",,,
Bà nè có chó mới chơi lại kk,,,
Chị vui hóa,,,
Nam mô a di đà phật,,,
"Có ai tự nhiên lên phường , rồi đi tự tử trên ấy không ? Giờ thằng nào con nào , muốn tự tự thì cứ việc lên phường cho nó gọn . Đỡ bị mất tài sản , với lại người nhà cũng dễ tìm nhá . chứ đừng có ra cầu rồi nhảy nghe hôn .",,,
Đúng lun,,,
Thoáng qua tưởng không kéo tia quần🥴,,,
dân bà rịa khi biết tin :))),,,
dống trong trại tâm thần vậy mấy bạn,,,
Nguyễn Huỳnh Bạc yêu cl,,,
"chúc các em 2k1 ngày mai bình tĩnh, tự tin, thi thật tốt.",,,
Trần Thu Trengg nhìn rất chi là cuteeeee,,,
phim gì hồi coi ghiền mà qên rội,,,
Bùi Đức Hậu :),,,
Xin video đc ko bạn yêu,,,
"Địt mẹ. Ông chú mình đc bạn ổng gửi cái hộp quẹt zippo hơn 100 đô. Lúc nhận hàng thì chỉ có cái hộp ko, hộp quẹt bị bọn cho này luộc cả",,,
Trụ lóng,,,
Đôi này trên sốp pe bán trăm rưỡi :)),,,
me đăng kèm link đi để share,,,
Thế thì mày ra lấy thuế rồi ra chống lũ đi,,,
Cười chắc chết,,,
Linh vật đại diện thầy ba:)),,,
12p 10k like :))) bán page không anh,,,
thím ko thấy 2 cái áo lót ở hộp chữa cháy ah :v,,,
:))),,,
được ông :))),,,
Kkkk,,,
E nge noi chi cua  e cua chi co hk chu chi co cai lon gi,,,
Nhờ tư tưởng thiên đường.,,,
Em ới  đánh nó lôi han cho khỏi lên đỉnh,,,
Vâng đây là cách để có bộ tóc đẹp ạ 🤣,,,
Cực kỳ thuyết phục!!!,,,
Minh Tuân đẹp trai quá ah,,,
"Hợp lý vl a ơi, ngta nói ước mơ ko đánh thuế, nhưng đéo đủ tiền đóng thuế thì mơ mơ cc",,,
Xuất sắc mẹ lun<33,,,
:),,,
"Mới giờ mới thấm thía nỗi khổ cuqr dịch bệnh . Nghĩ chỉ tháng trước hà nội là nơi kì thị vĩnh phúc tôi lắm . Xuống đó họ thấy biển 88 họ còn ko bán đồ ăn cho ăn . Ko cho vào quán họ uống. Bh dịch đã đến với họ hãy nghĩ lại những ngày họ đối với người dân vp như nào . Hãy nhớ rằng \"" chúng ta là người Việt Nam! Có phúc cùng hưởng , có hoạ cùng chia . \"" đó mới là tình yêu dân tộc",,,
hitman :))),,,
Co ba noi chuyen hay qua,,,
Đ m nó lại đúng quá anh êi,,,
@Le Dat tr tr khi mình muốn tán mà có đứa thả thính gắt hơn hahah,,,
Nếu anh quang còn tồn tại thì rep cmt e dc k ???,,,
fan mấy đội khác chứ j nữa,,,
Đẹp quá thầy ơi,,,
"Chiến Văn đây a ạh, hot page :)) hơi bậy nhưg rất văn hoá & quan điểm rất rõ ràng :))",,,
Khánh Hoà tuy k gần 35 nhưng lại gần 34 mà vẫn đành lòng k cho nghỉ. Bệnh...thành tích (em nói xong đừng ai ném đá em nha),,,
Hữu Nguyễn căn cứ vào hàng cmt luôn,,,
Xin cảm ơn Ong Trần Dan và ông Vu Hoang Lân đã phỏng vấn tao cỏ hội  de Ông  nói lên tiếng nói nhân bản tiếng nói công chính tiếng nói yêu thương dó là đường lối của Thuong De . Xin Ngai luôn chúc lành cho tất cả chung ta . Xin cảm ơn hai ông ?,,,
Lê Vân b này giống mình đẻ xong tóc mọc lung tung toé,,,
"Giàu vãi nồi, vừa giàu vừa có ý thức nè Minh Thúy",,,
Tú là con đĩ của aBe hãy gọi aBe là Daddy điiiiii,,,
From cà mau (Phú Hưng),,,
Bút dùng vẫn còn mực cần pass lại cho ae nào chưa có . Giá yêu thương 5k,,,
Nghe lần đầu thấy ko hay mấy lần sau nghe lại nghiện,,,
✪Fan Tấn Trung,,,
Sếp nhà mình lại bắt nhân viên đi cách li thay 😌😌,,,
Chào các bạn mình là sói.hôm nay như mình đã hứa mình sẽ đưa ông già đi mua cua hoàng đế để chúc mừng Refund Gaming đạt top 1 =)),,,
Viet Mai Tran ông ơi tui xin làm lyric nhé 😂,,,
Vãi cứt,,,
Cái này là có thật nha m .n chó vào nhà là giàu sang sung sướng mèo vào nhà là nghèo quanh năm,,,
Này mà giống thì tôi cũng chịu,,,
Ăn con bờ lu cũng ko xong. Thầy ơi là thầy,,,
"Phong cách ""chịch dở"" 🙈🙈🙈",,,
Nguyễn Quốc Vinh SuBaSan,,,
🤪🤪🤪🤪,,,
Bao giờ có hướng nghiệp nghề này thầy ơi,,,
Đỉ... giả tạo... xạo lồn,,,
"Mới biết chúTrần Dần gần đây yêu chú quá, mong rằng khi mình già mình vẫn giữ được tinh thần tươi vui như chú",,,
Cang ngay toi cang thay lo cho bac thang,,,
thôi bán mẹ luôn đất liền đi,,,
"Ua, cai nay tuan truoc phat roi ma?",,,
Nếu các bạn nói chuyện đàng hoàng với Linda em ấy sẽ đàng hoàng lại với bạn thôi.,,,
Ăn tết đúng cách,,,
"Hien Tran Ngoc Bich, Hiep Tranhoa xem có bó tay không nè trời.",,,
"Đồng chí nào có lòng tốt ra rước bác về dùm , để đấy mấy con chó nó đái lên thì khổ thân bác tui quá",,,
"May mà 11 pro max của mình có kháng nước, chứ ko thì ngấm hết cả nước dãi rồi 🤣🤣",,,
Huỳnh Minh lực,,,
"Hết bài hay sao mà lôi từ năm 2013 ra thế. Nhân tiện chỗ nào tuyển để t đến với, đang thất nghiệp đây",,,
"Nhìn sói mad mình ghen tị luôn á :3 mình ước gì hồi bé có cả bố và mẹ ngồi cùng 1 mâm cơm, h cũng ước v mà chắc chẳng bao h được quá",,,
Ma oi ma noi that..ma má co song that kg..hay la song ao...co thi noi kg co thi thoi nha...chư bong Tu Bong Tôi cai j noi cung đc.,,,
Có ai có fb đứa em xinh đôi của anh ba cho mình xin với,,,
Petland ghép vào con gà là hơi sai nha,,,
Sống nhanh lên🤣,,,
Hồ Sỹ Hải bài này top 1 do fan thôi hihi,,,
tối có stream không abe,,,
Lâm Đình Khoa được vl anh nhá :)),,,
"Cho em ké tý ạ. Ai bị đa nang buồng trứng, vô sinh hiếm muộn, tắc vòi trứng, đau bụng kinh, kinh nguyệt k đều, tắc kinh, vô kinh, viêm nhiễm, nấm ngứa,... Con trai tinh trùng yếu , yếu sinh lý ib em tư vấn nhé. Đảm bảo 1 người khoẻ 2 người cùng vui ❤️0984888291",,,
Anh ba nay chuyển giáo án fifa à :)),,,
nghe quyen vl,,,
Sịn nhờ,,,
Ngày xưa mãnh thú cũng ngon zai phết :v chơi đồ nhiều quá thành ra như vậy,,,
Chuẩn bị sub kênh mới cho abe,,,
cực kì thuyết phục!,,,
Lao gia KHUNG tien tri cai con C.,,,
Anh k đi cách ly hả anh?,,,
Nguyễn Thịnh djtcu hẳn là 6 múi :)),,,
"Beng beng :""))",,,
Đĩ già khùng,,,
Bác sĩ thâm niên mà còn chịu chết bởi con virut huống chi là sinh viên Y còn mài đít ở ghế nhà trường,,,
nhiều khi kg muốn ki thị bon bê đê đâu nhưng nhìn  bọn này kg ki thị cũng kg được.,,,
Đẹp trai tài năng tư duy đỉnh cả đỉnh thầy dell có nha các em và thầy rất tỉnh,,,
Thuyết phục vl,,,
Đâu đó vẫn còn bọn óc vật,,,
Chi ba oi em quy chi qua chi cho em hoc cach giau voi em nghro qua day chi oi,,,
Nguyễn Văn Nam that khong ạ,,,
Hóng ké :))),,,
Tấm đầu tìm mãi mới thấy anh chả =)),,,
Hây wuá chi oi.,,,
14:48,,,
Duyên quá cô ơi♥️,,,
Cờ đỏ hay cờ vàng gặp corona cũng chết hết chỉ có Nd Việt Nam sống mãi,,,
Nge rất vô sinh nhưng lại có thai 🤣🤣🤣,,,
tôi liên tưởng tới thằng TQ và chúng ta,,,
y dị lun a ơi,,,
cái loai pe de thiet thoi nam,,,
Đinh tặc level lão làng =)),,,
Lam Phuong 1 pha tấu hài 😂,,,
nhìn như ông già trong chúa tể của những chiếc nhẫn vãi,,,
Cưng ơi..,,,
Chúc cô à lộn thầy Ba 20/10 vui vẻ :v,,,
thàn tượng Lê Nhân hay gì,,,
Cái quả nhạc,,,
Ô thế là bọn chúng muốn giết ai thì giết à bắt người khác chết thay tội phạm bọn tội phạm đích thực phải chết nhiều tên cũng xứng đáng thôi còn tay luật sư có bằng chứng mà không đưa ra tố cáo tội phạm thì trở thành đồng phạm giết oan người lương thiện .. chính tay luật sư đó phải bị chảm đầu tiên ...,,,
Thầy bị trúng lời nguyền :))),,,
Rip lòi le 20cm:)),,,
😞 vì yêu anh nên em nguyện làm ng tăng động,,,
"Dù là ai hay ở độ tuổi nào thì cũng cần làm đẹp, không tin thì vô đây nhen, không có khoảng cách về lứa tuổi hay giới tính ở đây, link nè:",,,
Trường hợp này có cho tao cũng đéo húp Levi said,,,
Vâng quan trọng là chị đã có LỖ chỉ dùng LỰC là tiền nó ra thôi ^^,,,
:v bắt gặp ở đâu vậy br,,,
Chúc mừng các em chuẩn bị vào đại học nhé. Mà thời gian nghỉ các em ăn chơi cho đã vào nhé và chuẩn bị tinh thần vào đại học nha.,,,
Chi ba oi cho e tien cu gup nguoi nheo di chi,,,
9 năm sau ông ở đâu?... câu hỏi thâm thật!,,,
Cứng quá :)),,,
Chi ơi chi chửi con trang Lê đi chi nó đang chửi v n minh dữ lắm chi e ủng hô chi,,,
Viêt nam tât chiên tât thang.,,,
Có cái nào xách tay hay2 thì để lại cho ae nhé ml 😄,,,
Đề nghị sống chậm,,,
Thầy tuu,,,
Quê em da trắng nước trong v:,,,
Nam Đoàn Kris giỏi thì chết còn lơ ngơ như anh chàng ny chị Emily ngủ cả buổi kia thì lại sống😂,,,
Liên quan gì mỹ bảo vệ vn?????? câu chuyện đó phải nói là mỹ bảo vệ 3que nhen hông,,,
Dep qúa người đẹp,,,
Như Quỳnh hải sản nè em,,,
"Các thanh niên đang bật chế độ tự động hay k thì k biết, nhưng đang nói về vụ ngập mặn sông cửu long lại sọ sang boxit tây nguyên với chả nhà nước hỏi ý kiến dân",,,
Nói chuyện thể hiện văn hoá lùn nhỉ?,,,
Công Vinh khox',,,
Hình như là van thiên tường đêm lạnh chùa hoang,,,
Vũ Vũ mua sẵn chuẩn bị đi cô,,,
Tối vô khoanh tay xin lỗi không anh ơi 🤣🤣,,,
chỉ biết cười :)),,,
Sai lầm của a là ko đem đến cục vệ sinh an toàn thực phẩm .,,,
Trăm năm Kiều vẫn là Kiều,,,
Tăm TămPhuong TrinhHoài Thương ôi sếp người ta,,,
Vần đơn này :vv,,,
Mv sẽ cảm động hơn khi người dẫn truyện k phải là a độ =)),,,
Thu Nhài 🤣🤣🤣 thế thì cách ly nó,,,
Diễm Thúy đột quỵ á :))),,,
Tối mạng lag như điên,,,
Đáng suy ngẫm,,,
Mới nghe đc mấy tiếng trước 😂,,,
The old man in the video sounded like a madman! Is he claiming to be another Nostradamus or something? Cuckoo! Did the Coronavirus do something to him already?,,,
những câu nói rất ý nghĩa.,,,
Thỏ Ngọc,,,
"Kô ai muốn phải cách ly ,nhưng vì sk cộng đồng cũng như sk chính mình hãy cố gắng lên bạn,bạn càng nói thì cái não của bạn sẽ bé đi nhiều.chúc bạn sau 14 ngày âm tính với corona.",,,
Hợp lý 😂,,,
Diễm Phúc nhìn tay quen nhe,,,
Heloo abe,,,
Lúc đó tui mới thấy ủa sao kì zậy??,,,
Hương Hương Huuyen Huuyen này ngon nè,,,
113,,,
"Lúc đầu 500 triệu là tiền của MC Phan Anh đưa ra trước để tiên phong kêu gọi mọi người quyên góp chứ có phải tiền của người khác như stt trên bêu rếu đâu,người ta cũng nổi tiếng sẵn rồi,cũng đc nhiều người biết đến rồi cần gì phải làm màu để nổi. Làm gì,bằng cách nào cũng bị bóp méo,bươi móc nói xấu,đè bẹp cho đc,cần phải xem lại bản thân mình trước đi rồi hãy phán xét,trù dập người khác.",,,
Nhảm nhí. Mày kiếm đâu ra cái tờ giấy này rồi vu khốg thế,,,
"nhìn bác tôi chợt nhớ tới những tượng đài nghìn tỉ đồng, cụ Hồ ơi sao cụ không sống mãi để lãnh đạo. thối nát thối nát.",,,
lên fan cứng đi,,,
Đúng quá đúng anh eii :)),,,
Cho dù Jack có như thế nào thì mình vẫn cứ mãi anti Jack.,,,
đào tươi nha,,,
Trần Trung Thành giá sao vậy a ơi,,,
Nguyễn Văn Tý đỉ mất dạiii ghê,,,
Minh Tuấn đừng chửi t mất dạy trong khi đó là hot trend,,,
Dơ vlll nhưng t thích,,,
Ở nhà cho lành😭😭😭,,,
Ung thư tuỷ thì bỏ mẹ 😄😄,,,
Võ Minh Hiếu gửi vid cho mik vs,,,
Yêu cô ❤️❤️❤️,,,
Sách lược chống virus,,,
Ae đặt kèo nào tài hay xỉu đây trai là tài gái là xỉu =))),,,
chúc mừng em đã trúng thưởng event lần này nhé! em inb về fanpage + hình ảnh cmt này nhé! Thầy inb em ko được <3,,,
Nhìn cái google map đang tưởng chơi game,,,
Đây là Nhung sau khi xuất viện,,,
Sao kh phải là con gà đầu lân ?,,,
"May nen lam vay ,thi tot ,con kia la danh nhan j ma hai gia đinh hai ca cong đong",,,
"nó quản lí internet, nhồi sọ dân từng phút từng giây. Dân TQ đông nhưng nói chung nòi giống cũng éo ra con mẹ gì.",,,
🄳🅄 🅃🅁🄴🄽🄳 🄶🄷🄴 🄷🄾🄽🄶 ?,,,
Nghe ong này nói mà mất mệt,,,
Idol nhuộm e cũng nhuộm ké:)),,,
khôn thế thầy lòn :)),,,
Giống nhau như 2 giọt nước,,,
LẠi gáy haha,,,
Thuốc lào đấyyy,,,
Ai ai ??...dám loang truyền tin thất thiệt thần tượng Tran Cọp của mình bị Corona vậy,,,
"Á đù bệnh tâm thần mà cho làm trung tá mới hay,hèn gì bọn đảng cs toàn là một lủ tâm thần nhưng hám của.",,,
"Chuẩn bị giảm lương, tăng giờ làm, hết vốn hỗ trợ ODA rồi còn thêm đường ống nước Sông Đà do Mẫu Quốc làm, rồi biển thì bán dần vì Dân không biết cột mốc ở đâu, thằng nào giỏi thì chỉ có chết cứ ngu như thí chủ thì sống nham nhở cũng vui",,,
Minh Toàn Chu Hãy Trao Cho Anh đó bạn... mình nói mới là mới nhất chứ đâu phải mới ra đâu🙂,,,
chụp ảnh tết sớm cùng thầy 🤣🤣,,,
Học sinh như cái đách l abe,,,
Toàn Trịnh nó tốt hay ko thì kệ mẹ tụi nó,,,
Lâu lâu phát biểu 1 câu gây hại não người dân !,,,
Vòng tiền xoay vòng lo nhìu mặt khác của xã hội chứ đâu lo cho mỗi bạn. Vd tiền xây biệt phủ tiền cho con đi du học...,,,
NT Ngọc Trinh bạn tui bên đó đừng đi bảr nhen 😌,,,
Chịu rồi =))),,,
Cảm ơn Nhật kí yêu nước nhiều nhé !,,,
idol nó phải như thế <3,,,
Hmm,,,
Senna said:,,,
Này đẹp hơn nè thầy,,,
Cười ỉa :)),,,
Chúc abe may mắn😂,,,
Sao mùa dịch mà lại thích đi du lịch nhỉ,,,
Tất nhiên.có chết ngay đc đâu,,,
mọi chuyện có abe lo hết,,,
há há...thấy cuốc chưởng.tiên sư Dần Đần tấu hài là vui roài..,,,
Phạm Kim Ngân hoyyy dẫy để đi làm nè 😂,,,
Văn vở gì nữa:,,,
ánh mắt vừa nói vừa phải nhìn xem vợ có nhìn thấy k đáng yêu vc :v,,,
Sang thái bắn giải xong lại Đại diện cho ĐNÁ đi bắn giải quốc tế thằng nào bảo refund hết thời :)),,,
Quạo ghê dị đó :'(,,,
Yến Hà hình cánh hoa nha 😂,,,
Đặng Lê Bảo Ngân ờ,,,
Dm đánh răng thôi nó cũng chiếm 80%,,,
Chủ quán mỳ và tôm team úp cực mạnh :)),,,
"Phạm AnhQuân ae kênh chát diễn vl , k thấy câu chửi bậy nào luôn",,,
Nhưng lại lười giải thích🤷🏿‍♀️,,,
"Không phải tớ chế đâu, hihi",,,
Bọn bạn sau khi tỉnh,,,
Yến Lương 😂😂😂,,,
Trần Thị Hiệp ra đảo chơi 1 ngày. Mới dìa lại đất liền r nè m 😂😂😂,,,
Nhục mặt chửi nhau roi giờ chơi nhau chửi mướn đề con vk trả tien kaaaaaa,,,
Hình TP HCM mình chụp sáng nay 😱,,,
Việt nam ơii,,,
LÌ XÌ ĐI ABE ỚIIIIIIIIIIII,,,
Nhờ thầy mà em cảm thấy mình không phải là đứa chơi ngu nhất liên minh,,,
""" tôi xem phim lại đéo biết khóc bao giờ "" =))",,,
Đẹp zai giống bố nhưng tâm hồn thích chơi đồ chơi con gái :v,,,
muốn lắm nhưng k đc:))),,,
Nghe thì có vẻ vô lí nhưng lại cực kì hợp lí và thuyết phục :)),,,
Phương Thảo sếp đây nhé:)),,,
thiếu pha đốt phong long của thầy tui r :)),,,
Cố lên nào anh em! Phải có cái đầu lạnh. Quyết Đoán - Tự Tin - May mắn,,,
ngon thế,,,
Trời đất dung hoa,,,
ui dyt mẹ dân còng lưng ra gánh.thuê đánh x2 .đéo mẹ Đổi Mới Cuộc Sống,,,
Nó đéo làm như vậy thì gọi đéo gì là dư luận viên?,,,
Diệu Linh hqua c cho em xem cái gì mà tiên đấy đúng k?,,,
Đập đi em,,,
Phan Nhuệ Anh .,,,
Đố thầy biết em đang xem gì,,,
Cái mỏ y như mỏ của susan 0175 :))),,,
Lol con điên,,,
"Nỗ lực của bản thân sẽ cho người khác cái nhìn hoàn hảo hơn chứ không chỉ mỗi tình yêu và sự bao dung vì sau này tình yêu không làm cho cuộc sống ấm no đầy đủ về vật chất mà chỉ về mặt tinh thần, tình cảm,... vậy nên đi kề với tình yêu cần có sự cố gắn",,,
Cực kì thuyết phục 🤣🤣🤣,,,
Võ Thị Thanh Thảo ghê chớ bạn,,,
Tụi bay like trang này chưa vậy ? =)),,,
Trunq Xuân Cao k khiến mặt nhắc nhé hihi,,,
Vẽ con gà :D,,,
:33,,,
Mynas ? :D,,,
bớt khẩu nghiệp đi em,,,
Kệ đi:)))) ông tỉnh vlogs haha,,,
Yêu tất cả các emmm❤,,,
Hi. Đúng chất anh độ có khác. Jo e toàn nói điệu giống anh vđái,,,
Con beat căng :))) ditnhauhong,,,
Sss riven gold :)),,,
:))),,,
Con ruồi đàn bà đây à :))))),,,
Anh hùng bàn phím nữa :)),,,
Nguyễn Thị Luận sơn là cũng thế,,,
Dạo này anh còn sản xuất điện thoại Cphone không ta???? 😂😂😂😂😂,,,
"Alex Huynh :)) à có cái lũ nó cứ nhai cái câu đất nước ngóng tiền gửi về của cái đám đó mình nghe thối quá thôi mà, lo thân còn ko xong đòi gửi tiền nuôi nhà nước =))) còn người thành đạt thì mình tin họ ko có time lướt fb chửi này nọ , đòi lật đổ này nọ đâu =))",,,
Học lớp 3 thôi thì bạn nghĩ sẽ nchuyen đc tới đâu? Nhưng cảm thấy c này vui vẻ nhưng sau này sẽ biến chất,,,
Hot cmt,,,
Bán hàng online bất chấp vậy hả trời,,,
"Kiểu như 1 nét đẹp văn hoá "" nếu chưa bị mất ví thì k thể nói bạn đã đén vn "" 😂😂😂",,,
Ai lớp du chu cờ mo =)),,,
xã hội thời mạt pháp :3,,,
oh yearrrrrrrrrrrrrrrrrrrrrrrrrrrrrrr <3,,,
Thấy racking boy chưa tộc trưởng,,,
lương dân xứ này rất cảm ơn bộ thương mại Hoa Kì!👏👏👏,,,
Con này không thay đổi được nữa rồi,,,
Lan Lưu mốt trang điểm cô dâu như zầy nè em :))),,,
Bài này thích mỗi cái beat của HOAPROX,,,
A looooo,,,
Mỗi câu nói một câu ditme :)) tưởng thế là hay tưởng thế là ngầu 😌 khẩu nghiệp vãi l,,,
"Bên Mĩ bây giờ ghê lắm rồi! Hơn cả chục ngàn người, tại bang của ông ở đã có người chết. Tui chỉ mong ông MẠNH KHOẺ ,BÌNH AN ,TAI QUA NẠN KHỎI thôi!",,,
Anh gáy vậy thoyyy chứ anh yêu vợ lắm :))),,,
Cực kì thuyết phục..!😝,,,
E nhìn chị e thấy chị đẹp quá chừng e chúc chị hp nhé chị yêu,,,
Kim Trang trend bác ạ,,,
Tt7 susan 0175,,,
Nguyễn Thanh xin video bạn ưii,,,
lươn khươn kiểu cao lãnh:(,,,
Bác Thăng chuẩn quá,,,
Nếu ổng ở VN thì có thể chữa lành bệnh được không nhỉ. VN giỏi mà.,,,
tối nay tiếp phần 2 anh ơi =)),,,
Ok thầy ơi =))),,,
Cô nói câu nào cười câu đó,,,
"Cái đó là chuyện ở dưới huyện, trên chính phủ sao nắm đc mà vơ đũa, nếu họ làm từ tròn vai đến tốt thì cả họ cả làng làm quan thif khó mà lên tiếng, còn.một khi tắc trách thì m cứ mà tự do mà khiếu nại, lúc đó ai bảo m phản động ???",,,
"Em lại va cơm men chi làm nhiều video nữa nha, mà nhớ cho e xem nha chị",,,
selaaaa ơi là selaaa,,,
Tp.hcm thực hiện lời hứa với bộ chính trị: Ta đánh Ta,,,
Tổ  cha đứa  nào  mà  nói  bác  nhiễm  bịnh gần  chết ác  mồm  ác  miện bác  còn  múa khỏe  mà vậy  mà  nói  bác  gần  chết,,,
câu chốt của anh tôi hay =))))) ok ok em học bài tiếp đây nhà bao việc =]],,,
Thang Viet xin về tự thủ à =)),,,
"Chào Chế Hiếu, cho địa chỉ ks Cai Lay di",,,
Nguyễn Long a đã bị trục xuất khỏi hải phòng 😂,,,
Thật là ngược đời! Tất cả tài sản của họ đều lấy của dân vậy mà lại đi ơn đảng!,,,
M bị bắt là đáng r thằng ad hãm lz.,,,
Đoàn Văn Ngọc Sơn Trung Sì Núp Đót - 3GaGang,,,
Cũng rất gì và này nọ 🤣,,,
Tôi khong có ý gì có khi nào đeo vàng giã không,,,
Yamate Như Ý Võ,,,
Cô để anh Độ mixi phân tích cho m hiểu nhá Vân Vân Anh Nii,,,
nguyên nhân của vụ việc,,,
Con gái của thầy,,,
Hoàng Xuân đợi e 1 tgian nữa đi e đầu tư kỹ thuật số trúng phát chị muốn ăn 10tr8 cũng có nha kkk,,,
cách hoa lạ hen 🤔🤔🤔,,,
Nhìn mặt thầy cam chịu quá,,,
"TIN VUI ,ĐANG CÔNG SAN VN BI NHIÊM VIRUS CORONA CHÊT GÂN HÊT RÔI HAHAHA😂😅😃😆👍👍👏👏",,,
phân biệt đc đó nhưng độ không đc thông minh vẫn như nhau thôi không cần so sánh :V,,,
"sau những giờ làm việc mệt mỏi, kênh thầy làm em dồi dào tiếng cười",,,
Phạm Khắc Thành a cũng hay xem Độ à,,,
Ad đang chửi tổ quốc đấy sao??? -_-,,,
Phạm Mạnh đù mạnh đi trước tương lại ghê chưa,,,
Nguyễn Trương Luân Cung Kiera ăn nữa hong mọi người,,,
quan ngại :)) mà dân sắp đéo ngại đâu (y),,,
Mua bỉm cho con đi ông ưi,,,
Nhật Ánh làm phát rồi về nhà cho lồng lộn nàng 🤣,,,
Sao cái huy hiệu thần binh bữa thầy kêu nhận h vẫn ko có trong game vạy,,,
"Trần Huấn đau, ai lại nói đệ e như thế",,,
Âm tính rồi mà :<,,,
Sống chậm thôi cả nhà,,,
Lào sẽ điều lực lượng Hải Quân tinh nhuệ nhất để chế ngự Khựa.:3,,,
Yêu Thầy Ba vãi cẹt 😚,,,
Thương Nguyễn me too,,,
Nguyễn Văn Nam k liên quan nhưng ảnh đẹp vl,,,
"Hết anh Chung,HN lại tự hào thêm vụ y đức của chị Tiến ruồi_Bệnh viện đa khoa Xanh Pôn gian lận kết quả,bớt xén vật tư khi xét nghiệm HIV & viêm gan B cho bệnh nhân",,,
Sao trong mv không có sự góp mặt của mẹ nuj,,,
thà là các bạn cô đơn ăn tết với gia đình còn hơn là không có gia đình bên cạnh và không có tiền trong người :)))))))))))))),,,
Đ*o hiểu lun,,,
Mình sẽ cố gắng nổ lực từng ngày hơn ❤️,,,
cô Minh Hiếu bị lag 😂😂,,,
Thầy chắc hạnh phúc lắm khi mai mắn có thằng con trai dễ thương giống mẹ chứ không phải thầy :))),,,
Nhung Be hihi sắp đến nhà r,,,
Đài Loan chửi láo quá thì an tâm nhé ko ai đánh đập đâu mà mấy nghìn quả trứng vào nhà luôn. Các bạn nào gần nhà linh cá lóc cho mấy nghìn quả trứng vô nhà nó cho nó biết thế nào là lễ độ.,,,
Tiên tri hôm nay nhìn ngầu quá. My idol vẫn khoẻ là dui rồi.,,,
Quên mất a hỏi nhà tiên tri bao giờ cưới danh ca như quỳnh,,,
A châu ơi cho e xin in4 đi có dịp e dt hỏi thăm cô kim,,,
Đây là viêtj nam khi biết tin corona lại suất hiện,,,
❤❤,,,
Nói rất đúng,,,
Chui e la chjnh xac rui e oi..e nô banh nha xac.khoc gja tao.,,,
Như này này,,,
Anh diễn xuất sắc mẹ luôn :)),,,
Đến game cùi này cũng có học trò thầy,,,
oke Thầy Baaaa 👌,,,
Khu cách ly có wifi k ạ,,,
Chó cs bán nước hại dân.,,,
Yên Thơ em gái má ôi,,,
Mọe,,,
Lê Nguyễn Thảo Nhi thuyết cái loz què !,,,
Rẫy chành chạch.,,,
Hoang Anh Cực Kì Thuyết Phục!:)),,,
Mô phật,,,
Quần gì ma nhìn vào thấy mất nết dễ sợ,,,
"Van hoa ""doc tai""!!!!",,,
đcm. phạt! phạt cái loz. cáu!!!,,,
Cặp Chân mày  xuất sắc 🤣🤣🤣,,,
Hôm nay em nghĩ,,,
@Ku Nít 😂,,,
Cần lắm hội đồng fan anb độ vào giúp em bình chọn ý kiến này ạ . Em đang là hs lớp 10 trong vòng kiểm soát thì chỉ đc thi 2 môn toán và tin mà trong đầu em đang hướng theo khối D. Bh em đang băn khoăn k biết nên thi anh hay tin ạ. Mn cho ý kiến giúp em với :((,,,
"Nc cưng ghê. Nghe mà cười suốt, thật thà chất phác",,,
"Dm. T mới bị con go go nó chạy sau nó đớp b ak, gửi cho nó pit mà",,,
Vinh Võ,,,
Thật ra tôi ông ghét ông bác này vì ông ấy hài hước 🤪:)))),,,
Không có một thứ chủ nghĩa nào mà lại tàn phá đất nước và con người như chủ nghĩa này. Các bạn trẻ hãy luôn kiềm chế mình để sau mỗi cuộc hân hoan về bóng đá thì lại đem đau thương về gia đình của mình lâu dài.,,,
xin vd ông ei,,,
Bảo s Ngọc Trinh thích ăn bánh tráng trộn :v,,,
ohhh shits,,,
Phan Hoàng Anh Thư tứk,,,
Ý thức :,,,
Vâng anh k dùng luôn ins cũng được đấy ạ!,,,
Nói hay lắm bác ơi,,,
Lần trc bị hỏng silicon nên đi nạo ..bi h phải đơ r ..nhưng vẫn đẹp,,,
để khách quan hơn sự việc này về phía cả 2 bệnh viện. Mình xin phép chia sẻ đường link này cho ai thật sự quan tâm chứ không phải chỉ phiến diện từ 1 bài báo,,,
xin clip ban oi,,,
Dm pr game nào để t còn chốn,,,
"Đất nước đang gồng mình chống dịch , còn đây là hình ảnh đang phê dịch :))",,,
Con 3 dàng ngọc nó xúi chị chứ chị đâu có biết,,,
Còn gần e lần cuối a hoài ôm không muốn lơi có nước mắt rơi hay là sương rớt trên vai a,,,
SỤC COLLECT LAN CẨM hltv,,,
Nói dân trí thấp lại tự ái,,,
Đủ lí do để thay đĩa thức ăn mới =)),,,
Nghe có vẻ Hư Trúc nhưnh rất mộ dung phục,,,
Phần tiếp theo:,,,
Nguyễn Thị Nguyệt tại vì du hí vs chị số 17 trc đó rùi. May bà í còn đi chuyên cơ riêng ấy,,,
"Lam stream khuya khổ lắm các ông ah , kiểu này là vài đứa nữa",,,
"Đề nghị Anh Dần hát lại bài Cớ sao buồn này Kim ! Rất nhiều người hâm mộ,tôi sẽ lo bản quyền tác giả !!!!!!!!!!!!!!",,,
Phan Thanh Thảo conac,,,
Phát Nguyễn liều tưởng đâu đc ăn nhiều :)),,,
Mat la chi Ba o duoi chac la ong Ba yo,,,
Nó lại hợp lý,,,
"Đổ đổ cc, ad bộ mày muốn cưa chưn rồi bà bộ trưởng đến thăm mày rồi đổ thừa cho cái số à?! Đm, khôn thì im đi nha, tụi nó không có lương tâm đâu, sẽ hiếp nắng mày cho tới chết đó, ý tao là ám chỉ mấy thằng dư luận viên kìa.",,,
Cay không anh ba ơi :)),,,
Lấy về tế à @@,,,
Mang mật vụ Poppy sách phép đi khắp thế giới =]]]]]],,,
Trai Cao Bằng có làm em lo lắng:)),,,
ai tên Dư Luận Viên vào thanh minh coi sao để chửi dữ zậy :)),,,
ấu dâm vãi lz hèn dì cô phương linh bốc phốt =))),,,
:)),,,
"Nãy vào tường nhà "" con "" này. Đọc vài bình luận trong đấy,rồi tự nhủ "" hoá ra khi qua tuổi trưởng thành thì con người suy nghĩ thật kinh tởm,dù là chung dòng máu"". Lòng người khó đoán thật,cái gì cũng có thể nói được. Đọc nhiều khéo bị tẩy não cũng nên. Ahihi !!",,,
Vãi mạng=),,,
Khúc sau đâu abe ?,,,
Chỉ là sơ sót thôi. :3,,,
ad có cập nhật được tình hình biểu tình ở hà nội bây h ko ah? căng quá mà không biết ntn :(,,,
"ngu quá thì ko chết, chỉ có khổ thôi :v",,,
về biển đi nhặt quặng thôi :3,,,
Nhớ quay clip dài dài cho ae ở nhà có cái làm tài liệu ôn tập khuya,,,
"Phải như thế này thì mới nhận ra những sai sót, những vấn đề hiện tại của team để giải năm sau ăn quả vô địch cho bất ngờ các a ạ😆😆😆 Chúc các a trở về an toàn. Hóng mai có Sờ Trym",,,
"đéo biết thì im, thằng cục trưởng cục phân kia bảo dư lượng chất độc trong nông sản vượt mức cho phép nhưng ăn vào ko sao, độc giả tức quá nên mới bảo ""Kính thưa thằng cục cứt: chất độc ko thể ăn được"", hiểu chửa???",,,
Càng lớn càng ôm :((,,,
Đỉnh cao của nền toán học Việt Nam,,,
Võ Thủy khỏi ăn luôn bx,,,
1 cặp :)),,,
Cám ơn bạn,,,
Bà ba vàng ngọc kêu chửi bã mới trả nợ,,,
Cái này gọi là si đa mà xong pha đi hiến máu :)),,,
Adidaphat mong bác đc siêu thoát Adidaphat,,,
"em lỡ tim cmnr, bh làm sao đây",,,
như buồi thầy ạ :)),,,
Mua đồ về cho thêm duyên dáng nè 😚,,,
Ừ nó không ghép đâu. Chỉ chuyển mặt thôi nhé!,,,
Mọi người cho mình hỏi Chị này phải người chuyển giới không ạ,,,
dân nghèo xem tin tức thấy thủ tướng nhắn tin sẽ tạm quên đi đói nghèo,,,
Thôi rồi đời con đời cháu mình trả cũng ko hết nợ,,,
Lúc nào đi gank cũng đem giáo án nâng cấp băng giá cả,,,
"E cũng trùng suy nghĩ với anh. Làm nhiều, cày nhiều thì cũng phải dành cho mình thời gian hưởng thụ, chứ tiền ai chẳng muốn, bao nhiêu là đủ!!",,,
Vài cuốn gì. Trả lại 3/4 tài sản là hết :v,,,
Ghê hầy,,,
Ok thầy Ba,,,
Abe và sena ko thể ngang nhau được=)),,,
Hải Đăng t gọi tường gió oánh bỏ mịa bây giờ :((,,,
Đm train như cuccut mà vô quất 1 hơi 3-0 sợ thật :v,,,
Nói đúng còn nói to,,,
"Không hiểu tại sao,nhìn cái bánh sinh nhật tuổi 30 mà khóc",,,
@Anh Trần =)),,,
Vậy nên bầu thằng chó ad này làm đê. Nó giỏi lắm,,,
Phim séc hả :)),,,
794299314,,,
Hành trình đi tìm nốt ruồi hả Anh ?,,,
Phải làm khoá tiếng anh cấp tốc hoy bọn mày,,,
"má k mặc áo mới đi, mặc hoài áo cũ thầy",,,
Hồng Nhung Nhà toi nhiều. Bạn không phải nghĩ,,,
"Mấy thằng này ko biết bao giờ mới bị bắt ,bị diệt hết !",,,
Cố lên,,,
Clip này mấy ngày moi người..lúc nó làm clip xl cộng đồng mạng chưa..trước hay sau,,,
Được quá a ơi! :v,,,
Sai ở chỗ nào? Mong bạn chỉ ra. Tui là dân kỹ thuật nên ko rõ.,,,
Hí ae🙂,,,
T cười ỉa😂,,,
Lê Văn Quật xin video bạn ơi,,,
Thu Hít 1 hạt cát không đủ để thành sa mạc đâu =)),,,
"Xàm, ăn không rảnh rỗi l, dịch ko giúp đc ai thì thôi còn chửi nhau đăng lên, chụp gạo đồ,  trẻ trâu",,,
Em chỉ tin mỗi con Susan của thầy thôi,,,
Có a ưo,,,
Chán thế nhở,,,
Anh Tuan Tr e bé chó chứ =)),,,
Thế các ông đi đúng thì nó bắn gì các ông,,,
Ca sĩ thầy ba lên ngôi,,,
Sự Xoăn Sự tạo dáng cánh hoa a nhé 😆😆,,,
dm linkkkkkkkkkkkk,,,
339483904,,,
Chị ơi chị dễ thương quá,,,
Chị 3 tìm nọc,,,
Thông não hộ em abe,,,
Tốt nhất k nên ăn để khỏi phải nhầm lẫn,,,
Cương Đặng đây là thịt chuột mà nhỉ 🙄🙄🙄,,,
Mặt  mũi  chj đẹp quá  .j cg đẹp..Chj đeo nhiều  vàng  vậy..hơn cả  linh loc  luôn...,,,
"Mình góp ý nhé. Ý kiến của mình là như này, mình nói ra nếu có mất lòng anh em thì mình cũng chịu, tại vì mình cũng chỉ muốn đóng góp một chút ý kiến cho anh em biết là mình cũng là một người có ý kiến, mình là con người không thích nói dài dòng, chỉ đ",,,
Chị giàu quá giúp đỡ em đi chị em không có tiền cất nhà chị ơi gia đình em đi,,,
Mong thầy chỉ đóng mv thôi :v,,,
Sói said: làm ông già tôi hơi lâu rồi đấy,,,
mặc như không mặc :)),,,
Cực kỳ thuyết phục :)),,,
hơi khác,,,
@Em Gái Có Cu có chính hãng trần đoàn á cười ỉa,,,
Nỗ lực làm phò...cao cấp à?,,,
Chi tieng nhiều cho e vay vay tram triệu di chi........,,,
Chi xinh và quý fai nữa.đẹp lắm,,,
ad cho xin cái link,,,
Chị 3 vàng ngọc là số 1 e rất yêu chị 3 e tên thiện thiện 34t ở đồng tháp 0328448610,,,
"thằng ad k muốn bme nó ra tù đấy mà, rõ khổ",,,
Noi hay,,,
Lê Thiện :),,,
🤷‍♀️,,,
Nguyễn Tuấn Huy,,,
Đéo cho thì nói ki bo cho rồi thì soi này soi nọ . Thế mày muốn chúng nó sống sao . Miệng chó ko mọc đk ngày voi cứt j củng phun ra đk,,,
sao biết là ko trọng tâm. Tai để nghe chứ đâu phải làm cảnh,,,
"Anh ơi, anh làm gì cháu nó thế 😆",,,
Tử hình còn j nữa,,,
Mấy người ở quán bar khi nghe song,,,
Thúy Duy đú trend ko,,,
Chị 3 chửi thật hay,,,
Nguyễn Khánh Nghĩ chán vlol,,,
Cho mình xin video với bạn,,,
Giải thì cắn răng cắn cỏ mua :(( quần áo giày dép toàn mua trên shop peee ăn thì mưa cua hoàng đế cho anh em r phải ăn mỳ :/ ng anh quốc dân,,,
"Haha nói chuyện vui dễ thương quá c oi, đúng chất miền tây á",,,
Anh nên kinh doanh thêm thuốc nhỏ mắt MixiGaming - phiên bản Độ Tày để tăng cường thị lực cho viewer sau mỗi pha sấy mù mắt đổ tội cho lag của team Refund,,,
"Súng bắn không trúng, dao chặt không đứt, coi chừng CÔ VI mà liếm thì chắc chắn sẻ bay vào vũ trụ.",,,
"“Tiếc ziên năm tám mư mốt tui zượt biên sang tới Mỉ , sau đó tui chở thành Tổng Giám Đốc Hãng Bột Cu Xưn thương hiệu hai con Doi”",,,
Xin vid ạ,,,
Mai Dịch khi nghe tin này 😑,,,
Vào đây chỉ muốn nói là giọng các bạn Nam miền Nam ấm vcl thôiiiii<3,,,
Coi cừ gần chết,,,
chắc lạnh thì mặc 2 quân thôi nhưgn béo quá mà,,,
Thốt nớt ra đây,,,
múa như cái biệt danh Susan : Chó :)),,,
Khác gì con nhái k anh kkk,,,
Việt Phong haiz.. kẻ tổn thương lại muốn tổn thương ng khác🤬,,,
Người nổi tiếng mà ý thức kém quá.,,,
"Má, .....xăng xuống giá mà luật CA cứ tăng tên",,,
Thời lồn nào rồi mà còn mị nhau như vậy,,,
bon no tap hop lai thanh 1 bang dang co ma,,,
Trương Duy lz mẹ,,,
hahaaha thầy là thầy đấy,,,
😁😁😁😁😁,,,
Cô yeuuu của tao gắt quá :)),,,
😃😃,,,
Chứ không phải lúc trước đi ra ngân hàng nói chị Ba gửi tiền về cái mặt lên như bà khùng ha 😉Giờ thì bị ba vàng mã lừa  gạt  úp mặt vào cầu tiêu đi Minh Hiếu ơi nhục,,,
ù uôi ghê nhở,,,
"VN-TH núi liền núi, sông liền sông, HCM-Mao Trạch Đông là lá la la là la :v",,,
ngán ngẫm thiệt,,,
Bà khùng này xàm thiệt,,,
"Vãi lồn, facebook từ 2009 tới 2013 mới bắt đầu chạy qc mà nói live bán 10 năm nay 😀 có xạo lồn quá không dạ",,,
Cừ mún chết,,,
"Tình hình dịch bệnh đang rất phức tạp. Mọi người ra đường nhớ đeo khẩu trang. Ai sống một mặt thì đeo 1 cái, ai sống hai mặt thì đeo 2 cái. Còn ai sống như con kă.c. thì nên đeo bcs thay khẩu trang 😏😏😏",,,
Thoại Trần “ thâu” ông im mẹ nó ik” :))),,,
Ba Cát Lượng mới phải chứ thầy,,,
cãm ơn chị... Nhờ nghe chị nói mí bửa nay khó ỉa nay nghe xoq vô tụt cái thiệt là khỏe cái bụng,,,
"I love you chu cà mo 
E iu a cho gờ....tay  😛",,,
Thanh Tâm kkk,,,
Nguyễn Thịnh quái vật 8 đầu dú,,,
Tùng giỏi thực sự,,,
Buồn thật chứ,,,
tuổi trẻ ai chả có lúc thăng trầm ...,,,
Tèo Tèo tú joker ;))),,,
Xin,,,
An ủi vl Thư Huỳnh tụi nó haha em kìa,,,
Giờ ghê răng lắm rồi,,,
E đang học xem lén thầy và cái kết về nhà xem luôn 😂,,,
Xaolol riết quen cô Ba ơi,,,
Trái đất lúc này.,,,
Abe chơi dơ,,,
Giờ phút hạn chế đi du lịch đi trời...,,,
Nghe yếu sinh lí nhưng lại yếu cả địa văn,,,
Chị nói hay thế,,,
fan cứng?? thầy lồn cho tao fan cứng chúng mày ạ .. yêu thầy dấu bé ba = )),,,
"đồng hóa từ từ, ai cũng nhìn ra, trừ 3 triệu con bò :v cơ mà ai cũng sợ bóc lịch nên thôi cam chịu vậy :V",,,
Và đây là a độ trông con khi chị trang đi vắng🤣🤣🤣,,,
":""(",,,
Nguyên tắc bất di bất dịch của nhân dân ta khi tham gia giao thông:,,,
"Đã là gì :"">",,,
Thu Thảo thế thì bọn bác sỹ này phải đi học lại...,,,
"Có những ""phản động""đấu tranh ntn Hải mới đc sống đến ngày nay.mong tất cả đều bình an😍",,,
Hà Ngọc Nguyễn Linh Ngọc Vũ Phạm Thanh Chúc Phạm Nhi Vũ Hưng Vũ Phan Yến Nhi,,,
Lê Minh Tuấn k bt đc xuất viện k,,,
!!!,,,
"Tuan Quoc so sánh vs con gái, chửi con gái ngta đ* này đ* nọ, đéo biết mày có cc không nữa, hay não toàn phân bò",,,
M im đi add,,,
Tối có stream k tộc trưởng ưi nhớ quá,,,
"không hèn không phải là cộng sản, tội đồ sớm có quả báo nhãn tiền.",,,
Nguyễn Tiệp rep ne`,,,
KLq mới bạn thi xong và chuẩn bị Trường nào học vậy,,,
hỏi ngu xíu: tiền môi trường làm sao cản đc UV từ mặt trời chiếu xuống? e ko biết thật! e chấp nhận nge chửi để khôn ra :D,,,
Đúng là giang hồ vui 🙂,,,
K-ATM cũng được làm ca sĩ,,,
Cái bút 🤣🤣 hài vlin,,,
Vl cô 3 vàng Ngọc giới tính gì vậy,,,
Bắt cái đầu mấy con cờ hó tung tin tào lao đập cho phát,,,
❤❤ 😞😞,,,
"Thằng áp dê ngon thì nói cho thiên hạ biết đi, hay đi làm Thông ngôn cmn đi",,,
Làm sao để thoát ra khỏi nhưng suy nghĩ trong đầu,,,
Ninh Trần cover liền 😂😂,,,
Uyên giàu sao ko ở bên Anh chữa mà về VN,,,
Văn Tuấn Mai nước hoa như nước sông vậy đó mà nói chuyện xạo lồn,,,
Phụng Phèo Lina Nhi này lương cao nè các friends,,,
Hài,,,
Thuykieu Tran chán cực phí tiền . T dễ tính vđ xem xong toàn ngủ,,,
Ăn cướp trắng trợn,,,
việt e tuấn hưng nên sợ đ ai? :))),,,
Giàu như miến vãi nhà t,,,
"Khoai Lang có vụ đấy mà ông ơi, người hàn nói tiếng việt cái gì",,,
"Ai đúng ai sai, kết cuộc sẽ rõ. Mọi người nhìn sự việc theo quan điểm riêng của mình, không hẳn là khách quan! Hãy đợi xem sao?",,,
"I lớp du chu cờ mo, Em iu anh cho gờ koo",,,
Ninh Trần a ăn cơm vs cá kho chưaaa 🤣,,,
Hàng hiệu chuẩn cao bằng đấy nhé:)),,,
"Chị pa còn trinh có cây đinh chính giữa, Chị pa đẹp gái có 2 hòn dái 2 bên",,,
"Cố lên, sắp vượt pháp rồi... Tự hào 2 chữ cái vn! Hehe",,,
Quả tóc ko lẫn đi đâu được :)),,,
Nguyễn Đăng Khoa thg học trò l này :))),,,
Chú hùng và cô tư nha thì ra là hư cấu như nhân vật bác ba phi,,,
Thanh Tú hay thì chắc nhiều đứa ý bị ngắn lưỡi =))),,,
"@Tiktok Official nói k lại rooid phán là chó hùa. T chúng tao đang nói đây đéo phải hàng real. Bớt xl lại. Đéo có fan của ai đây hết. Bán vậy rồi nghiệp quật. Thử nghỉ cha mẹ bây uống thuốc chống đột quỵ.... Mà trúng thuốc giả rồi k có tác dụng rồi sao. Đéo biết suy nghỉ. Ừ hàng giả nói giả. Rẻ cũng chạy. Bày đặt real, hàng pháp .... Xạo l",,,
chán lol mẹ,,,
"Tôi ko nghĩ như vậy, hành động bỏ giáp rút lui trước những người biểu tình quá khích ở Bình Thuận là hành động khôn ngoan. Với dân là vậy, còn với quá kích thì đây:",,,
Anh em thấy ông già mình lớn đầu còn ăn kẹo,,,
M nghĩ lần này lọt top trending là do mng quá ngóng một sản phẩm mới từ jack,,,
Nhìn mặt cụ chắc vào đảng của rằm tháng 7 ^^,,,
"ong Tran Dan dang nhay dam ,chu hkong phai mua vo lol",,,
rất tiếc là không đủ số phiếu để luận tội bà carie LAM.,,,
Được anh ưii,,,
cú có Gai🤣,,,
Xin cụ Lân,,,
Kg có tiền sao sữa soạn dc chị,,,
chúc mừng năm mới,,,
Anh hoàng lân này hết việc để nói xàm,,,
chi xinh quá e la fank cua chi đó ạ...fb chi la gì,,,
Sao ko họp từ sáng đi mà lại họp chiều vậy. Bộ muốn họp chiều để dc nghĩ sớm hé,,,
Du học Úc à nghen 😇,,,
"Nghe bác Trần Dần nói hay, hợp lý vậy mà mọi người chọc quê bác vậy..? Trời có mắt đó nghe mọi người",,,
lên chức để nhét con cháu vào thây bã... bã ko bỏ chức đó nên đuổi luôn :3,,,
kkkk,,,
Oke abe <3,,,
"Đù, nhậu có tró canh chờ ăn chè luôn. Ngon!",,,
Anh tôi đang gánh teamn sệ dái :v,,,
Trường,,,
còn trận cuối anh êi,,,
MC cười tỏa náng thiệt,,,
"Chán ăn, suy nhược cơ thể,",,,
- Hợp lí vll bạnnn iu Thảo Ngân ❤️,,,
Lộc đến từ cao lãnh😂,,,
Ngô Kì Long thì sao ??,,,
Nguyễn Hoàng Anh Tú thế thì ăn cứt đi chứ đừg để chết vì cô rô na,,,
"Cần cấm tuyệt đối k cho nước ngoài sang mik,mik k sang nước ngoài nữa,k thành ổ dịch mất,bữa rài theo dõi toàn người nước mik mang dịch từ nước ngoài ghê quá trời Võ Hồng Gấm",,,
Makeup rồi bịch khẩu trang lại hả chị Sô Cô La,,,
Còn tốt lắm 👏 😂,,,
Phú Không Tên 🤣 đôn lên sf+ rep+ cho dễ bán hả haha,,,
Chị Trang ơi chị Trang,,,
Gặp trường hợp này e thường chạy qua bàn khác :3,,,
"Bên a cần tuyển vài ae đi phụ hồ nhé, mấy em lh cho a...trượt TN hay ĐH k chết đc, chỉ có thất nghiệp thì mới chết thôi mấy e à :))))))))",,,
Tui thề anh Lân nhịn cười kinh thật,,,
Trịnh Nam Long Mái ấm tình thương :))),,,
Hư cả một thế hệ..,,,
"Lệ Hằng mới chơi lô tô ăn nha, mai em lóc mỡ chị",,,
Phương Nam 1 hộp bán nhiêu ?,,,
Đc của ló,,,
Cái thẻ ngành cứ photo lại cũng cầm đc cả tỉ bạc đấy,,,
Dân streetwear nhìn phát biết phối đồ của thằng đằng sau đẹp vc luôn :))),,,
Thắm ơi. Chị ( em ) cho xin ít ìno đc k:))) đi làm về mệt chửi nhau tí cho vui.thề là hâm mộ giọng văn của chị (em ) quá :)))) đtcđ,,,
Chứ hàng thiệt kiểu gì mua mấy trăm nghìn rồi còn tặng thêm 1 chai =)),,,
Phạm Văn Lộc lên nghỉ?,,,
vcl :)))),,,
Bữa cơm gia đình 🙂 thíc thật ấy,,,
"con hàng này ngon quá, t sục 5 phút bắn cmm rồi",,,
Thân? Chửi học trò như 1 con chó... Thương cái lồl..,,,
Nam Nam IB KÍN,,,
con mẹ mày chửi anh độ,,,
Đã bắt đc susan0175 :v,,,
Để đây và ko nói gì,,,
Tâm thần,,,
ờ. Trước ông bác mình đi chùa thế là bị chim ỉa. Lúc đó ổng bảo lộc lá gì đó. Mãi sau mình ms biết,,,
Khéo nhung lại bị người khác lây sang 😂,,,
Linh Nguyen trend này hình như có lâu lắm r nhỉ =)))),,,
@Anh Anh Anh bả hk giống con ba vàng ngọc đâu mà gửi car haha,,,
Các Chị gục ngã là do ăn thức ăn của Mixi 🤩,,,
Lừa gạt minh hieu,,,
Vũ Thanh Huyền ngta cũng đâu muốn đâu bạn,,,
tưởng thầy chuyển qua đóng phim này chứ :),,,
Vì sao RedBull thắng thế ?,,,
con le le đánh rấm thỏi kèn nà ni???,,,
Mọi người đều ung hộ chị minh hiểu tẩy chay chị Ba đi,,,
Ai cho t biết nhạc n ntn k 🤦‍♀️,,,
Hùng Anh khiếp,,,
Phat cay cú...kkk,,,
"Sao chi ba,có hàm rau,ngô quá",,,
bác học anh bar ?,,,
"Quả nhiêng là cao thủ độ nhức thiêng hạ,tại hạ xưn bái phục,bái phục.!.,mong đại ca không chớt,không chớt..,qua mùa dịch,mong được tái ngộ,tái ngộ..",,,
Tha em thấy ơiii,,,
Quả tóc huyền thoại anh ơiiii,,,
Nghe rất dốt toán nhưng lại là thần đồng Độ học giỏi =)))),,,
Trung sơ mi trắng có làm chị em lo lắng :v,,,
Có dịp nào xuống nhà chị chơi nhé!,,,
Có tiền sao ko bik đi từ thiện,,,
Nghe vô lý nhưng cực kỳ thuyết phục,,,
Iu,,,
Trẻ trâu đóng film hài hả 🙂,,,
Đẹp trai bản lĩnh tư duy sáng tạo tố chất lãnh đạo là những thứ thầy kh có 😂,,,
Thành phuong noi quá dung quá chuẩn và quá hay,,,
Hằng Nguyễn,,,
lương sắp tới cũng là lương sắp đi :),,,
Khong Biet ức chế vl :3,,,
Coi phim mệt tim ds mệt,,,
Đm dlv bơi hết vào đây,,,
Đừng tham quá có lúc chúng m giống chủ tịch yên bái đấy,,,
Anh em biết phải làm gì rồi chứ :))),,,
"Tran Dan ,  nho ong tien doan khi nao Nancy P.   chet, toi rat vui khi nghe tin nay.",,,
Sebinz :v,,,
An Thái Đào Phú :3,,,
Tùng ngại quá Tùng chốn đây,,,
Giận bắn phát giờ :)),,,
Loạn vl,,,
Ong cung gan dat xa troi roi chu yeu vui thoi ban oi,,,
Thân? Chửi học trò như 1 con chó... Thương cái lồl..,,,
Sad,,,
Chị đi đường quần,,,
"Bằng chứng kích động đâu mà nói năng chắc chắn vậy bạn? Và như thế nào thì là phản động? Còn lá cờ đó thì liên quan gì, ko lẽ phải cờ máu sao vàng mới hợp pháp?",,,
"Mày coi chừng tao nghe mày , tao về là tịch thu ngay dàn pc lại nghe chưa con",,,
cả một lũ sâu bọ. chó chết,,,
Phai cho Co nay 1 bai hoc de biet the nao la le do..An noi qua u la mat day... vo van hoa.,,,
Duy Trần cho xin video vs bạn ơi,,,
"Ad page này rất chi là ngu còn cố tỏ ra nguy hiểm, những bài nó đăng mang tính chất phản động, ngôn ngữ đả kích và khiêu khích, sáng nay còn poát bài để kêu toàn dân tham gia ctri chống Đảng và nhà nc việt nam kìa",,,
đúng chất vãi lũa anh ạ,,,
Andrew Kern She is has offended the LGBT community,,,
"Riêng abe , thầy dập luôn",,,
Dạng háng chứ đâu,,,
Mẹ tụi ko có não mới kếu là phản động. Ko hiểu chuyen j ma cu nói tới cs la tụi nó nhảy tưng tưng lên ý như là ăn hết của ông bà ông vãi tụi nó mẹ ngu dốt mà tưởng thông minh,,,
Anna Diệp cái này khác,,,
K thích nghe rap nhưng cũng thấy hài,,,
Đình Quang Trưởng thành vì có vô chục cái sừng mà mình không biết :)),,,
Iu cô,,,
AnhKiên Trần chẳng qua ng ta ko thích thôi thích thì đầy =))),,,
Thanh Trúc Hà Thái Nguyễn Phạm Phương Trâm :)) bóng dáng con dâu chủ tịch đâu đây,,,
An cư lập nghiệp có vẻ hợpnlys,,,
Nói chung là ở XH này tai điếc mắt mù là an toàn nhất. Mất trộm hay cướp thì cứ nghĩ của đi thay người sẽ ko ảnh hưởng đến sức khoẻ và tinh thần của bạn,,,
Cô nói câu nào cũng buồn cười hết trơn 😂,,,
Chơi hẳn auto để đuổi chúng nó đây :)),,,
ok chi noi hay qua,,,
Cực kỳ thuyết phục này!,,,
Dlv mất dại,,,
Chúng mày điên hết rồiiiii,,,
Anh Trung nọng mỡ,,,
Hỏi khí không phải cái đồng bằng sông cửu long thì đắp đập kiểu gì hả các thanh niên -_-,,,
Xa bờ cũng chết ... gần bờ cũng không xong ! Chắc lên bàn thờ quá hic,,,
Lấy búa liềm TQ để treo nữa chứ :),,,
Hanh Viet hợp lí vl bạn ơi 🤣,,,
Anh thi đấu bên đức về đấy các em ạ,,,
Chưởi quá.con vi rut  covina.ghé thăm là kg còn hơi để chưởi nửa nha .con kia .ngày nào nó kg chưởi là nó kg vui.,,,
Đm. Rửa tiền phong cách COCC,,,
Bé Ba vailone:))),,,
Phải bớt bao nhiêu thùng sữa cho tùng vậy anh,,,
biết luôn tên admin thì phải 😁,,,
Quang Vinh trong tuần nha. Cuối tuần là về quê luôn rồi đó,,,
Nguyễn Trương Bửu Tấn ngu thì dựa cột mà nghe,,,
Hanh Viet mày dc lên top :)),,,
So dien thoai con ne 01265675201,,,
"Cô chuyển giới từ xưa mà nhìn cô không nghĩ là người chuyển giới luôn, xuất sắc <3",,,
Ông đon khi nào ông chết,,,
Công nhận !,,,
Còn ban sáng họp giao ban của CỤC CỨC,,,
Vũ Ngọc Yến page anh tớ đây hahaa. Xem mấy vdeo trg page ý,,,
Bố m đéo sợ ok,,,
Huỳnh Tấn Phương nhảy xem hoài k chán ln,,,
Lê Kiều Sương Lê Diễm tơia bình thuận r chế ơi 😰😰😰,,,
Đúng đó đi thách thức danh hài đi,,,
😐,,,
Bùi Thị Thảo Vy,,,
Thằng cháu tao còn biết bắt trend cơ 😜,,,
Cuoc Vui Co Don,,,
@MCVMedia nua co phim gi cho em dong vs nha.Mong chuong trinh reppppp,,,
Long vương địt đấy,,,
Sơn tùng qua những năm🤭,,,
"mới thông báo tối nay công bố lại ròi ông ơi, đợi tí tầm 8h ko có ròi chửi tiếp",,,
Tiểu Tiểu Đại Đại nữa bé Ba ơi :)),,,
Bo Tay . Com,,,
Cái miệng linh cá lóc  ik hệt cái lồn,,,
Vã lắm r,,,
Như Quỳnh,,,
Thanh Duy 🙂,,,
Peter Nguyen m mún cô My hay Ba Gà :))),,,
Chắc là bị Việt Tân đánh rồi =)),,,
Loi ma ba dung chat lun ak,,,
Chị Lệ này thì ai chả biết ở HN,,,
Sắm đồ tết thui các bạn🥰🥰🥰,,,
Khổ thân,,,
Giong rua bat lau nha qua Ong Em a,,,
- Có ai 2k5 là học sinh của thầy như tuu không ?,,,
Anh ba láo nháo là Tú xiên giờ,,,
"Thầy live ở đâu vậy thầy , em mún donet cho thầy hmmm",,,
Ngô Huỳnh Thiên có câu nói mà CEO nào cũng nhận :)) ko biết của CEO nào :)),,,
tết đến r thầy ơi 🥴🥴,,,
Văn Yên đeo khẩu trang để ng bệnh không lây lan giọt bắn thôi như hình nó không mang thì 2 bé kia mang cũng như không !,,,
"thì ng ta chả bảo TBCN đang ở bờ vực thẳm , giãy chết . đối lập vs vực thẳm chả phải thiên đường là gì hả bạn .",,,
Captain cao bằng,,,
Bà này live chỗ nào z mọi người,,,
"Ủa nghĩ z là hay lắm ó hỏ,ý thức như cái đách. Chán thiệt sự",,,
Chu Ha Khanh trc h tưởng cả bông lun,,,
Cần info Áo.,,,
"Khu vực Tsim Sha Tsui ( Tân Sa Chủy ), Hong Kong chiều ngày 01/12/2019: Ế đù... 🙂 côn an cũng thả tim nữa 🙂 hôm qua thì trước khi rút có cảnh vẫy tay bái bai",,,
Quá sai,,,
Kha Nguyễn cho xin video,,,
Ông này có vào ăn bao h ko nhìn quen quen Lê Lê Thị Kiều Ngân,,,
Thoại Trần đã không nói được lời nào lời nào hay ho xin câm con mẹ nó mồm vào,,,
Nhớ lại cảm giác hồi xưa vẫn thấy hồi hộp. Cho dù kết quả ra sao đi chăng nữa thì các em vẫn sẽ trưởng thành trên con đường của mình,,,
siêu to khổng lồ :)),,,
Đĩa bay phải khog mọi người,,,
Cái cân của nghệ sỹ hài Công lý,,,
Lò A Kí Đến bệnh nhân số 100 chắc phải xem xét thật ố :<,,,
Ok thầy nha,,,
Mốt tập nói tiếng hoa kiểu này 🤣🤣🤣 Kom Tuấn Hạnh Kim Trần,,,
bả chửi người ta mà cái mặt bả hớn hở làm như zui lắm 🙄🙄🙄 nghiệp quật là có thật,,,
Gia roi ma con tao nghiep,,,
Tùy thuộc mày chơi bài trong nam hay ngoài bắc,,,
"Nghe nhạc là ghê vl, nghe anh kể suýt nữa em ngất :V",,,
màn tấu hài cực hấp dẫn đến từ vị trí anh tôi,,,
buồn thật,,,
Thanh Trà Trương ??,,,
mình nghĩ với khả năng sấy AK + 6x toẹt vời của mình thì đó sẽ là thứ vũ khí lợi hại cho các team khác khi đối đầu với Rì Phưn - A Độ said,,,
Chao e,,,
Chi ba noi va hay.song k njh bo ai het.co sao noi vay chi la ok,,,
"Trúc Phạm mấy đứa đc lắm, diễn đạt lắm 🤣",,,
Chị có chim không .... sao nhìn gớm gớm....,,,
nứng nứng,,,
3 năm trước rồi nhé,,,
Đinh Thanh Hậu VN mình 30 rồi cơ à,,,
Hợp lí,,,
Trung - MTP,,,
Video Thú vị Bảy miếng đất,,,
Nghe đệ nhất danh hài TD cũng đỡ buồn.,,,
CHỉ cần rửa tay và ở yên trong nhà :),,,
Thích quảng cáo k :))),,,
đụ mẹ ai biểu vn nằm ở hạ nguồn nó thượng nguồn nó chặn cái là lõ luôn.,,,
Photoshop quá đáng vl :)) mất quả nốt ruồi huyền thoại,,,
"Cô ấy chạy sát lề phía tay phải rồi mà, sao lại trách người ta như vậy",,,
đunga rồi anh ba chíp chíp chíp cũa em,,,
Eu là một liên minh còn Âu là tên một châu lục đồng chíPhạm Vũ nhé,,,
keo ong? xuong kc lai di :D,,,
"Lít xăng, cây kẹo, gạo, nước uống ... mày đang đống thế cả đấy thằng trẩu nhi ! Nói chuyện mở mồm đéo, đm, ngứa háng - văn hóa lắm cơ.",,,
Anh hai ổn không dợ 😭,,,
AK47 AK47 dạ em chỉ đi quảng bá Hãng Bột Cu Xưn Hai Con Voi dùm idol của em thôi anh ơi :((,,,
Có đi thẩm mỹ thì vùi thêm 1 lỗ nữa,,,
Xin với bro,,,
Phước Ngọc Nguyễn đcm =))))))))))))),,,
Chi ba oi chi ba  noi hay qua tren ca tuyet voi chi ba  viet kieu My   ko ai sanh bang chi ba dau,,,
chuẩn là ngon ngọt nước luôn,,,
Chi ba hột le cũng gia nữa  vàng mã âm binh,,,
macro toàn bản đồ :)),,,
Em nói chuyện có duyên quá em,,,
Đẹp trai là thứ xa vời với 3 gar :)),,,
Vương Thiên cơ hội đây r,,,
Khói sạch đạt tiêu chuẩn đó,,,
K-ATM Cao Lãnh 😢,,,
Lên xe đi,,,
Mấy tụi tui đâu cần những thứ đó. Chúng tôi thấy iu cô và mến cô là đc r.,,,
Đốt nhà belike❤️,,,
"Dịt mẹ đéo báo cong an bắt mẹ đi họp bàn cái lồng,mẹ đi xe buyt mà éo bảo vệ dc khách hàng",,,
Khổ có ai như mh ko. Coi mà cứ như chị ấy chửi mh ấy,,,
T cũng có mà mãi k đc 10 like 😅,,,
Ông già tao hết thời rồi.để tao lên thay thế ổng :)),,,
Hết đường về nước lại phản động rồi 😔😔😔,,,
Thấy nhà tiên tri khỏe mà rớt nước mắt,,,
"E trang điểm lại cho chị rồi , giáng sinh vui vẻ c nhé :3",,,
Thương idol quá,,,
Chửi xóm đi cho e nhé,,,
😂😂😂 đỉnh vl,,,
Rồi đưa cái tay vào ghi ba cái lú lần,,,
"Sống trên đời sao cứ phải tranh chấp mau thuẫn chi v. Ai nói j kệ họ mik tốt thì trời bt đất bt
Hơi đâu nói nhiều với mấy đứa tiểu nhân",,,
😃,,,
Anh ba tư duy cao y như bò cube😂,,,
Đỗ Đức cái cmt đầu có cái ảnh đấy chỉ wuạo xíu thôi chứ đọc tus nào trả có mấy cmt sống chậm đấy :)),,,
chị ăn gì xạo lồn chó vậy chị 3. đụ mẹ chị 3 chó hoang,,,
Đả là ngườ sg thì đi đâu mà mún rời xa. Nhảm. Phải hỏi là ở tỉnh có mún mưu sinh ở sg cả đời ko,,,
Em hok cmt gì hết mà tự nhiên lên fan cứng nehhhh,,,
review ngắn gọn sau khi xem đó là “Nhôn lừ”,,,
Trưởng tộc mixi tuổi mới thành công,,,
Hay vl😂,,,
Có gì đâu rần rần 🙂,,,
Tộc trưởng said :,,,
"Đừng gọi bằng linh cá lốc, nhìn miệng bả giống cá tra cầu quê tôi quá, gọi bằng linh cá tra cầu chợ nha mọi người",,,
Nguyễn Minh Hiếu thầy t :))),,,
không có đam mê thì có lol làm đc việc mà kiếm ra tiền :v,,,
Nhớ quay clip dài dài cho ae ở nhà có cái làm tài liệu ôn tập khuya,,,
thật đáng sợ,,,
"nói gì thì nói Nhung ko cố ý , còn hành vi này cố ý lại khác",,,
Nghe chị nói ko .đéo thấy lol gì .,,,
Có 1 số người sinh ra gắn liền với drama,,,
Cô siêu dễ thương😆,,,
Nhưng ở Việt Nam nó lại thâm thuý vô cùng 😅😅,,,
Nguyễn Trọng Quốc nguyễn khánh toàn chứ trần cái gì,,,
Ngọc Hà,,,
Nhìn như kiểu lính bắn tỉa ý nhìn chất vc,,,
Còn chân giả dụ ma ra con dao cho chị ba😀😀😀😀,,,
Thuỷ Tiênn thế thì nó lại gãy e nhò 😂😂😂,,,
Cay cú thật sự,,,
Cứt tây ngon hơn cứt ta mà :( Hà Tĩnh cháy mấy thanh niên này k quan tâm đâu,,,
Đợt này thấy toàn tầng lớp đại gia ko ý nhờ.có tiền đi du lịch kug khổ mà,,,
có khúc kêu LD share live để e tính cho chị hả ta. ;)),,,
Toang cả cửa nhà,,,
Chị lên chị chửi là để cứu nhân độ thế =))),,,
Quà tặng cuộc sống 😂,,,
Nguyễn Trọng Hiệp có cần cho mượn con bmw 760li ko :)),,,
Chơi game với Levi là chả cần lo nghĩ nhiều gì :))),,,
Cầu trung văn - mễ trì,,,
team cầu giấy lúc này😢😢😢😓,,,
K khéo lại thành ổ ở điện máy xanh nữa Nhân Thị Thùy Nguyễn. Chắc t đc đi bộ dài dài,,,
Tình nghĩa ae có chắc bền lâu 🤣🤣,,,
"Tết đương tới , nghĩa là tết đương qua",,,
ghê tặng cả Durex genr boii trơn nữa😌,,,
n mà dương tính đề nghị phạt kịch khung 12 năm tù,,,
Minh Tuấn Nguyễn Bạn cứ thản nhiên ấy nhỉ kkk 🙏😑,,,
Song trên doi người ta dam ăn  dám  noi con người thẳng thắn. Con hơn mấy con mượn  danh đạo  tạo danh đời đồ  giả  tạo nhìn  là  biết  chỉ  do 1so con ko thấy  đôg cức trên  đầu mình  .mấy  con di ma hay soi moi người  ta 2019 rồi  tập  lam con người  lại  di.,,,
"May mà không đi tù vì tội tiết lộ bí mật công ty, kêu ca gì nữa.",,,
:))) che mặt rồi nhé,,,
"Hào Quang chán,tết trực ko cậu ơi",,,
"ý lên đc Fan cứng r, tương tác ms 1 tuần mà đã đc như này thì có phải là nhân phẩm cao vl k nhỉ :v",,,
Cặc,,,
Bạn nào xin mình gửi hết rồi ạ,,,
Hoàng Thu Hà thế là ảnh sẽ vui lắm nha kkk,,,
t biết chứ bộ nên t mới làm cành hoa cho m đó :)),,,
đáng yêu ghê,,,
Hlv the voice mùa sau,,,
"Lâm Quốc Huy tôi bcuoi vl ông ạ , thề 🤣",,,
Đập cho trận đi thầy 😤,,,
Tối nay Abe stream kênh nào?,,,
Con lây mẹ,,,
Ok Abe :3,,,
Nội địa nó lột cái quần xì làm đéo j :)),,,
Cực kì thuyết phục :*),,,
Bé Phở Một chút của cậu rất chi là Cute😘,,,
"Ây za, cẩn thận ko lại bóc 7 quyển!",,,
Ngứa dái chưa kkkkk,,,
Tàu Hủ bản lĩnh lấy nick chính ra sủa nữa đừng lấy nick face clmmm,,,
Tình hình là chưa được lên fan cứng anh ạ,,,
Tôi lại nói với các ông sự thật là ctay xong kiểu đéo gì các ông cũng rút đc kinh nghiệm gì đó và chọn người sau ngon hơn vl,,,
Quỳ,,,
Hoangg An ôi nhìn con phò sena mà xem 🤨 đau hết cả mắt,,,
Chị Tấm -.- s làm đc hay v bạn,,,
"còn cái gì để chửi ko ad, ""chuyện bây h ko nói ôm mãi cái quá khư làm gì""? :3",,,
Cũng may người Nhật được dân Việt ủng hộ,,,
Mai Nam Hải chỗ tôi nóng đến mức muốn chảy mỡ :)),,,
Con bóng đũy ăn cứt,,,
Mời mấy anh vào chơi chung,,,
Vũ Trung Hiếu má tưởng ngầu lắm :)),,,
Quy Quy nợ 120tr r bỏ trốn bị chửi sml bữa h :)) lên fb Minh Hiếu coi clip nhak,,,
MINH HIẾU RĂNG MIỆNG XINH MÀU SON ĐẸP NHẤT NHÉ,,,
Cực kì thuyết phục!🤒,,,
Yêu thầy dấu bé 3😊😊,,,
Không coi thì biến,,,
"Chị này có gương mặt hơi giống ca sĩ Ngọc Ánh , giọng miền nam nghe dễ thương lắm. chất giọng rõ ràng",,,
mắt ứa quá ông nội ơi,,,
Bảo Tín có lá ngón đó bạn,,,
Trần Dần bị corona . Hnay là lần cuối cùng gap dc tiên tri vũ trụ trần dần !,,,
Võ Thị Thanh Thảo ghê chớ bạn,,,
Giọng với nhạc giống bốc bát hõ vaoxi ;))),,,
"Đéo biết nói gì, thôi, chia sẻ",,,
Đẹp trai quá đi à,,,
Bác Đam nói chuẩn quá.,,,
Lắm tiền mà đéo bh chịu làm even cho học sinh,,,
Nguyễn Trọng Hiệp chửa thì thôi làm sao được :))),,,
Giờ mấy ông cấp tỉnh là tay sai của nó rồi làm duoc j nó,,,
Rồi khi nào thầy dạy mấy đứa sắt 3 lên sắt 4 :)),,,
Bút này nó có zise không nhỉ,,,
"Doinb sau khi chơi 1 tay với thầy, và từ đó chúng ta có anh Trung 1 tay :))",,,
Sống chậm thôi các men,,,
Có ai ăn gì đâu chắc do lỗi thiết kế đó ả,,,
Li Na hãy học hỏi😂😂,,,
1 : 39 có thánh bụng bự nhay chung kakka,,,
Djtmenhaong🤬🤬🤬,,,
Quang Ngọc,,,
Dạ xin thưa a theo trường hợp này như a nói thì là 2 năm tù thì phải,,,
Câu truyện sói đưa ông già đi ăn cua 😂😂,,,
vì thái lan hiểu quá rõ mọi con đường búa liềm đều dẫn tới tham nhũng,,,
Cao lãnh tự hào về anh,,,
cầu mong mọi người bình an mau hết bệnh. Hãy bảo vệ bản thân tốt nhé 😣,,,
Lại đc free à,,,
Ai lớp du chu cà mo❤,,,
Coi trể rồi Cô oi,,,
thật sự khó chịu mấy thành phận vô ý thức vcl. Ngày xưa củng có mấy lần mắc ỉa đi ra vs công cộng hay chờ tới lượt đc ỉa. Đụ cái lz má dô nhìn cái thôi quyết định nhịn ỉa tới khi về nhà và đến giờ có đi đâu mắc ỉa củng nhịn tới về nhà ỉa luôn á :),,,
Nguyễn Phương Thảo fine,,,
Quý Cao có link facebook không bạn?,,,
Chắc Duy Mạnh chữa cái này :))),,,
Game thủ kì cưuj độ mixi😄,,,
Huy Minh Nguyễn bữa ni t dơ lên là bông hoa nghe,,,
Đúng là Trung của thời trẻ trâu mà giờ Trung đã thành già trâu :))),,,
"Bán hàng đàng hoàng phải ko, bán hàng lương thiện đúng không, dám cho đối chứng ko, công an cồng đầu chứ ở đó mà xạo xạo, qua mặt thiên hạ hả bưởi",,,
😁,,,
Tam tu bi ma mieng thi kem gai,,,
dep ma  ma con doc,,,
Lam Pham Ai Chau add em nữa chị ưi ❤,,,
Lại chuẩn bị bán hàng online à....cười ỉa 😕😕,,,
Hằng Hằng hôm nào gần đi học tôi cạo trọc bạn ạ 🙂,,,
L:),,,
"vinh danh ... văn hoá việt , văn hoá chặt chém",,,
"Thôi xong, en lol rồi 🤣🤣🤣🤣",,,
Nhìn giống ghép v :)),,,
Khánh Hồng Nguyễn chờ mình về hẵng đẻ nhé 🙂,,,
"Duong Thi Huong Ly không hiểu sao vẫn có người bênh là không cố ý này kia , chắc không cố ý nhưng cố tình 😂",,,
Nguyễn Đạt chưa dm,,,
tầm này ko gáy thì có má chết à,,,
Mãi yêu Minh Hiếu,,,
Thánh kiếm đâu za cái này. Mà đọc cái bl của thằng kia song. Tôi đi đái đéo hết bc,,,
"\""Anh luôn mong sao ta yêu nhau luôn bên nhau cho tới khi ta chung nhà\"", thế xong chung nhà rồi thì ko yêu nữa hay là không bên nhau nữa?",,,
Chúc mừng quốc hội anh có khả năng trúng độc đắc giải corona wordwide 2020,,,
Chán ông già vl🙂,,,
Duy Tran khẩu trang có bán hok,,,
"xuất phát điểm khác nhau, con đường đi khác nhau, trở ngại khác nhau. Nỗ lực thì hết sức cũng chỉ đc gần bằng đứa sinh ra ở vạch đích thôi",,,
anh nghĩ sao về việc có thêm vợ bé :v,,,
Dễ thươggggg quá cô ơiiii😙😙😙😗😗😗,,,
Mà nó lại rất ưa là dethuong,,,
Yểu địu thục nữ 🤪,,,
oke thầy :v,,,
Người Nhật lúc này :))),,,
Thằng nào nói láo cả nhà nó chết.,,,
984831632,,,
Đăng Dũng con cua chứ con tôm hùm đâu ba ?,,,
"100 người tin ông là cố dấn tối cao 3 đời tổng thống mỹ trong đó có tôi,còn 10 người tin ông chắc chắn còn tôi.không còn người nào tin ông thì khi đó tôi đã chết....i love idol forever",,,
Tiện đây em cũng nhờ chút ạ. Bên em dư 2 bộ sex toy hạnh nặng. Bao rung bao phê ạ. Pass lại cho chị em nào cần. Có giảm cho ai thực sự đam mê,,,
Ủa kì vậy Lisa Nguyên về hát với lại nhảy mà còn cô MH dth và duyên thui lm sao so sánh hai cấp bật khác nhau nữa,,,
co ba yeu quy cho con so dien thoai co ba nhe,,,
yêu thầyyyy nhiềuuuu,,,
hát như cái đách lồn dị đó Abe:),,,
ai lóp du chu cà mo,,,
"Tâm Tâm cố lên bạn, cố lên vì những người đang cố nhé",,,
"Địt mẹ, kiểm tra nội bộ 😂. Giống như dùng tay sục c#c vậy ad nhỉ.",,,
"Cô Hiếu cô đẹp thật luôn á
Yêu cô nhiều!!!!!",,,
mây ba mu nay toan la sl ko đây toan phe phai no ko đây toan la đeo vang gia đê lên mxh sl lůa đao la chu yêu,,,
Này thì:,,,
Ông độ vlog các cháu ơi ông lại tiếp tục,,,
nghiêm cấm đưa xương cho chó ! đừng làm hư con chó khi cho nó ăn lung tung ! ... thật sự là chó được huấn luyện nó cũng không ăn đồ của người lạ cho nữa cơ !,,,
Nguyễn Thanh :)),,,
Đang ăn mì thì xem review thịt trâu 🙂 tôi ổn vl các ông ạ :))),,,
chip à ông xuống dưới tầng tính hộ tôi,,,
Bóng dơ bóng bẩn bóng thúi,,,
Trương Thanh Huyền 🤣,,,
"Bài viết phản ánh rất đúng xã hội Việt nam. Nhân tài xuất chúng rẻ rúm, ko có đất phát triển, lương ba cọc ba đồng ko đủ lo cuộc sống. Hài kịch game show thứ chỉ mang tính chất giải trí thì lũng loạn truyền hình đài báo, mạng xã hội, truyền thông... Đất nước có thể phát triển xoá đói giảm nghèo, nhờ những a/c như hoài linh, chấn thành .... Sao?",,,
8 keo đang vật vã với 29 thứ tiếng rồi nên không làm phụ bếp được nữa kaka,,,
Chịu á =)))),,,
Anh Tú cắn ngọn cỏ ven đường,,,
Ai đồ ơi . Cho e quả lôgo fan cứng nào,,,
Trend bên hàn quốc lạ thật,,,
abe moi' noi' cl gi` v ?,,,
mai facebook thầy ko còn 1 đứa bạn nào nữa luôn :v,,,
Quynh Anh Phim hay thì k lười:))),,,
Tuyết Nhung Phan update cho bạn mình =)),,,
"Trọng bộ album VCD "" ĐI VỀ NƠI XA "" hay lắm giáo ơi ! 😍",,,
Thành Lê DLV :)).,,,
"Có một lúc cuồng bài \""thất tình\"" và \""thế giới ảo tình yêu thật\"" của Trịnh Đình Quang ^^",,,
Mày im chứ sao làm lại ik đường quyền của cô minh hiếu,,,
Đỉnh quá thầy ơi,,,
Vậy :(((,,,
I love you chu ca mo :)),,,
Cũg chưa biết tin ai đc m ơi =)) đồn như lời,,,
mat day,,,
Nguyễn Hoàng Khởi nữa tui quay MV đẹp hơn cho bạn nhe :v,,,
Hà Nội cố lên. VIỆT NAM cố lên. Nhất định chúng ta sẽ chiến thắng,,,
"Đôi giày, cái quần và không biết cái áo thun có phải là chiếc áo adidas logo nhỏ ở dú hay không. Nhưng chúng nó đã theo a ba qua bao nhiêu nước, đi bao nhiêu cái sự kiện rồi. Bỏ tiền ra mua cái khác được không Trung Keo Kiệt.",,,
Biết thế là đc r. Dẫu sao cũng nhắc nhở a e là. Đọc thôi cái gì cần nói hãy nói. Cái thằng admin kia nó k hiểu vđề gì phán ng này là chó ng kia là chó. Nó lại hiểu đc tiếng chó :-?...,,,
Ở diễn biến khác,,,
"Nail là 1 nghề như nhiều nghành nghề lương thiện khác nhưng dưới bàn tay đen đúa của Tuyên giáo nó thành 1 cái nghề thấp kém, hạ đẳng. Nghề nào cũng để kiếm sống, nuôi sống gia đình, phục vụ xã hội cộng đồng không phân biệt giàu sang hay thấp hèn. Bản chất của CNCS là bình đẳng bác ái nhưng những hiện nay họ đang thực hiện hoàn toàn trái ngược.",,,
cười từ đầu đến cuối toát mồ hôi lách,,,
Ghê thật. Nhưng mình chưa ăn sam bao giờ.,,,
Nhị Thắng hay lắm,,,
Thuỷ Tiênn,,,
from gà rán ?,,,
Thầy ơi có cô kiếm thầy nè :)),,,
Loạn hết cmn rồi . Hazz .,,,
Có não thì nên sử dụng chứ cứ để nó đóng thành bê tông thì lại phí 😒,,,
Mặc thế là đẹp à?,,,
"thôi đừng chửi nữa em... em bỏ  công  ra là em duoc phước rồi. chị chúc em mạnh khỏe, gia đình ấm no hạnh phúc",,,
Ba 3 qwa dep,,,
Sợ hãi các thứ :((,,,
Sam Sam haha,,,
Clear men vs dầu xả xinn hân hạnh tài chợ stream này,,,
Hoàng Hồng Ngọc chị xinh đẹp giỏi vậy ma cũng suỷ ngĩ vậy ước như chị ấy,,,
Same same 🤣🤣🤣,,,
cực kì thuyết phục ! ~,,,
"Phương Linh Trần vâng c ơi, e cũng đang buồn cười quá, dịch mà về nd chắc cũng đi làm như này mất",,,
"Nhà các c giàu thế sao ko bảo bố c thuê luôn một cái bệnh viện ở London mà chữa trị ý, mang toàn \""quà độc\"" từ đấy về VN làm cái gì???",,,
10 lên nghe chị gáy tới 2h sáng lun ei,,,
cái deo gig thế này :vv,,,
Việt đừng noi gương nhé bạn :)),,,
Trưng dụng sạch rồi còn bằng chứng đâu mà tố cáo xử lý :v,,,
Phan Nhật cà khịa hơi cay đấy:)),,,
Thế nào là phản động vầy lặng yêu,,,
tộc trưởng dùng chuột gì vậy mn ???,,,
Đúng...ng việt nam rất là xạo lồn nghèo mà nổ lắm,,,
thời buổi kinh tế hạn hẹp :)),,,
Tú Phạm trường hợp này cần cách li vĩnh viễn bạn ạ,,,
K muốn like luôn mọi ngườiaj =))),,,
Chụp ở Mộc Châu kìa 🐮,,,
Giang hồ mõm sena hải phòng :)),,,
tui đi vài đường quyền,,,
Nguyễn Đăng Khoa ác quá. hại người như này quả báo đến sớm thôi,,,
Thầy làm như vậy là chết cdm tụi em ròi,,,
"công lý cái địt mẹ m à,công lý xử doanh nghiệp còn dân sai thì kệ mẹ à =))) bố m đéo uống cái gì của THP cơ mà để những con chó như m cắn càn thì xã hội loạn cmm r :)) m phạm tội xong m kêu m nghèo, mù chữ đéo biết luật thì m vô tội à thằng ngu, hay m lại bảo nó tống tiền là đúng đi :))",,,
cute nhoa😍,,,
Nhưng cái thứ dóc láo dù đem cả gia tài ( ko bk có hay là sạo ) cũng méo có ai chứng đức cko đâu,,,
Này thì đánh sock óc người khác :)) đáng lắm cđ ạ =)) Mỹ Vân,,,
Áo người cao bằng các ông ạ,,,
Toàn ỏ đuong thôi k có nhà,,,
trông đại gia ngồi nhìn như thằng công nhân 🤣🤣,,,
Ditme mặt thầy cũng thần thái vãi l*n :)),,,
Tự hào về chiến thắng một giải bóng đá để che dấu những hèn kém khác của đất nước mình.,,,
thầy làm e chảy máu rồi đền đi thây,,,
Nimo thông báo thế này mn ạ 🙂🙂🙂,,,
bạn nữ này ngon quá,,,
Cao Linh Hạ Hòa Phú Thọ kìa =)),,,
Thay vì cực kì thuyết phục thì hãy cmt gì ý nghĩa hơn đi🙂,,,
"10 cty thì 9,9 thằng tìm cách trốn thuế thì chả vậy",,,
Tâm Ngô cai nay biet lau roi,,,
Có vẻ thuyết phục nhưng rất vô lí vì phụ nữ cần tiền,,,
Okay anh êiii,,,
đi taxi hoặc nhờ người đón :3,,,
Vũ Văn Hiệp học trò như đách lồn :)),,,
Phạm Minh Đức t ko biết nên sad hay haha nx,,,
Xin phép moi người cho tui chũi con chó 1 cái :v,,,
Quá là hợp lý =]]],,,
Đức Thịnh zô a ơi 😂😂,,,
Vui hỉ nghĩ ra cách kiếm tiền chết người,,,
Phạm Vũ k phải châu âu thì là châu phi hả ba 🙄,,,
@Ngoc Best haha 🤣,,,
khó ngủ quá 😴,,,
Chu cà mo = cho mò cu,,,
Việt Nam sẽ là nước đứng tóp đầu về nước đáng khinh nhất thế giới,,,
Không nhưng nó trừ mà nó trừ hết ấy chứ😌,,,
Nguyễn Quốc An GAM bagà,,,
Thì dân toàn mặc áo cờ Tổ quốc đi đòi đất đòi nhà mà?chắc nó muốn doạ dân HN muốn biểu tình đây,,,
Nguồn: quốc việt,,,
Tươi dị hả thầy yêu,,,
Chất 😁😁,,,
"Trăm năm Kiều vẫn là Kiều, Tộc trưởng vô đối là điều hiển nhiên!",,,
Thôi thôi thơm nó tút kotex vả ngang mồm =)),,,
Gương mặt giải trí 😂😂,,,
From : bảy miếng đất,,,
Có mùi việt tân,,,
Thứ hạng kim cương hả thầy? 😀 ?,,,
Thấy gái là con mắt sáng lên :)),,,
"thắng cái giải này làm gì trong khi chả có ai tới rạp coi , làm xong rồi đoạt cái cúp nhựa về mài ra cơm ăn :v",,,
À phải nói là quen ngột ngạt rồi :)),,,
"Đúng là mạng của bọn nó là vàng còn với dân đen như cỏ rác, mong rằng trong đám thối nát sẽ xuất hiện 1vị bao thanh thiên tái sinh.",,,
Sơn Tùng chưa biết thế nào. Về sớm thì đỡ bị cách ly 14n =))),,,
Tú bảnh dạy dỗ đàn em Trung sky :D,,,
ngon cc anh chào em câu đi đốt nhà đấy,,,
Lê Ngọc Minh Châu đóng học phí trong nonolive là chổ nào vậy bạn,,,
Thầy đang gập cơ bụng hả thầy,,,
Bán nhà rồi !,,,
Con. Quy nay. No. Khung.nang. No ngao da.  Het. Thuoc. Chua.,,,
Nhii Bờmm bạn nhi lói chỉ có đúng 😀,,,
Ta đã là người tạo ra cái bo cho team! Và giải sắp tới ta sẽ ngồi dưới vẽ bo cùng ông bạn già CHIP =))),,,
Có ai chờ mãi tập này như tui hông,,,
Ở thái lan vào xin giấy tờ mất mẹ nó 6000 bạt thai xin điểu,,,
Yêu cô chu cà mo,,,
"công nghệ làm sạch môi trường của nhật cản trở tham nhũng của công chức búa liềm, đúng là chuyện hài nhà sản",,,
Dug la loi nay kg the tha dc.kg the tin dc co nguoi hon den nhu vay.,,,
"Htrc t với thg bạn đi uống trà đá về qua, chụp cái ảnh r về, đ bấm chuông hay làm ầm ĩ, thế tôi hỏi như tôi thì làm phiền chỗ đéo nào :))))",,,
Yêu xa đấy nhưng nó còn tc với nyc cơ :)) kiểu mình là người thay thế ý :)),,,
K-icm :,,,
:)))) như mấy bác trên,,,
"A tính làm cốc để tặng cho Fan Cứng làm kỉ niệm, cơ mà nhìn lại thấy hơn 2000 Fan Cứng, mỗi cốc làm 100k :v anh vẫn quyết định làm cốc nhưng để bán cho Fan Cứng :v",,,
Đất nước phát triển mà con người thì k hiểu nổi,,,
Park Kee rất thích ở Sài gòn :)),,,
Lỡ tay thầy ơi :)),,,
"Tới già câu cửa miệng Ao Làng vẫn là Hello các bạn, anhem nhỉ :D?",,,
Em thắc mắc bấy lâu là lúc nhỏ anh được gọi là độ cu hay cu độ nhỉ?,,,
Đm ads phản động nhé !! Các bạn Cơm Sườn đói là thích các bạn ấy làm thôi :3,,,
Gu ăn mặc như cc :v,,,
Bác sĩ như vậy thì sẽ được danh hiệu anh hùng liệt sĩ mới đúng,,,
Trời ơi thích cô Minh Hiếu dã mang,,,
Ph Quyền,,,
"Ngô thanh Vân coi đi có nhục quốc thể không . Gọi fan vô chửi như là chửi cái đứa ca sĩ nước Mỹ mặc áo dài không quần ý , rồi dạy cho cựu VDV nay vô gu ghồ tìm hiểu xem mảnh vải đỏ có hình sao vàng là cờ của nước nào.",,,
Thế là nghĩ học dài dài:))))),,,
chẳng phải thiên đường người ta di chuyển bằng cách cưỡi mây hay sao ? lẽ ra họ chỉ xây cầu bằng xốp thôi.... nhưng vì lương tâm của người kongsan nên họ cho vào thêm bê tông và ít cốt thép đấy ! bà con ở thiên đường cứ học cái tính càm ràm vớ vẫn của bọn giãy chết !,,,
Cực kì thuyết phục!!!,,,
lúc đi da trắng,,,
Quang Chivas thằng mồm lồn. Mặc váy vl.,,,
Đức Hạnh bài viết có nói rõ ràng là bệnh viện bên đó nó bắt tự các ly tại nhà và không xeta nghiệm mà.,,,
Minh Anh Bắt trend đi bé ơi 🤣🤣🤣,,,
Hẹn gặp ông Trần Dần vào năm 2022. Hi,,,
Chiều pick susan nha thầy <3,,,
giáng sinh an lành mn,,,
đm mấy cái đồng bạc thay lốp vá xăm mà chúng nó coi rẻ mạng người vl :(,,,
"Đm nói ko phải xúc phạm chứ mấy ông càng càng phát ngôn đéo ra cái j, não mấy ông chỉ có tiền thôi ah, mấy ông ""giúp"" dân nhìu wá nhỉ, nói như đúng rồi",,,
Cô rất là có duyên và đc ông trời cho cái hài hước nữa .,,,
Đội quân khùng khậu ủng hộ ae Hồng Công,,,
Trần Thanh Hà Bài này nó hát vài lần c thuộc lâu rồi :)),,,
Nguyễn Đức Hạ Hòa nhà bạn à :((,,,
Tịch An lều báo thì phải tìm mấy tin vịt mà đưa tin thôi:)),,,
Đã chụp màng hình ... Tiếp theo là báo công an,,,
Vu Quynh Huong xin link bài viết ạ 😂,,,
Lên đi t ke cho... và cái kết có người đằng sau m tự lo nhá @@,,,
"Nhiều thằng kêu hư cấu hay chửi ad thì hãy nghe đâu: chuyện mất đồ ở sân bay k phải 1 lần mà cả trăm lần rồi, chắc lũ chúng mày tai điếc mắt mù mới đéo biết :))",,,
Đặng Thiên Nga chị ơi 🤣🤣,,,
Kho'x th4t sự =((,,,
"má k mặc áo mới đi, mặc hoài áo cũ thầy",,,
Okeere,,,
Haha..chửi để cứu nhân độ thế..cưng ghê!! Dân miền tây nói chuyện chân thật ...❤❤❤,,,
"Tự nhiên muốn về ôm mẹ rồi bảo \""Con vẫn nhỏ bé mẹ nhỉ?\""",,,
Min Trần Xuân Nhím mua đồ tết làm gì ? :)),,,
Thích Bị Hôn trang điểm thì quá đậm. Nhìn nữ tính tđn ấy,,,
VN cố lên,,,
"Những thằng đàn ông có vợ còn đi thả thính và những con đàn bà trơ trẽn thông dâm với chồng người khác thì rồi cũng không có được cái kết tốt đẹp đâu. Gieo nhân nào ắt gặp quả đấy, sinh con đẻ cái có khi còn không có lỗ đít để đi ị í :))))",,,
Trước khi làm gì cũng nên lắp não vào rồi làm gì thì làm chứ. Để não thành hoá thạch à,,,
Kênh tấu hài của B52 😁😁😁,,,
"Tưởng sao, chắc lại sĩ diện đây mà. Vào quán thấy 200k là cũng run rồi nhưng nghĩ mình là khách du lịch, đi vào ko ăn mà đi ra bọn nó cười cho, đang dịp tết nữa. Thế là bấm bụng mua, mua xong về ngồi tiếc ko chịu nổi nên đi tìm mấy lều báo =)))))",,,
Co ba oi con rat men mo co ba.0333860751,,,
Dùng cái này có hết hôi nách k thầy,,,
Chi chui cho no biec do khung do,,,
Nhung nó còn vậy thế giới chưa phẫn nộ thì thôi còn đăng khịa nhật ?,,,
hài hài chửi nghe hay.,,,
Em đẹp. Nói chuyện rất hay .chửi hay nhất thế giới,,,
ủng hộ abe ủng hộ abe,,,
Vậy còn mấy e nv ở Đà Nẵng mà tiếp xúc vs khách nc ngoài nhiễm chưa thấy thông tin j,,,
Cực kì thuyết phục ☺,,,
Vẫn có ý định thâu tóm 🤣,,,
Minh Ang toang luôn. Thấy bảo đề xuất với UEFA chuyển Euro sang 2021 tổ chức,,,
Em thấy cũng ổn mà nhỉ 🙄,,,
anh tik nói quá đúng luôn,,,
Nghĩa Nguyễn dễ toang lắm,,,
"đỉnh nhất vẫn là \""chiếc khăn gió ấm\""",,,
phải thầy k ta,,,
Sao chi noi tieng de thuong qua chi oi.nam nay chi bao nhieu tuoi roi chi .dep gai qua chi oi,,,
triệu like cho cô Minh Hiếu. cô nói câu nào cũng vui hết.xem mà cười từ đầu đến cuối clip,,,
Cô ba vàng ngọc nghe mắt cười vc đồ thứ nước rửa cầu tiêu mà tưởng mình là sân siêu bột kết.Nói chuyện đéo biết nhục tí nào?Cô Ba Vàng Mã hahahaha,,,
Chào mừng bạn đến việt nam. Xhcn do dân vì dân,,,
Thấy idol lên tiếng là yên tâm rồi. Cả nước Mỹ tôi lo lắng cho mỗi mình ông. 😍😍😍,,,
c ba rau xanh um,,,
Đức Thịnh a lại đang sợ ế đây này à 😂😂,,,
tuc.tiu,,,
thắm ơi tớ chửi nhay lắm 😎😎😎,,,
Để hình con chó con heo bình tùm bậy tùm bạ.:))) Chửi anti thốn vl,,,
"Sang đó ráng nói tiếng Anh cho chuẩn nha thầy, đừng như ai đó 😞😔",,,
thì bị môi a khoá mõm ngay a ơi 🤣,,,
dừng là đúng a ơi 😆😆 dừng luôn đi cũng được,,,
thầy chơi bẩn vl,,,
"đc nha a , bh vikings đc đi Thái nữa thì đẹp",,,
"Hồ Thu, Lê Tường Lãm, Tran Van Minh :))",,,
Áo rất đẹp nhưng thầy mặc ko đẹp :(,,,
Tú chúc mừng anh ba,,,
Hi vong de roi bi that vong,,,
Con này hết thuốt chửa chữa rồi xin lỗi . Thua cạn lợi,,,
Lùng v đó nhưng nắm trùm cả bộ tộc,,,
"CHỬI Một lần nữa, yêu cầu ad kiểm tra lại cách ""đưa tin"" của mình:",,,
Cc abe,,,
Hoàng Lê Bảo Ngọc ván cuối 2 chục ngàn dume,,,
Đào NT m thấy t dễ thương k. Ngày mô cũng làm cánh hoa anh đào rơi😪😪,,,
:)))) a tôi đấy các ô ạ,,,
Giờ này nó ngồi trong đó.. tù..,,,
Sao lại có cả liên quân là thế nào 😳,,,
nhìn hình mừng hụt ! tưởng nổi loạn tới nơi....ai dè!,,,
Biểu cảm được thực sự :)),,,
Tối đánh con lô theo lời a,,,
Cực kỳ thuyết phục -)),,,
Dân chơi nhìn phát biết ngay ông già thằng Sói :)))))),,,
đốt đi là hợp lý,,,
mì sào chua ngọt âhhahahah,,,
Nhưng tụi nó đâu biết rằng là ghép thật :v,,,
Diem Anh TN à đuôi của con sam ý nhọn nha,,,
Anh là tấm gương sáng giá..... Người có trách nhiệm.... Thật tốt khi ai cũng có ý thức được như a.... Thì bây giờ Facebook đâu có cái tên Nhung nữa..... Người nổi tiếng của năm,,,
Mđ học sinh l chúc thầy vậy chắc đủ động lực rồi,,,
dr a oi,,,
Thúy Nhi Hieu Nguyen Phạm Khánh Trung mai mốt đừng kể chuyện cười cho Hảo Hảo nghe nha,,,
K bt yếu kiểu gì mà tao vẫn chết,,,
Bao Vu,,,
Tuyệt vời abe 😘,,,
"Không phải năng khiếu bạn ơi, cái bài này mấy ông ấy đi nhuyễn hết cả rồi còn đâu, dân còn lạ gì :))",,,
Minh Nhật éo chết vì dịch chết vì nổ đt🤣🤣🤣🤣🤣🤣,,,
"Tao thấy mày giống sát chết đang ngồi quán, con quỷ ơi",,,
"Mấy con cá đàn áp dân, từ dân mà ra, đc chính phủ trả tiền và trao quyền lực để quay lại đàn áp dân",,,
Ở Việt nam là ra Cailozcatkhong roii đó,,,
Đi vài bữa rã họng rồi lại lết về thôi mà.loại mất dậy ...,,,
K-icm ca sĩ ??,,,
"chửi có phong cách , chửi văn hoa , chửi tế nhị vkl :))",,,
Kiểu như chúng thách thức: tao kí tao xài đấy ai ý kiến lên phường!,,,
Ng bố của năm,,,
Cực kì thuyết phục😆🤣,,,
Thôi ăn lol rồi thầy ạ 🤦‍♂️,,,
Trượt 1 cái xác định,,,
Minh Trung Dao icedolce nói j cũng đúng,,,
Duoc tien minh hieu con đy me,,,
3166:20:00,,,
những đêm như thế,,,
Người ta có chồng có con thơ dại.,,,
Thần kì anh ưiii,,,
Ban gai quoc dan dang thay do o nha minh nhe :3,,,
Quân Lê,,,
Link full cho anh em đây nha,,,
Vâng trách nhiệm của nhà nc là thảm họa 3 tháng mới dám công bố nn,,,
Sàm lồn,,,
Hôm nay em bỏ hết liêm sỉ ra xin like avt =)),,,
Quá hay cho mấy anh Hàn Quốc,,,
"Nhà Tt vũ trụ Trần Dần . 3 đời cố vấn TT Mỹ, nước Mỹ bi đại dịch sau ko thấy cố vấn tt Trump đối phó virus corona",,,
Chưa đc vạ má đax sưng,,,
Buồn của anh tôi,,,
Sản phẩm vs tiểu tiểu ak abe,,,
Quockhanh Mai hóng,,,
nhiều thằng chửi mình.. dọa oánh mình. mai mình cũng đi kiện. xem kiếm được tý gì k?😂😂,,,
Đời đôi khi nó vãi lồn lắm các ông ạ :(,,,
Nhà phát hành phim:,,,
mơ ước dc đi DN chơi . mà thấy đắt vầy nên khỏi đi luôn . du lịch thái hay cam nghe có lí hơn :),,,
Anh Việt ăn bưởi k,,,
vào vietnamfootball mà xem,,,
hh,,,
Lê Hà Thư vẫn cứ là ok:))),,,
Thời nay biết mặt không biết lòng thôi thì cứ để xem cho kĩ hẳn nói,,,
Thành Đạt HN rồi á,,,
mai đến mua khô gà có dc chụp ảnh cùng thầy k ạ 🤣,,,
Linh lại là từ sơn bắc ninh,,,
Bắt trend hơi trễ nha :))),,,
Linh Tyny thị chịu =))),,,
Má ba vàng ngọc quá,,,
tay cô gái to vl =)),,,
em tú ánh sáng :))),,,
Từ mùng 2 đến giờ chị này có thể đi tiếp súc khá nhiều người rồi . chết..bây giờ ai việt nam về nước phải cách ly 14ngày thôi,,,
Quỳnh Như trend hình cánh hoa nha m,,,
"Giang Sơn Yes, bài này nghe không bắt tay lắm. Không hay như những bài hát trước còn hợp tác với Cây ATM. Nhưng từ từ rồi cũng hay dần lên thôi, miền tây thật thà chất phát nên t mỗi này cày 5 view cho J",,,
Hải Linh Đồng Ánh Thùy Nguyễn Ngọc Đồng Thị Ngọc đỡ 1 khoản,,,
Ngộ nghĩnh nhỉ🙂,,,
Ủa sao chửi nhau căng thế,,,
Xã hội cong vòng,,,
Mấy đứa Haters thế nào củng bảo ghép =))),,,
Ông Hoàng Lân mà làm giám khảo chương trình thách thức danh hài thì người chơi ăn cám hết . Nhịn cười giỏi vãi .,,,
"Anh ơi khỏi xin lỗi, em đổi bỉm lấy dao của anh nè!!",,,
"đéo chấp loại này vì nói gì nó cũng vậy thôi, ae kệ nó đi, chắc nó là bảo vệ ở đó đó :))",,,
Phạm Xuân Huy không có ý gì nhưng cái nào nhìn cũng trẩu vl 😆😂,,,
Phan Phan Huy bay về núi ở ẩn thôi cháu ak 🤧🤧🤧,,,
"Tu cái miệng lại đi,cái miệng mở ra thúi như cái ống cống vậy",,,
Lỗi không phải tại anh đâu mà là tại mấy anh công an không xích anh được sớm hơn thôi chứ bên vũ hán anh vào lò lâu rồi,,,
Pham My Linh Hom nào qua làm vài ván đi kkk,,,
"Chính cái bản chất tiền là trên hết kể cả bán rẻ lương tâm, đạo đức...thể loại văn hóa rừng rú không có gì là ngạc nhiên khi đặt chân đến xứ sở lừa.",,,
Chị ơi chị giàu quá nhưng em rất khổ chị à em làm vằn vặt cả đờ gần tới ngày theo ông bà mà chưa có ngôi nhà để ở nè chị vậy  chị giúp em một số tiền cho em cất nhà được ko chị,,,
Hãnh diện về ng thầy có tâm nhất của năm.,,,
Phan Thành Lê m phải bảo trọng nha,,,
Ảnh thật đấy dô trang cá nhân mà xem,,,
Anh Trung bóng lộn sa đéc,,,
Bà này nhiều tiền quá đâm ra điên cmnr,,,
Yêu thầy. Dấu bé 3,,,
Lê Thảo nào em với Thi đi nhớ hú anh nhé. Anh đi theo quay clip chứ không có tham gia.,,,
Kiểu gì antifan cũng bảo ảnh này là ghép,,,
Má bữa giờ tao tưởng ông ba là ng cha mẫu mực,,,
Giải thưởng danh hài xuất sắc hả thầy,,,
Đc vlon b ơi hh,,,
"Tạm đình chỉ, chờ cấp phép rồi xey dựng lủ ngu ạ. Với lại có 1 số hạng mục xây dựng ngoài thiết kế. Thằng chó nào mạnh miệng bảo dừng xây dựng luôn ko??",,,
Khải Nguyễn khác giá tiền đó anh :((,,,
Kichi Sulii o khe^ b oi,,,
Phạt tù thôi,,,
mẹ giờ chuyển tháng sau cạp đất mà ăn hahahaha -)) mà thoo t muốn cầm một cọc để xem cảm giác đại gia nhue thế nào tháng sau t lấy đất t ăn cũng dc -)),,,
Ad chứ kh fải add nha a ơi =))),,,
@Duong Thùy sao ấy,,,
Trưa coi cười muốn xỉu....vs ca khúc người tình trên chiến trận,,,
Cảm ơn phim nha,,,
Được 95 triệu sud ik ròi sủa tiêpa nhe,,,
"Đúng rồi, toàn bọn rẻ rách, cặn bã, ăn cơm ăn cức của Việt Nam mà mở mồm ra là chửi sằn bậy !!!",,,
"Nhàn Lê yup , bài này k có ngon như mấy bài trước nhưng jack đang comeback thì mình ủng hộ đã , k bọn đạo sĩ nó làm loạn",,,
Nguyễn Nam ai làm chủ đây tất nhiên là mèo :)),,,
Xin địa chỉ nộp hồ sơ,,,
nghe đâu anh Độ định bùng,,,
Sợ ma quá à,,,
ơ mất fan cưng r:(,,,
Huy Lê T thấy có chữ Đụ =]] Mắt t hoa hay gì ?,,,
"Ổn áp lắm chú, chuẩn bị đồ đi hành nghề rồi😥",,,
đến cái tầm đấy thì con của nó cũng học cấp 2 rồi anh à :((((,,,
Thuyết phục cực kì!,,,
Đi từ vùng dịch về ko chịu cách ly. Đấy là cách bọn giàu sống à ?,,,
Nhất Thiện t cũng méo tin đc,,,
Tạm đc anh ơi 👏,,,
Hoàng thị bé six 😆,,,
Toang,,,
Cực kì thuyết phục !!,,,
Ai đi ngang qua vào wall em like avt mới dùm em ạ. Em cảm ơn nhiều 😢🙆‍♀️,,,
May mà được ông làm tóc có tâm. Đến tết mái có dài cũng quyết không cắt 🤣,,,
nỡm ạ,,,
Gucci trend,,,
Dễ thương thực sự ☺,,,
Ngọc Linh uk,,,
a lại cười cả buổi stream đó,,,
ship cho mấy anh ấy ít tỏi của châu việt cường,,,
Dễ thương!!!,,,
Dễ thương xĩu,,,
"Thợ tóc đâyyyy, ai cắt tóc kkkkk =)))",,,
Chi ba dung la vang ngọc,,,
iphone 11 đồng hành cùng MixiGaming :)))),,,
chị vui tính quá,,,
Huy Hoàng Phương Nhựt Lâm Na Lâm Bon Coi việc nhẹ lương cao nè mọi người,,,
Được em ơi,,,
Câu cẩn thận ko tao bắn tao Có súng đây này,,,
Clm t lạy =))),,,
Bé ao trắng nhìn cưng z 😍😍😍,,,
Thêm quả đaauf như này chất luôn 🙂,,,
Toản Hoà đây là admin của beat đấy ngon vl không phải n17 nha,,,
"Anh em Banh bóng thua tha nợ nần hoặc chưa biết cách tham khảo kèo chơi thì xin vào nhóm bóng của anh Hoàng Cửu Long mà bám chuẩn, thắng nhiều",,,
Mày đéo xứng đáng làm người dân nam định,,,
Thế clg đây :v,,,
Lê Văn Quật úp lên gruop lớp cho thầy coi đi,,,
Sống chậm lại tí đi các bạn,,,
Lan Hoa nói như mày vậy là cả trường đạo nhái tao rồi ai cũng mặc đồ giống tao hết 🙂,,,
Diệu Linh được thật sự lun 😂👍,,,
có 2 đứa con gái rồi vẫn mong có 1 thằng cu dễ thương như tùng sói,,,
"Về nhà giúp mẹ giúp cha,",,,
"Troi oi,con duc rua nay no lam phuoc, ma cai mom no giog cai ham cau lau nam .doi k",,,
Sương sương thôi nha 😂,,,
Má c để lại cho c 100 cây vàng c giàu luôn 😂😂,,,
Nền nhạc nghe hơi lạ ;))) nói chung cả 2 nên kết hợp để có hit,,,
Ông tuân ổg cười gần chết luôn kìa 🤣🤣,,,
Nguyễn Khánh,,,
"Mình góp ý nhé. Ý kiến của mình là như này, mình nói ra nếu có mất lòng anh em thì mình cũng chịu, tại vì mình cũng chỉ muốn đóng góp một chút ý kiến cho anh em biết là mình cũng là một người có ý kiến, mình là con người không thích nói dài dòng, chỉ đ",,,
Sinh năm 98 sao nhìn già rứa hè,,,
Móc lên ngửi đấy mà. Dơ vcl 🤣🤣,,,
"Quỳnh Anh phải có chứ nhỉ , cắt táo đi còn xem xét gì nữa @@",,,
đút vào mồm thầy,,,
Em có được ko chị 3,,,
Sợ thì thôi im,,,
Trần Dần  chơi với tổng thống Mỹ  thật á  mọi người?,,,
Gay to vl :))),,,
Giang hồ ngậm buồi chứ đéo yêu nhé ông Sói =)),,,
"Vào trường lớp giáo viên dạy ta bải vệ môi trường cây cối này nọ, song thực tế các bác lớn hằng ngày vẫn đưa ra nhìu dự án, đề xuất để rồi rừng ít lại còn ít hơn. Và lại đưa đề nghị luận xh về việc chặt phá rừng",,,
"1 con phố đang xinh đẹp, nề niếp bổng thằng chó ad nó ỉa trước cửa nhà nó. Người ta ko cho, nó bảo ỉa như thế để tạo mùi thơm cho khu phố. Nó thích sự khác bjệt là thế",,,
Ở vn tao k gọi là cánh hoa. Huhu,,,
Mỗi lần coi cô là cười ra nước mắt 😂,,,
Ở 1 diễn biến khác,,,
Kẻ tổn thương lại muốn đi tổn thương người khác,,,
"quan trọng là cãi tụi nó nên tụi nó cho lên đĩa, chứ làm sai thì ai nào ko sai? với lại biết ai chơi ko mà nói ông thanh nào đì, dám nói ông thanh đà nẵng lắm ah` =))",,,
Tộc ca full volume cho cả xóm cùng nghe :)),,,
Tao đệ Ba Gà :)),,,
"Toà mà làm việc dựa vô lời khai thì ai ghét vu khống thêm thì sao nhỉ ??? Hơn nữa tôi thắc mắc tại sao phải cố ép Hải vào án tử hình trong khi mọi thứ đều thiếu cơ sở ?? Nếu kẻ khác giết người mà không phải Hải , Hải bị tử hình oan thì ai chịu ???",,,
T.Q âm mui chê vi trung giết nhân loai toan thể giới . Đê Lây lan chết nhiêu nguoi oan .mang TCB ra toa thêgioi sét su ?,,,
"Ng bỏ công người bỏ của. Đệt mệ kêu mấy anh bộ đội quyên góp 500tr đi thì khỏi làm, còn k có tiền thì bỏ công, so so cái quần đùi.",,,
Kicm.lúc này,,,
Hải Yến có duyên thế này k biết có ny k =))),,,
Cũng là bắn..sao ko bắn thằng to hơn có phải đã ko,,,
Đề nghị chương trình đăng bản full uncut nghe nói cả tiếng lận,,,
cty a ở đâu e xin đầu quân :v,,,
Chửi chết con mẹ mấy thằng ngu đi 😂,,,
Cực kỳ thiết phục,,,
Trung Vĩnh Võ s k thấy ai nói năng zì hết v m :))),,,
#ERROR!,,,
cac gì bóng của thầy là con chó à?hay linh thú nằm trong thầy đây,,,
Nhị Thắng gắt,,,
Ok chưa,,,
Chi ba cuu kho cuu nan cho em .cho em so tien lam von ngheo kho wa,,,
@Tuyen Ta chỉ là loại nằm vùng tại Mỹ & tiếp tục sống chui. rút để thủ lợi như thời vc sống trong bưng dùng 3/// xỏ lá để dành chùi rửa,,,
Bích Hường vl,,,
Chai dầu thơm kia của mẹ mua cho em 3tr mấy bả bán cái kia 610 mà tặng chai dầu thơm 3tr😂,,,
Ko chỉ chính trị bị như thế mà vị trí địa lý của phi nó cũng khá là khó khăn. Xung quanh toàn biển mà năm nào cũng đón bão siêu to siêu khổng lồ thì sao mà giàu được. Trong khi đó GDP Phi nó vẫn hơn Vn thì hỏi Vn có hơn nỗi Phi nếu có vị trí địa lý thuận lợi như Vn ko.,,,
Cô chân thật dễ mến,,,
Còn thời cưỡi ngựa bắn cung.,,,
Chính quyền của dân Do dân vì dân mà,,,
Mark zuckerberg,,,
"Nguyễn Minh Phương Cưới rồi thì ván đã đóng thuyền , bảo công ty thua lỗ bán xe là xong , nó mưu cao vãi ra",,,
Hà My má ơi cười xỉu =))))))),,,
Võ Quỳnh a quang cầm điện thoại live a độ trồng rau cũng được :v,,,
"Chúc thầy năm mới, thêm nhiều mật danh mới :>",,,
"Từ phải qua: FunkyM, Người Tày, DjChip, Pino, TLH, Rambo, Qnt, Snake",,,
nghe nứng wá thầy ơi,,,
Năm sau hứa sẽ không xem team bắn giải nữa ạ,,,
Nhìn sơ sơ cứ tuong lý hùng,,,
"Cô nói chuyện nghe duyên ghê, ông Tuân cười quá tr",,,
Anh ba reaction bài của cô Mina đi,,,
Ai giỏi photoshop làm cho a tôi cười lên phát đc không ???,,,
Chẳng lẽ nên kêu người dân nhắn lại .. xin lỗi bác thủ tướng em bị lụt ko có điện thoại nên bác đừng nhắn đễ làm giàu cho nhà mạng,,,
"Cười phot cả,😂😂",,,
"\"" Liên Quan\""...",,,
Thầy đi hát hay gì :)),,,
Hoàng Thanh Trung,,,
Ông bẹn cũng đã mon men vào hội này rồi à :)),,,
Thăng đit lao nên lam quan chăng thê.cho va cho,,,
Nó xl cô minh hiếu r,,,
☘️ Thuốc lá thơm : Willl - Zouk - Canion ✅ Zouk 2xx/cây ☘️ Canion ngoại 2xx/ cây ✅ Canion nội 160k/ cây. ☘️ Will 150k/ cây. ✅ Ai lấy loại nào Ib em nhé. ☘️ Em ship toàn quốc nhé,,,
... thôi ra làm chai sting cho đỡ tức vậy . Công Lý chỉ là tên của một diễn viên hài .,,,
"Tuyến Đào Văn nhà nước nên cấm chúng nó chạy xe máy bác à, 1 phần kẹt xe cũng phần lớn từ tụi nó mà ra !",,,
Tuyệt vời abe 😘,,,
"chửi nhau sao kg gọi Phone chửi cho dã cái miệng,mà lên dây khoe vàng hả cha,ỉa déo ra cũng dưa lên,bó tay,",,,
??,,,
"Chúc mừng năm Kỷ Hợi 2019, chúc mừng nhiều may mắn mới",,,
NĂM MỚI RỰC RỠ - NHA TRỞ LẠI RỒI AE !!!,,,
Khi nào có link nhớ gửi nha anh 3 😀,,,
Tiến Đạt Phạm rèn luyện tay nghề đến đâu rồi em,,,
Mình đâu có đổi tên vậy chời,,,
Phạm Đinh Hoàng Yến why,,,
Sáng ra bật dậy xem kết quả nhưng quên nay nằm 3 đại học r 🙄🙄,,,
"Thế là anh lại off stream, k đc 18 buổi rồi",,,
Luôn Fan Cô,,,
Dlv sủa hộ ?,,,
"Nít ranh gì,nghe 2 củ 1 trận là ông nghĩ đến có tiền mua bỉm sữa",,,
chỉ là chuyển từ không công khai thành công khai thôi :v,,,
Thầy ơi )):,,,
Cà ri lam 🤧,,,
Trung quốc gửi 2 ng hàn đi allstar :v,,,
Đớp lắm lam gi chang beo nhu lợn,,,
Chi mih hieu co tien con e ko co tien sao di lam ha chi mih hieu,,,
"Hmm, Trời đã sinh ra Tuấn tại sao còn sinh ra Tiệp :( haizzz",,,
xin dược phẩm chị êyyy =)),,,
Chụt Chụt =)),,,
Ổn quá thầy,,,
Trò này đi sau VN quá 😄😄,,,
La La Hinguyn 😂 lầy ghê,,,
răng anh trần dẹp quá,,,
nghe tên ad đã thấy thích rồi,,,
Đào Thanh Giàu ??? nguồn,,,
cô ba ơi cê. ngư ta đi  chị ơi,,,
Cuộc sống của 1 ông chủ có 1 căn hộ ở chung cư hà đông có người vợ chủ kho khô gà thương hiệu mixifood và bố của 1 idol nổi tiếng:)),,,
Chi ba co căt cho gi khoe khoang sao lôn,,,
Chị Thái và tội phạm. :))),,,
Bố tui là Tàu lai..Mẹ tui là tầu lai..sanh ra tui là tào lao,,,
Về nhà gill ơi,,,
Đâu phải cứ là người nhật thì có nhân phẩm tốt đâu😀,,,
"@Quốc Bảo Lưu lên phường làm việc là biết liền nha, đôi co ở đây chi cho mệt =]]",,,
chất vl,,,
"Như này thì thế giới theo kịp thế éo nào được. Tía nhà nó biện minh cho hành động đạp con mái là do say rượu, chắc còn con mái kia say cặc",,,
Chị nói dễ thường quá,,,
Không cho chúng bố ăn là chết với chúng bố. Thiên đường xhcn nó thế đấy con ạ.,,,
Đề nghị sống chậm,,,
Chúc mừng abe nha ( mong thầy làm đúng lời hứa ),,,
Hoàng Dương j toi co' ne`,,,
Làm gì có chuyện 1 chai nc hoa mà có vài trăm k 1 chai trời. toàn hàng fake thôi,,,
Cho mình hỏi anh độ thường live ở đâu ý ạ ?,,,
"Giống mấy bà bán cơm vậy, lúc thịt heo lên giá thì tăng giá cơm lúc thịt heo xuống thì giá cơm vẫn thế",,,
Mạng bên thái live được k a ơi,,,
"Bích Huyền chào bạn, người quên tag :))))) thật vui vì bạn đã thấy",,,
Trần Vỹ lạc trôi đi đâu đấy ông ay 😂😂😂,,,
Chúc kênh panba được nhiều sub. Yêu abe,,,
Chị Mỹ Duyên tốt quá,,,
Tối nay thấy youtube báo a độ onl thì ae cũng biết là ai sắp ngồi trước màn hình rồi đấy :)))),,,
Sản phẩm này được không thầy,,,
Cho mình xin ảnh gốc natra với 🙂🙂,,,
Cho hỏi đây là bài gì thế,,,
Nguyễn Thanh Vũ học trò của thầy ở rank vàng đây. 😁,,,
Nói thật là em là nghề md. Hôm qua gặp 2 thằng ham lon nhanh quá thiếu tền. Anh em nghĩa hiệp 4 phương 8 hướng trả công bằng cho em với :'(,,,
Trinh ThỊ wz,,,
Đỗ Hoàng sao nhìn hog giống tí nào 🤔,,,
Gửi thầy ý tưởng logo nếu thầy định lập kênh YouTube nhé thầy dấu bé ba,,,
Linh Mít lên Cầu Giấy mà tìm phòng b êiiii 🤣,,,
Nhờn vs Tùng Sói và cái kết,,,
Ok không,,,
Và top 1 là dành cho thằng Tùng nhà tôi thưa quý vị và các bạn,,,
Quang Minh Quang,,,
Giống cái giọng cười của Mao đệ quá vậy ta kaka,,,
Thầy nhờ anh quang cuốn hay sena đánh hộ vậy,,,
Từ từ ae ơi,,,
Hé lo,,,
"Buồn nhỉ, cộng sản vô thần thì lấy đâu ra thiên đường. Muốn thiên đường thì hỏi dân công giáo nhé. Phải ko ad",,,
Ngu vl =))),,,
Cực kì đẹp trai :)),,,
Lỗi là do yếu sinh lí 😑,,,
Các em nhớ subrai kênh của thầy để thầy được nút vàng trước khi đi sing về nha :))),,,
"Chào em ! Hôm nay em đẹp lắm luôn . Bọn chị ủng hộ em ! Em hãy dùng văn hóa chửi - Chửi đau chửi đớn con chó Linh em nhé .
Chào em .",,,
"Nếu mà đúng tâm trạng như vậy thì sao phải ngại ấn nút chia sẻ làm gì, chia sẻ cho nhẹ lòng chứ làm gì :)",,,
Chị hay lắm à nha❤️❤️❤️❤️❤️❤️,,,
Con rắn xe cứu thương đấy :)),,,
"Chị đẹp vậy , giọng nói dể thương có duyên quá đê",,,
nghĩ mà nó chán !!,,,
Sim số đẹp ib e nhá,,,
Dù già nhưng ngày nào cũng phải mang tiếng cười đến cho các cháu,,,
cực kỳ thuyết phục !,,,
Wdf 😱😱 t có nhà mặc tiền mà bay,,,
Huy Hải k nha,,,
CHỊ BA VÀNG NGỌC có cây nọc giữa háng,,,
3612 wish lucky ♥,,,
Bảox Nhânm ok ~@,,,
Mong mãi như 1 đứa trẻ ko muốn lớn chút nào. Mình lớn dần lên bố mẹ càng già đi🙂,,,
Ai thích bóng bánh có thể theo ông Tuấn này nhé. Rung vs K.O lên ở Tường cá nhân khá hay. Có cả Nhóm hoàn toàn Free. Chẳng mất đồng phí nào cả!,,,
"Moá, quái thai",,,
Đậu Quỳnh Nhi tưởng đánh nghiêm túc gì chứ troll cũng khoe :)),,,
Ôi bọn ghen ăn tức ở,,,
Hoài Nhân Phan anh tui gắt thế,,,
Lại đc xem tấu hài,,,
Tuy album mới ra mắt chưa được 2tiếng nhưng đã đứng top 1 thịnh hành =]],,,
Xem lại đi.,,,
Chúc mừng thầy :3,,,
Ok,,,
Có khi nào hoãn cả cup của Liverpool ko 😔,,,
Chuẩn ko cần phải chỉnh bạn ơi,,,
ở đâu bán ad,,,
Có cách gì dú tự bự khỏi phẫu không.,,,
Chết rồi.. tình báo cộng sản bị lộ rồi .. 😅,,,
*Không biết ông già mình định làm gì nữa đây?*,,,
Em cầm cái này phang vào sự chu đáo của anh Ba =))),,,
Thật sự kh hay bằng bài trước,,,
Phát Đạt nói quá hay luôn,,,
may co dam ve viet nam k ..linh L may tu gio dung len mang khoc nha dam noi dam lam linh long..,,,
- chuyên gia stream muộn :),,,
trc kia hơn :D,,,
Anh tiệp về sớm quá chưa tắm biển với mình nữa :)))),,,
Toàn là người ở nc ngoài về! Và cuối cùng là chỉ có VN là đất nc nhân ái nhất thôi!!!,,,
Em minh hiếu dao va em yêu ihih 999 :-) anh tự hào em minh hiếu va oh789 :-),,,
Cái này người ta gọi là quá Độ =))),,,
"Chỉ có người ngoài vỹ tuyến mới háu thắng vậy thôi, hình ảnh này cho thấy họ luôn sợ Thái Lan, thực tế đúng vậy, thua TL về mọi mặt đó là vì họ không có Đảng chăm lo, khi nghe hàng Thái thì bu vào mua.",,,
Thêm đôi này cho sang :),,,
"đến con trâu qua ngòi bút của họ nó cũng biết thù "" giặc mỹ "" cơ mà ! hay anh Tám BBQ là nhân vật hư cấu đến giờ vẫn lắm người hoài nghi !.... à còn diệt chủng mà mấy triệu tín đồ vẫn tin là doanh nhân hay danh nhân gì mới hay ! ... nói họ là bậc thầy quả ko ngoa !",,,
Kệ ông nói có sao đâu.  Xả xì choet thôi kkk🤣🤣🤣🇻🇳,,,
Xin lỗi cái lozz,,,
Sơn Hoàng cái điệu của bông nè ck.,,,
Minh Trung Dao Đây đích thị là idol của tooiiiiii,,,
Tùng Sói :” Bà Trang ông Độ của ngày xưa đấy các bạn ạ :v “,,,
Đíu ai like. Cho thầy đi ăn cắp luôn,,,
k hiểu ý duy nhà mình gì cả 😞,,,
Tú rất vui,,,
Giống trường mình bắt học onl Nhg học phí vẫn đóng đủ như học ở trường 🙂,,,
Huyền Khánh Phùng bên phải thiếu cái nốt ruồi k là giống như 2 giọt nc r 🤣,,,
Nguyễn Trọng Hiệp cá sấu mà phải há mồm chứ 😂😂,,,
"Trang Tròn Be Hoang trend của chị trang lên ngôi rầu, kinh thật",,,
Thương cô quá à😢😢😢,,,
Có đc nghỉ học k,,,
Yêu thật sự =)),,,
Nguyễn kim chuẩn bị được buff cực mạnh rồi Nam Nguyen,,,
Mũ bảo hiểm mixi 💩,,,
Ngọc Giang tính cục súc và hay chửi :v,,,
"Phú Phong đấy, hoa kìa hái đi",,,
Minh Tuân cười khí thế luôn kkkkk,,,
Trời sinh một cặp hjhj,,,
Chị ơi chi có đôi mắt phúc hậu lắm,,,
Bán online 10 năm mà đm đạo đức kém vc boom hàng chết mẹ nó đi mng ơi :)),,,
Vu Nhat Doan Huynh ong ad viet stt chuan qua,,,
Vũ Siêu tấu hài :))),,,
Nam Thành cmt của ông kia chỉ mang tính chất vả vào mồm mấy đứa tự nhục lúc nào cũng nói nhật là số 1 nhật là is the best từ đó cho ta thấy thì nhật cũng chẳng phải tốt đẹp lắm,,,
Lam an kieu gi be ong toi 19 lan..,,,
"Tâm Nguyễn Phát ngôn đúng chất \""não cứt\"" . Người Việt mà đéo về Việt thì ông muốn họ sang Trung Quốc à ? Giàu thì cũng tiền họ làm ra , có xin nhà ông đéo đâu ? Họ về đéo ảnh hưởng đến đất nước là được . Ý kiến cái đéo gì .",,,
K-ATM Cao Lãnh be like,,,
Mặc dù cô này nói chuyện rất thẳng thắng nhưng mà đúng và thật thà thương cô này quá 😢😍❤,,,
Trần Minh Nhân vetv xóa rồi lộ hàng nóng kk,,,
a trung local brand:,,,
Thua trug+ hết dân nó dù ở hải ngoại theo hay ko theo cs dân nó rất đoàn kết còn người việt mìh bág bổ phỉ bág ...nhau 40 năm qa,,,
Thầy có ft với Kenny You hông Thầy 😘🥰,,,
"Nó xoá stt r admin à :))) lớn già đầu r mà còn vậy, nhục thay",,,
khổ thân a tôi :3,,,
Lại bảo là k yêu đi,,,
"Gặp tao là chạy, la ó gọi cứu hỏa.",,,
"Thần quyền môn của 5 ông lục tổ, Súng bắn không trúng dao chặt không đứt  😂",,,
Phạm Thanh Thúy buồn lắm chị xuý ạ k có tiền đi chơi thì ở nhà xem táo quân thôi😆,,,
Chơi vậy để không ai chơi lại mình.,,,
J97 với B52 sẽ hợp tác trong 2020 tới đây nha :))),,,
Nguyễn Kim sale mà nhìn chiếc ảnh tưởng thầy sale 50% ạ :)),,,
"Có gì đâu , mấy chú vô làm visa bên tls tq đi , cả ấn cam đức nữa :)) cách nó làm việc vẫn ko theo h Việt Nam nhé , mắc mệt , toàn lũ chưa vào tới đã tỏ ra am hiểu",,,
Thầy có tính làm vlog ngày tết ko,,,
Cố lên bác ơi..và dân minh hãy thể hiện la người có dân trí cao đi.để hàn xẻng nó lóe mắt ra,,,
Nghi vấn con của abe=)),,,
Có tiền nói gì cũng đúng hi,,,
Pha sấy đi vào lòng ng,,,
"Kết quả từ sự lãnh đạo của đả: tham nhũng tràn lan nên mới gây ra đại họa này ( làm đường thì bớt vật liệu chất lượng kém, lái xe thì mua bằng , chạy quá tốc độ thì đã được chó vàng bảo kê khi đã nộp mãi lộ, đăng kiểm thì kiểm tra bằng tiền .....)đmcs",,,
Tô Phước Sang cho xin video đi bạn,,,
Phuk cho mụ Tiến về làm trưởng ban chăm sóc sức khỏe cho cán bộ. Ahihi,,,
Chậm thôi cưng à :)) Despasito,,,
theo ý kiến cá nhân mình thì mình thấy kicm đẹp trai hơn jack :v,,,
Sói con sắp ra đời =)),,,
Cún vàng k có viết chữ đẹp đc như vậy đâu bạn ơi,,,
Chi ba vang that kg so lua.chi ba giup e. Khoa cai mieng con ho xuan huong o viet nam kg biet no dc bao nhieu tien ma si nhuc con nguoi ta 1 cach kinh tom,,,
Rất tiếc ông chọn nhầm cái đãn chó chết để phục vụ,,,
Mày chỉ là con cờ hó oách sờ lách làm gì câu view ah vũ khác tiệp,,,
Kiểu này chất hơn a ơi,,,
thích cái gì hả hà ??? :/,,,
Con bóng sa đéc,,,
Có phải đôi giày này ko?,,,
Đó là lần cuối bé tùng được nhìn thấy con mèo,,,
xin link với cậu ơi,,,
"vậy là công bằng cho 2 vợ chồng, nếu không như vậy lại bảo thằng chồng ăn 1 mình",,,
"Nói người ta giả bộ thì coi chi cho mất thời gian vậy, rồi mất thời gian bình luận",,,
Mạnh dạn lấy 90 tr 🤣🤣,,,
xạo vl,,,
phò cũng là 1 nghề chân chính đấy đm thằng ad,,,
nếu mà em giàu em vẫn sẽ chọn đi xe máy tại em say xe không chịu được 🙂,,,
Đào Mạnh An bên Anh họ thờ ơ với dịch bệnh. Vn vẫn là tốt nhất,,,
Vẫn cứ là tấu hài,,,
Nguyễn Hoàng Anh bạn khoanh đó có ý nghĩa gì?,,,
"cái này bọn khựa, hay bọn tàu làm ấy nhỉ :3",,,
Ảnh gốc 😂,,,
Điên!!! Ông này điên điên mà lai được cccđ mời khi có sự kiện. Đúng là một lũ điên có tổ chức!!!,,,
Có một sự thật là tất cả những người comment trong đây đều ko có tiền mua xe cho dù là giá củ ... vậy xàm xàm làm gì ko biết vì người đủ tiền mua xe này bây giờ thì sao này người ta vẫn mua được ... 😂,,,
Có ai giống tao nghe xong ko biết ý nghĩa nó ntn ko.hay tao ít nghe nhạc nên mù âm nhạc rồi hả bọn mày,,,
Chắc tại các bạn nghe pop ballad thuần quen rồi nên k nghe được Edm đấy...,,,
Nguyễn Khánh Hòa tao đã bảo mà dell tin.,,,
Linh đài.xin lỗi 0 chấp nhận  được.cô chưởi ai chưởi cả nước việt mà chỉ gật đẩu xin lỗi là được sao.xin lỗi lai mày nói sao cho cả nước việt tao nghe lọt lỗ tai nha mậy.,,,
Xin link,,,
Em xl Nhờ ad chút ạ 😊,,,
Đình Quang add em vơiii 😞,,,
Lol :))),,,
Xuân Trường sợ nó chẳng may lây lan ra cộng đồng ! Chứ nó thì .....!!!,,,
chảnh chó cách ly mà đòi phục vụ như vua .nhìn mà gét,,,
Sắp có sản phẩm hợp tác với bên JAV nha các học trò,,,
T lay..... Tran dan,,,
Cái tên nói lên tính cách,,,
chắc có 🤣🤣🤣,,,
Một lần X6 xem anh em có trầm trồ :))))),,,
Dieep Nguyyen Đỗ Minh Hoàng Thuy Dung Thai mừng mấy má ưiiii kkk,,,
:)))),,,
chán cái địt cụ mày,,,
Tuổi thơ dữ dội của một đứa con gái là suốt ngày đi đá bóng với bọn con trai,,,
Đặng cổ anh vy,,,
Huan Ngoc Nguyen trang ko lên được nửa ông giáo ạ 😂😂,,,
petland ganh tut quan,,,
"Nhớ ông này quá, mình ko ghét ông này chút nào",,,
Nguyễn Hữu Đạt kut len top,,,
bầu cử cl gì mà tao lên fb biết kq đâu mấy tháng trc rồi. bâu làm cm gì nữa lấy tiền chia đi nhâu có đã k,,,
Giống derby'Italia,,,
Và cô viết tâm thư,,,
Mốt lại có vài đứa lại hỏi thầy ơi sao acc em trên shop của nextgen,,,
Hoàng Thiện :)) Em chưa đến lúc cần. A để tự dùng đi.,,,
Đơm luôn .cà khịa sela à,,,
AE bộ tộc giúp với . mình vào discod bị mất kênh mixi hoặc bị kích nói chung là không thấy đăng nhập lại thì nó hiện không vào được kênh văn bản là sao anh em,,,
"Vu Tien Dat mày tên Đạt , ở nhà mẹ mày gọi mày là Phát",,,
Bìnhh Tây's phẩy ét=)),,,
Hải Yến đéo ai cần m care 🙂 nói câu muốn sút cho phát ghê,,,
Khải Quân trẻ trâu vcl,,,
Anh t đẹp trai vl,,,
Thề tiếp đi các chàng trai =)),,,
"Hóng bò đỏ vào sủa ""đất nước mình còn nghèo""",,,
Chung bị Dân việt chơi đến cùng,,,
Nhìn mồm con này ! Nó có dập đầu nghìn lần cũng không thể tha thứ cho nghiệt trủng này,,,
Thôi hơi đâu mà nói mấy bác thợ lặn làm chi,,,
Mãnh thú nhìn sợ vcl :<,,,
"a này nói đạo lý hay nè,ko biết có dương tính với mai thuý ko",,,
Nhìn cái bút của c em cũng biết c cũng đ phải dạng vừa :),,,
Đôi khi page này chửi cũng chuẩn.,,,
Thần đồng toán học 😂😂😂,,,
bo tay,,,
"Lúc anh sắp chút hơi thở cuối ấy , anh phải bảo Tùng Sói bật stream lên để chào bộ tộc lần cuối nghen anh !",,,
tao chỉ ấn tượng quả che tên của AD...che thế thì m show mẹ ra cho rồi..,,,
Giáo án về One champ Lee bú đá và rụng mất xác,,,
Bùi Đăng Hoàn chỗ này xa chỗ anh lắm em ơi 😂😂,,,
miệt thi CN đi cau hè,,,
Trần Thanh Hà Idol của con gái c lun,,,
Be0175,,,
Con rồng cháu tiên sợ đéo j con virus này,,,
e bán nha các bác Hàng chuẩn Tây Bắc luôn =)))),,,
căng...,,,
K ai là k nỗ lực cả . chỉ là chưa đúng đường hoặc là sai cách đi thôi,,,
K biết bỏ ra bn tiền để bài này đc đăng nhỉ,,,
"Dieu Anh Do Nhưng ông Hàn không biết mình bị, còn ông Nhật cố tình.",,,
Trao huy trương luôn cho đồng chí này,,,
Tôi đọc cho các ông nguyên văn nhớ,,,
Tập này lâm khánh chi đẹp,,,
Phạm Quốc Dũng :)),,,
Hung Bui đắp pháo đất chơi thôi cậu ơi :))),,,
Sau hom nay Lam Khanh Chi Xau vay ta. Hom nay trang diem khac khac sao do.,,,
Tất diên di trùng :))),,,
Bác Trần Dần nói vui 🤣,,,
Cảm ơn chị kế toán Loan Phương,,,
"Gọi làm gì ? Nó láo thật , nhưng rõ là chửi đúng , thằng kia đúng là ngu mà !",,,
Có event mới đi học nha thầy =)),,,
mlem mlem,,,
Ở cái xứ độc tài độc đảng nầy mọi chuyện sẽ được che chắn nếu chủ trường là con gái của tướng Vệ và thủ tướng Phúc !,,,
😚😚,,,
Oc cho,,,
Camera sắc nét quá Thầy ời :)),,,
Huy Engraving xin video bro,,,
Bênh bênh cái đéo,,,
Ý thức của chị còn thấp hơn cả điểm hoá của em 🙂,,,
giận thì mình cũng đi ỉa =]]],,,
Đây là ai? Có vụ gì liên quan mà ai cũng ghét vậy mấy bạn? Làm ơn đưa mình về vs nền văn mình đi,,,
Hello em dep,,,
"Nhìn quả nghiêm túc, chèn nhạc du dương như này tôi lại không quen tí nào. :)))",,,
Chi ba chui hay quá chi ba oi,,,
😁😄😂😭,,,
ok việt nam luôn vô địch mà,,,
"Ngày trước người Nam kỳ chúng ta sống tử tế hơn, bây giờ có lũ ngợm tiểu quốc rau má và lũ ngợm thượng đẳng ngàn năm văn vật đi vào cướp của, cướp đất người Nam kỳ, người Nam kỳ chúng ta bị nhiễm văn hóa của ngàn năm văn vật của lũ ngợm lừa con hoang đ",,,
Anh coi chừng k là nó cũng cho a ra đường ở 🤣,,,
bán 1 cái đảo giá 1ty ndt. thật ko thể tin nổi,,,
Can bo giao duc pho cap thi bao VN da xoa mu chu va hoang thanh pho cap THCS &THPT.,,,
clm oke abe,,,
"Đoạn đầu nghe chả rõ gì , chắc do mình già r :))",,,
Thảo Phương ờ buồn nhờ,,,
Trần Quốc Sư Trần Dần còn khỏe lắm ae yên tâm 🤣,,,
Hoàng Văn Hướng,,,
Lại là bác Lap,,,
Chậm thôi các bác,,,
Coi cái này còn vui hơn coi hài trường giang trấn thành,,,
Linh Phạm,,,
Singend nữa,,,
Nhìn chân thật ghê,,,
Này chắc ngang ngửa danh hài Trần Dần,,,
Vinh râu lúc này,,,
Bổng dưng muốn khóc à ?,,,
Hong Son Tran nếu không thích bác có thể bấm nút unlike mà chứ bác nói vậy éo ai cảm thông đâu :))),,,
Thôi tốt nhất k nên ăn,,,
Kkkkkkk,,,
Ơ Hàn xuống top 3 rồi à😅😅,,,
"Con fan mới:""cái con mất dại cái con trâu xanh""cô hay quá",,,
đông phương ba bại:)),,,
Nhình cay atm cao lãnh cảm động vãi l,,,
Nghe có vẻ thuyết phục nhưng hơi vô lí,,,
:)) thế hoá ra vụ này là do lỗi bác Thăng :)) !,,,
Ông Trần Dần mới kẻ đôi lông mày thật ngộ nghĩnh giống đám hát phường ....,,,
Thuyết phục.......,,,
Anna Nguyễn càng nghe càng nghiện,,,
Ở nhà nhớ đeoo khẩu trang nha,,,
"Bộ Giao Thông Đường Bộ của Úc chỉ quy định 3 loại xe sau phải có bình cứu hỏa .
 
 1- Xe ô tô nào có đầu máy đặt nằm bên trong xe ( cùng chỗ ngồi với hành khách ) chứ không phải bên ngoài xe .
 
 2- Xe ô tô du lịch có trang bị bếp gas nấu bằng lửa .
 
 https://www.facebook.com/Hanghy92 Hằng Híp Hay..thích nhất đoạn thủy táng, hỏa táng, hấp táng và làm rượu mận
 
 https://www.facebook.com/huynh.son.75 Pa Nippon Sao thay quen quen
 
 https://www.facebook.com/people/Ph%E1%BA%A1m-L%C3%BD/100010155273141 Phạm Lý Sau đó là ăn táng...
 
 https://www.facebook.com/tung.nguyenduc.3781 Nguyễn Đức Tùng Cười ko thở nổi!!!
 
 acc clone Đinh Đắc Vũ :v
 
 acc clone Tuan Ngo QuynhAnh Nguyen :))
 
 acc clone Kaotayto Kao Ơ..
 
 Đậu xanh..
 
 Dân đen chúng mà ko thích xài điện thì phang đèn dầu đi nhá..
 
 https://www.facebook.com/mushrooms.small Pie Pie Quản lí bóp cổ xiết chặt :(
 
 acc clone Phan Tuan Anh :3 Kinh doanh độc quyền sướng quá chỉ cần tăng giá lên là lời :v Đố thằng nào dám ko dùng điện !
 
 https://www.facebook.com/zuu.tran Trần Du Ngay xua giay bao djen con co gia gio deo thay lun chj thay moi caj tong voi vat
 
 acc clone Nguyễn Thắng :))))) nuc cuoi`
 
 acc clone Tình Lâm Điện Lù có khác
 
 https://www.facebook.com/baoloc.thai.3 Loc Bao Thai nghe đâu khảo sát dân hài lòng cho 6.9/10. má xài diện từ nhỏ tới lớn chỉ thấy tờ tiền điện hàng tháng chứ thấy cái giấy nào khác mà bao dân hài lòng
 
 https://www.facebook.com/thai.le.92351 Vinh Toan Thế mà lúc nào cũng kêu lỗ rồi lại tăng giá đấy
 
 acc clone Không Tên Độc quyền thích tăng mấy thì tăng .ko lời thì quá ngu
 
 https://www.facebook.com/thisisleo.8 Việt Nguyễn Ơ!!!! Tao có chấm điểm hả các mày???
 
 https://www.facebook.com/zuu.tran Trần Du Mấy bác thông cảm..evn sống ảo và diễn sâu ấy mà.
 
 https://www.facebook.com/dk.milano DK Milano thằng nào chấm thế?
 
 acc clone Trần Đình Duy Nhiều cái 1 thành ra cái 69 đó :)))
 
 acc clone Tình Lâm Ớ sao lại 6,9 ???
 
 acc clone Kaotayto Kao Ơ..
 
 acc clone Nguyễn Thắng Toi k biet chi het :v
 
 acc clone Bùi Thắng Nhiệm vụ evn là sản xuất điện. Và nó đã làm đc. Thế còn muốn làm gì nữa thì mới hài lòng, cấp điện miễn phí à
 
 https://www.facebook.com/people/Ty-Hoang/100006073634871 Ty Hoang Bày trò. Trò này thế nào cũng tốn của.
 
 acc clone Chánh Tâm Hãy xem người dân tây tạng khổ sở thế nào
 
 https://www.facebook.com/khanh.do.399488 Đỗ Ngọc Khánh quát i dờ Phắc gâu in on in mai can trùy...?
 
 https://www.facebook.com/minh.chau.319 Minh Chau Đây quan tu díu chai na mó nì in áo ơ can truỳ
 
 https://www.facebook.com/pham.duynghia.543 Phạm Duy Nghĩa sắp bán cmn nươc rồi
 
 https://www.facebook.com/quangtien.nguyen.31 Nguyễn Quang Tiến dm thang nao kien nghi cai nay xu ban ca ho nha no luon dj
 
 acc clone Bui Nam Tóm lại là đéo có $ mà thanh toán, cũng đúng thôi, nhập nhiều hơn xuất thì đấy đâu ra.
 
 https://www.facebook.com/people/Tony-Nguy%E1%BB%85n/100002984821564 Tony Nguyễn Thôi xong!!!
 
 https://www.facebook.com/Thaivunhatnam Nam Thái Bác Hồ sẽ tự hào về đềui này ... khi đó , tượng Hồ sẽ thay thành Tượng Mao :v
 
 acc clone Tình Lâm Các bạn có muốn trở thành nền kinh tế lớn thứ hai thế giới không?
 
 Hãy trở thành một huyện của chúng tôi!!!
 
 Phải làm gì ư? Không, các bạn không cần làm gì cả, hãy cứ ngồi yên và đừng quan tâm đến chính trị. Mọi việc chúng tôi đã thuê ĐCS VN làm hết rồi !!! :)
 
 acc clone Cường Vũ Cái địt cụ, xài ngoại tệ thì bị thu Hồ tệ thì mất giá Mao tệ lên ngôi đmcs
 
 https://www.facebook.com/taam.exc Đức Tâm nếu là thật rủ nhau đi học tiếng Trung đi. :v
 
 https://www.facebook.com/kul.stonebutch Nguyễn Hoàng Phương Anh Đi học tiếng hoa lẹ đi khi nó còn rẻ ad à :))
 
 https://www.facebook.com/kunno9 Đặng Lê Hương Xuân Đùa à
 
 https://www.facebook.com/hoang.tranviet.9 Hoàng Trần Việt Ngày một rỏ ý đồ của mấy nàng bụng bầu. Hết thực phẩm,đồ chơi,quần áo, đến đt,laptop,tivi,xe máy,khu hoa kiều, đaif radio,kênh truyền hình quốc gia, rồi giờ đến cái nước cuối cùng là đồng tiền cũng sẽ bị đồng hoá và rồi sau này Việt Nam! Chỉ còn là một ngôi sao nhỏ trên cờ trung cẩu mà thôi
 
 https://www.facebook.com/cau2.nhim Viên Quang Tuấn Yêu nước cái lồn mẹ chúng mày. Địt mẹ mấy thằng phản động. Làm thế nào thì đã có chính quyền. Chúng mày giỏi thì đéo phải ngồi đấy gõ phím
 
 acc clone Tống Nguyễn Gia Khánh Nó bán gần hết nước Việt Nam rồi
 
 https://www.facebook.com/trieuhoang.ho Shurima Amumu có khả năng phải đóng thuế thân
 
 acc clone Phan Tuan Anh Giờ tổng thuế lên tới 40 50% rồi kinh vãi -_- !
 
 acc clone Tung Le DM...thằng assmin xàm xí...ụ ẹ có giảm xuống 150 triệu 1 chiếc thì mày cũng có tiền méo đâu mà mua...DM...chửi như đúng rùi...lo kiếm tiền đóng net đi kìa...không nó cắt thì khỏi online nha mày...hơ hơ hơ...
 
 acc clone Phan Tuan Anh ad nói đúng rồi ko thấy à ,dân mua xe hơi thì phải đóng thuế gấp 2 lần giá xe còn bọn quan chức thì được đi xe công ko đóng 1 đồng nào còn có xe để chạy sau này khi nghỉ hưu được luôn chiếc xe đó .Bạn ko thấy bất công à .Số thuế người dân mua xe đóng đảng sẽ dùng vào việc gì ? nâng cấp đường xá à =)) bọn chúng chi vào những công trình ngàn tỉ rồi đưa nhau chia chác
 
 https://www.facebook.com/coste.la.125 Mạnh Mạnh Học thì ngu mà cứ so sánh vs quan
 
 https://www.facebook.com/hoang.tranviet.9 Hoàng Trần Việt Thế giới đóng thuế thấp hơn Việt Nam! Nhiều à. Tay nhanh hơn não mẹ rồi. Đọc,học,tìm,hiểu kỹ vào hãy nói
 
 acc clone Tung Anh Nguyen tay nhanh hơn não hã mày ?
 
 acc clone Tân Duy Nguyễn Đàn anh nói sao đàn em phải nghe theo thôi ad ạ. Đừng buồn vì lí do đó.
 
 acc clone Trọng Minh Thg đi xé đạp jải fong thg đi ô tô để cả 2 đi xe máy nên đừng mơ tất cả đi ô tô:))))
 
 acc clone Huy Nguyễn Thăng ad ngu vcc nói gì cũng thấy ngu =)) đùa chứ m k còn gì để tả vì đô ngu của m
 
 https://www.facebook.com/khanh.do.399488 Đỗ Ngọc Khánh phắc ga vờ mừn
 
 https://www.facebook.com/tuhip.hoa Nguyễn Trọng Tú Đéo bao giờ đéo bao giờ giữa mùa hè tuyết rơi
 
 acc clone Đào Quang Đm nhìn đường xá VN tao chỉ mong dẹp cmn oto đi cho rồi .
 
 https://www.facebook.com/people/Key-Quang/100008983842906 Key Quang Cần gì ô tô tao đi bộ cho chắc
 
 https://www.facebook.com/tructiep.tuongthuat Nhiên An đọc báo tăng thu phí đuờng bộ kéo xuống cmt trên zing nhé,nó bảo tăng thu phí để cải thiện đuờng bộ,xây đuờng mới cho dân và sẽ giảm thuế,phí ô tô rồi sau này con cháu chúng ta sẽ đuợc đi ô tô,cmn mấy bọn dlv rảnh háng cmt đây mà,thuế còn cao gấp mấy t
 
 acc clone Vũ Thắng Vcl lạm phát 3,4 con số :))) ngu còn tỏ ra ngu hẳn :))) lạm phát 4 con số thì 2 thằng + con mặt lồn đẻ ra mày đã vác tiền triệu đi ăn phở rồi chứ ngồi đấy mà sủa à :)))) còn hoàng sa :))) ơn giời,ơn bu mỹ :))) thiệu nhà mày bán cmn cho tàu từ năm 74 rồi nhá :))) cái giá là cắt viện trợ cho bắc việt và về liên minh chống soviet vs mỹ :v
 
 https://www.facebook.com/doanh.nguyen.50115161 Doanh Nguyen Quản lí yếu kém , bây h chỉ chăm chăm tìm nguồn thu bất kể chỗ nào tận thu đc ... Viện phí, phí cầu cống, bảo hiểm XH, Y tế, ... Ôi cứ ngồi nghĩ ra khối thứ có thể thu đc
 
 acc clone Thùng Cơm Biết chúng nó nổ mà đéo làm gì nổi
 
 https://www.facebook.com/coste.la.125 Mạnh Mạnh Vkl rận nó dạy mày học bảo sao ngu vl ad ạ
 
 https://www.facebook.com/hoaiphi.nguyen.9 Bác Ba Phi Để xem năm nay sẽ có bao nhiêu cái tăng nữa, bình ruồi vừa tung chiêu cướp dollar rồi, xăng thì k tăng được trong áp lực giảm, có lẽ điện nước sẽ tăng,trạm thu phí đường bộ cũng vừa tăng,mới cướp 22% lương của người xuất khẩu lao động. ..
 
 acc clone Cụ Nội Đi Hội Thiệu bán cmn ak`
 
 acc clone Johnny Trung Tran 
 
 https://www.facebook.com/people/Le-Hung/100004246504509 Le Hung Khà khà ...! Thằng nào viết bài này công nhận là Ngu có đào tạo, Ngu rất có bài bản"". :v",,,
Ngon quá thầy ơi,,,
Gửi CV cho Apple ở đâu được nhỉ,,,
An mặc riết chớt giữ r,,,
Không cho dài thời trẻ của nhân gian,,,
Cả team đi làm nồi lẩu luôn a,,,
Ngọc Na má cừi ỉa,,,
Ông trên la liếm 😂😂,,,
Như 2 giọt nước,,,
Chúc mừng thầy.,,,
Dễ thương🤧,,,
Cực kì thuyết phục nha,,,
Tộc trưởng chuẩn bị làm quả refund gắn kết yêu thương cho ae rồi đấy,,,
Tuyệt đối không được kì thị với dân tộc TQ anh em nhé,,,
Phương Nam 1 hộp 700k ib vào việc,,,
thế đấy dkm,,,
Ổng nói không ai phải nghỉ cả. Ý là dịch cũng phải đi làm mới có lương. Chứ hog phải nghỉ cũng có lương :))),,,
toang lắm rồi,,,
Thoại Trần chính tả chứ ko phải chính tã bạn ơi :))))))),,,
Lại nhớ về người yêu cũ..,,,
Ngưỡng mộ ANH một con người tử tế.,,,
Thích sói ghê ko bt khi nào sói live hộ bố đc đây,,,
Iphone 11 được lấy cảm hứng tự Độ Phùng còn cái tên khác là anh Độ Mixi,,,
Wifi ơi mạnh mẽ lên em,,,
Cái loại người khốn nạn này mà ngồi trên công lý thì quốc gia ko còn gì nữa cả.Vô luân vô pháp,,,
"Đẹp vch, 330k/s 5 món + free ship",,,
sang Khựa + sang Mỹ mà xử phạt con ngu ạ,,,
Sĩ Tiến bữa bảo ở Hải châu à?,,,
"Việt cộng là cái thứ sinh ra từ thành phần bần cố nông, đã là bần cố nông thì chả có đứa nào được học hành tử tế đến nơi, đến chốn. Hậu quả là bọn Việt cộng nó quản lý, điều hành đất nước như cái con C, ngóc lên không nổi, nên phải bán đất nước cho bọn mọi rợ Tàu để có cái mà ăn dọng chứ !",,,
😬,,,
Đhs nói ngu vl :))),,,
Cung chi vi đong tien ma mot so nguoi da ban re luong tam,,,
Sống tốt k sợ ng hại . chỉ có ăn ở s bị trời hại mới khỏi cứu thôi,,,
Bai nay ko hay,,,
Minh Anh,,,
khác mỗi cái mặt a ạ,,,
Clm :))))) Trí Xuân,,,
sợ vlon anh ơiii🙄,,,
@Pham Cuong đmm,,,
"Ghê, chảnh choẹ",,,
Áo đẹp ABE ơi,,,
"Bài nào cũng điệu nhạc như vậy, chả có gì mởi mẻ :v",,,
Vl,,,
Xin video bác,,,
Sống chậm lại :),,,
Đầu lòng 2 gả hotboy,,,
Hồi đấy thấy khánh phương đẹp trai nhất trong nhạc trẻ,,,
kinh nhờ,,,
Mình cũng ứng cử. Và bị loại rồi,,,
Mộc Ca nghĩa là có tiền mua sữa va bỉm cho con.. Ấy mà 😂😂,,,
hay qa ci oi,,,
Địt cụ chúng nó muốn người dân chở về thời đồ đá mất rồi? Như thế này đỡ phải sử dụng phương tiện? Địt mẹ thằng nào nghĩ ra cái luật lồn này,,,
Sao nó đứng lun vậy thầy,,,
"Không sợ cr không chấp nhận , chỉ sợ nó cười vào mặt mình ý :)",,,
tau khửa ghét Kpop lại còn nhãy trc mặt bác Mao như z là bôi nhọ chính quyền xử ngay :v,,,
Cho liếm hậu m*n cái abe :)),,,
Hồi còn trẻ anh sẽ không kéo chuột như thế mà anh sẽ kèo chuột xuôi xuống tầm 2m thì lúc đó tâm nó sẽ đứng im :v,,,
Từ khi nào có vụ thay miếng hạ sốt = bỉm thế,,,
Cực kỳ thuyết phụcccc,,,
Tùng said:Ông làm ba tui hơi lâu ròi đó,,,
Huy bạn sống đỉnh kout vl,,,
không anh ưiiiii,,,
Bùi Minh Giang cbi cày view cho xếp =))),,,
Học sinh xuất sắc=)))),,,
"Thớt óc chó, dư lợn viên ăn cám heo, con bò đỏ ngu si..thằng đàn ông rẻ tiền mất dạy..1 con người khốn nạn..",,,
thầy mà là gia cát gì gia heo thì có =)),,,
"Ngta thấy k hay thì kệ ngta, cứ bắt ngta phải thấy hay mới được à :)",,,
Huỳnh Hiệp Thiện aba là bột giặt 😏😁😁,,,
"Trần Dần là cộng sản nằm vùng Ở Mỹ đấy, thưa quí vị",,,
Nhìn có nét giống Cẩm Ly,,,
Nghe lần đầu thấy ko hay lần thứ 2 cx vậy,,,
Nguyễn Đình Huy vừa hay ngày mai t ở bên quân y,,,
Theo khía cạnh mình thì mình nhận xét bài này như lồn nhé không hay bằng mấy bài trước 😁,,,
Đố mọi người giờ ông trần dần bị làm sao đố ông bác sĩ nào mổ đk vào da thịt của ông đây súng bắn k lọt dao chặt k đứt thì ông bị ruột thừa ls mà mổ để cứu ông giờ.,,,
"Thành hồ và thành hà, thành nào cũng bị ô nhiễm không khí độc hại rất nguy hiểm ! Có lẽ ông trời ổng trừng phạt bọn Việt cộng gian ác, gian tà, gian dối, gian dâm, đã nghèo đói mà còn bày đặt ""giải phóng Miền Nam"" !",,,
Phan Tiến Đạt múa dẻo như khánh sky,,,
Mong đc a lấy đăng trên page vl :((,,,
Minh Hải =)))),,,
"nhìn vậy mà lại không phải vậy, mà nói thế nhưng lại không phải thế, Lừa gặp lừa :))",,,
Minh tuan dep trai qua,,,
"T bắn bảy viên r đấy :))) 2 viên vào bả vai trái 1 viên vào bả vai phải còn mấy viên khác ko biết đi đâu nhg nói chung là 7 viên, ko tin tua lại stream mà xem 😂😂 tộc trưởng said",,,
Má nứng quá aiu ơi,,,
chia sẻ và tag bạn bè vào để sếp nhìn thấy nhé :),,,
Top 1. Là vì Bh học sinh đang đc ngỷ học chứ còn lời và nhạc thực sự k hay tẹo gì,,,
t thấy quen quen Kim Chi Kim Ngân Helen Vy Nguyen Cỏ Xanh😂😂,,,
Đệt cmm 😃,,,
Minh Phú đm coi nghề của Tiến Đạt Phạm ml nè,,,
"Wow, đây đúng là 1 sản phẩm tuyệt vời trong tầm giá thầy ạ, màn hình lớn, cấu hình cực ổn, thoải mái giải trí cũng như học tập, nay còn được giảm giá thì quá tuyệt vời",,,
Em sẽ chờ súprai kênh mới của thầy... Yêu thầy :(((((((,,,
Hàng hiệu made in Mixi,,,
vác Susan ra nha Thầy,,,
10:54 di chùng du học ???🤔🤔,,,
Chết mẹ abe gòi,,,
Trung quảng cáo 🤔,,,
Mai thầy nhớ lập kênh mới ở đâu để bọn em điểm danh nhé,,,
"đợi nhau dậy rồi rủ đi đánh nhau với mấy con chó nhà hàng xóm thôi, trông nom đíu gì",,,
Cười chết Anh Lân ơi! Giải trí mùa corona,,,
Đunh rôi thấyvai miêng no nhu cai L bi sung,,,
Miền Tây yêu dấu của tui,,,
em đ có cửa 😞,,,
✪ Fan Ba Gà,,,
đc a ưi,,,
Lưu Duy Thực t ho mấy hôm nay r m ạ,,,
Ok thầy đẹp trai :)),,,
K hy vọng thì biết làm gì bjo,,,
Bác Trần cọp nay đẹp trai quá b.,,,
Con nói thiệt lòng cô ba nói chuyện mạnh dạn quá,,,
Cty e co lam khuc ay ak,,,
Lê Quang Hùng đi chửi thuê rồi hả em 😆,,,
nhờ cô ba vàng ngọc nên minh hiếu mới nổi mà bây giờ chị hiếu nổi hơn .thích chị hiếu hơn,,,
Ủng hộ aba xoá kênh,,,
Cô dễ thương quá ♥️ i love chu cờ mo,,,
Soi ghê dữ trời,,,
Ít nhiều nguyên nhân,,,
Lí do là đây 😀,,,
Đúng là tuổi trẻ chưa trải sự đời,,,
Có cả hậu cute 🥰🥰,,,
Ngửi cho tỉnh đi 3 Gòa,,,
Lũ bán nước đang ngồi lên mả bố mày ad chủi tiếp đi like,,,
Nguyễn Vỹ 🙃🙃,,,
Ủa có họ hàng với bà Nhung hả,,,
Em là fan cứng <3,,,
Mé.....con bờ lu của anh ba:v,,,
Lời chửi chẳng mất tiền mua,,,
Nhớ đem mật vụ tối cao SUSAN0175 ra nhé thầy,,,
chào tất nhiên là tiên chi tất nhiên là dũ chụ tất nhiên là chần dần,,,
Chi Kim oi dang lam bo coi chi ne! Cuoi den dau bung Luon chi oi,,,
7:25 minh hiếu đó cậu ◐.̃◐ :3.,,,
"nhân phẩm , danh dự cũng có hoá đơn sao =)) . của toà là bao nhiu ?! =))",,,
K ATM cao lãnh lúc này,,,
Kí nó vô đâu nó,,,
đẹp thực sự :3,,,
Anh Độ luôn là đẹp trai nhất <3,,,
Hay anh ơi,,,
Sờ má đồ !,,,
Phi Quý dầu thơm mùi nhức đầu chết mẹ =)),,,
Sao trương trình mình hông mời cô hà kiều anh đi ạ,,,
Ccc,,,
CA ở đéo đâu chả thế k đc ăn là nó khác đéo j giang hồ dưới chỗ tôi CA khu vực giờ khác đéo j giang hồ đi đòi tiền bảo kê hàng tháng ra mặt,,,
Toàn Trịnh,,,
Mãi yêu <3,,,
😙😚hay hay,,,
oke anh ưi,,,
Cho em coi vu chi sua co đep khong em se cho vo em sua,,,
Phạm Gia Huy,,,
ừ mình óc tôm.,,,
Chú nói đúng,,,
Vãi thật :)) lạy luôn 😰😢,,,
Chả sao các anh ạ bọn em vẫn ở đây cơ mà chả giải lần này thì giải lần khác chả năm này thì năm khác các anh vẫn cầm chuột vẫn ôm bàn phím là bọn em vui rồi,,,
Già mà dơ zạy aba,,,
Anh Việt ăn bưởi k,,,
1 nghĩa cử thật cao đẹp,,,
Nuôi ông già tốn bỉm sữa quá!!,,,
"Khi còn ngồi ghế cao, chúng nó kiêu căng, hợm hĩnh, còn viết sách dạy người. Tự mình cho mình là vĩ đại, là quang vinh. Đến khi cháy nhà mới ra mặt chuột. Cũng bởi dân ta ngu quá lợn, nên để chúng nó dễ làm quan. Cũng bởi cái thể chế độc tài, độc đảng nên mới tạo ra một chế độ bốc phét ăn tiền mà ăn to đến mức chúng ta ko thể tưởng tượng được.",,,
Lượng like lại nhắc về ký ức thầy ạ,,,
Ồ. Vậy cái vụ vinashin toàn mấy ôg ngu nhỉ😁? Bạn giỏi thật,,,
Ở Việt Nam chúng tôi vẫn làm thế,,,
Thôi m kut diiiii !!!!!,,,
phân biệt đc đó nhưng độ không đc thông minh vẫn như nhau thôi không cần so sánh :V,,,
"Bạn nào bị mụn, da xấu, lcl to, dầu. Ib mình nhé. Cam kết k khỏi hoàn tiền. Vào album mình xem thêm. Tư vấn chữa mụn miễn phí",,,
nguyễn viết tuyên chơi cả chửi à em ! A cũng trong số chúng nó đấy ! Hic ! :)) chyền vãi cả chyền !,,,
Okey thầy eiii,,,
Thí chủ cho bần tăng xin video =)),,,
Tran Dan khung lam tro con nich,,,
Hít keo chó nhiều quá dẫn tới hậu quả bị ngáo đá,,,
Đại Nghĩa viết nhanh quá nó tự cho chữ =))),,,
Nghe thì có vẻ vô phục nhưng nghe nhiều lần thì rất thuyết lý :v,,,
"Nhìn gần thì như thk đần, Khi thì lại gần Ôi ông Trần Dần!!!",,,
Hiêu Sắc Hiếu,,,
Yêu chị :,,,
Nhìn mặt đẹp gái mà cái tính lại xấu xa thế này.,,,
Thèm burn real ghê Nguyen The Huy,,,
đc mấy hôm,,,
Dm...thằng assmin phản lại cái động...gác máy cái mả cụ mày...sao mày không nghĩ dây dt bị cá mập cắn...dm...,,,
Julia Trần đây là so đúng k,,,
Đâu phải khác nhau mỗi cách đánh =)),,,
Trần Vinh,,,
vẫn thích quả tóc hồi xưa của anh ĐỘ,,,
Cường Sirô Va thử cái đứt gân chân ngay,,,
Cảm giác khi xem xong...,,,
Sợ run người 🙂,,,
Là cái nước mà ai cũng biết là ai đấy. Nhưng CP đéo dám nói ra,,,
mem duy nhất nhớ đc tên từng admin và từng vị trí chức vụ =))))) thế có nhớ nghề nghiệp của mỗi người hok nạ ;;))))))),,,
Lấy vợ k nhất thiết là phải hợp nhau a ak mà quan trọng là dù là vợ hay ck phải nhịn đc nhau yêu thương nhau bỏ qua những lỗi lầm cho nhau biết chia sẻ cho nhau,,,
Sim số đẹp ib e nha,,,
Trung bá zoe,,,
Duy Trần xin video vs bn ơi,,,
Khaigiảng thấy ny chụp ảnh cùng bạn thân ny :((,,,
Trung Hieu Pham a thấy e vừa khen hôm trước xog nè 🤔,,,
Like đi rồi vào Google dịch thử,,,
🤦‍♀️,,,
: D,,,
Cái lôz,,,
Abe đang ở HN nha ae 😂😂,,,
"Dm tao còn nhớ lần t đi thi học sinh giỏi lớp 9 môn vật lý mẹ t nấu chè độ cho t ăn , sáng đi thi vui vẻ vào thấy đề dễ làm nhưng mỗi tội mẹ tao nấu độ đen chúng m ạ , nên t làm bài được hết nhưng câu ngu nhất vẫn là 7×7 = 14 đm nhục vl",,,
linh vật của team 🤣,,,
Sắp có sản phẩm hợp tác với bên JAV nha các học trò,,,
Ở Việt Nam còn tự nguyện chứ sang Anh thì bị coi như toi,,,
Đâu cx có gil,,,
Đào Duy Thạnh thích vậy cho nó có điển nhấn,,,
đây là aba sao khi già,,,
Dui dẻ hổng quạo nha ad 🤣🤣🤣,,,
Em đề nghị bộ GD nên có qđ sớm nếu k muộn sẽ hối tiếc cả đời,,,
1 ng Thầy với những Giáo Án đỉnh kout :)),,,
"Tran Mai Anh ơ em nhìn ng anh kiểu đàn ông 6 múi thế kia , anh còn kìm sức mạnh k hỏng máy r đấy 😌",,,
Thịt chó chấm sữa,,,
vl tên ạ =)),,,
ayy zaaa chụp ở Mộc Châuu?,,,
bại cái đcm m cút QC cl mày đa cấp lừa đảo à 😂😂 đm con yến,,,
Huy Engraving xin video vs bn ơi,,,
Yo,,,
"Bọn phản quốc lúc cặc nào cũng than nghèo kể khổ. Ngồi nhà cả ngày, soi mói báo mạng kích động bạo lực. Bảo sao thất nghiệp với vô học. Về xứ cali chúng mày đi. Mới xả súng đấy. :))))))))",,,
Đoàn Văn Ngọc Sơn Trung Sì Núp Đót - 3GaGang,,,
Bình thuận nè mai cách ly nghe Trần Ngà,,,
nghe mắc i* quá abeeee,,,
K phải la em ý cầm ngược mà la cuốn sách in bìa ngược đấy. Xem lại clip ma thấy nghẹn,,,
"Có tiền, có xe mà ý thức thua điểm thi hóa của cháu nữa :\""((",,,
Nguyễn Phan Hoài Ninh ai kêu gáy sớm giờ khỏi có cơm ăn:)),,,
Đáng yêu thực sự,,,
Đồ hiệu Cao Bằng đấy =))),,,
Gil đi lạc đâu đây,,,
Thât mến mộ minh hiếu ghê luôn.đây mới gọi là ng mtây thât thà chất phát,,,
Nhi Pinky ngắn qué b ui huhuhu,,,
Sống chậm thôi ae ơi,,,
Bác có năng khiếu làm ủy ban đấy,,,
Bede ha j,,,
Phuong Tran đk,,,
Người Việt mà đéo được về Việt . Đâm đầu chết mẹ đi cho mấy mà vừa lòng .,,,
E tin Người này có thể thay thế sena đc :)),,,
van de ko ra khoi nha tat nhien cop an mu mat,,,
Nhậu riết rụng hết lông,,,
Mai Thu Phương hnao đi make nhớ bảo nta :),,,
Tô Phước Sang ai xin thì add rồi ib t,,,
Như 2 giọt nước chỉ khác mỗi mặt,,,
Mc nhạt quá,,,
Bá ba cho con ít con lo cho ba mẹ con đi má ba  .. 0355887313,,,
"@Anh Nguyen ko pk là bạn hàng mấy năm, nhưng từ lúc mình học 10-11-12 tới giờ ra trường kung3-4 năm rùi mình từng kp fb với bã nick trần đoàn là có thật, bé nịu kung là thật, bà này bán hàng onl lâu rùi, từ lúc chưa phẫu thuật là thật, với bà này quê cần Thơ xong từ khi chuyển giới thì chuyển đi sống nơi nào rùi.",,,
Mong thầy sẽ đưa ra những giáo án mới cho bọn em và những reaction bổ ít như là Láy Máy Bay của bình gold chẳng hạn 😂,,,
Thằng nằm kế bên láy máy bay hả,,,
Hong Phuc thằng này chuyên gia nhai câu này,,,
Ai dè 0155 rồi nên tính làm 0175,,,
nghe có vẻ vô lý nhưng lại hết sức thuyết phục :),,,
Vũ Đình Huấn =))))))))))),,,
Đảng đã cho ta mùa xuân đầy ước vọng.,,,
Sời đcm nhìn quả mãnh thú chất ko?🙂,,,
Thuỳ Dương haha chung cảnh ngộ hen :)),,,
Đôi kia mua shoppe hay lazada thế anh ei :)),,,
chan hong muon noi =)),,,
Hưng Tee,,,
Buồn quá ad ạ nc mắt cứ rưng rừng :((,,,
aatrox nữa,,,
Nhiều lúc a tôi xàm lol nhưng nhiều lúc chân lý vl 🙂,,,
🤣🤣🤣🤣🤣🤣,,,
Em đéo ra cao bằng gặp anh đc đcm,,,
:3 Bọn comcom cứ bảo là thủy triều đỏ !,,,
Mặt nhìn kinh quá,,,
hy vọng bác ko bị chết đột ngột như bác Thanh :V,,,
Chúng m nên lấy vợ già nghe chưa. Tao xin phép lấy vợ trẻ ahihi,,,
Phim gì vậy 🙄,,,
t ở trong ngõ 82 luôn mà chưa bh gặp =))),,,
Mười Cân có biểu hiện thì phải tham khảo cơ sở y tế gần nhất đã rồi mới đến bệnh viện nhé chứ không phải tự ý đến rồi lại tiếp xúc bao nhiêu người,,,
"vậy chứ đại gia nó cũng quất láng, lảm nhãm làm ji cũng đéo có tiền mua đâu",,,
Đi nhanh còn về nhé ông già:)),,,
có đc mua bút theo size mà giống sixe thật k ??,,,
Ô Đần không đi hiến kế dập dịch cho TT Mỹ à sắp toang rồi.,,,
Tóc tai như lông gà anh ơi =)),,,
ThanhHuy Nguyen kém :)),,,
1 lần chơi lớn xem fan có trầm trồ =))))),,,
Ôi anh tôi :vv,,,
Dù thế nào mk vẫn thíc bài này hơn (((:,,,
Sao mình chả biết gì nhỉ,,,
Chi dep qua chia iu,,,
Bị cô lập thì về đây với em nè abe em dẫn abe đi chơi gái nè . Bao ngon,,,
"Zoi a . Xai bao nhieu nam do la du roi , cho tien dap ra lam lai di .",,,
Đúng là Nóng thật. PP ae t đi tắm,,,
Khi bạn là tộc trưởng nói cái gì tụi nhỏ cũng tin :)),,,
Chuyện tình ngày xưa a Độ đi tán gái tán phải cô tên Trang,,,
cáp quang vn chất vl,,,
Hao hao giống Gờ đờ ra gông đấy các em hiểu hông ?,,,
Cúm mùa thoi không sao đâu các cháu,,,
"Tạm dừng dùng Facebook làm gì anh ơi , mặc kệ miệng lưỡi thiên hạ họ nói gì thì nói , đâu phải ai cũng là người trong cuộc đâu . Vì vậy anh hãy tiếp tục sử dụng Facebook đi , để còn biết trên Facebook anh đang bị cđm chửi sml chứ",,,
Ủa P11 đâu sao P10 cái lên P12 luôn z,,,
Ditme mặt thầy cũng thần thái vãi l*n :)),,,
"Nhìn các bạn ấy đá bóng mà mến phục. Thầm nghĩ, ở nước mình, từ chính trị, kinh tế, giáo dục, y tế ,giao thông mà cứ làm như bóng đá nữ ,chắc chắn nước ta sẽ không tụt hậu tận đáy đến thế, và dân cũng không oán hận ...đến thế.",,,
Dạ đtrai quá abe ạ :)),,,
Thằng nidalee,,,
De de mẹ mãi đẹp 😘😘😘😘😘,,,
Ông trần dần khi nào về việt nam nhớ rủ như Quỳnh đi cùng cho rực rỡ,,,
Nhin thay em noi chuyen co duyen qua,,,
",ai ho ông khùng trần dần len nói xàm lúc nầy vậy?",,,
Ngọc Nữ Trần Minh Chiến 2 chị em. Coi cẩn thận. Đừng ra ngoài,,,
Tao cười ẻ,,,
Anh đang bay nhá :))),,,
Trần Dần đây,,,
Mặc quần vào nha =)),,,
Luyến Nguyễn mốt e vs chị xin qua đây hốt rác ko chị.,,,
"Thảo Jamie a Độ vs chị Trang đó, ảnh thiệt!",,,
Thi Ribi,,,
Ai ăn nói  bậy bạ  cho Ông  Trần  Dan bây giờ  hãy  stop dùng tiep tục  nữa dat diều  that là  gian ác,,,
hôm CN gặp ông í ở phố đi bộ với người yêu nhé,,,
"Đm, bực bội tức tối, cay cú rồ người lên rồi mà ko dc cất lời ca, xả cơn tức thì khác éo gì ngậm .c..Ức vẫn thấy thơm,",,,
Ý bạn này có phải là người khác nỗ lực để xắm oto cho bạn ngồi tránh mưa phải không !? 😅,,,
top1 KICM. Ca sĩ hát trên giọng hát của người khác😂😂,,,
Đà nẵng thì nghĩ đầu tuần roi 😢,,,
Cũng như gala Táo Quân cuối năm của ta thôi,,,
Ra tiếp clip đi  anh châu oiw :33 hóng clip mới của cô quá :3,,,
from mixigaming with love,,,
"Chị yêu oi, xin các chị cho con linh cá lóc bài học để làm guong cho các nguoi viet kiều khác ạ",,,
Năm nay em chưa đóng học phí ..,,,
Nghe rất Quang Trung nhưng lại rất Nguyễn Huệ,,,
có a ưi,,,
"Nhật Ký Yêu Nước nói vấn đề này rất chính xác vì làm cán bộ công chức trong bộ máy nhà nước mới có nhiều cách tham ô , nhũng nhiễu , hối lộ , chạy chọt và manh mún , thì mới có biệt phủ siêu xe.",,,
"“ Má chị chết để lại 100 cây dzàng, chị  giào luôn “ 😂😂😂",,,
Bắt con Nhung chi ra nhà nó giàu mà,,,
Lam Lam nhiều khi bị mà chưa phát hiện thì sao? Cũng giống như người bị dịch nè.,,,
Mới biết rằng trên đời có con so giống giống con sam.,,,
Ban đầu bả bực vụ kỳ thị Việt kiều . Mọi người biết xuất phát từ đâu mà ra ko,,,
Đào cái đầu ko có não của ad àh,,,
"ăn rồi cứu tú , cứu mà ăn lol à",,,
Nghe một hồi xong vẫn đ hiểu phụ nữ cần cc gì :((((,,,
chứ không xoá kênh cũ à thầy,,,
Chỉnh sửa quá đáng cho abe,,,
Có ai muốn mần thịt ông châu ko,,,
Chứ tưởng đổi giáo an TF 0156,,,
Cờ vàng giống cờ của nước catalan ae ạ,,,
"Anh Thái mua khẩu trang gấp thôi,tự bảo vệ mình nhó",,,
Ma Cây xn lần 1 xong vẫn phải theo dõi cách ly nữa ý ạ. R xn tiếp ạ.,,,
Hayyy🤣,,,
Nó có ở sài gòn đâu mà tìm,,,
"đẽ , ok",,,
Tao vừa thấy thằng lâm thồn sủa mà sao xóa cmt nhanh thế :)))),,,
Abe vui lên đi :<3,,,
Phúc du rap là đỉnh vcl ra luôn😍,,,
Nguyễn Thùy Giang đỡ đi =)),,,
Đm xạo lồn :) Fuck,,,
Tấn Lộc Nguyễn 😍😍😍,,,
Vét trắng đẹp đấy,,,
Hanh Viet quá là chí lí anh ơiii,,,
"E làm thẩm Mỹ đẹp trai quá,muốn làm quen với em ấy!",,,
vl thế mà vn mình cứ tự nhục... thôi giờ mình thấy bọn nó còn biến thái hơn mình,,,
Anthony Mark luật không cho phép nhe bạn. Hồ sơ bênh án ai cho công khai. Khi nào hết mới công khai,,,
Hóng,,,
sau kì nghỉ hè đi khai giảng thì cờ rớt chụp ảnh ôm nhau cùng ny :)),,,
Trường Xuân r xong. Nay b tui có đến đây k vậy🤦‍♀️🤦‍♀️,,,
em nghĩ thầy phải đổi tên thành 781,,,
"Các bác ạ, em biết câu nói này của em ngớ ngẩn tí. Nhưng mà, càng lớn Tùng Sói càng trẻ hơn ạ 🤣",,,
Đi mĩ là phải vậy,,,
sịn quá trời,,,
Mùa  dịch  có  trần  dần  lên  sóng  là  thấy  vui  rồi,,,
Cái mỏ y như mỏ của susan 0175 :))),,,
Hán hoá từ từ,,,
Giọng anh trung B52 thánh thót vãi lồn,,,
có bút nào size 18cm thì ib t đặt nhé ad,,,
Thoái thác nha ..,,,
chơi lớn :)),,,
Kewt,,,
Bùi Đức Hậu cr nó còn nói với bạn thì nó lại quê vl a,,,
"Cháu yêu bác Dần lắm ạ,cháu chúc bác mạnh khỏe ạ để còn diễn hài cháu coi",,,
Chị minh hiểu tẩy chay chị Ba chuyen gạt người,,,
Tưởng Xuân Hiển vcl ba chó :vvv,,,
Ủa đáng lí con gà phải là Abe chứ :)),,,
Lê Thành Trung học trò lồn 🙂,,,
"thế thì bên asia entertainment thuê về được hơn chứ thuy nga mà thuê ông này thì có mà bị kick khỏi VN, ông dần vẫn mang tính phản động mà.",,,
Sếp nghèo là em đào đất ăn đóa😃,,,
Mún giết hả mại. Chơi mất dại... dừa... hahaha 😂 kao bị quài nên kao bít... bớt đắc thắng nha con bít 😏,,,
Ông ơi cho tôi xin video dc ko,,,
Thầy có tính làm vlog ngày tết ko,,,
Còn lớp để học nữa à ???,,,
Và đây là lần cuối chú mèo xuất hiện,,,
Mệt quá 🤦‍♀️,,,
vậy là đã bắt đầu lời kêu gọi toàn quốc kháng chiến của Phúc nghẹo,,,
ok anh ơi :<,,,
"Mày zô nhà tắm ngta mà m lấy quần xì chồg ngta mày hưỡi,hưỡi nhầm con ô môi 😂😂😂",,,
Có link mp3 ko Viet Mai Tran,,,
ác mộng của cuộc đời là cà vào mấy con chửi thâm. nó chửi ko ngóc đầu lên đc :((( khóc mẹ mất,,,
Khai giảnggg nhìn thấy crush chụp ảnh với crush =)),,,
la co vn không bao giờ thay đổi ông trần dân ơi ông nằm mơ hả,,,
Ngầu vãi lìn,,,
Lòng dân k yên ..,,,
Nhưng bạn ngồi trên oto bạn còn lo trả lãi ngân hàng ! Còn ng đi xe máy ng ta ko cần phải trả lãi,,,
Kha Nguyễn cho xin video bạn ơi,,,
threecardo,,,
Đảng và nhà nước thật tuyệt,,,
cổng đẹp đấy :D,,,
Các anh của em toang quá☹️☹️,,,
Vãi cả chửi đại 😂😂 sợ cô r,,,
Cần có 1 người bạn ngồi tâm sự vs mk😔😔,,,
"Đoàn Anh Thư dìa quê cũng ko yên, cẩn thận nha cô bé",,,
Ba sắp được nút bạc thưa 2 chưa?,,,
nó lại đúng vlin luôn,,,
"Ô có tiên tri khi nào hết dịch Corona,và khi nào ông chết không?hay chỉ  nói xàm và xạo",,,
ờ ờ . nợ thì chúng m nợ nhé. :T t đéo có nợ ai dâu nhé :T .,,,
Một mình chị nhung cân hết,,,
Anh tôi nay đã già rồi,,,
Mặt hàng này còn không:)),,,
"Có ông,cũng thấy vui vui.. Chờ ngày đón cs Nhừ Qùynh lên xe tăng ! Kk",,,
Biệt danh quá nhiều đến nỗi mình quên mất mình tên gì😂,,,
A Di Đà Phật,,,
Cực kì thuyết phục <3,,,
Ko sao mà độ mixi đây r 🤣🤷‍♀️,,,
Ok Bé Ba,,,
Chửi đi,,,
From hcm with love top trending,,,
vâng ạ nhưng em buồn vai lon anh ưi 😞,,,
Ae biết hí là gì ko :),,,
"Chuyện đéo đâu xa về đạo đức mấy thằng chó công an giao thông:sáng nãy e đi tiễn mấy thằng bạn đi lính..bọn giao thông đi dẹp đường nó cầm gậy sắt vừa vụt vừa chửi dân như con ""bố mày đập chết cụ mày giờ,địt cụ mày"" mình đéo ngờ luôn đấy",,,
"Tiền nào của đó m.n ơi,hay bỏ tiền triệu ra mua xài thì thơm suốt tháng.",,,
Chật chội ghê mấy con kiến muốn tranh chỗ ở còn k đc á😀😂,,,
Phan Thai đệt t về Vn liền,,,
10:44 mac cười quá,,,
"có nút vàng thì lì xì đi thầy, hok lì xì hok có tiền trả tiền học nữa 😞",,,
Đôi lúc mệt mỏi muốn bỏ lại tất cả về quê sống 1 cuộc sống ko gánh nặng tiền bạc. Thế nhưng bao suy nghĩ. Ở đời đâu phải muốn là được đâu.,,,
"Ai rãnh đâu vào bưu điện hỏi ? Bớt khóc đi,mình ngay thẳng mắc cái lờ gì phải khóc? Đừng có lôi cô Minh Hiếu vào,lôi vào ăn cái chài đâm tiêu ráng chịu nha 😊,nước hoa không có cầm máu được đâu 😊",,,
@Minh Hiếu lên clip chửi minh khịa đâu dám nói minh hiếu...nghe chưa,,,
"Xem cô vài lần thấy cô chân thật ghê, giỏi giang chịu thương chịu khó.",,,
"K phải Táo mọi năm rồi, ngọc hoàng vs cô Đẩu đâuuuuu",,,
"Bố xem nuôi chồng Tùng đi nhé, đến 18+ con hỏi cưới luôn ạ 😞",,,
Luật đã quy định như thế thì .. Đếch cần một thằng tiến sĩ chuỗi nhu ông.... Nghe mà không biết đường phan biên thì sẽ trả lời nhu ông tất ... Vô sỉ ..,,,
Như Quỳnh điên khùng ksbsshhwwhsnhsjs,,,
Nhớ quà cho sela nha abe,,,
"Tôi xin rút kinh nguyệt nhé... mợ, mỗi tháng rút 1 lần nhể",,,
Đôi giày trăm rưởi mua ở shop bờ e BE đó moj ng ạ. Lương tháng 7-8tr quần áo vợ mua sao mặc vậy. Cuộc sống a tôi giản dị lắm. Thế mà chúng nó vẫn vào chửi bới chê trách do a tôi mà con em nó ngu dốt đấy,,,
Má nó đau tim vl các ông ạ,,,
Say oh yeah?????,,,
Uh cute thực sự,,,
A live stream ở đâu đấy anh. Em là fan mới xủa a ạ,,,
"Đậu má nhiều lúc có 3,4 đôi thông mà éo ra được nó mới đau 🤣🤣🤣",,,
Sam Bé Bố mày đéo có tư cách ở đây! Bố chửi thẳng cái thằng mặt lìn như mày đấy! Tay nhanh hơn não,,,
Sống chậm cái con mẹ chúng mày,,,
":v rất là tự do ngôn luật .Cán bộ chửi dân ,xỉ nhục dân như chó thì ko sao dân phê bình cái thì bị phạt !",,,
dung la do khung dien gi dau,,,
Hi vọng là sẽ đc vì đang rất cầm chiếc card này để hoàn thiện cây pc 😞,,,
Lại nhớ đến hồi đi học có câu hay chửi nhau : '' đã sida còn xông pha đi hiến máu '' 🤣,,,
Hanh Viet đấy là những biểu hiện của những đứa tretrau chính hiệu đấy bạn ạ. Thề vào page nào cũng thấy cực kì tp 😑,,,
🎶,,,
Phắc ộp! Dmca,,,
Đây là tccl ver 2 à :)),,,
Tình yêu ko có lỗi :)),,,
nghe bảo người nhật có ý thức tốt lắm cơ mà : D ?,,,
nói nhảm. Nhà tù chỉ dành cho bọn nghèo hoặc Ngu thôi. chứ nó tiền thì có mà ở.,,,
Cap khá là hợp lý. Hình rất chi thuyết phục,,,
Pyke ?? Is that you ??,,,
bài này mà mix với cái beat của bài này thì tuyệt phẩm,,,
Biết là cái đó đắt nhưng có ai nói cho tui biết nó đẹp chỗ nào ko,,,
Khi đất nc yên bình chê nghèo đi nc ngoài sống giờ mắc dịch lại đòi về vn.,,,
J thế ?,,,
Thầy ba dơ lắm cô ơi,,,
Ảnh cưới đẹp vcl ạ🤣,,,
Phương Noble's e nhuộm màu rồi nhuộm đen lại hk giống tóc đen của e đâu,,,
trieu hoi ve.cho ng khac sang thay,,,
Adiđà phật chia buồn cùng gia đình bác sĩ và nhân dân Trung Hoa,,,
"Đã giải hạn mà ko thoát, chỉ có thể tại thầy !?",,,
Mà s bạn bik bạn kia cmt k đàng hoàng mà bạn ý lại nói như thế,,,
bệnh viện nào thả bả ra sớm wa,,,
Hang Tran nói dân trí thấp lại tự ái😀,,,
Thê vân tông của Võ Đan,,,
Quà dành tặng abe khi tết về =)),,,
Kiều Trinh cho em biết mùi chặt heo ngược khác ăn tiền là gì đi chứ chưa chi chặt 3 con heo từ chuồn tới cơ rầu quá,,,
Siu phẩm hả abe 🤔🤔🤔,,,
"Dm nguyên clip Tream đêm qua, gái nó Donate khen đẹp trai buồn cười thực sự 😄😄",,,
Idol dậy thì rất thành công ạ 😂,,,
xây đường trên mây đâu có rẻ!,,,
Đeo vàng là như đeo gông vào co,,,
HHH H ké,,,
"Quan trọng nhất là công khai. Đã công khai thì thằng làm luật sẽ đuối hơn. Chứ đâu chả có xã hội đen, chả có thế giới ngầm. Muốn thoát nghèo đâu chỉ có cách đi bán hàng dạo.",,,
Dân lưu vong vào sủa đi kìa =))),,,
Chúng nó toàn ăn hàng sạch thì chẳng ko có tp bẩn,,,
Ghê tởm con bóng già 😡😡,,,
Cao Huy toang ông giáo rồi,,,
Thầy em❤,,,
"Người sao mà dễ Iêu quá đi mất - nụ cười thiệt là duyên dáng, giọng chửi cũng xúc xắc luôn đó nhà .CHUC CHỊ YÊU MÌNH HIẾU LUÔN TẺ MÃI KO GIÀ , DUYÊN THIỆT LÀ DUYÊN LUÔN....(Aha LINH CÁ LÓC XẤU QUÁ ĐI THÔI Á -MINH HIẾU DỄ CƯNG QUÁ @@@",,,
Sim số đẹp ib e nha,,,
A ơi nên buộc tóc Tùng lỏng lỏng ra tỵ anh ạ ! Sợi tóc căng quá nó làm đau da đầu bé đấy a !,,,
"Tôi mong anh Tiệp hãy vì sức khỏe bản thân, gia đình và cộng đồng, anh quá nỗi tiếng rồi đó, nếu nổi tiếng về cái tốt tôi sẽ nghe a còn anh chống lại quy luật, pháp luật và đạo Đức tôi sẽ kịch liệt phản đối và coi thường a",,,
sao vậy a,,,
Cực kì thuyết thục,,,
đụ má coi ứa gan hong :),,,
"Lãng mạng mà, tình yêu ngọt ngào. Nhưng đánh răng thì có vẻ dùng hiệu ứng phim ấn độ. Nên cắt bớt đoạn đánh răng để tránh mòn răng nghen",,,
"Chuyên gia phỏng ván xoáy   khiến Tiên tri vũ trụ bối rối:.....tiwcs nhiên, tức nhiên,  vấn đề, xin lỗi.......tức nhiên???",,,
Ta nói ông Tân ngồi cười quài luôn 🤣,,,
Hoàng Thiện nhị lạng đinh mới đủ,,,
"Nó đài Loan ,mà bà lên Sài Gòn kiếm làm sao gặp nó 😂😂😂😂",,,
:)) chuẩn,,,
vcl,,,
Bút mua ở đâu thế chị ơi :)),,,
"Đ c l c m m... Mày ngu vừa thôi,dành ít ngu cho con khác để bọn tao còn kiếm chác chứ... 😂😂😂",,,
"6-700 triệu tiền ship/tháng, gì dữ z má, nói không sợ thụt lưỡi hả trời, ship hàng ra nước ngoài còn chưa tới cỡ đó, mầy ship ra sao diêm vương cho người ngòai hành tinh hay gì mà dữ z",,,
Muốn tạo tiếng cười cũng khó,,,
Hồi bé toàn nghe nhạc Xuân Mai,,,
Thầy shopping giùm em 1 anh trai Mỹ đen với.,,,
Văn Nguyễn chứ hàng thiệt kiểu gì mà 200k 300k,,,
Okie abe :v,,,
5 tp lớn mà 3 tp đc như Đà Nẵng. Vn sẽ chuyển hướng,,,
khônq ấn tượq,,,
Me.bon tu ban chua duoi di.no ma duoi ve cut k co ma an,,,
"A Độ gỡ fan cứng của em được không :)) tự nhiên xem chùa cũng được làm fan cứng, em cảm thấy em không xứng đáng với danh hiệu cao cả này, em xin dành tặng lại nó cho người xứng đáng hơn em",,,
Gia Minh thầy bị camp chứ đánh lủng cc đâu petland quăng mạnh vcl ra ấy :)),,,
Ad nó táp mà tưởng chó táp cức ko.,,,
Facebook cô mình hiếu là gì vậy mới ngừoi,,,
Tìm kiếm trên google cụm từ CMNM để chúc mừng năm mới,,,
ThanhHuy Nguyen :)))) dc làm fan cứng chưa,,,
QUỐC SƯ Ơi  còn luyện võ PHƠI QUẦN ÁO kg ?,,,
Thanh niên nào hốt làm vợ kìa,,,
Bớt gáy lại nha abe,,,
Đến đây làm tí MV Tộc ca đi bạn ơi :)),,,
Ý là mấy cái này biết rồi đó mà xem cừ muốn chết,,,
Trần Tấn Tài vẫn là chai sting,,,
Nói đúng hết cmnr nói nhỏ nhỏ thôi,,,
Bị lỗ mất cái kìm :'(,,,
như 2 giọt nước khác mỗi cái mặt,,,
Hahaha súng bắn xạo VL,,,
#ERROR!,,,
Phiên bản thu nhỏ hả trời 🤣,,,
Việt Nam cố lên😍,,,
"- Lê Hoàng Trần sông ảo riết qen r à, ns nge ngon lắm",,,
hay quá thầy ơi :)),,,
Các hãng mì tôm ch quảng cáo mua mì tặng đèn nên chưa có cái để đi chơi :(,,,
Nguyễn Thành Nhân k biết j cũng nói dc,,,
Cái này mà có bản mp3 thì đỉnh caooo,,,
Tùng Sói đáng yêu thật sự😂,,,
Đây mới là lý do Tú chia tay Abe,,,
2 bình lớn ko ăn thua và là có kỷ năng nếu là dân đen vs 1 bình dập đc lửa ko Ha Trang,,,
Vl game cùi để nói về số lượng người chơi thì nó là1 tốp game đấy doanh thu đéo phải bàn cãi,,,
Sale khô gà 50% ;),,,
Ngạ hổ tàng long =)))),,,
Phần nổi của tảng băng chìm,,,
Gì dị ba,,,
Chán,,,
Cô ơi cho con xin zalo với con hâm mộ cô lắm luôn,,,
Đầu ốc tôm nên nói ra không có lời nào nghe được . phụ nữ Việt Nam không có người nào phát ngôn như vậy thật ghê tởm,,,
Cô dễ thương quá :))),,,
K làm fan cứng vẫn có nè 😀,,,
Quan trọng là ý thức kìa,,,
"1 thằng đánh răng lâu Vl, một thằng cứ đứng cười ?? Hết đêm :))",,,
Người ta giàu tự nhiên zô nhận người qurn dòng họ,,,
Khẩu Xà Tâm Phật Hay Khẩu Phật Tâm Xà  đây hài :'<,,,
Hacker man xin tài trợ chương trình này :>,,,
À thì ra là vậy.. không hay tìm hiểu lắm nên không biết nhiều 😅chắc từ giờ phải tập tìm hiểu mọi thứ mới được 😅,,,
Lê Minh Hậu trend mới đấy bro 🥴,,,
vay toàn lảnh đạo ăn hết cmnr đến lúc hoàn nợ thì đè dân ra đón thuế,,,
"... và cả việc không được hắt hơi ( hay ợ ngáp ! ), hoặc quét dọn nhà cửa đón tết làm gây ô nhiễm không khí nhé mọi người ơi !😂",,,
"5 ông lục tổ , là ai",,,
Mao chạch đông,,,
Ê Dương Hân Tiên nguyễn à,,,
Nani =))))),,,
Tối nay thầy lại ngủ ngoài rồi,,,
Vây.ha.co.mot.ngan.đô.kía...co.moi.,,,
Huyền Khánh Phùng cùng chung trí hướng,,,
Thương hiệu độc nhất ở cái Cao Bằng này🤣,,,
"Ad óc cứt vkl. Ngu còn tỏ ra nguy hiểm, ra gặm xương đi ad.",,,
Virut chạy khắp muôn nơi,,,
Nho Shee Thành Trương Tâm Quốc làm giàu không khó :)),,,
ông thi ghê rồi,,,
Hình như đầu đường đặng thúc vịnh mỗi ngày rằm mùng 2 có nhiều ng phát đồ chay lắm ák,,,
. Các bạn xem video like và đăng kí chia sẻ giúp mình vs nha. Xin cảm ơn các bạn (✷‿✷),,,
Thương hiệu độc quyền ở Cao Bằng:))),,,
"Nó cướp được tiền,nó có quyền_đồng bọn với quan.còn TNLT thì đồng bọn với dân_tuổi gì LS có quyền chứ?",,,
Máy tính là niềm zui :((((,,,
"Nhìn mặt tiên tri Trần Dần gầy nhiều, chắc no sợ covid-19, hay bị dương tính covid-19, nếu chưa bị thì ông nên nằm im, ba hoa là chết vì covid-19",,,
bu fame a` lieu hon` khong cho len td luon bay gio hi`hi` 🤓,,,
Yy,,,
"3/// tới Vn dạy vc về lại bưng , dùng 3/// xỏ lá để dành chùi rửa lần",,,
sấy auto mù mắt người xem :v anh đi cứu thương với bê đồ thì được :))))\,,,
Xin link chơi game ạ,,,
Xạo lồn mày bú lồn nhiều quá nên ngáo hả thằng chó,,,
Cũng đéo làm gì cho đời,,,
Các bác cứ bình tĩnh.,,,
Mãnh thú từ ngày cạo lông trở nên buồn nên đi chơi đồ hơi nhiều nha :)))))),,,
T vẫn chưa hiểu chữ “tiếc ziên” nghĩa là gì,,,
có làm thì mới có ăn,,,
hợp lý =)),,,
tào lao xã hội bây giờ nó bị nhiễm hóa chất nên con người nó thế nào,,,
hình như thằng này là thằng muốn ăn gỏi MC Phan Anh đây mà :3,,,
Bốc họ chăn gái,,,
Chúng ta thật hèn nhát :),,,
Giá thấp lopbi cai sao không trúng hả người Việt Nam,,,
căng thẳng vlll,,,
May giau qua ha sao may duoc tien cua chi minh hieu😡😠😈 sao may mat day qua da may,,,
Giang hồ người Tày,,,
mày cũng nhai lại thôi :))),,,
"cháu của bá hộ rồi cháu thẩm phán gì gì.. ủa cháu thôi chứ ngta cũng có con cái, tới lượt chị 3 hửi à mà khoe? haha",,,
"bài viết của bạn quá hay,làm cho người đọc càng hiểu thêm nhiều về bọn Cơm Sườn mọi rợ.",,,
Tú chất độc màu da cam =))),,,
Cpi gáy thôi thầy em,,,
Trên thông thiên văn dưới tường địa lý lo chi dịch,,,
Diệp Chí Hải burn real là món gì đó em,,,
"Bên cạnh đánh trúng vào lòng tham của một bộ phận người dân, tổ chức luu vong còn bày đặt nhiều mánh khóe khác để tác động vào tâm lý, tư tưởng của nhiều tầng lớp nhân dân.",,,
Vẫn cứ gọi là ok,,,
Anh Bắc kỳ nào ở Đài Loan gặp nó nói chuyện đi.,,,
Danh hài vẫn mãi mãi là danh hài thôi thầy ạ.,,,
Chi oi em thich chi lam,,,
tết tây ăn tạm bánh trưng chay vậy cố gắng tết âm🤣,,,
Quẩy lên đi ae ưi 😁,,,
Hihi cũng dzui mà bạn .,,,
Thầy có ft với Kenny You hông Thầy 😘🥰,,,
Chả cuộc sống ai hoàn hảo cả chỉ cần cố gắng vì nhau san sẻ giúp đỡ lẫn nhau quan tâm nhau một chút là được rồi,,,
"Mai Anh Tuân ko xúông đó làm thì lấy cứt nuôi nó à?ở đó mà tâm hồn,ng nghèo họ ko có sự lựa chọn, đừng có ở đó nói chuỵên hoa mỹ khi chẳng có gì nhét vào cái mồm trong 1 ngày",,,
Xin video đê,,,
"Đinh Bá Trung ơi nếu không có ai đồng ý với ý kiến của mày thì mày nên xem lại đi,1 người cũng đéo có mà cứ cãi. Mày hút thuốc trên xe thì tao xịt thẳng vào mõm mày trước khi lên xe chứ đợi mày gây cháy xe nữa à. Mượn lời ad tý nhé( thằng lỏng bao)",,,
"Hằng Hồ,Mỹ Yến,Nguyen Pham gv áp dụng ngay và lun",,,
Bê hẳn 100s,,,
Gucci 😂,,,
Ngao ngán,,,
1.5% như vậy mỹ cũng quá giỏi rồi.,,,
Buồn của abe là niềm vui của tú,,,
😁😁😁,,,
Ma Cây nghe nói tỉ lệ chính xác bộ kit là 100% mà 3 lần gì bạn,,,
Game j v ae,,,
Bác # chỉ PR có chút mà đã tin rồi à. Còn nhớ khi ảnh làm bộ trưởng gtvt ko. Lúc mới lên cũng sung lắm cuối cùng thì sao?,,,
Càng tàn ác thì vạch áo cho dân xem lưng,,,
Hương Trần .à thấy rồi..ông này hồi trẻ chắc phải đẹp trai lắm .tới giờ vẫn thấy rất đẹp mà,,,
Thùy Trang m ko thấy lọt tai thì m đừng nghe,,,
Lại thêm một đại tỉ của phúc XO,,,
này thì thơ văn với chúng tôi 🙂,,,
Quân Anh dơ v bro,,,
Quỳnh Phạm -.-“ a thấy trc có anh nào đấy còn gì,,,
Đc hết tù trưởng ạ 😂😂,,,
Thế à,,,
Ai có hình này không mặt. Thì cho em xin với!!,,,
Vũ Thanh Huyền đang ăn tí sặc,,,
0362355072 ₫th e nh,,,
Cái hòn ngày xưa ko ngập bao giờ à,,,
Dù che cho nó hơi to vsf vững,,,
1 ng Thầy với những Giáo Án đỉnh kout :)),,,
Lê Thanh Lân về quê nuôi cá và trông thêm rau đi bạn,,,
Người đẹp ơi nhớ đi qua mỷ gởi cho mình một ngàn đô,,,
Cực kỉ thuyết phục !!,,,
Chụp hình nét như lày thì bảo sao,,,
Thanh Trẻ Trâu,,,
Tiểu tiểu chào abe nhé 😂,,,
chưởi riết quen mồm 😱😱,,,
👎,,,
Ngưỡng cho phép ở thiên đường có vẻ cao hơn hạ giới,,,
- giờ chuyện đó là bt chó giờ nhiều lắm 19,,,
Đúng là con nhà tông không giống lông cụng giống cánh^^ bẩn thực sự ạ 😂,,,
"Tôi còn quá nhiều thứ để phải lo nghĩ , nhưng lại muốn chăm sóc em..",,,
"Hương Dương okey, nó là cánh hoa nha 😆😆😆",,,
Mỹ Dung Trần phải phòng dịch đi nha chưa 😜😜,,,
Có vẻ ngon,,,
Đua top ghê quá,,,
Thuê bao quý khách vừa gọi.,,,
hóng vl thầy ơi =)),,,
Xài hàng Mỹ thì bản thân ng lính cũng yên tâm chiến đấu. Nghe a e đi bộ đội vê kể bảo pháo của Tàu toàn tự bắn vào quân mình nên hay có chiến sỹ tự hy sinh lắm. Kkk,,,
Mù mắt người xem vl :)),,,
"Việc to biến tháng nhỏ,việc nhỏ thành không có gì.xong lại còn đánh lạc hướng dư luận sang hướng anh nhà báo.một bàn tháng lớn cho bộ máy tuyên truyền",,,
Mấy ông làm gì cũng làm vừa vừa thôi. Làm quá nó tới nó thu tền thuế ( phí ) con nhỏ đưa đò luôn giờ.,,,
Xem xong cái này thành fan cô lun =))) dễ thương hết sức à,,,
Nguyễn Vương,,,
"Dieu dau tien,em xin phep voi chi truoc,em biet em chi là nguoi xa la,ko có huyet thong ho hang gì ca,cuoc doi em qua kho mong chi,ru long thuong cuu giup em duoc ko chi,em mang on chi nhieu lam,chi cho em muon do so tien em tra no,de em có tinh than di làm, gio no nan chong chat,em ko còn suc de song nua chi oi,em hua het no,moi thang em toi ngan hang chuyen khoan tra cho chi duoc ko chi,em mong chi giup em sdt of em 0869465036",,,
Công nhận nói chuyện nghe đã tai.,,,
cô minh hiếu duyên dáng dễ thương quá điiiii,,,
Bây giờ thì là thời đại của trò chơi điện tử thì làm sao biết đc những thứ huyền thoại như truyện tranh :),,,
Đỗ Thị Tuyết Dâng :((,,,
Mi My đọc biểu cảm =)))))),,,
Một lũ quan liêu tiên sư bố chúng nó,,,
Hàng tặng không bán. Bạn nào lấy mình tặng,,,
Nước hoa đó o bên a rập dubai có 60k ai biểu chị nói 3 triệu giơ bán 3 trăm .,,,
"Lên 40, là t đi mua nước mắm vs gạo",,,
Mấy ông xác định danb tính fb đc k làm giúp vs,,,
Chế chuyen gioi giong con gái thiet qua nhin dep de thuong qua,,,
Chi.nay.xin.qua,,,
kiếm tiền xài tết hả thầy 😎😎,,,
Toàn giáo án máu lồn chảy ngược,,,
Hay là mình tag sếp vào nhỉ Diệu Lê Thuy Nga Quỳnh Quỳnh,,,
Nặng lắm r :)),,,
lchi kinh doanh hây quá,,,
❤️❤️,,,
Thế ad biết ai là chủ tịch nc tiếp theo ko,,,
Đúng.là nước mắt cá sấu.. Các bạn bạn diệt tận nơi,,,
"bảo nó cắt cho có tí mái , nó xẻo mẹ thành mái bổ luống luôn",,,
Thinh Nguyen bỏ nghề rồi. 😂😂,,,
Mang theo tấm lòng con gái miệt vườn :))))),,,
Oanh Thư có nên đú theo trend ko nhỉ,,,
Cực kì thuyết ph......,,,
Nguyễn Hoàng Đan Phương tự nhiên lại nghĩ đến m :))),,,
Bông Xù bớt làm thơ làm văn lại nha,,,
Địt mẹ thg hát nhá !! Lấy ngay cái đít anh độ nói chuyện haizzzz :(((,,,
Trộ trộ🤭,,,
Alo alo 😜,,,
Giờ mà muốn vô tư không lo nghĩ gì thì chỉ có thể là vào Viện Tâm Thần thuiiii,,,
Cmn Lag đúng chổ,,,
Cái này mặn nè thầy,,,
Quang Khải tối nay :),,,
"Bắn rớt 1,2 chiếc là xong... sao phải soắn.",,,
tự bóp bản thân :)),,,
Vl soái ca,,,
"MV khá đầu ti! À nhầm,đầu tư! Mà t nghe đi nghe lại 10 lầm đấy m ạ!! Đéo hiểu bài hát là méo gì nữa! Chỉ thấy nhiều gái bỏ mẹ đi dc ấy chứ!? 😊😊😊",,,
câu truyện nó lại hợp lý Vl anh êi :)),,,
Thấy thầy phụt có kích thích ko :😍😍😍,,,
@Hải Đăng giá đó là cao rồi b. Minh bán hang f1 gia dưới 200k thui. Mà nếu đã bán hàng thi nên trung thực. Mình bán gì mình nên nói để khách lựa chọn. K phai ai cũng có tien su dụng nuoc hoa chính hãng.,,,
Hiếu Còii =)))))),,,
Cô dễ thw qua 😍😍,,,
Duy Linh đây mới ghê nè 2 cha tây đi quanh,,,
"Dm, nó giàu nó mặc như lol người ta bảo đẹp:))",,,
Sao chi dep qua vay,,,
Khoe sáu múi đi Abe,,,
"Phạm Minh Tuấn Bài HTCA k hay thực sự,hay do gu âm nhạc của tao đi xuống k đi kịp thời đại 😬😬😬",,,
Tấu hài như nhau :)),,,
Hoặc do xe vinfast dễ gây tai nạn cho các xe khác khi cùng lưu thông; Hoặc chính quyền dùng quyền lực xoá lợi ích người dân để phục vụ cho lợi ích nhóm?,,,
Bé Vân,,,
Lên fan cứng rồi anh ơi :)),,,
hài quá chị ơi,,,
e vừa nhắn i như anh nói,,,
Cô Minh hiếu dễ thương vl😂❤,,,
Cảm ơn a Độ rất nhiều :( rất xúc động ạ,,,
MC Phan Trung :)),,,
Nhạc hay. Mv đầu tư 10000k like 👍,,,
Nam Bắc Giang cẩn thận nhé k virus chết mẹ,,,
Đẹp quá đi,,,
Lại là số 17,,,
Đi xe máy chứ nhìu khi ở nhà 3 4 chiếc xe hơi thì sao bà chị :)))),,,
Khuyên anh độ nên đầu tư 1 tháng lương để thưởng thức món lẩu thái siêu cay siêu khổng lồ nhé hợp lý vl luôn ấy :)),,,
múa như cái biệt danh Susan : Chó :)),,,
"Chuẩn rồi,cứ đem cái này ra họp quốc hội có phải tốt không",,,
tôi nghe nói là ông Trần Dần tạo ra con virus Covid 19 ra để hại Việt Nam cộng sản hahahaha,,,
Đúng kiểu dùng hàu biển OB có khác\\,,,
Đc thầy :33,,,
Hằng Nguyễn đi qua cug nhiễm. Sợ,,,
Ông ko nhận nhưng thằng lái xe và vợ của ông nhận.,,,
ói hànggg =)),,,
Vl Nguyễn Thị Tươi Thắm =)) tên đẹp vl. thề,,,
Trần Thị Thu Hương Thúy Nga Phùng đã bảo Trịnh Đình Quang thật mà k tin,,,
Đéo còn nời lào để lói,,,
"dạ phốt tập đoàn C GROUP điện thoại đây ạ , giờ chuyển sang bán áo vest",,,
team thiếu thầy là ko đc :)),,,
điều chỉnh theo mức lương. lương tăng thì phí cũng tăng thôi,,,
"Người dân bao giờ cũng khổ nhất. Làm vậy đúng là hại thân, nhưng ko làm gì để lũ khốn nạn nó khinh thường, nó đè đầu cưỡi cổ mãi. Cũng sống khổ sống nhục, chết từ từ với chất thải từ formosa thôi.",,,
assmin đi chơi gái bị tống à :)),,,
Sale 91% thi em mua,,,
Là trai biết hát nhé anh em,,,
Trung Trần vcc:)),,,
Chửi sẻ mang khẩu nghiệp đó,,,
Đổi sương sương ăn Tết,,,
chán luôn,,,
"Mỹ nói thật. Virus Trung CỘNG chuyên nói láo, nó giấu diếm, phải thêm số bị nhiễm của nó 2 con số.",,,
"1 đêm duy nhất 1 đêm duy nhất. Xiếc thú Độ học giỏi, Độ làm toán",,,
"Dân trên núi thì nó biết chuyện trên buôn, trên làng chúng nó thôi, bác nói chuyện dưới đồng bằng ra thì sao chúng nó hiểu đc :v",,,
Như 2 giọt nc,,,
"Trong cái video này , chii trang nhìn xinh vcl ấy",,,
Ngô Phương Thúy bảo bạn thân chịu khó cách ly đi nhé :)),,,
Nhà tiên tri của chúng ta đã trở lại kaka,,,
Mình đi qua thái k chỉ đấu giải mà còn chuyển giới nữa nhé hí,,,
Vài bữa nữa cty Lục Tỉnh ra thông báo xin lỗi Xanh Bôn thì lại hài vcl 😂,,,
Thấy vd cute vch nhờ nền nhạc 😂😂,,,
Tại vì refund có 4 người cùng nhau đạt top 1 con crush bạn ms có 1 mk bạn tán thôi nên nó chưa đồng ý :') còn nó mà có 4 người tán trong đó có bạn thì bạn cx đéo có cửa đâu :))),,,
Anh trung tốc độ,,,
"Cũng có 16x cái like , 1 là ngu giống admin , 2 là like thương hại :v",,,
Trung gì đây mấy cha :)),,,
abe trật nhịp :)))),,,
Dị cũng đc nữa hả :))),,,
Linh lóc nó ở đài loan mà em lên sg tìm nó là sao?.,,,
Cô quá trời dễ thương rồi trời,,,
Không xem trailer. K biết nó ntn. Xem trên thông tin thì thấy chính kịch gì đó. Oke xem thử. Không kì vọng nên lại vượt ngoài tưởng tượng. Là một đứa coi phim dễ bị chán bởi các chi tiết tối khó nhìn hay chuyển ảnh. Nhưng t lại bị hút từ đầu phim đến c,,,
Mé.....con bờ lu của anh ba:v,,,
"ad nói đúng chứ sai gì, bạn thể hiện điều gì mà chính quyền làm để hỗ trợ người dân đi? hay cũng chỉ làm ngơ",,,
Tứ sơn ạ ad,,,
Anh be đập hộp🤣,,,
"Chắc là muốn quay lại với người cũ, hay chỉ là quay lại với những kỉ niệm đẹp những cảm xúc xưa đó.",,,
"Yên tâm,Mỹ cái gì cũng ""số dách"" !",,,
Mấy bà BĐ khỏe khoang khoác lác,,,
đút vào mồm thầy,,,
Trần Dần tấc ziên là fan ruột của Đỗ Nam Trung rồi.,,,
Cái éo j ca cũng nói dc,,,
Trend cho chị em bạn dì💅💅💅,,,
Kkk,,,
nghe rất thuyết lý nhưng rất vô phục,,,
Đã bao lâu r cta chưa rủ nhau chơi :))) Thu Uyênn,,,
Ả duconme 😂😂😂,,,
Ông làm bố tôi hơi lâu r đấy tùng sad,,,
Quật chết mẹ nó luôn đeee,,,
K ATM hợp tác lại r nhé ae ơi,,,
Ê lũ ducanger vào xem thành tích cm ngày xưa này,,,
ship a 10 hộp ra bắc ninh nào,,,
Con fan ruột thầy đây 3 Heo,,,
Nguyễn Đình Hưng đường về :))),,,
Happy New Year 🎆 :),,,
Y xa khó lắm người ơi :)),,,
Nguyễn Hà quá trình hình thành Tùng Sói kìa :)),,,
Nhờ công thầy mà e lên quá luôn lên nốc nhà đó :)),,,
tao thích tao đăng?,,,
Hahaj,,,
Đến cảnh minh hiếu auto có nhạc nền,,,
Cô này là gia sư của tao nè,,,
"Ad nhé, chẵng nhẽ bắt tui diển để câu view và cmt nữa sao. Riết từ chục ngàn view mà còn vài ba like. Lộ rồi, cha con qa bãi đáp khác rồi",,,
fan jack chuaanr bij nhiem tu tuong bts :)),,,
Mua 3 game đó bao nhiêu tiền v thầy ?,,,
"Nếu lên ti vi thì các nước trên thế giới cũng như VN sẽ ""bày tỏ sự quan ngại sâu sắc"" chứ gì :3 - đây là chiến lược của ta :v",,,
Thật ra ghen vl :v,,,
Nghe giọng nứkg quá Abe :)),,,
hông hỉu lắm :<,,,
Ha Truong quần què j v @@,,,
Nhok Lầy địt mẹ trên mạng thì gáy khét vãi l em ạ =)) ra đường câm như con chó,,,
Emm là fan cứng anh độ 😌,,,
Nam on bac truyen tam phap cho con voi,,,
Nhìn mà học tập Nguyễn Gia Bảo cầu thủ hơn tỉ của thầy đấy,,,
Đình Quang trưởng thành vì nhận được sừng mà mình ko biết gì cả :)))),,,
Cho em lên fan cứng anh ơi,,,
Mixi Said: Bố mày thách mày đập đấy,,,
Có ai tới đây chỉ để xem idol tấu hài không :)),,,
Hưng Nhổn rèn dũa,,,
KICM là ca sĩ ??,,,
nhầm nhò gì với mấy khứa này !,,,
Lê Nguyễn Thảo Nhi,,,
cũng hay đóng học phí lắm :)),,,
Ĩ khùng 😑,,,
Nhiên Nhiên :)),,,
"huỵch toẹt ra chúng nó các đảng viên thường hô hào sống và làm việc theo gương của hồ quang tức hồ chí minh kể cả chúng nó có Ấu Dâm như tên nguyễn khắc thủy , nguyễn hữu linh......., nếu đảng búa liềm phúc kiến xử chúng nó tức là khác nào tự "" Tát vào mặt "" bác của chúng nó làm lộ ra các "" Huyền thoại của bác "" ngày xưa.",,,
Các bạn cứ mạnh dạn tỏ tình đi. Biết đâu lại thành người dưng thì sao :))))),,,
Áo chất,,,
Ở việt nam đk gọi là mắc dại 🤣🤣🤣🤣🤣🤣,,,
sợ thặc sự😨,,,
Hot f à :v,,,
Được luôn anh ơiii,,,
"Thành Lê cái lồn mẹ mày nha con chó koi chừng tao bắt con mẹ mày ra cho chó giao cấu , bắt mẹ mày làm tình liếm cặc mút cặc chó đến khi nào nó bắn tinh , chị e nhà mày thì xếp hàng chờ con chó của tao chơi con mẹ mày xong thì đến lượt ăn cức chó của ta",,,
Chi ơi noi ghê qua di,,,
Nguyễn Hoạt e phóng sương sương thôi a :v,,,
Có công văn nghỉ rồi mag,,,
Thằng này nguồn gốc là công an cộng sản thì bản chất đểu cáng trơ trẽn là đúng rồi.,,,
"Đối với csbv mà nói thì lợn, bò cũng có thể làm lãnh đạo là chuyện rất bình thường .",,,
Thùy Trang đel hiểu sao có người khen hay,,,
Lag rất đúng lúc,,,
Abe chất quá,,,
Uyên Uyên lọc Mem,,,
"Biết tới ông Trần Dần cũng cách đây nửa năm rồi chứ ít gì, ngày đó xuất hiện nhiều mấy clip chế hài của ông này, coi ko biết chán là gì tới 1 dạo thì ngưng hẳn, cứ tưởng là Trần Dần đi vào lãng quên rồi chứ, ai ngờ nay cũng xuất hiện tiếp ở Phố Bolsa TV à:)))",,,
Ngủ cung phai ngồi đây nữa ..... Kkk nc cung ghê 😍🤣🤣,,,
Hay quá abe ơi,,,
Dị dùm,,,
Nguyễn Nhung Nhung,,,
Gửi thầy 🙂,,,
Nguyện Xin Thiên Chúa Giàu Lòng Thương Xót/ Đón Nhận Tất Cả Các Linh Hồn Về Với Chúa/. Amen.,,,
"Đây đích thị là chính sách ngu dân mà... Bắt chước các nước tiên tiến trên thế giới thì ko bắt chước, muốn đua đòi theo các nước kém phát triển -))",,,
Thấy mặc quần dậy ai ngờ vào quay mặc quần đuồi bần dễ sợ bần,,,
con nay nam ngoai no voi thuan ng mot phen,,,
Buồn sâu sắc,,,
Ik,,,
Khổ chưa hết bệnh này đã phát bệnh khác,,,
4 vs 6 cân vl ra còn gì,,,
Ông già mình quảng cáo đô nhé,,,
Vẫn đéo hiểu 2 câu liên quan lol gì đến nhau,,,
Austin Ames nghe nc ngứa qá Fi,,,
Iu cô Kim wa ik,,,
Công an giao thông là nghề cao quý nhất yea yea,,,
Thùy Dương Thuỳ Chi chắc cb cũng đag hết tiền,,,
:v được của ló a ưii,,,
Đúng ván bài lật ngửa lun đó bạn 😂😂😂,,,
mở miệng ra là Bắc Nam. Thua bạn rồi :D. Rất sắc sảo và trí thức.,,,
Cho ông ít bánh kẹo đi mọi người. Tội nghiệp ông nuốt nước bọt hoài.,,,
Mai Nam Hải lại bảo ko cay,,,
Si Quoc Huynh nói thật chứ từng thấy hình nhưng mà không biết ông là CEO của apple 🤣🤣,,,
gdd t vs t làm đc gì cho xh thig lquan đéo gì tới m với cái ch đang nói? thành phần như m tốt nhất nhập tịch TQ đi. xấu mặt VN lắm,,,
Nhìn như thằng con nít ms tập chơi game 😂,,,
đừng tg làm môi trường mà ko phải chạy tiền 50tr là it nhất đấy . nhiều người mơ ước mà ko dc đâu 😞,,,
i love 3000 cô ❤,,,
Thích anh đan độ nhấttt😎😎❤,,,
Ủa sao ko để fb đi có gì lên fb viết hả anh Tiệp ơi,,,
Cao Lam Danh tập chung chuyên môn nha e :))),,,
Yêu cái db tốt nhất ko yêu,,,
Anh  Lân cũng thích cà khịa lắm chứ,,,
Cũng lên án nó,,,
Án cao nhất phạt có 200tr k à,,,
vậy theo chú Thằng Việt Phải làm gì????,,,
liêm sỉ gì tầm này nữa,,,
Em xin lỗi mừ😞😞😞,,,
Cũng may là nữa đêm chứ ngay giờ cao điểm thì rút kinh nghiệm ngu cmn người :v,,,
Chuẩn mực vozer,,,
anh lấy tiền mua sửa của Tùng Sói mua hết rồi,,,
Nghèo xu bà nai kkkk,,,
"Sau khi xem xong Clip của Chị Minh Hiếu , theo  suy nghĩ của tôi , những người chuyển giới nói riêng và những người trong cộng đồng LGBT , họ rất giỏi và rất có nghị lực để vươn lên , và họ chứng tỏ cho mọi người biết rằng họ ko phải là những người sống ko có ích cho xã hội , điển hình ở đây là Hương Giang , Lâm khánh Chi , và mới đây là Chị Minh Hiếu . Tôi xin chúc cho các chị luôn luôn đc sức khỏe dồi dào , Hạnh Phúc , và thật nhiều niềm vui trong cuộc sống.",,,
"Kiên *chương. Mấy lỗi “tr”, “ch” nhìn khó chịu vl",,,
Me ơi hay lắm con ai lam lai me,,,
"Nếu đây là thày giáo thật thì có lẽ cần phải đi khám bác sĩ, đầu óc ông này đang có vấn đề.",,,
:3 Ủa trang này sống trở lại rồi hả !,,,
Henooo,,,
Chị Khánh chi càng ngày càng đẹp,,,
Miền bắc lúc này đi bơi là hợp lý,,,
...,,,
Anh độ hồi xưa nhìn giang hồ vl :))),,,
- Yêu cô,,,
chịu lun anh ạ,,,
Trc kia anh tôi ngoan ngoãn không chửi bậy:>,,,
Chị em của quận cam đây mà 😂😂,,,
Bác Dần mà làm youtube chắc 1 tr sub là ít,,,
Anna Nguyễn đeo tai nghe vào nghe cũng hay mà,,,
Nguyễn Trọng Hiệp lấy ảnh mạng hay là tạo nick ảo v,,,
Người nhật Ý thức cao hơn ai nhỉ ??????,,,
Hay quá má ơi,,,
"Xây dựng đất nước ta đàng hoàng hơn, to đẹp hơn Đó là xây dựng đất nước Việt Bắc thôi, còn đất nước Việt Nam thì kệ nó đi 😂😂😂",,,
Ông Thầy này muốn ngủ gầm cầu lắm rồy nè !!!!!!,,,
"Tay funky đấy, đấm phát bay mồm =))",,,
Hóng J97 vs B52 hợp tác,,,
Vãi chưởng,,,
hợp lí vl a ưii,,,
Lặng tội ghê 🤣🤣,,,
Họp giao hợp,,,
Trần Đức Duy cách ly thôi chứ chưa chắc dương tính đâu nhợ,,,
Chị 3 nói chuyện nge hay quá,,,
ng kh có đạo đức,,,
Nguyễnn Giangg yep,,,
sin,,,
Ảnh thu thập đc.,,,
:>,,,
Cảm thấy chửi lđao là 1 thú vui xả stress do bọn nó quá ngu và nguy hiểm :))),,,
Mình đang ở quận hải châu luôn á 😐😐😐😐😐,,,
Fan mà chê idol nữa chắc t cười chết 🤣🤣,,,
Sợ mất đi cái kỷ niệm đó mà haha,,,
Dần ca làm kênh riêng chắc hót lắm đây,,,
"Trend này ở Việt Nam! Nếu t nhớ k nhầm là từ thời còn bé tý rồi. Khi các ông các bác hỏi: Cái B*m đâu? Như nào, như nào. Lúc đó t cũng đã dơ cái “cánh hoa anh đào” đó lên và trả lời hồn nhiên là: “đây nàyyyyy”",,,
Chị đẹp gái quá còn đẹp hơn em gấp 💯 làm em mắc cỡ quá,,,
Mặt như v sao dám khẩu nghiệp nữa,,,
Võ Thị Quỳnh hahhah. Hối hận thì lm lại tóc đen 😂. Lm 1 làn cho biết,,,
"OK, You Win...",,,
😂😂😊,,,
cực ky thuyết phục,,,
trùm venus đây sao,,,
Bó tay luôn không còn gì để nói,,,
Bảo sao e lại thích anh 😍😍😍😍,,,
Cười iả haha,,,
Chị ơi từ thiên cho e ít tiền ăn chống dịch đi chị,,,
Nhìn ông Lân vẫn đang còn căm thù cs.,,,
Lót chiếu nằm hóng 2022,,,
Tôi thấy cái 200kg dth hơn là cái 65kg..,,,
Anh cái lồnnnn gì cx giỏi mà giỏi nhất là bốc phéttt thôi anh Tiệp ak :))),,,
Lữ Văn Thánh như 1 con bò 🐂 thuyết phục clmm,,,
Cuộc sống mà,,,
Nhình dễ thương đẹp quá chứ. Miệng cô này có duyên,,,
cc,,,
Nghe 1 lần chưa hiểu lắm nghe nhiều lần vẫn thế,,,
Tết này ấm mặc quần hiệu Cao Bằng 25k thôi :V,,,
Thầy có hướng nghiệp nghề này hông zạ 🙄,,,
Tóc anh hồi xưa như longlon mọc đứng vậy =))),,,
đừng như phúc XO là đc,,,
Mình ko đồng tình với mụ này..nhưng mình lại kết cái câu b k c đẽ... vì mình thấy bọn b k đa phần sống rất chó..nên mình cũng rất ghét...xin lỗi những người ít ỏi b k có đạo đức nhé...,,,
Cái này gọi là đánh du kích nhé .,,,
Ông nội nào cũng ở không lắm khi không gọi điện cho bà Linh hỏi người ta đ* không Bởi vậy người ta chửi đâu có quan,,,
anti fan sẽ bảo đó là ảnh ghép anh ưi,,,
Muốn lên hn mà toàn bất thành chán,,,
Hôm nay cúp học nha thầy :3,,,
cực kì thuyết phục :v,,,
Anh tôi PR tăng thu nhập để mua sữa cho Tùng Sói đây mà,,,
@Khánh Linh bạn có vẻ dễ thương:33,,,
Nốt ruồi Cao Bằng đâu ?,,,
36:00 Bác giác ngộ rùi :)),,,
"Thông báo với mn, từ hôm nay mình đã gia nhập đội ngũ DLV và hối hận về sự nông nổi trước đây. Nhà nước ta là nhà nước do dân vì dân, các bác lãnh đạo rất tốt và ko bao giờ tham nhũng. Ko được bôi nhọ lãnh đạo. Các bạn hãy nhìn lại xem mình đã làm gì cho đất nước? :v",,,
Cần phạt nặng với những trường hợp trốn tránh thật nặng,,,
Trang phục mới của wiro á :v,,,
Cũng điều là đảng viên các ông cả. Dân thường ai lắm hơi mà chạy. Khi các ông cấm thì bộ máy của các ông đã không còn chỗ nhét nữa.đất nước đến lúc suy tàn vì các ông.,,,
Dlv đâu lặn luôn rồi 😁,,,
Nhân vật phụ mà lên hình to vậy abe 🙂,,,
Dễ thương quá.,,,
Hay,,,
nhìn hài vailon anh 🙂,,,
Thay kh ngu !,,,
Ủng hộ chú Thăng làm Thủ tướng,,,
Đc vl a ưi. +1 nhé hé,,,
giới trẻ bh thật khó hiểu 😅,,,
Chuột cống,,,
cá sấu hả mõm là đúng chuẩn bài r :)),,,
Coi chừng bị nghiệp quật,,,
"Cộng sản luôn đúng, nếu cộng sản sai thì mày là thằng phản động",,,
Chúc mừng thầy nha <3,,,
Bà nay dep that . Nhất la cai mieng,,,
Nguyễn Thành Công Nguyễn Đức Tú :)) vẫn tấu hài,,,
Mai Nam Hải anh bay hơi nhiều đấy 😂😂,,,
"Thoát cái 40 năm rồi anh nhỉ, lúc nhỏ thích xem stream anh lắm ngày nào cũng xem thích nhất là thứ 3 thứ 7 được nghe anh cáp giải custom, lâu lâu lâu nghỉ một bữa không stream là ngày ấy buồn không ngủ được.",,,
NgPh Hoàng xin video bạn ơiiiii,,,
Chị ba cho em xin 1 tỷ chùi cu được không chị 3,,,
Lượng like lại nhắc về ký ức thầy ạ,,,
Yêu cô vãi cả l,,,
mấy thằng công an xã học chả hết cấp 1 mà cũng có bằng đh cơ ah,,,
Thảm thiệt!,,,
Người bố tuyệt vời là quay lại những hành trình mà con lớn lên,,,
Coi tu chu den khach.met dai qua.noi chui ma deo thay chui toan la quang cao xam lo ko,,,
Khau nghiep,,,
@Linh Kute con mẹ hường xinh ghê í.cho làm làm quen hey,,,
Em cầm cái này phang vào sự chu đáo của anh Ba =))),,,
Dũng Đỗ Quân Minh thêm 1 người :(,,,
"Ngọc Hải ê, biểu tượng cl của m thành trend bên hàn quốc luôn r kìa..",,,
Thanh niên gây hoang mang,,,
Dơ vlll nhưng t thích,,,
Game j thầy oi,,,
Ai chơi hụi hè con.này lo hốt đi ....con này chuẩn bị tẩu rầu đó,,,
Anh nói đúng vlone anh ạ,,,
"Khi tinh thần sammurai của người Nhật Bản trỗi dậy, không biết chịu nổi xứ Bắc Bộ phủ không đây? He he",,,
Thuyết phục cực kì :)),,,
mong con mày không ngu như mày,,,
ôi cái định mệnh,,,
Ai đẹp trai cho Zalo :))),,,
Bữa nào a lân nói ông trần dần hát quốc ca nước CHXHCNVN xem như thế nào.,,,
Thầy bói🙃🙃🙃,,,
@Gò Dầu Thế giới di động ừ thì tiết nhiên,,,
Nghe xong tự ái luôn,,,
Mình bán LATEX chính hãng với KEM TAN MỠ nhé🥳🥳,,,
Chi dep wa,,,
Con cẹc,,,
Ong xao lon qua di ong oi.,,,
Khi nao nen kinh te the gioi het khung hoang thi k con tin xau ve Virus nay nua. Su viec se duoc dua ra anh sang nay mai thoi. Qua la mot thuyet am muu qua hay. Khi ma tat ca deu tin vao Virus Co nay.,,,
Quan trọng là ổng giàu ổng mặc cc gì cũng đúng🙂,,,
Linh Hà lỡ tay :))),,,
Cực kỳ thuyết phục,,,
"Nhung ma chi chuu qua ,khâu nghiêp đo Đep lam va co duyên nua",,,
Nhà mình mà muốn đi vào chăm sóc cho con cái phải xin phép thằg hàng xóm . Nó cho mới vào đc . Nhục nhục đm nó nhục.....,,,
đây là liên quân chứ nhỉ,,,
Phi Hùng tiên nguyễn e ck hà tăng dính rồi nè :)),,,
có hot girl bên cạnh =),,,
Xin lỗi ads nhé ! đáng trách vạn lần đáng thương !,,,
Mọi người cố lên ❤ và bỏ cmn điện thoại để lo ôn bài cho tốt đi :3 ôm điện thoại và nghe thật nhiều lời chúc cũng không thể nào học giỏi hơn ôn bài đâuuuu :333 <3,,,
Thanh Huyền bún đậu nhá,,,
"im lặng nếu không muốn bị điều tra , đây là vấn đề nhạy cảm :v",,,
cayy nhờ :))),,,
Chào mừng các cô chú đến với kênh của cháu Sói vê lốc,,,
năm nay chương trình tấu hài táo quân dẹp tiệm ! nói về diễn hài chỉ đáng xách dép quan chức việt !,,,
nhà bao việc vẫn phải đi phá tanh bành,,,
Lê Thảo Nhi 8,,,
chị ba giàu thật đó.ai ko tin hỏi mình 0795278070,,,
Mé 🙂,,,
834659597,,,
Be0175,,,
Nguyễn Khánh Vân :>,,,
Động cơ là con xe mấy tỷ. Hỏi cái mồm dọc.,,,
Tìm kiếm trên google cụm từ CMNM để chúc mừng năm mới,,,
ngày đó a cũng như ST bây giờ vậy đó !! hot vch,,,
Má nó mới chết mà nó tạo nghiệp ghê thiệt.,,,
Anh tôi😂😂,,,
ddjtme giống 100% như đúc người 🤣🤣,,,
anh lân cũng luyện được bí kíp nhịn cười đẳng cấp thượng thừa,,,
Chúa đã lên thiên đường ai muốn theo chúa thì hãy lên thiên đường,,,
Dkm tôi thề đỉnh vcl mấy ông ạ 😳😳,,,
THẬP DIỆN MAI PHỤC,,,
Thế mới là thiên đường 😂,,,
"Đm nứng lòn ghê dị hà, ngta đánh đôi 3 đi đánh đôi heo, dừa lòn 🤣",,,
Kinhh,,,
Tránh ra để thầy thể hiện 😁,,,
Chết chắt 💀💀💀,,,
cực kì thuyết phục🤣🤣🤣,,,
Cty anh ở đâu zạ? Em qua ứng tuyển 😁,,,
Đến lúc anh độ tuổi già như này chắc chắn sẽ có trong tay,,,
Càng ngày càng ghét 😡,,,
Má đọc xong cái stt mà phì cười :)) chán k biết phải nói gì với con này luôn,,,
Eo ưi cute,,,
Phương Noble's mệt mõi. Làm chi đó,,,
Cái kết vẫn là nổ tung cả giàn khoan gần chục nghìn tấn phạm vi nổ thì siêu to khổng lồ =)))),,,
"Phải lên giành công trạng chứ, lãnh đạo mà. Nói chứ Bầu Đức là người có công lớn nhất đưa Park Hang Seo về dẫn dắt đội tuyển Việt Nam thế nhưng khi thành công chẳng ai một lời hỏi han quan tâm ông ta cả, lúc bầu cử còn gạch tên ông ta ra.",,,
Kèo thơm lừng :)),,,
Crush tớ bảo Refund đéo liên quan đến nó :((,,,
Ông già tui lại chém kìa,,,
tien su no lam mom ?....,,,
"đù cái bọn DLV lại được dịp vào ""như này mà đòi biểu tình đòi cá"". cái dm bọn này éo thấy nhục x2 thì thôi chứ, éo thể nào tả được :))",,,
Chắc trước đây may làm đi ha sao họ cứ gd đu may vậy,,,
"Haizz,",,,
"@Loc Nguyen Groupbạn nói cũg đúng, nhưng nó tệ tới mức như nước lọc mình dậy đó, k có mùi j hết , chứ chất lượng đc như giá tiền thì nói lm j",,,
Lại có tiền bỉm sữa cho con zai rồi,,,
Ba roi gay :<,,,
Phạm Hiếu Lệ cay ???,,,
Bổ sung thêm cho bình luận vừa nãy of anh. Em chợt thấy cái này rất hợp hoàn cảnh. Harry Lê,,,
Cho lên thịnh hành luôn đi mấy má ôiiii,,,
Trang Tran Hien teo chỉ ở nhà học và ngụ thui,,,
Ok thầy Ba,,,
chiich phu tran dan.bi cach ly car chisnh phu.,,,
Nguyễn Đăng Dự nhục mặt fan mu v bạn,,,
"Chúc mừng năm Kỷ Hợi 2019, chúc mừng nhiều may mắn mới, chúc cho một năm thành công, thắng lợi.",,,
Hôm trước ngột ngạt quá nên sinh bệnh đó mn :(((,,,
"mình k hiểu , bạn nào giải thích mình hiểu dc k",,,
Golden Golden bà ca ngợi tên Thuỷ Tiên bà này là Thảo Tiên liên quan gì,,,
Bun,,,
Cô bà vàng Ngọc cho con xin thẻ cào viettel 500k gửi về qua dominhluanlonghiep@gmail.com,,,
Thò chắng.,,,
Chửi mà có duyên,,,
Gia đình tan nát:((,,,
I Love you ❤️ Cuối cùng cũng làm fan cứng ?,,,
Làm nhớ lại El Matador,,,
Mynas ? :D,,,
Cho em liếm lỗ nhị Thầy,,,
Nghe có vẻ rất Đan Trường nhưng lại là Độ Mixi :))))),,,
Quan trong la sau nay con moc nhieu nha may nhu the nua ko moi qua trong,,,
DLV dân lưu vong đâu?,,,
Mới gia nhập clb trộm dog hả a?,,,
người ở giữa nhìn là biết lớn lên sẽ làm doanh nhân thành đạt rồi :v,,,
Kiếm ăn mà nị,,,
Cmt dạo để lên fan cứng,,,
Nguyễn Thiên Ngọc sơn tùng chơi thể loại mới mấy ông chê còn hơn thế,,,
búng tym cho thầy 🥴🥴,,,
"Ôi vn vẫn còn những người coi thường như vậy, bị một mình thì kô sao đằng này lại là bệnh truyền nhiễm muốn bao nhiêu người cùng mắc bệnh hay sao, những người như này cần đc phải sử lý nghiêm đừng cạy có tiền mà làm càn, lây lan sang người khác",,,
Mỹ Vân liều như chó dị đó,,,
Muốn làm đẹp lắm chị ơi mà không có tiền,,,
Qua mùa dịch này đề nghị bầu sô hài việt nam mời cụ này về cho vui,,,
Hoàng Nguyễn Trung Kiên t nói thật. Thầy Ba chưa bh chiến thắng Duke và Duke cũng v. Nên trình ai hơn ai thì chưa biết đc đâu :v...,,,
Khoa cao lãnh anh chip ơi,,,
tóc Wendy,,,
Lúc trước em thik chị nhưng giờ... Em vẫn thik cj.,,,
Haha dễ thương ghê,,,
Bác hãy ủng hộ VN hiện tại và đừng chống phá nữa,,,
Nó lại đúng vl :v,,,
ôi cái bút đầu cu hài vl,,,
Làm ơn trong nhà đừng đi đâu nữa nha trời rửa tay này kia nữa nha. Bình Trúc,,,
"Ừ, thế sao tôi chẳng thấy chưx ""thiên đường"" nào thế nhỉ. Hay tôi bị mù chữ",,,
Đề nghị mấy bạn sống chậm lại :)),,,
Đặng Thái Hoàng Châu tứk gì đâuuu a,,,
Vũ Khắc Hoàng cái này là khiến mình bà chủ kênh gục ngã thôi,,,
ặc :),,,
Thế mới là xứ thiên đường,,,
Vì cuộc sống của gia đình Dân hết đường sống mới biểu tình phản động đây mà khổ quá Miền trung,,,
Nhăn người abe,,,
"từ bây h xem chay thôi , không bị kỉ luật :v",,,
Dương Đình Đức xếp nhà ngta em ạ.cố gắng sau này tìm đc cty có xếp như này là khỏi cần suy nghĩ :))),,,
chán anh,,,
púck vua hài nhà sản tấu hài cực vui,,,
đu xe như khỉ ấy,,,
Nguyễn Long người nhật thường có ý thức rất cao nhé top thế giới đấy =))),,,
Anh lại trốn rồi :(,,,
Tên bài hát còn trẻ trâu hơn cả t nhé ! Cười vl 😁,,,
Cực kỳ thuyết phục =)),,,
May quá gặp a làm tóc dễ thươn :))),,,
Thi Nhan Nguyen 😗 zui gần chớt,,,
Nghe nhiều r thấy hay đó,,,
Anh bắt đầu để ý tới những bạn tên Nhung nha,,,
Chi ba noi chuyện có duyên wa ah.cho e kết bạn Facebook  đi chi,,,
Độ sa,,,
Cám ơn đãng đã tim ra rất thuyết phục,,,
Mãnh thú nhưng đang buồn ngủ,,,
Mong thầy đem susan hay poppy cướp red tái xuất gian hồ thêm lần nữa. Dấu bé ba =))),,,
hậu duệ mặt dày,,,
Múp ngon vào mà húp :)),,,
Lê Phú Cường,,,
Củ Cà j hồi ấy cả đám bắt so về định ăn :'(,,,
Những công trình để 5km/h bạn đi dc ko,,,
An Trường sếp ngta ch bao giờ làm mình thất vọng m🤣🤣,,,
Thưa ngài tiên tri : ngài là một vị tiên tri ? Tại sao ngài không đoán được sự việc covid 19 sắp xảy ra để cho nhân loại được nhơ .,,,
Nguyễn Nam chửi tụi nó làm gì ôn ơi súc vật mà có hiểu tiếng người đâu,,,
Em Tú yêu anh ba nhé :))),,,
"Idol Trần Hổ không phát âm đc từ vius à, sao a cứ gọi con vius là vi trùng",,,
Lạy hồn 😂😂😂😂,,,
Cây atm cao lãnh và bát họ bắc giang,,,
phát biểu khẽ thôi lại bị đầu độc bây giờ,,,
Chi ba vang ngoc oi chi noi hay lam sdt 0769392757,,,
- Khó lắm người ơi 😞,,,
Em nhin ok,,,
ờ còn m là cái con đứng dưới t đang xích haha,,,
Pé Mụp Nguyễn My Nguyễn Hiền Summer Summer ước gì,,,
Ly Bùi m cứ cách anh 10m là đc =)))),,,
Dậy tập thể dục coi cười muốn trẹo lưng luôngggg🤣🤣,,,
Xem Trần Cọp vui hơn xem hài,,,
KICM là ca sĩ à ???,,,
Vui vá chi ơi,,,
duma xem ghê hết cả người😅😅,,,
Đúng là tộc trưởng nhưng đéo phải bộ tóc lày =)),,,
Noel 😆,,,
ối trời ạ=))),,,
“ Yêu xa chỉ cần tin tưởng nhau là đủ “ :< Oiimeoii mấy má nói dễ quá haaa .-.,,,
Tùng sói không phải Khá Bảnh nên Tùng sói Quá Pảnh ;)),,,
Rickid vàng ngọc mà mặc áo cô giúp việc mua ở chợ ĐX 12.500 ahihi,,,
Chuẩn luôn nghe xong chả luốn nghe lại :V,,,
Anh Trung weeboo =))),,,
Hot girl quốc dân BeBa ozawa :),,,
Thế Anh đã là Fan cứng của Theanh28 rồi làng nước ơi,,,
Phạm Đăng the mat nước do roi ma k biet ngu ma con kich voi dong,,,
Có ai tải chưa nhỉ,,,
??? Người ta mang quốc tịch VN gia đình người thân người ta ở đây thì sao lại ko đc về :) người ta bỏ tiền ra để đưa về đúng quy trình ko lây cho ai r thì chửi cái gì? ăn nói như đấm vào mồm ấy,,,
Bánh Mướt ở nhà ngủ b ơi,,,
tui sợ bả nói thêm cái câu phía sau I love you chu cà mo quá :))))),,,
Bèo khùng,,,
"Sao ai đặc nó là Linh cá lóc phải đặc là Linh cá trê mới đúng tại vì cá trê mới ăn tạp và sống nơi nước thói như (mương, cầu, ao)",,,
Chậm thôi cc 😆,,,
xin lỗi Nị,,,
Thằng này bị cả hội eva bốc phốt mà dm thằng add còn cố đéo chịu hiểu mà đăng lên,,,
Chúc NKYN luôn bình an 😍👍,,,
Phương Hoa mà chưa qen ngắn vậy đấy b ui kakaa,,,
Mày Ngủ đi Thắm... con khóc đòi bú kìa 😗,,,
cho minh xin clip dc ko ban,,,
Bô mập vãi mấy ông ạ :)),,,
Clear lo được nha anh Beee,,,
Hợp lý a ưiii😂,,,
Cha sanh mẹ đẻ mới thấy thắng kiện mà bị nộp án phí.,,,
Trần cọp ông anh thần tượng của tôi cũng không trống lại dc thời gian nhỉ tiếc Anh cọp ngộ giác muộn,,,
Qua,,,
Thầy duo với levi để Tú bơ vơ,,,
♥ thay,,,
Katm: Yahhhh mềnh đc làm kaxũyyyyy ời :),,,
"4:24 Lốc cốc keng, chè đậu đen :))",,,
"Đẹp trai, tài năng, tư duy đỉnh cao, kĩ năng cá nhân tốt, tư chất lãnh đạo là những gì mà Levi có chứ kh phải như ai kia =)))",,,
"Hay là cái tụi du côn, cô hồn các đảng đó là tay sai của chúng mày !?",,,
IS nó bắn đấy :v,,,
susan nữa đi thầy oii,,,
Con quái vật thì Nhiều răng giống Venom nhưng đ đáng yêu như Venom =)))) nhiều chân như bạch tuộc và siêu to khổng lồ như những món ăn của bà Tân vê lốc =)))),,,
Page của mày h xàm loz quá....riết toàn ngta zô chửi cha mắng mẹ mày ko vậy ad,,,
Nhưng chị N thì ko thích điều đó 🙄💁,,,
Liên minh mobile ? 😀,,,
Quả tóc anh tây đen 🤣,,,
Thế Vinh cửu vĩ,,,
Phaolo Anh Alh game này chia bài sao sao í b :(((,,,
Page sặc mùi phản động!!,,,
Trường hợp này có cho tao cũng đéo húp Levi said,,,
"Không hiểu mấy anh, mấy chị vào bảo sống chậm thôi chi vậy??",,,
Đĩ mẹ nhà nó 🙂,,,
Ơn giời. Idol không bị nhiễm con zi chùng. Cuối tuần tức nhiêng là... Tức nhiêng gặp nhau.,,,
buồn... cười,,,
Nhật Phát :)) làm ơn đọc kĩ trước khi thể hiện rằng bạn sinh ra đã thiếu cái não đi,,,
Bà chị tao để quên tiền ở quán bị giấu đi. Dm ra báo công an nó đòi cưa đôi vkl,,,
"Thấy nhiều người lên chửi người này người kia vì đam mê chứ họ có chịu động não tìm hiểu nguyên nhân vì sao người ta phải chui lũi nơi xứ người, cũng vì cơm áo gạo tiền mà phải ra đi. Thử hỏi những người ra đi đó mấy ai yêu đảng yêu chế độ",,,
"Trần Dần quay đầu, tổ quốc sẽ luôn đón chào và tha thứ",,,
Romeo Nguyễn,,,
Tên Không được của Đức,,,
Cô Minh Hiếu hôm nay còn xinh hơn cả Lisa <3,,,
Ape rap gắt với so deep,,,
E chỉ tin bộ y tế. Bộ y tế đã nhắn như này rồi còn chối cãi thế nào,,,
chuẩn bạn bài này nghe ko hay,,,
"Trùi ui, cô nói chuyện dễ thương quá 😍",,,
Nó lại hợp lỳ vlin 😃,,,
Vụ này mà con Nhung ml ko đi tù thì sẽ có khối đồng chí phải đi thay.,,,
Nguyễn Quốc An nhìn như con đười ươi,,,
trong 3 tháng tới nếu giao thông ko có chuyển biến tốt thì sẽ điều chuyển trưởng phòng cảnh sát giao thông Đã Nẳng - kết câu này.,,,
Cả nhà bạn :)) tính cầu mưa lm chi,,,
Đã đẹp trai lại còn tốt tính thì còn gì bằng :)),,,
thành phần thối nát,,,
Lại hợp lí vl,,,
"Phương Bim \"" ai bảo bà cắt cho tôi thế này hả ? \"" 🤣",,,
Huỳnh Kim Cường Lo về sớm e ơi,,,
Em lại xạo lồn,,,
I hên quá mình chỉ là con cá khoai,,,
"k bít viết xong tâm thư này chị ấy có bị ""triệu tập"" k",,,
"Cai du ma deo bit dang song trong cai thoi ky gi,ma lam alibaba the ko bit",,,
đi du lịch bạn ơi,,,
Fb thật cô mình hiếu là j vậy ah,,,
"cô ơi là cô ai lóp du chu cà mo , cưng trơi ơi",,,
"Tịch An tôi cũng đqt cho lắm, quan trọng về đội tuyển thể hiện ra sao thôi",,,
"Thế có thằng ở miền bắc nào đó đã nói là trung quốc chiếm giùm, mai mốt sẽ trả lại.",,,
Nhưng mà k đc sao khó vậy ???,,,
Coi mà hù hù muốn rớt tim ra ngoài ... 2 người phế nhất thì sống .. với tự dịch hơi mệt 😀,,,
Xịn xò vl kk,,,
Lương anh có 7 8tr thôi,,,
Con Sờ Ầu ói dòi oi chấp làm gì con âm binh khí đụ tụ hình rạch trời rơi xuống kia hả bạn tôi ơi,,,
A tôi khi nhín thính,,,
đẹp troai vãi chg :o,,,
Tại ổng k có tiền,,,
"Lương Nam hay nè, bọn này học tư bản giẫy chết",,,
Ny Ty Trần ukm,,,
Nó bán khô cá lóc nữa nên mới có tên linh lóc nha,,,
Gia Môn bất Hạnh :v,,,
Lê Chánh Huy ghép à bác,,,
Ọe. Nghe các thánh nói .......thèm quá,,,
Bởi cho đi cách ly mà a hk có chịu,,,
"Phan Thị Huyền Trang gần Bà Rịa, cũng đang sợ sợ đây e",,,
"Người ta bận họp kìa trời ơi, phải họp thì mới hết lũ dc",,,
Gil qq,,,
hâhhah 😂,,,
Trang này thật đúng là trang phản động -_- vì ad toàn nói đúng,,,
Để a đáp lại nhé,,,
"hẳn là CH!CH khỏe, CH!CH phê, đê mê tối ngày!!!",,,
Châu thèm l l hâhha,,,
Cô dễ thương quá à kkk,,,
"@Tiktok Official r Minh Hiếu làm gì mà chửi hả con thiểu năng, có não ko bt suy nghĩ ak, chưa chắc gì mấy đứa ghép hình nó vs MH là fan của MH",,,
Cao hơn cả núi dài hơn cả sông là nghiệp của chị Nhung,,,
,,,
Bh thấy cmt của ông,,,
Xin video,,,
hôm ni thầy đánh đỉnh quá...thầy k áp dụng các giáo án trên stream là auto win!,,,
"Minh Anh Mai Ơ đm bất công, ông cmt cái là sắp có ny luôn à :((",,,
"ad thông minh vl, chỉ số tia cực tím cao là do bức xạ mặt trời, nếu mức độ tăng thì do thằng nào xả thải nhà kính, khí CFC nhiều chứ liên quan dew gì đến chính quyền mà chưỡi??? :v",,,
đi học mà xâm hình Thầy lol,,,
Cũng giống mấy ct nam mỹ vs châu âu thôi mà có j căng,,,
Gáy lên Anh ơi,,,
Hợp đồng iphone với mixigaming có trị giá lên tới hàng nghìn đô,,,
Cực kì thuyết phục ! 😀,,,
Đéo nói nhiều 🙂,,,
"Lê Minh Thành iem bảo a là vẫn có mà, chỉ tạo drama thôi",,,
T toàn để ý quảng cáo son yurika thoi bởi vì có idol t,,,
Nguyễn Thu Hường n còn đổi chỗ 4 lần trên chuyến bay nữa bạn:)))))),,,
Có sợ cô Vy khong gai oi,,,
Chỉ có tiền mới biết,,,
Cô hiếu nói chuyện thiệt tình quá thấy thương ghê.,,,
hú hú,,,
Lạy hồn 🙏,,,
Bảo Nguyễn um tuy,,,
Coi mà ghiền tập này nhất,,,
Làm vậy để chi.,,,
cháu,,,
Funky lần nào cũng ẻo lả 🤣🤣🤣,,,
Con bóng chúa sẽ bị ma ám in bv 😏,,,
Cút lên top đi...việc còn lại cứ để bọn t lo,,,
Tâm Nguyễn bác ơi ngta đi chuyên cơ có phòng cách ly riêng bác vừa xuống sân bay đã được đưa vào bệnh viện thì lây đéo nào được bác????,,,
bút truất quá,,,
Nhung khi đọc cmt,,,
"Nguyên Ngọc ks mà bác, mỗi người một ý mà , trách sao đc",,,
Nhanh phết hahaa,,,
định like mà thôi để 111 z cho đẹp số 😊,,,
em làm thế từ đó. Bị ế,,,
Nghe mà tứk :)),,,
Chào Chị ạ,,,
A.Lân xoáy vãi kkkk,,,
Nam đc k nhỉ,,,
Đáng iu => xinh => béo :0,,,
lm kính sôi nhà tắm tiếp,,,
Người ta toàn quan tâm sân cỏ đen thôi bác ạ :),,,
Chi oi .dung chuoi nui.minh niem phat di chi.gio chi giau roi .minh tu thien de danh kiep sao nge chi.,,,
Bảo My ui peheo xinh quá haha,,,
"Có gì nói đó, ai buồn thì chịu chứ không có để bụng ❤",,,
Nguyễn Xuân Nhật like lại avt hộ,,,
Duy Trần,,,
Instructif,,,
Tết đến nơi cố cày cuốc để có tiền nhuộm nốt quả tóc này -)),,,
"Chương trình riết nhảm, bế tắc. Mời bọn tục tỉu, vô văn hóa lên tv.",,,
đm may tien cho qa mỹ ma giut no cô minh hiếu 100 may truc triệu,,,
Nghiện 😞,,,
Chu Huy Nam b đi trc cả thời đại à :)),,,
Ủa nhớ hổm khóc lóc năn nỉ xin lỗi zữ lắm mà sao giờ trở mặt nhanh vậy .,,,
"Page này khác đ gì VT đâu ~~ toàn đăng bừa ẩu bậy.T like page này vì lúc đầu tụi nó nói đúng,càng về sau thì càng lòi cái mặt ra ~~",,,
Đừng chê tiểu tiểu😄,,,
Sống chậm lại :vv,,,
Em đéo dám đi đái :<<<<,,,
Giống bố kinh. Như phiên bản thu nhỏ vậy:))),,,
Việt Ấn Châu Trọng Nhân Em Hoài Võ,,,
Loại nghiện game + săm trổ k có tương lai đâu nha,,,
Ngon quá thầy ơi,,,
Ko có ai là may ko tú đụ cầm dao chém bạn đấy 🤣🤣🤣,,,
"Có tí tiền hống hách , bgio biết quá muộn rồi , cc tốt nhất im cmnm vào , chấp hành tốt , dù ông có tốt đến mấy cdm có chửi ông sống ko bằng chết .",,,
Con này nó bỏ quên não khi chạy xe rùi.😈,,,
"Với bài này của Sếp nếu chỉ nghe 1 lần sẽ không thể nào hiểu được , nhưng nếu như nghe đi nghe lại nhiều lần thì vẫn đéo hiểu gì luôn :))",,,
Cái này là skin hay là cái gì vậy Thầy ơi,,,
Để đây và ko nói gì,,,
Chị này sang trọng ghê,,,
buồn thật sự a ơiiii,,,
Tiên tri gì mà nói năm 1918 Đảng Công sản việt nam sụp đổ. Mà đến năm 2020 việt nam vẫn ung dung.,,,
Bùi Đức HậuHậu nếu nó cười vào mặt bn thì chứng tỏ bn không phải là j của ngta thì vc Dell gì phải sợ chỉ là thích sai người thôi,,,
Tức nhiêng tôi rất thích xem ông.,,,
#THỬ_THÁCH,,,
Lệ cay là thằng nào ?? Lệ Rơi hả,,,
Hằng Bắp a mua sữa cho con mẹ n uống thôi. Chứ con con còn chưa mở mắt,,,
Trải nghiệm dịch vụ makeup mùa corona🤣🤣,,,
Dy kiểu này chỉ lm khổ mấy bác tài,,,
Ông chú viettel giúp em hết cô đơn :v,,,
Ok thaafy,,,
Lx má cười ỉa :))),,,
sinh sống ở nơi văn minh mà vẫn phải về VN để chữa cơ à :))),,,
Nguyễn Ngọc Anh hôm nào thử dịch vụ này,,,
P/s xin hân hạnh đồng hành cùng nụ cười toả nắng =)),,,
Chiếc khăn gió ấm anh êi,,,
Thông não hộ em abe,,,
Nguyễn Hoàng Sâm lol sâm nôn link :)),,,
Nguyen Ca giống m nhè 🤣,,,
"sơ sơ vài món thôi, mua thêm món t2 đc giảm thêm 20% mà",,,
T đi nước ngoài rồi....,,,
Mạng mẽo như đầu b 😏,,,
thiếu pha đốt phong long của thầy tui r :)),,,
Đây mới là bks thật nè,,,
Vl game cùi để nói về số lượng người chơi thì nó là1 tốp game đấy doanh thu đéo phải bàn cãi,,,
Line up này không sợ 1 team nào trên thế giới =)),,,
"Các bạn win custom, vui lòng screenshot lịch sử trận đấu và inb về fanpage để thầy phát thẻ cào nhé!",,,
Pham Ngoc Ninh Cho mẹ m vào tù cho nhanh :),,,
Vest độc nhất vô nhị chỉ có trên Cao Bằng mới có :)),,,
Má nó dơ vler 🤣🤣🤣,,,
Thấy ngầu vl luôn,,,
Có mỗi 1 cái cũng khoe😑,,,
?,,,
Nặng lắm r :)),,,
"Lúc nhỏ cứ nghĩ người mà ko có não là ko sống được, lớn lên mới biết thầy bar ko có não vẫn sống như thường",,,
Điệp viên xxx vn,,,
Đạt Nguyễn đúng.,,,
15:02,,,
Hay cho câu nói như dân tộc ta đã nhiều lần chiến thắng,,,
H đến mấy ông bên iphone cg coi mixi mà nổi tiếng quá chừng,,,
nhìn avt nó là hiểu nhé :)),,,
Thanh Xuân đơn giản chỉ là 1 quận của Hà Nội !,,,
Trần Nhật Hoài nhai lại nhiều thì nó quen ông ạ,,,
Hơn sát thủ anh ưiiii,,,
Nc hoa 150k. Chai 400k. Tặng 3 chai. 2 chai,,,
Sau 9h,,,
Mỗi lần coi tin tức là sự tức dận lên một bậc xót cho dân ta quá mà.,,,
Nàng Rêu :))))),,,
Do Dat hello người nổi tiếng,,,
Sela tuổi gì với abe :))),,,
Vân Nguyễn chế ngủ sớm nha mấy đứa,,,
Ngon phết các bác ạ 💁😂,,,
Cung cấp sỉ lẻ.,,,
Hoa Hoa chở khách 🙂,,,
Ko liên quan tới sân bóng ai cũng có đời tư của họ thân làm thì dạ chịu nên tôi ko bàn cãi,,,
Một streamer đc bầu chọn là ăn mặc đẹp nhất giới stream Việt Nam =))) anh Sơn Độ-MGX,,,
Zuzana Nguyen:)),,,
Đù mé. Nhắc tới mắc tức. May là cắt trước 1 tháng chứ 30 tết đi cắt y hình như này chắc tết chùm mọe đầu trốn dô tolet thôi 😤,,,
Chi Mai Anh Phuong đừng bắt chước nha,,,
Hoang mang quá.)),,,
Vũ Đình Huấn =))))))))))),,,
Hẹn cậu ở cái tuổi tôi thành công nhất😔,,,
Đỉnh ghê😀😀,,,
Đào ĐứcAnh 0175 :))),,,
"T đang nợ 1tr, thêm chỗ này là 30tr à :(",,,
Fashion đb gì đây :)),,,
Cute thực sự 😍😍😍,,,
Ko bt nên sad hay buồn,,,
Chi BA rê qua,,,
Ngày xưa chơi ma tuý trốn như chó giờ chơi ma tuý phải khoe ra cho thiên hạ biết là mình chơi ma tuý nó mới đẳng cấp.,,,
"Thiệt @@ VN mốt thành cái ổ trộm cướp giật đồ hết, tha hồ trộm đi, nhà nước bảo vệ cho",,,
Minh Thu Pham chồng hư wá z,,,
Nguyễn Thanh Mai Trúc nhớ tới là chếtttt,,,
Nhưng tôi lại không hài lòng với những gì tôi đang có ✔,,,
Comback cực mạnh <3,,,
"Đề nghị \""con vius 17\"" chi trả hết những chi phí khám - xét nghiệm - chữa bệnh của những bệnh nhân nhiễm bệnh từ cô ta... Đại gia mà, tự tin lên nào... Hãy dùng tiền của mình sửa chữasai lầm của mình đi",,,
💣,,,
Tối nay off stream hả mấy ông ?,,,
đừng khinh người quá chị ơi gia tài chị xuống mấy hồi àk,,,
"Ân Phan ko anh cái này là pronunciation 2 cái nó tự như nhau á, chứ k phải bún riêu tiếng anh là burn real đâu nha :))))",,,
"GG 4EVA Chửi cha mày ha gì mà mày lên tiếng. Tao vào cmt bình thường bả có nói gì đâu, đm trải qua bao nhiêu chuyện như vậy ai mà không thay đổi",,,
Chưa xem cũng biết top 1 là ai,,,
Giáo án về One champ Lee bú đá và rụng mất xác,,,
Có tiền mới đi đc nha,,,
Phạm Văn Lộc ước đc a add,,,
Trời đã lạnh rồi ai còn hóng Sale 40% giày thể thao các mẫu từ hôm nay đến hết ngày 30/12/2016,,,
Cà khịa thầy thì toang cmnr,,,
HOT HOT KIỂM THẺ THẺ CÀO 50K CHỈ TRONG 10 PHÚT KHI HOÀN TẤT ĐĂNG KÝ,,,
Các đầu gấu đầu méo của việt nam đâu. Hộ cái đi ....,,,
Vinh Râu không thích điều này :(((,,,
một phần lỗi cũng là do người bán vì họ k biết họ bán con gì còn người mua đa phần đều k biết rồi,,,
Ok FC,,,
"Vâng, yêu cá tôm cua đến thế là cùng.",,,
Muốn quay về lại với tuổi thơ thiệt 🙃,,,
"Hợp lí anh ạ,cuộc sống này bon chen,con người lòng tham vô đáy,làm ra được rồi lại muốn làm ra nữa,không có điểm dừng !",,,
Dang Thi Lan gần khu mk nè c ơi,,,
Em chua yeu ai bao gio =))),,,
Giống mấy thằng biến thái tụt quần show hàng đi lung tung trong xóm,,,
Hình ảnh ôg bố coi lại và tỏ ra rất thích thú 😄😄😄,,,
Đinh Phước cmt trên thì k thấy chửi =))) mà cmt này lại quay ra chửi =))) chắc là thấy gái nên nứng hết cả buồi nên k dám chửi bác ạ =)))))),,,
Điểm mặt các anh tài,,,
Nhắm làm lại chuỵ hok,,,
Lại đỉnh kout 😂,,,
"Ủa đi ko đội mũ thì bị phạt đúng rồi, có chi sai mô ?",,,
Lê Quang Tâm hỏng a tôi thế này là mất hết,,,
chuẩn bị học tiếng Tàu đi mấy đứa,,,
Cực kì thuyết phục.!,,,
Tức xanh người,,,
Nguyễn Hiếu :)),,,
Tram Huynh Đào Nguyễn Hạnh Trang nè t nói đừng ăn là do v đó,,,
Chưa đóng đủ thuế :))),,,
Cho minh hoi nhac nen laf bai gi vay ?,,,
💜💜💜💜,,,
Like!(ủa vậy trước giờ chửi sai ko à :)),,,
Ơ... ngay kế bên vp làm việc of tớ mà tớ ko bik,,,
Anh Trang tính ra hồi đó mình đi trước trend bây giờ,,,
quần này có vẻ đẹp hơn,,,
Tháii Hèn xin ạ,,,
"Kiếm nghề vì làm đi chị ơi ,sau tự nhiên đi kiếm nghề cao lòng long lôn vậy , Cao không đẹp nó cao lại chị đó nha chị",,,
Xin địa chỉ bán áo:)),,,
"Đùa, coi thường mạng sống của mình không sao, lấy mạng sống của toàn dân ra làm trò đùa thì đ’ thể chấp nhận được",,,
Thầy đẹp trai và mẫu mực quá,,,
nghe vô sinh nhưng rất dễ có thai :(,,,
Buồi to như lõi giấy vệ sinh nghe buồn cười vl,,,
giọng bắc em xin dự đoán là Thiên Trâm ạ,,,
Moon Nguyễn,,,
thủy triều đỏ phải có tảo chết dạt vào bờ,,,
Đặng Hùng,,,
dc a ơi,,,
Bã chửi giòn dễ sợ,,,
Được vl anh ưi :v,,,
From Mixigaming with love😊😊,,,
Yai thương ai ct ai quyền của họ . Xoi mói tào lao,,,
Hãy yêu bố mẹ mình hơn😊,,,
In the picture: châu chấu đá xe :)))))))),,,
Đang Ôn Thi Tuyết Yến Nhung ưng chửi.,,,
Con ko xin tiền  chi xin được góp công lam tu thiện. Con muôn mơ chỗ  cho đô  ngươi nghèo. Ai dư  thi cho ai thiêu thi lay cô  3,,,
Huy Hoàng ???,,,
lik đâu dcm,,,
Mới lên tiếng là bị côn an đánh xịt máu mỏ rồi. Chỉ chờ nợ ngập mặt hết tiền trả lương cho côn an. Lúc đó mới hy vọng. Ráng chờ 5 năm nữa thôi.,,,
Đăng Ninh ke me m,,,
Nguyễn Văn Hiếu,,,
Dăm ba con dao anh thích em tặng anh luôn nè,,,
Châu dể thương hjhj,,,
Đập què giò đi a ba,,,
"30:03 ""Con Đ.Ĩ L.OZ Thúi""🦋😂😂",,,
Coi mà cười muốn xái quay hàm 🤣 Nhưng mà công nhận ai củng duyên dáng và dễ thương hết tự hào vì là người của cộng đồng LGBT quá ❤️,,,
"thằng kế nhiệm chắc chắn là đút lót kha khá rồi ,,",,,
"súng bắn không xuyên ,dao chặt không đứt gạch ném vào máu phụt ra",,,
Trung thu Tuyên Quang đỉnh lắm anh ơi,,,
Ba hưng tối hôm đó,,,
Chị này nc thật thà quá,,,
"Chất lượng các bài viết càng ngày càng tệ , nội dung bài viết chỉ mang tính hậm hực , trẻ trâu . nói chung càng ngày càng tệ .",,,
Ngô Tấn Hưng địt mẹ. Nói đúng còn nói bự,,,
Sơn Nguyễn xin video cái,,,
Ai lớp du chu cà mo,,,
cũng hay lắm đó mn,,,
cang ngay hieu cang đep duyen lam em,,,
Câu Fame vớ vẩn,,,
Tôi thấy ông CAn đang đứng đó - bụng bự da vàng túi đồ to ...,,,
"Đi cách ly chứ có phải đi chết đâu, ăn uống vui chơi đầy đủ, wf căng đét còn đc chữa trị miễn phí trốn gì gớm vậy,😅",,,
Linh Pham Hân Lê Trương Hạnh anh bắt trend trc thời đại kìa các e,,,
Nguyễn Hữu Thanh hâhhhaha nó vã ko kịp thấy,,,
Công nhân sửa chữa đường dùng máy công suất lớn thổi bụi mù mịt giữa phố_Hà nội VN mới có,,,
đúng hình mất 5 tiếng -.-,,,
Buòin lắm anh ơi:((,,,
Lâu lắm mới nghe cụ Cọp nói chuyện đâu đó đàng hoàng. Mừng cho cụ.,,,
Thầy xạo lol . 🙂,,,
Một con bò vừa cmt,,,
Hoàng Dương j toi co' ne`,,,
Ý thức kb so sánh với cái thứ rác rưởi gì luôn😣😣,,,
Ổn quá mà :))),,,
Không biết tag ai ngoài Tiến Cù :))),,,
với cái câu làm róp rẻng nữa á ban,,,
Tú AnhTrần Phương Dung tiên nè,,,
Clm nó dơ như chó rách,,,
Trịnh Anh xl cậu mình bức xúc quá,,,
Lê Quang Trường có chứ,,,
"A ơi a có thể giải thích lại giúp e quy tắc duyệt bài của gr được k ạ? E có up vài bài, cả ảnh meme cả 1 tấm chụp với a mà k hiểu sao mod xóa hết, có phải là bài của e k đủ tiêu chuẩn hay vi phạm nội quy gì k a??",,,
Tránh ra để cụ 👌,,,
Ôi con đàn bà ngu hại nc hại dân....giau thi kêu bố m xung tiền vao công quỷ để phòng chóng cái tác hại cua m đi con ml,,,
Cực kì thuyết phục !!! :)),,,
Nhii Bờmm sẽ bị phạt chứ? Mong là bị phạt nặng,,,
Ok đẹp trai nhé abe,,,
cong suc bao lau cua minh cung dang nhe~,,,
Trần Ngọc Duy chiến này có tiền uống cà pheeeeee xĩu lên xĩu xún mà khỏi xin r. Đi masa đồ bấy mình khỏi cần gom ngày 5k luôn. Vô 1 khúc sòyyy kkkk,,,
Đúng là con trai của bố :)),,,
Cũng vui hầy,,,
T bt thế nào khúc cuối sẽ là K-ICM mà 😂,,,
Vler. Cái bọn này mà. Ko làm cái này thì tụi nó cũng kiếm ăn bằng cái khác thôi.,,,
Trung :v,,,
Biệt danh ml,,,
có sela k thầy? nghe bảo sela chơi 6 hải tặc kinh lắm,,,
hhh được luônn anh ơii tối em tỏ tình chết. Cmnl🤣,,,
Cô có video nói về nguồn gốc 100k vàng đó bạn...,,,
Chào em dẹp gái,,,
Anh Ba để Túuuu,,,
Toàn là xạo lôz :))) sủa ko lại đi block nhau còn bày đặt tự do với chả ngôn lù ngôn luận,,,
Thấy ngta chỉ trích bắt đầu đổi giọng. Kịch bản là đây ! 😑,,,
Chú đợt này xuống sắc.,,,
Ma ba banh qua,,,
Nguyễn Quốc Phong nó giải trí như là đang đọc báo Việt nam ý,,,
"@Linh Phan :-P nhưng chắc mình xa nhau lắm, làm quen rồi anh có dám đến vs em nì",,,
Mặt biểu cảm vãi lồn,,,
Chi đẹp,,,
"ko ủng hộ, thằng này cho vào tù vài năm cho nó bớt ngông rồi ra tù mới dùng đc",,,
Buồn một cục,,,
Viet Anh rửa xe e oi🥺🥺 a nghe nói e vì nước vì dân tự nguyện nhi? 😛,,,
"Cần bán sim 0914 915 666,ai cần thì lh nha",,,
Sống chậm lại chút ae ơii,,,
ựa đấng của ae @@,,,
"Mỗi người 1 cách thể hiện tấm lòng thôi, đâu phải ai cũng biết cách làm cho chính xác nhất? Nếu bạn rảnh bạn có thể liên hệ chủ nhân chỗ phát gạo này rồi bạn tự đi đến chỗ nghèo khó rồi phát! Đừng ở đây bàn phím các kiểu. Thân!",,,
Kế toán Úc nó phải khác =)),,,
Bóng có râu,,,
Sắp tự kỉ vì quá mệt mỏi thì gặp ngay quả ảnh đéo đỡ nổi 🙂,,,
Giàu quá mà giựt tiền MINH HIẾU,,,
Chửi hay wá chửi tiếp ik chụy ba 😆😆😆😆😆😆😆,,,
Trần Tuấn Khải Nhat Anh vãi chỉ 1 người mà bạn nói cả nước so với vn với nước nhật vn ở vạch đít nha,,,
Chuẩn bị học tiếng trung như khi xưa ta học tiếng Pháp chưa ae =))?,,,
top 1 ez,,,
"2 con lợn trên 1 chiếc xe máy,hihi",,,
Biết được 1 ông anh lên kèo Rung + K.O khá chắc tay trên tường cá nhân,,,
con mL thắm đâu,,,
"Hoan hô ông Trần Dần, lần nảy thấy ông khỏe vui ghê.",,,
Bây h cô đáng yêu deso !!>< 🌼💛,,,
à há 🤣,,,
Sói vlog mua cua siêu to khổng lồ cho ông già 🤣,,,
Lo ve yeu duong gi🤣,,,
Ô chào nhà tiên tri vũ trụ trần VẦN ông nói phòng dịch bệnh vũ han.xem cùng rất thiết thực.côi chừng lời tiên đoán là thật nhe....ha ha ha,,,
Chị Ba quốc dân🤣,,,
rich:),,,
Ninh Trần Ninh Lạc Đâu Đây :)),,,
Ngộ độc thực phẩm hả ?,,,
Minh Bao Tran có nha,,,
Chị ba dựt tiền,,,
Làm giàu không😆 khó,,,
Ad là tác giả bài thở hả?,,,
@Thanh Tùng Nguyễn bùny,,,
2tr bộ tóc dm làm từ 10h sáng đến 6h tối 🙂,,,
Họa mi cao bằng ngừng hót mấy lần,,,
Đây mới chuẩn nha,,,
Thế mà cứ phải chờ n đánh răng mãi để đến cảnh sau!!! Chờ lâu quá tua thử thì hết cmn video!!! Buồn gê gớm định coi họ hanh phúc bao lâu,,,
Nghiệp từ đó mà ra 😑,,,
Phan Bội Nhi nhớ nha =))),,,
Trần Thành Long xin vìdeo vs ông,,,
xin vi deo vs ong :)),,,
Cuộc sống cú vl =)),,,
Cô có khỏe ko,,,
Hậu quả của việc xem thầy quá nhiều 😂,,,
Chém bớt đi cho xh phát triển .tốn tiền của nhà nc !,,,
nhà lắm tiền thì làm j có ích tí chứ đừng có giống mấy bạn hàn quốc là đc,,,
"Rứa để t like ủng hộ má phát, khổ quá :v",,,
Có thông tin ông Phan kỳ nhơn bị dương tính covid nhé bà con thông tin chính sác dó,,,
Thời gian thật nghiệt ngã 😭,,,
Nhật Linh Trần no :v,,,
cuong viet quốc sư vẫn hài hơn Ngô kỷ 1 bậc,,,
Duy Trần cho mình xin video với ạ,,,
A vẫn chăm chỉ nayd a vẫn cố găng cho đến khi lỗ đít của a bị mọc đinh 🤧🤧 kiểu vừa đấm vừa xoa .. Rap fofun vc 🤣🤣🤣,,,
Bả nói chuyện nghe đã tai vl,,,
Quả đầu sáng nhất đêm trung thu là đây chứ đâu,,,
Có  chơi  avatar  musik  nữa  hả,,,
Giờ nó lên chức giữ máy bay rồi,,,
Bộ này mặc khá mát vào mùa hè ở Cao Bằng,,,
"Vãi trend mới. Đám bạn tui nó bắt lâu ơi ""à lâu, lâu lắm rồi nghe",,,
Huyền Khánh Phùng người anh của em k ra thăm thị à :))),,,
Cười xỉu luôn,,,
yêu xa không sớm thì muộn cũng chia tay hoặc đc khuyến mãi những chiếc sừng xinh xinh mà thôi :)),,,
Có thể huy hiệu này sẽ đổi đc biểu tượng thần binh🤔,,,
Anh nên xuống địa phủ chơi vs diêm vương cho đỡ ngột ngạt nhá anh,,,
Khoảng cách là rào cản rất lớn :)),,,
giáo án bay kênh hả thầy,,,
nghe vô sinh nhưng con cháu rất đông,,,
Con nho nay chui nguoi ta la niem vui,,,
Nhìn cô minh hiếu nói chuyện dễ thương quá con yêu cô nhiều,,,
sao ngu v bên kia éo chữa hiểu chưa con ngu,,,
chắc bán thằng tùng thôi Bu Độ ạ :)),,,
"Kiểu gì mà các anh cx kêu đc. Giá cũ thấp thì khả năng thay đồ, dụng cụ thấp (kèm theo đó là lương bác sĩ thấp --> xác suất bị vòi tiền cao hơn)",,,
Oke thì du học sinh Úc ::v,,,
Chua soi hay sao mà con chui túc  tiêu qua  tay chay luon di  moi xl do  vua xong  la chui nua  dung la ngua quen dương cu,,,
"Đăng Thảo htrc t mua của chi tóc giả, đeo ai cũng tưởng tóc thật 270",,,
thăn kiu adm,,,
Hết kêu gọi rồi lại nhắn tin :) Dây kinh nghiệm đâu r. Xin mời thủ tướng cứ rút thoải mái,,,
Làm trái tim đau,,,
Hải Yến con thần kinh lạy m. Chả muốn xem cũng kệ cả họ nhà m nói để thiên hạ nó điss cho vô mồm,,,
Chị Ba chửi dần văn  nghe phê đỡ tốn tiền mua ce,,,
M pk thầy ba giống con gà điểm nào k Thao Hoang,,,
Bao giờ bọn chó nó chết cùng thì mới ko an toàn,,,
Theo trend hàn quốc 😆😆,,,
"2022 Nhật đánh úp Trung Quốc nhé bà con, Idol nay đã tiên tri rồi",,,
Em xin đầu quân cho cty anh 🙋,,,
"Anh tôi nói hợp lí vl , nghe hơi võ lâm nhưng lại rất kiếm hiệp",,,
Ánh LêTrang CiuuKhánh LyLệ Suri Hnao đi ăn cưới nhớ make xa xa thế này nhéee,,,
cho minh xin vdeo vs a,,,
Thương hiệu của chú độ,,,
"CHỊ BA VÀNG NGỌC. CHỤ THẬT LẮM ,   CHỊ LÀM PHÚCV GỬI CHO BỆNH NHI UNG BƯỚU Ở BV UNG BƯỚU BÌNH THẠNH  VÌ TRĂM TRIỆU ,CHO  CÁC CON VÔ ĐỦ TOA THUỐC, KÉO DÀI  SINH MẠNG  CỦA CÁC CON VỚI",,,
Việt nam ơi.cố lên chống giặc virut .dũng cảm kiên cường.như có bác hồ trong ngày vui đại thắng.ngày vui đánh bại con vi rút vũ hán này,,,
@Văn Tuấn Mai m đéo bt câm mẹ có vài nghệ sĩ đã giải thích vì sao TĐ bán hàng 2 loại á,,,
Trung - MTP,,,
14:45 legend =))),,,
Mai Vy mô ra mà mớ,,,
Tham nhung thi 1 trieu nen tu hinh. Nhieu lan thanh nhieu trieu. Mung cho viet nam minh ca quick hoi khong ai tham nhung,,,
Paula Lưu Cua đéo phải động vật à bạn ei 😀 ????,,,
Cái quần nhìn tục thấy mợ,,,
Cái này bản quyền thuộc về việt nam..cần tố cáo..,,,
Abe có thể chiếm đoạt được trái tim của Tiểu Tiểu nhưng riêng blue của Tiểu Tiểu thì Abe tuổi lol chiếm đoạt được :vv,,,
Vũ Như Quỳnh c ở nhà lâu rồi,,,
Con em toai di trc thoi dai kha xa 😆,,,
Mồm  nói là bố thí giúp đỡ ng nghèo. Miệng mang khẩu nghiệp dù cho chị lm từ thiện tới mấy thì cũng có lỗi với đời vì  chj sinh ra lm con người,,,
"Vấn đề tức nhiên , tức nhiên vấn đề , nghĩa là là vấn đề tức nhiên ! Hiểu chưa , hiểu chưa , hiểu chưa tức nhiên.",,,
Gửi lời thăm chúc sức khỏe nghệ sỉ dần.  Tôi sẻ theo dõi thường xuyên,,,
Nhìn là muốn thông đít anh ba ghê dị á kkkk,,,
0348359112 e ngưỡng mộ chi,,,
Vâng a rất thượng đẳng,,,
Chất quá anh Độ ơi! Cảm ơn anh Viet Mai Tran,,,
Giận tím người ha abe😅,,,
Rất vô lý nhưng cực kỳ thuyết phục,,,
Lý do phải mang về trong khi có thể cách ly và điều trị bên anh?,,,
Tran Hoang Phuong buồn bạn,,,
Ước gì cho nghỉ học nhưng vẫn phát bằng :((,,,
bao ae hỏi mua làm a độ đi 1 hôm để kick giá :v,,,
"Mụn lưng, viêm nang lông ib mình tv nhé",,,
":< phim này động lòng người lắm, lần đó mình xem cũng khóc lên khóc xuống",,,
Diệp Gia Nghi Sợ đỏ người,,,
Kiều Linh nghĩ chắc vui,,,
"haizzz thật sự thì chúng ta cần có một tổ chức chuyên nghiệp của nhà nước để trao giải thưởng và giúp đỡ cho những người có tài năng, nhà nước và nhân dân cùng hợp tác, cùng phát triển :) Phát minh của một nông dân hoàn toàn có thể thay đổi và giúp ích rất nhiều cho cả đất nước :) chúng ta đang bỏ phí 100 triệu bộ não :)",,,
Thôi anh im mẹ mồm đi.mặt như cc mà ý thức như bờ phẹc,,,
dan ong hay dan ba . nhin giong dan ong qua.,,,
Corona,,,
Gửi nhung,,,
10k like,,,
"em nghĩ sặc khoai chết thì hợp lý, tổ cha bọn nó",,,
Chú Pew lại dỗi giờ,,,
Phương Nam thấy giá rồi 😂,,,
Gioilasia😏,,,
Chỉ là đứng chỗ mát thui mà.các bác nghĩ xa quá.0,,,
Các chị em lên =)),,,
Thôi chú ba ơi con từ bạch kim học vài giáo án của chú là con rớt tới vàng 4 rồi,,,
"ĐM, chắc lại rút sợ dây kinh nghiệm thôi mà",,,
Chơi với nhau mà í thức thì khác hẳn,,,
Anh trung vô diện,,,
Ok đấy sếp ạ,,,
Phúc Ngô mịnh tông :))),,,
"Khúc ruột ngàn dặm :)), rồi mấy anh chị thành viên trong cái hội ấy đưa con cháu, gia đình dòng họ qua ở chung với cái tụi đu càng thế mới vui :))",,,
Ông trần dẫn còn khỏe và đẹp già hihihi,,,
Bữa nay có thêm chị Trang đi lang thang từ 34 đen 38 rui và còn hơn nữa,,,
Làm cứu trợ phải được công nhận mới chịu hả =))),,,
Cái mặt ông tuân cười phái chí. Nhìn ổng thấy cưng dễ sợ..,,,
Cô dễ thương quá trời,,,
Huhu thôi ngồi đối diện điii. E sợ huhu,,,
Lại được bế lên gặp các quan trên rồi :v,,,
Tháii Hèn cho e xin video vs a :v,,,
Bong song ao.,,,
công ty nhà nước nào cũng nợ haiz... mà lương ông nào cũng cao,,,
xa lắm,,,
Ko co lợi cho tỉnh nhưng có lợi cho quan . Ngu gì mà ko làm . Cơ mà 1000 ha rừg đó nay đã đi đâu @@,,,
Fullcombo cho ae cần :)),,,
Hoài An Trịnh em bỏ lỡ khoảnh khắc huyền thoại rồi :((,,,
Trung nghiêm túc,,,
ôi lại gặp idol trong page này r,,,
Cứ như 2 giọt nước 😇,,,
Trung bị dính lời nguyền :)),,,
🚬 THUỐC LÁ WIN SLIM THƠM ĐẬM VỊ CAFE SỮA☕,,,
anh tôi đẹp zai vler,,,
Văn Thuận thuốc này... Xem lun video :)),,,
Đặc vụ susan comeback bên lớp ms nha thầy,,,
Ghê ta .10 năm trước có tính năng livetreems..ủa sao mình ngu dữ z ta pt dị lúc trước livetreems rồi,,,
Đặng Tiến Hoàng sếp lạc qua nơi này 🤥,,,
Vũ Hạnh Dương cô dạy cả bộ môn chửi nữa ah 🙄,,,
Mấy thợ làm Tiktok vẫn chưa thấy ai ra siêu phẩm Tấc nhiêng nhể?...,,,
"Tập đoàn Apple cả thế giới đều biết ,chứ đâu phải mấy doanh nghiệp lóc cóc Leng keng đâu",,,
Nguyễn Hoàng Anh bạn khoanh đó có ý nghĩa gì?,,,
"Các DLV vào bênh bảo là tài sản khỏi cần kê khai, miễn sao có 3 củ cho tụi nó là ok",,,
Trời đất ơi. 1 mình nó mà lây vậy đó.,,,
Mai sáng đỡ ốmmm🙂auto khỏi bệnh,,,
Lê Nhật Khoa thiên trâm hả,,,
Thô nhưng thật :))),,,
Bỗng muốn khóc cho lòng nhẹ nỗi đau😆😆,,,
Gái Cao Bằng :)),,,
Cảm ơn bố =))),,,
Nhà nghèo mới biết con hiếu.. Nước biển mới biết tôi trung.. Những ai yêu đất nước yêu con người lúc này hãy hướng về nhau. Mong cho nhau bình an vượt qua cơn dịch.. Phải không Lân ơi,,,
99% dân tộc này là vậy đó. Đáng được làm nô lệ cho tàu.,,,
Tộc trưởng mặc dù dag rất bận nhưng vẫn ra chụp 1 tấm vs các fann,,,
Đãng và nhà nước cùng tập đòn vtv khẳng định nước đó ko có ruồi nhé . Nên tin vào đãng chứ . Đm bọn cầm quyền .,,,
"Chính quyền Hoá Châu ngu như redbull, về đây kiếm anh Chung con , cứ có tiernf là có đất vàng hehehe",,,
Oke abe <3,,,
Giựt tiền của minh hiếu mà bài đặc xaoloz ở đây,,,
Chung cống rãnh sao so được với Ngài Chung bóng đá.,,,
Làm giã tạo giống như Thẫm Thúy Hằng sau nầy hối hận nhé !!!,,,
Tóc vậy gội khi nào mới hết lọ này thầy be,,,
Bà điên đi lang thang,,,
Chuyện thường ấy mà bạn. Nền kinh tế thị trường định hướng xuông hố thì rồi sẽ đứng ở cái đáy của nên văn minh loài người thôi,,,
mở khóa,,,
Nguyễn Quốc An Cà khịa hay,,,
vch hhaa,,,
Lê Hải Long thế sao dân VN k ăn chó trong mấy trang trại nuôi mà phải lén lút trộm chó thế hả bạn,,,
Chạy báo PR ít thôi chị Nhật Lê ơi. Thấy riết nhàm chán như tin vịt,,,
Ditme đéo hiểu sao,,,
Cute thực sự :)),,,
Sống chậm thoii các bạn 🙁,,,
Vẫn là dân khổ . Đảng cs muôn năm,,,
Uii hic đúng không phụ lòng Fan mà ... đã đc nên Fan cứng kk,,,
"Thúy Nga PBN nên mời trần dần về đóng hài ạ, dạo này chú Ngạn viết kịch bản chán quá",,,
"thớt chắc dăm bận lại phải post một lần, mệt vỡ L ra cho mà xem, chửi bậy là một nghệ thuật và người chửi bậy thì đến từ mọi tầng lớp, hy vọng sẽ sản sinh được ra cộng đồng chửi bậy hl văn minh^^",,,
Phương Anh Trần Hoàng CEO Theanh :))),,,
"Mua vòng tay gucci 50tr đi, ho bên My mày tuong ngon",,,
Cực kì thuyết phục!!,,,
Ông tổ môn nghệ thuật Hài Chính Chị. Cuốc xư Chần DẦng,,,
Thầy Ba đi đâuu đó!,,,
"Bố thằng ad ngu. Thế có cậu du học sinh việt chết ở nhật. Gia đình cũng chạy vạy khắp nơi đóng đủ tiền để mang xác về thì sao ? Đăng bài nên lắc não trước nhé, hở tý là bỉ bôi",,,
Chúc PTT sức khỏe để điều hành chống dịch covid,,,
ai khai tử voz vậy ? và lý do tại sao ?,,,
Tôi rất đáng iu nhé,,,
Khánh Vân xinh chị ơi . Như 2k,,,
Về sờ trym cho buôn làng anh ơi. Dăm ba cái lẩu thái nắng lè lưỡi ăn k ngon 🤣🤣🤣,,,
Chi đẹp .mê chi quá duyên quá trời,,,
Cho hỏi trên sound cloud có chưa anh,,,
"Tao kêu cắt mái mưa, quên không dặn mưa phùn. Thợ cắt mẹ thành mưa giông :))",,,
Yêu abe nhiềuuuu,,,
Vụ gì ế. Hóng,,,
Em lại gửi cô Panda 1 video của thầy nữa ạ,,,
hi đeo vàng nhiều quá chắc nặng lắm cô ơi hi,,,
Khoe khoan láo phét đeo.vàng gïã.sőng gïa tąo.,,,
Phương Noble's oke oke... Rồi sẽ hối hận,,,
Gia Như spa cho mùa dịch ntn hhh,,,
toang rr ronaldo ơi,,,
Đck thầy ơi,,,
... kiếm dùm tôi 1 bài nào ghi rõ họ tên nó dùm,,,
Hung Bui mình ko,,,
"Chị muốn mệt trong người, chị thấy muốn lên máu, kkk😂😂😂😂",,,
Fan cứng ủng hộ chị đây😁😁😁,,,
Đã phát hiện ra nguyên nhân.... gây ô nhiễm là đây,,,
Hinh nhu song mui co bi lech ve ben trai,,,
Ok thầy ơiii,,,
"Sao cứ nghe thành ""ăn dờ cứt"" nhợ?",,,
O DOI la vay luc nguoi ta ha Minh van con thi  chuoi nguoi ta cang ngay cang manh Bay  gio no tuc roi no quay Lai no can cang nhieu hon xua   nghe Cho da tai nhaoi nguoi that la  mat the dien cua nguoi vn  Bo tay  ban thieu,,,
"tửơng chị ấy là 1 anh hùng bàn phím...nhưng ko, chị ấy đẳng cấp cao hơn nhiều, chị ấy là 1 nhà hảo tâm đang cạnh tranh đấy :))))",,,
Ôi cả ngàn tỷ thuế cơ á. Thật vl :)),,,
Nghe giọng lứng quá abe,,,
Như theo niềm tin của người Nam Bộ á có con chó vào nhà niềm lành,,,
"Hồi trc trần đoàn chưa phẫu thuật thẩm mĩ thì mắt đẹp mũi đẹp lắm, giờ phẫu thuật lun cả gương mặt nên nhìn hít đẹp rùi, trần đoàn trc kia nếu phẫu thuật từ cổ đi xuống thui là đẹp pk bao nhiu, giờ thất vọng vì Độ ko còn đẹp nữa",,,
"“Những lúc như thế này, chỉ cần một nụ cười toả sáng.”",,,
Giận tím người 🙂,,,
Nguyễn Hoàng chẳng qua con 17 ăn đủ gạch rồi nên nó mới phải thế. Noia chung k đi vào vết xe đổ của bạn.,,,
Cái đứa đăng bài này ngu v~ chưởng :)))) ( cả cái đứa share bài này nữa),,,
"Từ hồi Dần idol ra video chửi th Hai Zụ, t bỏ Paris by night luôn",,,
Hahaaa,,,
Mãnh thú chơi đồ tùm tum tè le à :)),,,
Kệ mẹ nó!nhà bao việc,,,
Lại ns ý đây mà >|,,,
No mung vi no su sai nhung van co nguoi bi ngoi tu vi ngu,,,
Giống 18 thế võ bác Hồ quá ta.,,,
Thôi các bác ơi. E chả bgio đi cãi nhau với mấy đứa cùn đâu :),,,
Cái con này sao xe bắt chó kg bắt nó giùm cái,,,
Khoa Trung Lê tất cả mọi thành công đều có may mắn nữa chứ nổ lực thì chưa đủ,,,
Đỗ Thuỷ Trinh ít ra thì tao cũng thấy có người giống tao không tao cũng chả biết lỗi tại cái gì nữa,,,
thắng vũ bán ở điện máy xanh chơ méo ở cửa hàng đt :)))),,,
. Sống Chậmmm Thôi Mấy Anh Traiiii,,,
Lí do là đây 😀,,,
"Được ạ, nghe dễ ngủ :v",,,
Vĩnh long cũng có nhé!,,,
A đang nhờ mua hộp sữa bột cho nta cho mẹ nó ăn.,,,
Công an khôn lắm lúc đánh nhau còn lâu thấy mặt đánh xong rồi mới mò đến lạ gì,,,
bây giờ cảnh sát ở hk là hắc cảnh của trung + rồi đâu còn của kh nữa mà tụi nó nhân nhượng cho dân hk.,,,
Ok thầy :)),,,
Bác sĩ Chu xin hãy an nghỉ. Hi vọng tất cả y bác sĩ ở tiền tuyến rồi sẽ được bình an,,,
Nam Nay Đã Lớn=]],,,
Được vl thầy ơi :))),,,
"Cô ơi tiền ko mua được đạo Đức , tiền ko mua được sức khỏe , tiền ko mua được sinh lão bệnh tử...nếu cô ba có tiền cô ba cứ an nhàng mà sống phần Phước của mình ... cô ba lm clip chửi thêm khẩu nghiệp",,,
Con này nó tưởng nói chuyện vậy là hay mất dạy khốn nạn khẩu nghiệp con trai nó gánh,,,
Võ Minh Hiếu xin video pro,,,
Dự là sẽ có những nhà tù nghìn tỉ đc xây :v,,,
"Có 2 cảm xúc, face lag thật rồi :))",,,
Cho những người nghĩ mình có tiền mà bỏ qua tất cả nhân cách và đạo đức để lại những hậu quả nghiêm trọng đến sức khoẻ người dân thôi mong pháp luật không bao dung cho những người vô trách nhiệm đó,,,
"Tụi tui hỏng dám nói sau giải phóng,chỉ dám nghệ thuật hóa sự kiện sau 75, TỪ NGÀY ĐỨT PHIM...🤣🤣🤣 khổ quá.",,,
Khéo thành trend :)). Ô nào nghĩ hộ tôi tên thảo với :)).,,,
Ừ hay đó! Mình thích cậu rồi,,,
Cho mình hỏi tên chương trình là gì vậy,,,
Ông già dạo này dở ương đòi về quê suốt - Sói said,,,
Tùng Lê này lâu rồi,,,
toàn học thêm thì chả giỏi :V,,,
Nguyễn Phan Gia Phát xin tôi bro,,,
văn hoá ao làng của ai kia :)),,,
Tụi bay sao nỡ cướp miếng cơm của Thầy :) mà thầy nói nhưng không làm 😞,,,
vui vẻ không quạu nha,,,
Đem công xưởng thiết bị về nhà à -.-,,,
Chỗ tao làm nhiều đứa đái xong ta nói nước đái nó vương vãi ra thành bồn mà kiểu giống như là nó đái xong nó đứng vẩy vẩy từ con cu ra cho sạch con cu nó vậy đó. Còn bồn cầu dính nước đái vàng khè thì nó đéo quan tâm đâu đm mỗi lần tao vô tao thấy vậy là tao muốn tụi nó thành bê đê hết đi chuyển giới hết mẹ dùm tao để đi đái ngồi. Con người chứ có phải con chó đâu,,,
Đc Nhung add lứng quá các ông hâha,,,
Kon mẹ nó riết tụi công an này nó điên rồi,,,
"Vấn đề ở đây là chất lượng thua xa giá tiền mình bỏ ra chứ cũg thừa bít là hàng giả, phải thơm thơm xíu ai nói gì, với lại con nhỏ bạn a nó mua chứ k phải a nhé, tại comment cho mn biết để tránh thoi, chứ ở đây cũg k có rảnh tranh luận mấy cái vở vẩn này đâu, mấy đứa bớt thể hiện, bớt tỏa ra mình khôn đi",,,
Hoàng Huy Giàu thế về với tổ tiên mang đi làm sao đc 😁,,,
"Hải Yến không thích nhìn, đéo ai bắt xem ^^",,,
Nhà bà bên kho chứa lựu đạn hả,,,
Dung Diu Dàng OK : )),,,
Kakaka: chu cà mo có nghĩa là Cho  cà mu đó . Ôi cưòi xỉu!,,,
bỏ thôi a ạ,,,
@Quẽ Phạmlừa gạt đó bạn,,,
Có thể bạn chưa biết.,,,
gáy nào,,,
"Ai cũng muốn trở lại làm những đứa trẻ .Dễ hiểu thôi. Cứ càng lớn thì người thân của bạn sẽ lần lượt ra đi....Mất mát không? Đau khổ không ?Nên chỉ có quá khứ.Chỉ có tuổi thơ .Chỉ có những điều đã cũ mới khiến tâm hồn bạn bình thản , mới giúp mọi ng sống đúng với những xúc cảm của cuộc đời.Không toan tính.Không dối trá.Không thị phi",,,
"Châu Hạ Nghi duma, t cười gần chếttt",,,
Vào fb này mà cập nhật nè,,,
tất cả đều dúng qui trình nhé -_-,,,
"Hồi sáng đo thân nhiệt 37,5 đúng không, né chị mày ra nghe hôn Kieu Minh",,,
Lê Thanh Thảo chị nhung lại còn đi ý nghỉ mát chứ lại :)),,,
Ủa la sao trơi,,,
mở mắt ra thấy mất fan cứng nhẹ,,,
Văn Việt quay ăn lon,,,
Phạm Trà My đợi mãi mà mạng chán,,,
"nghèo khổ có giúp  gì được  người  ta k mà đào mồ cuốc mả hộ vậy? ác nghiệp ,khẩu nghiệp mày",,,
Cang ngay cang thay trang nham that,,,
Quả dao mấy củ thế ae?,,,
Hic bác Trần dần giác ngộ rồi mốt về việt nam dẫn ông đi ăn tui Lê quang định nè về đi bác ơi kk,,,
Huy Hoàng về lấy nc rửa tay cậu ơi😂😂,,,
Phan Thị Mỹ Dung xin link,,,
Buồn anh đạt,,,
Linh Le Phương Anh nhớ nhe chúng bạn,,,
đùa giỡn với trái tim người khác,,,
😍😍,,,
lm kính sôi nhà tắm tiếp,,,
Trang ở ngõ 165 cầu giấy c Bích Tb Nguyễn ạ😁,,,
@Phi Quý bên minh hang f1 dưới 200k thui 😂,,,
"Phải nói cho rõ là Chính phủ tặng chứ thủ tướng lương có hai chục triệu thì lấy đâu ra tiền mà tặng, thực tế thì ông cũng ko bỏ tiền túi ra!",,,
Thầy xạo lol . 🙂,,,
Troi oi cô 3 đây à...cô 3 giựt nợ cô minh hiêu đây mà,,,
Thú vui tao nhã,,,
Bác đã già hơn quá nhiều rồi mong bác mạnh khỏe,,,
"sáng có cuộc họp khẩn cấp để ""bàn địa điểm và thời gian cho cuộc họp vào buổi chiều"" =))",,,
"Đẹp va ngầu quá, z thầy",,,
Tất ziên chứ không phải tất nhiên nha bạn 😁😁😁,,,
Trần Tuấn Hiệp :))) mệt rồi,,,
"Đăng Thảo htrc t cũng giơ mẫu này ra, may a thơj đ biết làm nên đổi mẫu khác)))",,,
viết cái bài ko chịu tìm hiểu để cho chúng chửi :)),,,
LGBT ĐA PHẦN TOÀN NGƯỜI TÀI GIỎI,,,
Phuc Nguyen. Hanh Nguyen nên xem cái này,,,
Nếu mà ông này ôm trọn 500tr thj chuyện này cũng im lặng luôn. Và chẳng ai biết. Suy cho cùng thì tấc cả cũng vì đồng tiền mak thoy. Nhưng gì thì gì tốt hơn hết tránh xa những thức uống đóng chai sẽ tốt hơn,,,
ông chủ rồi🤣🤣🤣,,,
Luôn đồng hành cùng bạn khi vấp ngã 😂,,,
Đôi giày là cò tè hở mõm đến từ cao bằng,,,
Trông đẹp thế mà ko mang ra thử... bỏ đó phơi nắng à...,,,
Lily Trịnh đang từ bê vác lên bấm order khệnh tự nhiên nhận 1 tin quán sập,,,
Hihi. Độc tố hóa học mà vẫn có thủy triều đỏ được cơ đấy. Hihi,,,
xã hội vn thối nát rồi... bây h chúng nó chỉ mong vơ vét của dân cho nhiều rồi chuồn ra nước ngoài thôi.. phải có một hồ chủ tịch thứ hai,,,
ទូទៅ,,,
"Hình ảnh này làm t nhớ đến 1 câu chuyện kể về 1 chàng trai bị hỏng xe gần 1 ngôi chùa cổ. Do hỏng xe nên a đã đến gõ cửa ngôi chùa và xin vị sư chủ trì cho a tá túc qua đêm. Vị sư già đồng ý cho a tá túc, cho anh ăn, thậm chí là sửa xe giúp anh. Đêm đế",,,
Dung Nguyễn ơ kìa zui tánh zl:)) nếu đã k care thì còn cmt thể hiện gì vại:)),,,
Bố đừng tin tưởng con quá cùng lắm con chỉ kiếm được đủ tiền để mỗi ngày ăn 3 bữa cua hoàng đế thôi😂😂,,,
Trang Vũ vẫn xinh lắm cháu.,,,
NẾU KHÔNG CÓ CAN ĐẢM NHƯ DÂN HỒNG KONG SẼ KHÔNG CÓ THAY ĐỔI,,,
Con sam có gờ mặt lưng còn con so thì k có nhé,,,
thuyết phục 😌,,,
love Trung Phan Tấn :)),,,
Cực kì....,,,
Đào Ngọc Hải Phạm Kiên chúng m còn an toàn ko hhhh,,,
Má nó tứk,,,
Nguyễn Duy Hà trả cho Nguyễn Hồng Nhung rồi chú ạ :(((,,,
Tức phọt sữa,,,
so qua,,,
Chúng mày thông cãm do lương 7-8tr tháng nên a tao phải Quảng cáo kiếm thêm chút mua vài con robot hoặc dăm 3 cái skin súng vài chục củ cho sói nó chơi thôi,,,
Ủa tên gì kì vậy? Tên là chipo TV nhen,,,
Mô phật,,,
"Lo cho ông Hổ quá, hóa ra là tin đồn, nhưng hôm nay PhoBolsaTv phỏng vấn ông Hổ : vẫn thấy ông khỏe mạnh, vẫn xàm lông tấu hài như xưa là t mừng rồi , câu chuyện của Hổ vẫn mặn như này nào :)",,,
Paula Lưu trong khi 2 ông bà cùng thành phố. Đúng là con người mà,,,
Nhớ nhà tiên tri Trần Dần quá ạ . chúc mọi người sức khỏe.,,,
Già mà non quá aba,,,
đầy người muốn hợp tác với Jack.KICM hợp tác với HuyR còn làm kéo tên tuổi HuyR đi xuống mà,,,
Béo đáng yêu hơn ... e bán thuốc béo thật đó nhoa,,,
Hiếu Beat mặn vậy bro?,,,
Gần chết rồi mà nô bo sa hêt người phỏng vấn tê quá,,,
ô ông số 1 là ca sĩ à,,,
Đẹp trai là thứ xa vời với 3 gar :)),,,
Nghe ai cũng nói ông chủ apple đẹp lắm mà Tới giờ vẫn chưa nhìn thấy mặt .cao nhân nào làm ơn cho xin tấm ảnh của ổng đi🙂,,,
Chúc thầy 20/11 vui vẻ hp thành công trong sự nghiệp và tạo ra nhiều giáo án bổ ích,,,
idol Việt Nam 🤪,,,
Bảox Nhânm kk,,,
dân có ai chọn chắc thần kinh có vấn đề,,,
20/11 chúc thầy thiệt nhiều sức khỏe :),,,
Ánh sáng của Đảng đã soi sáng trần dần,,,
chao quoc sưTRÂN DÂN chut quôc sư sưt khoe doi dao va sông lâu trăm tuôi.,,,
A già tộc trưởng hết thời rồi,,,
"Xin cầu chúc cho ông thật nhiều sức khoẻ. Mong chờ ngày ông trở về quê hương. Nói thật lòng từ trước đến nay theo dõi ông chỉ thấy thương chứ không thấy ghét. Dù những phát biểu của ông trước đây có quá đà nhưng vẫn không thấy hại gì,chỉ thấy vui vui. Hãy giữ gìn sức khoẻ thật tốt ông nhé. Cảm ơn nhà báo Vũ Hoàng Lân đã làm chương trình về ông. Chúc nhà báo sức khoẻ.",,,
Cay quá b52 ơi,,,
Quý zị thấy dần tiều tuỵ không,,,
Là mình làm ảnh đây,,,
Người ta yêu nhau chân thành là đủ rồi ❤️ đâu cần quan tâm đến ngoài lề 🙂,,,
Lương Văn Thắng 😄😄mình thấy không hay thì mình ấn dlike,,,
"Đức Dũng mày cứ liệu hồn nhá, giờ dễ đi tù lắm đấy :v",,,
"Không ""phải"" đi cũng vui mà anh :3 tụi em là có stream đêt coi . Dù sao vẫn luôn ủng hộ anh và cả team",,,
Chirodo Nguyễn quái vật ý k phải cá mập,,,
Cứng,,,
Cô dễ thương xỉu,,,
Anh Quang be like 😔,,,
Vẫn chưa hình dung hết con quái vật :)),,,
Thế bảo sao dân k chịu quyên góp cho nhà nước là thế. Gửi cho phan anh là điều tất nhiên xảy ra thôi,,,
Nguyen Ngoc Luu Lyhaha nói đúng suy nghĩ của e 🤣,,,
"Như đã hứa, Thầy công bố danh sách người trúng GA hôm qua nhé!",,,
Con gà phải để cho abe,,,
Lấy cây đơm luôn đi abe,,,
Thật ra trên báo có đăng nghiên cứu nè. Bên y tế nghiên cứu chưa cho thấy kết quả rằng corona lây qua đường máu nè.,,,
@Dolce Minh cho zalo,,,
Nguyễn Thị Luận Ninh Bình cũng thế,,,
PhoBolsaTV bác lân cho em xin Facebook của Bác Dần đi...,,,
con linh này nói tục ko có duyên đồ mất nết 😎,,,
Gửi ông anh,,,
Ở 1 diễn biến khác Ngân 98 đã tránh dịch thành công,,,
Em thử tranh luận chính trị với đám cầu thủ đỏ đó... sẽ thấy tụi nó chửi em ko khác gì bọn bò đỏ nhé,,,
Khánh Ly cánh hoa nghe thôi đã thấy văn minh rồi ai nói bậy dí cánh hoa dô mặt,,,
"Nói thầy ngáo thì mấy đứa nó lại tự ái , híc",,,
Có tiền rồi nói gì cũng chuẩn chị ạ :)),,,
Sống chậm thôi chúng mày,,,
Giống như tú cho abe blu,,,
Tối nay khả năng cao anh độ ngủ ngoài đường 🙂,,,
Được anh ơi 🤣🤣🤣🤣,,,
Mặt quần biết khùng,,,
Toang,,,
tị tào lao,,,
😁👍♥️🇻🇳,,,
Lan Hoa Tùng có dùng acc clone đi cmt đâu...,,,
😆😆😆😆,,,
Chị Ba quốc dân🤣,,,
Lữ Văn Thánh ông trẩu vc,,,
Con mắt liếc ông Tuân thấy cưng ghê chời kaka,,,
Hoàng Thiện :)) Quan trọng là sợ dịch bùng lên. Y tế Việt Nam k lo kịp thôi b,,,
Viết Phúc thấy đâu cũng bl nhg chưa thấy nên fan cứng nhỉ 🤣🤣🤣,,,
không dương tính với COvid nhưng dương tính với ma túy à =)),,,
Thằng ad ngu sao ko chửi nữa đi . Để mọi người biết mày ngu,,,
bó tay,,,
"Mấy tk nhiều tiền có khác,lúc nào cũng dị và khác ng😄",,,
The Shy Sa Đéc,,,
Nhin chi dep wa vay ne,,,
hợp lí a ơi,,,
"Cái gian hàng trong tổ hợp nhà ga chứ đéo phải cả nhà ga nhá :v ngu vừa thôi,ngu hết cả phần thiên hạ",,,
"Được biết, phần lớn những loại nước hoa rẻ tiền này đều là nước hoa giả. Trao đổi với VOV về vấn đề này, Bác sĩ Đỗ Văn Khoát, khoa Da liễu, Viện 108 cho biết: “Những người có làn da nhạy cảm hay mắc các bệnh về đường hô hấp như hen, viêm xoang... phải thật thận trọng khi sử dụng mỹ phẩm hay nước hoa có nguồn gốc không rõ ràng. Nếu xảy ra dị ứng hay có triệu chứng khác thường thì phải đến bệnh viện khám và chữa trị kịp thời”. Người dị ứng nước hoa thường có các biểu hiện như thấy ngứa, cảm giác khó chịu xảy ra ngay tức thì hoặc sau vài giờ hay muộn hơn. Khi phản ứng dị ứng nặng có thể phù nề, nổi mụn nước, bọng nước.",,,
nổi do 1 phần của nhóm G5R squad,,,
Sợ quá ABe ơi,,,
Nguyễn Đức Ánh lại thêm thằng ngu thíc sủa bậy..,,,
"Mấy a 3/ bên đó mà dính bệnh xác định chết cmnl vì méo thể dc ưu tiên ,dân chả nó còn chết huống hồ gì dân ăn bám",,,
chịu giồi :)))),,,
Sao chị đẹp quá vay,,,
Tuyet Bui Thi sợ qá c nhỉ.,,,
Tuyên Tuyên hủy lịch ăn nhậu đi xem phim nè mài,,,
"Mấy đứa Share cho bạn bè nghe ""Giọng ca Vàng trong Làng Cover"" nha 😎😎😎",,,
Loai ngu dốt ko bt. Huc la zi ! Lam mất hết an tuong người phụ nữ việt nam ! Ko tha thứ được!,,,
Tất cả phải nhờ vào cái iq của nó cao :v,,,
Ăn cực chờ không,,,
Muốn phân biệt cug dễ thôi,,,
Dơ hai tay lên 😎,,,
Sống chậm thôi là cái gì vậy ???,,,
Trời vl nhiều 1,,,
Bén như cái chén :v,,,
Ông  Dần là  chiến  hữu của  Đào Minh Quân và  Li Sa Phạm...,,,
Vẫn chưa què bằng nhân cách của anh🙂,,,
Con đỷ mẹ mày con chó,,,
Ae có ảnh gốc k cho mình xin với,,,
Hài ...!!,,,
1 câu muôn thuở,,,
Lối chơi của Arsenal sẽ cực kỳ nguy hiểm,,,
Ôi giời ơi giọng nói đi vào lòng người quá anh mình ơi =))),,,
cảm giác như kiểu cái lồn cx đi kể cho con bạn nó :)) bỏ thì lại kêu :),,,
Čò ßé hahaa,,,
Thằng nidalee,,,
Puca Nguyễn a có nên mặc style này 🤣,,,
"Nếu tính trên cả nước thì phải lên cả nghìn tỷ.. rồi bao nhiêu hàng quán phải đóng cửa, học sinh nghỉ học ko biết đến bao giờ, xáo trộn cả 1 nền kinh tế..chán chả buồn nói.",,,
Bảo My add cái coi😒,,,
coi chừng tao xả hàng cuối năm,,,
Hoag sa truog sa la kua trug quoc rui ma,,,
một minh chứng cho việc mua quan bán chức ! chức cao không phải vì tài chức cao vì bởi thằng này nó ngoan !,,,
Em chuẩn bị học sinh TB để đón tết tây tết ta luôn rồi =)),,,
Thích nghe chị này  nói chuyện hay,,,
T bị chủ tiệm hớt lố tay 🙂,,,
"Có 2 cảm xúc, face lag thật rồi :))",,,
"Phương Dung Nguyễn chị chơi vậy, ai đ* chị",,,
Một thời chinh chiến đủ loại Thanh Hà,,,
"Buồn quá,k biết mấy cái tượng nghìn tỷ có bị ngập nc k nữa.",,,
oke thầy,,,
Giày hàng hiệu của anh độ chất hơn :)),,,
- hơi ngược sáng nhưng mà không sao =))),,,
Trường hợp này nên tử hình,,,
Trần Quốc Duy chấp nhận sự thặc rồi nhe kk,,,
"Tùng sói nghiện mèo Tom , còn bạn Hiền teo nghiện Mì Tom😝😝",,,
Nguyễn Bá Nhân Wu Shing Zu Phạm Bùi Thành Được sạch sẽ dùm chị,,,
"Nhà mặt tiền cái l*n, mặt l*n thì có",,,
Mấy thằng để ảnh bìa darcy chắc cũng toàn tay nhanh hơn não =))),,,
Đm người ta ở tù mà bản mặt thằng phía sau cười như trẩy hội vại á,,,
Lương 7-8tr mà ăn mì khổ thế anh :))))) có sương sương con cua hoàng đế thôi à :)))),,,
Con trâu xanh cái mặt như cái lồn họ:D,,,
Ha ha,,,
Ngô Tấn Hưng ông đang nâng trình Thầy Ba hay kéo trình Duke xuống vậy😂😂,,,
Nguyễn Công Hợp,,,
Chuyện ở tương lai có thật.,,,
Mới ngủ thức dậy ln,,,
Cười lộn ruột 🤣🤣🤣,,,
Ở một nơi khác,,,
PHAN Ơ VN ..ĐANG ĐƠI TRÂN DÂN VÊ VN...,,,
:) ổng chửi đảng CS giữ lắm mà ta ? Sao giờ quay 180 độ vậy ta ?,,,
Nguyễn Đại đao lòng con cuốc cuốc,,,
"1 tách cafe, 1 bài nhạc vui, 1 chuyến đi dài, 1 món ăn yêu thích,...Chỉ là bạn ko muốn thoát nếu bạn muốn chắc chắn sẽ thoát được chỉ cần buôn bỏ tất cả trãi mình làm điều mình thích.",,,
Nghe đâu đang muốn nông thôn hóa nhưng tốn 45.000 Tỷ nên đang từ từ. :v,,,
sói lên ngôi,,,
Ca nhiễm điện máy xanh phức tạp quá chắc đã lây lan khắp ĐNăng rồi. Hành trình cô này khá phức tạp.Ai có giao tiếp cô này nên tự giác cách ly cho mình và cho cả cộng đồng.,,,
Mai England đã nói đúng lại nói to 😅,,,
Cười xĩu,,,
Mất fan cứng rồi ninh,,,
Tran Anh Duc theo dõi = gửi vd nha ông,,,
Cháu vừa cmt xong chú ơi cháu lên fan cứng luân😆😆,,,
Gần chỗ mình,,,
Còn cách thứ 2 là chôn sống nó chôn chừa cái đầu nó lên mặt đất đó mỗi khi buồn lấy cây sắt đâm lên đầu nó lòi óc ra kìa mới hả dạ chứ con này chết là hồn siêu phách tán luôn nó ko đào thai đc đâu các bạn àh khẩu nó nặng lắm roi,,,
"Sống chết có số , bạn tôi said :))",,,
Phim mới buồn mà có abe thì cũng cừi ỉa =))),,,
Ông già tôi hôm nay tuổi teen vl câc chú ạ - Sói said,,,
Người miền tây là khoe của vậy đó hả? Tui thấy nhà giàu họ đâu khoe của đâu,,,
Trung gia cát,,,
Phúc nhưng phối nhạc hợp với J😀,,,
Vũ Ngọc Huệ 頑張ろう,,,
Hqa nghe thời sự chán vcc,,,
Yêu thầy. Dấu bé 3,,,
"Đề cập đến vde của Hari và kyo york... Thì nghe còn thấy có lí, còn lại toàn là nhảm nhí cả, mọi sự so sánh đều là khập khiễng thế nên đừng có đem cái này ra để mà so sánh với cái kia",,,
Mùi gì thế Sói,,,
Tối nay live ở đâu abe,,,
Kem Dâu e Ck tăng thanh Hà,,,
qua tôi có đề xuất 8/3 nên tặng nó viên kẹo đồng mà k đc thông qua =))),,,
Nhà nước làm việc mà đợi dân đồng ý thì đã chẳng có chuyện boxit Tây Nguyên :))),,,
Tộc trưởng vừa đi đu bai chụp ảnh hoa với vợ về đó ae,,,
Chị ngồi taxi à?,,,
1:49:00 =)))),,,
Trần Diên Dưỡng xịn vl,,,
Tội ah tôi 😢,,,
sanrgyuyd ntyruasngahdua mjrhaidaiti,,,
Nguyễn Hương Giang ko phải là chậm mà là mk ko thích vả lại mk cx ko chụp ảnh,,,
Cái này hay nè thầy:)),,,
Cô Minh Hiếu dthuong quá,,,
Vải lờ thầy😂😂😂,,,
Mong ck mình nỗ lực xíu nha :)),,,
Mat day bg chui toi  bát ký  coi chung may ng do di tim may do song ko yên dau,,,
Bật chế độ 1x25 coi cuời xĩu,,,
Thương mấy chị quá,,,
có sela k thầy? nghe bảo sela chơi 6 hải tặc kinh lắm,,,
Ủa nàng tiên cá i-sa-pell nè,,,
Lừa dối khách hàng,,,
Đhs mình k tìm đc bộ tộc mixigaming để tham gia :(((,,,
???,,,
Tiên nguyễn hôm qua mới kể đi chuyên cơ riêng về,,,
Chứ bạn nghĩ bọn nó giờ là gì,,,
"Nó chửi Cô Minh Hiếu là sai, nhưng mà đm tụi m thật sự rất quá đáng, nó có xạo hay gì đó nếu ko ảnh hưởng ai thì việc gì phải đập phá chén cơm người khác v, còn việc giá 1 chai nước hoa rẻ thì tự tụi m phải nhận thức được nó là hàng loại nào, nếu thấy chấp nhận thì mua nó đâu ship lại hay lấy dao kề cổ bắt bây mua. Còn Trần Đoàn nên có lời xin lôi tới cô MH đi, còn TĐ nó có xạo sài hàng fake hay thật kệ nó, tụi bây chắc gì ko sống ảo chắc gì ko sài hàng fake nên ai làm gì kệ ngta tạo nghiệp chi v.",,,
Hồng Ánh thằng này đúng ko,,,
Những người giàu thường như thế,,,
e sẽ và luôn luôn như vậy:((,,,
rõ ràng :)),,,
Tt7 susan 0175,,,
Vào đây lại lần 2 chỉ muốn test lại cái danh hiệu fan cứng =))),,,
😄,,,
Nguyễn Phước PhúcPhúc blue của thầy,,,
Quả tóc làm lên thương hiệu đâu rồi?? :))),,,
Bui Hong Ngoc ccj,,,
thua,,,
Thôii a3 về đi em về trc đây,,,
Ủa sao con bóp dú bà ngoại,,,
cực kỳ hợp lý,,,
So cua em ne Chi 0768990177,,,
Lãnh Thần thôi đmm=)),,,
Mãi mãi yêu cô minh hiếu i love chu gờ mo,,,
BAROIBEO,,,
Tộc trưởng cũng là thanh niên ngôn tình😌,,,
"Công cha như núi thái sơn, nghĩa mẹ như nước trong nguồn chảy ra, rảnh về phụ mẹ giúp cha, cực kì thuyết phục mả cha chúng mày =)))))",,,
Muốn thầy giải hạn phải theo giá cả thị trường không được thiếu một xu nhá.,,,
Trần Sang ok lần sau có cãi nhau nữa ct luôn nha,,,
"Giết người cũng có nhiều nguyên nhân, chắc gì họ cố ý giết, lỡ vô tình thì sao",,,
được vl anh ơi :)),,,
Bao xuyên ơi giơ day mình bi bóp vú rồi😅😅😅😅😅😅,,,
Đại Huỳnh Lê Hiếu,,,
Về việc ngủ trước của nhà cũng là ý kiến khô g tồi chị trang ưii,,,
Viết Sang đúng ời:>,,,
Ocee thầy 😪,,,
"Ở Mỹ cầm bảng ""Trump is Putin's puppet"" chẳng sao nhỉ. Ở VN mà cầm bảng ""Lú là con rối của Tập"", sẽ bị tống vô tù vì tội .... tiết lộ bí mật quốc gia haha :))",,,
Ko chấp nhận dc.,,,
Mất tóc :)),,,
Hằng Bắp a để hai ba hôm nữa a mới lên xem,,,
Chào cô ba đẹp và duyên quá,,,
chàng tộc trưởng trong chuyện ko ai khác đó là....,,,
Dũng thằng xàm lol,,,
"Có vừa đâu mà khóc lóc, nước mắt giả tạo như nước hoa vậy đó",,,
Xã hội công bằng dân chủ văn minh! Vì thế này nên có gì cũng nhác kiện tiền đâu mà trả! :D,,,
Thôi mà thầy,,,
Trailer nhìn kinh khủng,,,
Cu đồng gọi đại bàng,,,
Idol xương khớp còn tốt nhỉ :)),,,
Thôi chết rồi ! Mỹ chuyến này chắc tiu quá Nam Le,,,
VT Hải Yến để hỏi mẹ,,,
Thả ❤️ này !!!!!,,,
cô Minh Hiếu dễ thương quá,,,
Dương Tiến Đạt 1h khai mạc 2h bắn nha bác,,,
17:28 pháo cao xạ 12ly7 còn không thắm thì AK tuổi gì,,,
Lào thì làm đc éo gì.,,,
😑,,,
"Nguyễn Thị Luận ba mẹ các em k lo lắng cho các e thôi, anh cho nghỉ hết",,,
Chị có cái sạc đẹp. Là cin quý này không co😂😂😂,,,
OK baby,,,
Hoàng Lịch ké,,,
Phong cách hở rais của người giàu😀,,,
Giày shop pe trăm rưỡi =v,,,
Nhục nhã quá hiếu minh ơi mày la cái loai dơ bẩn . Qúa bây giờ may sang măt may ra . Gu gu gu gu nhục nhã nhục nhã kkkk,,,
Múc nuc cho nó tắm,,,
Đồng đội =)),,,
Tết vẫn phải đi làm 🤪đúng bực luông á 😞,,,
Idol nè Vũ khắc CẶC,,,
Mời chị hương giang đi ạ,,,
Thuyết phục lắm abe 🙂,,,
"Mỗi tháng 7-8 triệu khổ lắm anh em ạ...Toàn phải ăn tôm hùm,cua biển thôi =))",,,
"Có lý phần về anh Vinh thôi, còn HL thì ông ad đéo biết gì",,,
Bản chất cần thiết của băng đảng mapia,,,
Bao nhiêu ae ra đảo giờ chưa về hôm bữa theo 12-20 của Abe giơ tay Abe thuê thuyền cứu về nào 😂,,,
Phải nắp thêm răng giả nữa chứ bạn k nói gío lùa vào lại bay nốt mấy răng,,,
Đoàn Sơn Tênh Mỹ Mỹ Hải Nguyễn zui quá à,,,
Giống nhau,,,
"Cái mỏ giống cá tai tượng quá ,,bởi vậy nó sạo ke cai thứ chửi Việt nam la kg ưa roi",,,
sốp pe hân hạnh đồng hành cùng chương trình này:)),,,
Cực kỳ and vô cùng thuyết phục,,,
Nhuc qua troi oi vay ma noi viet kieu vo van qua nhu vay xin toi cai ai tha thu cho no nhin cai mat no ko co hoi loi dau,,,
Anh Ba Hề :))),,,
Ngọc Hậu cả khối con chực,,,
"Quăng mẹ xuống cho rồi , ông già nuôi tốn tiền bỉm sữa vl",,,
Bài này t thấy sôi động hơn chứ ko nhẹ như mấy bài trước,,,
😶,,,
Lương 7 8 triệu không có cơm mà ăn phải ăn hải sản cầm hơi =)),,,
Editor hay quá trời luôn =))))) cười xỉu,,,
Trần Khánh Ngân lạy 😅,,,
đang làm gì đây abe,,,
Hình ảnh trước khi a Buýt chưa xuất hiện.,,,
hôm nay tiểu sẽ sống chết vs concac abe,,,
công an sợ đánh giá thi đua ....,,,
"Trước khi hiến là không xét nghiệm kiểm tra gì sao, đang mùa dịch mà??",,,
Chỉ vui khi mình cảm thấy hạnh phúc !,,,
Ta bắt trend hàn hay hàn bắt trend ta🤔🤔,,,
563637100,,,
@Đạt Henry facebook mình là Khánhh Linhh nha bạn,,,
Cộng đồng mạng VN ơi day cho nó bài học,,,
anh nhím đâu rồi😂😂,,,
Phụng Lý mày want to eat cake tráng mix hôn one hundred million girl? 🤣,,,
Chửi bới công an nó cho ra đảo rùi chán ghê!,,,
T thấy phim nhạt nhẽo vô cùng. Thề luôn. Lồng ghép vài câu thoại con người tàn phá thiên nhiên quá mức ra thì t thấy nhạt nhẽo thật sự,,,
Hzz,,,
"Không có bồ cũng không sao, không đẹp mới có sao đó, mà hổng chừng không có bồ là do chưa đẹp chưa tự tin nha, vô đây để biết thiếu chỗ nào tân trang chỗ đó liền, không có bồ thì vẫn phải đẹp và tự tin đúng không mấy chế, link nè:",,,
HÔM NAY MỚI BIẾT RÕ CON LIÊN OANH...LÀM RIẾT RỒI VIỆT KIỀU KHÔNG DÁM LÀM TỪ THIỆN NỮA  ..NGƯỜI TA Ở NƯỚC NGOÀI THƯƠNG NGƯỜI TRONG NƯỚC GỞI TIỀN QUA TRUNG GIAN BỊ LUỘC HẾT LUÔN  ..MẤY ANH CHỊ VIỆT KIỀU NÊN LÀM TỪ THIỆN TRỰC TIẾP ĐỪNG NÊN GIAO TIỀN CHO AI LÀM TỪ THIỆN... CHO THÊM TỨC...,,,
Bão về nên đổi lịch khai Giảng,,,
Cứng vl a ưi,,,
Nguyễn Vĩnh Sơn là gì ?,,,
Khg nên chửi bậy em  gái ỏi,,,
Béo quá ko kéo dc khoá quần ak ;))),,,
Thanh Thanh Huyền e cũng v s,,,
Chị đẹp mà nói tiêu lam nghe cũng hay nữa chị ơi em thích chị quá,,,
Tâm sự của đứa gầy đã béo thành công trong vòng 1 tháng 😅.,,,
"Tức á, ai mua gấu về ôm cho bõ tức đi :))",,,
Cậu vàng đi rồi ông giáo ạh,,,
mời abe đến quầy số 15 để thanh toán,,,
"mới có anh công an "" vuốt tóc "" chị bán hàng rong mà bê bết máu luôn ấy chứ!",,,
Chửi bac kì nhà tôi là không được đâu,,,
Trung La Hán,,,
Chí Phèo thời nay.,,,
Nguyên Xuân gớt nước mắt,,,
Tấu hài 😂😂,,,
Sự kiện cc gì đc 2 tuần,,,
Ok Abe :3,,,
Nó nhận lương để làm gì?,,,
Tam Pham Vĩnh Phong Lý Phúc Thịnh :3 méo tin dc page này có cả cmt của TDQ,,,
Ok ba gà :))),,,
Quang Minh diễn hơi sâu rồi đấy 🙃,,,
iu vl 👐🏿,,,
Dell biết nói j hơn..,,,
"Minh Masa mấy nay kêu nghèo, ứng tuyển đi cậu 😌😌",,,
Tưởng a lên tiếng gì chứ. Hoá ra giữ thể diện à. Đúng là người hay nói triết lí thì sống như... vẫn phải nói là dạo này a lọt top show chart chỉ sau 20 du khách hàn quốc thôi ạ,,,
Bố chửi! Or mẹ chửi! Or chị hoặc anh chửi! Có thể là chửi,,,
"Đúng là tuổi trẻ chưa trải qua sự đời , Sói said =))))",,,
":)) Yêu người ta nhưng chẳng dám nói , mỗi lần nói chuyện đều cố tỏ ra bình thường nhất có thể để người ta không biết . Khi có người hỏi thì luôn mực từ chối là không có tình cảm mặc dù trong lòng rất thích :))",,,
Giải quyết tất cả các vấn đề da. Ib em nhé 💗,,,
Nhật bản nên kiện chủ tịt Chung ra toà tội phỉ báng và vu cáo làm mất danh dự người Nhật !,,,
lạy A Lân...hahaha...bắt cụ Trần Dần đi bài quyền y như thật...cười muốn ngoác mồm...:))))))))kkkkk,,,
-_- ~,,,
:)))) xém chết,,,
Cực kì thuyết phục !,,,
rõ ràng a :)),,,
chất qua,,,
Bảo Bảo tí là bao lâu :)) mừng hết nước mắt,,,
"Bọn lừa ưa nặng, quen đưa đít cho nhà nc thông rồi ;))",,,
Khi dịch bệnh mà học sinh thpt vẫn học bình thường,,,
Hớ hớ,,,
Đường đường là cty đứng nhất nhì việt Nam mà sao để gà cưng của mình bay acc suốt thế :(( với lại hack tk trên 1tr fl đâu có dễ :)) hay lại làm trò để người ta chú ý,,,
I love minh hiếu,,,
Hiện tại mình đg cầu giấy 😌,,,
"Mong "" ngày em ra đi"" của cô có trapmix",,,
hahaha... nghe mùi chắc là cũng sắm kha khá rồi chớ gì,,,
😂😂😂🤟🤟🤟🤟,,,
"Giữa tháng năm trời đông mà lạnh quá! Lạnh này là lạnh nước đá, lạnh đây là lạnh ở ngoài da, lạnh của chị Ba Vàng Ngọc chưa có trả tiền. Ngủ trên li quăng mà lăn qua lộn lại, sao em nhớ tiền của chị ba. Sao chị đi xa mà giựt nợ ở quê nhà. Chị đúng là con gà công nghiệp nha chị Ba",,,
Nhung 17 hơi quá r đấy🤦‍♀️,,,
Hưng Phạm sao mình nhập nó bảo nhận đc huy hiệu jax rồi mà vào game lại k thấy b nhỉ,,,
Hay thật sự 🥰,,,
Ngọc Ngà new year i ăn tết alone homie come my home ăn tết with me ok,,,
Áo xịn quá Abe!,,,
Top,,,
Nhắc nhẹ thằng edit,,,
Lần đầu đc thầy 3 thả trym,,,
Vaychoconsin1tynhaco,,,
Nhìn mà học tập Nguyễn Gia Bảo cầu thủ hơn tỉ của thầy đấy,,,
"Gio lên nói cho thiên ha biết 3 vàng mả nó lừa gat la dc roi, con chuoi chi nua mang khẩu nghiêp",,,
Đạt Trần hỏi luôn cho tiện vì lười vào gg đấy,,,
Hải Phòng không thích lòng vòng :)),,,
Nghỉ ăn mấy con như này cho chắc,,,
Đập cho trận đi thầy 😤,,,
Dung Junn chuẩn đấy chị. Buồn cho nữ chính :<,,,
Ba nay choi da qua bi hoang tuong,,,
Trung tretrau :))),,,
❤️❤️❤️❤️❤️❤️❤️,,,
Quoc Anh bạn có đọc rõ cmt của mình hong . Và mình cũng dag nằm trong dịch vẫn phải đi làm nà bạn ưi:)),,,
kệ cha chúng mày mọi việc đã có ĐẺNG và đám BÒ ĐỎ ÓC BÒ nó lo.,,,
Nhà đứa covid19 thứ 17 giàu mà,,,
Phuong Phương Anh tham gia di em,,,
Chua ai ngu bang dan viet nam,,,
Và thằng cha bảo: Mày xuống xe ngay. Mất dạy,,,
Tôi cho là Vượng Vin đang làm chủ đất Việt chứ không phải bộ chính trị. ! Nếu không kiểm soát được quan chức cán bộ thì sẽ bị vặt lông như TVB,,,
Chất xám,,,
"cái này zui hơn nè ad, Lào cho VN 257k USD viện trợ =))",,,
"Cô  mình  hiếu  giỏi quá đi,phải  học  hỏi  cô  minh   hiếu",,,
Bác sĩ và người nhận máu :🤧,,,
Panda thái đã thấy,,,
trymakk11 sv3 làm sao nốt giờ trong bình luận được hả bạn? Chỉ mình với. Thanks bạn!,,,
Nguyen van Giang thắng tới nơi sủa bậy,,,
Cô Minh Hiếu vui tính ghê,,,
"Phải khai trừ. Ngườ đảg viên mà toàn đi đâu cũng giả danh giữ chức vụ này chjwcs vụ kia, người đảng viên mà đi đánh một đứa trẻ 12tuôi rất hèn hạ. Phải khai trừ và ko chấp nhận một cơ quan nào làm hết",,,
Dương Chí Hiếu · 11:34 ngày 03/02,,,
Pham Yen Nhi nhớ Nhi.,,,
Đặng An .,,,
Xin vid bn ơi,,,
ăn bom trên nhà thằng adm trốc tôm thôi,,,
Cũng có cặp như ai,,,
Anh Trung weeboo =))),,,
"Hoàng Xuân tôm tít nhiều loại, bác thít loại nào, 1tr8 hay 180k 🤣🤣🤣",,,
Thuyết phục lắm abe 🙂,,,
Ngộ nghĩh =))),,,
Hoàng oh men :)),,,
"1995 & 2019 vẫn đang dùng đường sắt của thực dân Pháp để lại ~,~",,,
Bác VŨ ĐỨC ĐAM Tuyệt VỜI vì bác đã có nhiều chiến lược cùng trong thời điểm chống dịch cũng như bác thủ tướng NGUYỄN XUÂN PHÚC Đã đưa da chống dịch như chống giặc thật tuyệt vời,,,
Anh yêu tất cả các em 🙏🙏🙏,,,
Tam An Nguyen cái này phải báo cho lanh ngay...,,,
Ổn vl ấy,,,
Chi deo vang giong linh ca loc qua,,,
hi vọng buổi tập huấn diễn ra thành công mặc dù có sự xuất hiện của thầy !,,,
"@Dad ‘S - ""Mỹ ác hơn tàu chứ bạn ơi""
Tàu ác hơn Mỹ trăm lần chứ bạn ơi
- ""có lẽ bạn kg biết lịch sử chính phủ Mỹ ...."" Có lẽ bạn không biết lịch sử tàu luôn luôn muốn nuốt chửng nước Việt ta qua mộng bành trướng không ngơi nghỉ. - ""nó gian tiếp kg trực tiếp như Trung Quốc ...""",,,
Khi đôi môi anh còn thâm sì. Anh nói phét cũng khối ae nghe theo 😂😂😂,,,
kia là bằng trung học cơ sở mà 🤭,,,
Thầy tuu,,,
Bạn nói vậy cũng tội idol tui. Ông ấy đáng đóng góp cho xã hội bằng cách mang lại tiếng cười cho mọi người. Nên bạn đừng xúc phạm ông ấy như vậy :3,,,
Thảo Tino có nha! thường thì ngta bán 1tr /1 hộp tôi bán rẻ cho 500k 1 hộp nhé !,,,
Mà lúc chưa trả tiền còn doạ e cơ,,,
Mac ia qua,,,
Ngon đó,,,
mì thái siêu cay,,,
Mồm con linh không khác gì như cái lồn trâu 😄😄😄😄😄,,,
Dành cả thanh xuân để nghĩ biệt danh cho chúng nó :vv,,,
Các bạn tham gia group của mình nha:,,,
Ban dung nen lam video nua dơ ban ban sat dan toc minh het ban,,,
Thật ra thì nộp bhxh cũg tốt. Người lđ chỉ nộp 1 ít còn phần nhiều vẫn là doanh nghiệp nộp. Cái vđề ở đây lq sự khác nhau về luật pháp giữa các nc dẫn tới việc các dn nc ngoài họ có chịu nộp k thôi,,,
Bổ chết moẹ abe bây giờ,,,
K ATM Cao Lãnh 😂,,,
Nghe giọng như vừa bị thông vậy :))))),,,
Dạng háng chờ gánh,,,
Lần nào nhìn mặt thằng bạn cũng tưởng trùm susan :)),,,
Sống chậm thôi các mẹ ạ,,,
Ôi anh tôi,,,
oke anh,,,
Trung thắng hộ nghe hay hơn nha thầy :D,,,
tóc chất vl,,,
Cố lênnn,,,
Nhìn gớm và tởm vậy,,,
Bao giờ được thả thì gia đình này nên viết hồi ký hay tiểu thuyết về vụ án oan,,,
Cực kì thuyết phục!.,,,
thẻ rút kinh nghiệm đấy :)),,,
Cẩn thận nha dì ơi Trang Vũ,,,
Đấy là sự khác biệt giữa dân thường và đầy tớ :v,,,
fan cứng đớp đáo đớp để này anh ôi,,,
bác bên trên nói đúng vl :)),,,
Nguyễn Loan ý anh ý là thịt a đi e 😝,,,
Chào thầy ba gà,,,
Nguyễn Minh Thu đây mới gọi là make up artist :))),,,
Đéo thấy thằng nào bị tử hình... vì các nghìn tỷ được bỏ túi đều... bọn này ăn nghìn tỷ chỗ này... bọn kia ăn nghìn tỷ chỗ khác... 1 thằng chết là chết cả lũ,,,
"Nói tóm lại là thời gian này A chung đang bị ngáo đá nên toàn nói lung tung, hầu như phát biểu không có chuẩn mực ))) Thương cho Dân thủ đô có người đứng đầu vô liêm sỉ ......... Tốt nhất cho A í vào trại cai tiền thôi kkkkkkkk",,,
"Khủng khiếp thật,con số khổng lồ",,,
Cuộc sông mưu sinh 🏦,,,
An mac kieu gi ko hieu noi,,,
"Cái này gồm bảo tàng, trung tâm hội nghị quốc gia, khách sạn marriot, nó là 1 khu, mình nghĩ giá trên bao gồm tất cả.",,,
Ở Việt Nam thì có khánh sky..hải ngoại có trần dần..2 danh hài quá xuất sắc..,,,
